// Generated by @mewhhaha/baba. Do not edit by hand.
export const wasmBytes = new Uint8Array([
  0x00, 0x61, 0x73, 0x6d, 0x01, 0x00, 0x00, 0x00, 0x01, 0x19, 0x03, 0x60, 0x02, 0x7f, 0x7f, 0x01,
  0x7f, 0x60, 0x04, 0x7f, 0x7f, 0x7f, 0x7f, 0x01, 0x7f, 0x60, 0x06, 0x7f, 0x7f, 0x7f, 0x7f, 0x7f,
  0x7f, 0x01, 0x7f, 0x03, 0x07, 0x06, 0x00, 0x01, 0x00, 0x00, 0x01, 0x02, 0x05, 0x03, 0x01, 0x00,
  0x02, 0x07, 0x4a, 0x06, 0x06, 0x6d, 0x65, 0x6d, 0x6f, 0x72, 0x79, 0x02, 0x00, 0x07, 0x6c, 0x65,
  0x78, 0x5f, 0x6f, 0x6e, 0x65, 0x00, 0x01, 0x0d, 0x70, 0x61, 0x72, 0x73, 0x65, 0x72, 0x5f, 0x61,
  0x63, 0x74, 0x69, 0x6f, 0x6e, 0x00, 0x02, 0x0b, 0x70, 0x61, 0x72, 0x73, 0x65, 0x72, 0x5f, 0x67,
  0x6f, 0x74, 0x6f, 0x00, 0x03, 0x07, 0x6c, 0x65, 0x78, 0x5f, 0x61, 0x6c, 0x6c, 0x00, 0x04, 0x0b,
  0x70, 0x61, 0x72, 0x73, 0x65, 0x5f, 0x74, 0x72, 0x61, 0x63, 0x65, 0x00, 0x05, 0x0a, 0xf5, 0x0b,
  0x06, 0xa0, 0x01, 0x01, 0x03, 0x7f, 0x20, 0x00, 0x41, 0xd1, 0x00, 0x4f, 0x04, 0x40, 0x41, 0x7f,
  0x0f, 0x0b, 0x20, 0x01, 0x41, 0x80, 0x01, 0x49, 0x04, 0x40, 0x41, 0xc4, 0x02, 0x20, 0x00, 0x41,
  0x80, 0x01, 0x6c, 0x20, 0x01, 0x6a, 0x41, 0x04, 0x6c, 0x6a, 0x28, 0x02, 0x00, 0x21, 0x04, 0x20,
  0x04, 0x41, 0x00, 0x4e, 0x04, 0x40, 0x20, 0x04, 0x0f, 0x0b, 0x0b, 0x41, 0xc4, 0xc6, 0x02, 0x20,
  0x00, 0x41, 0x04, 0x6c, 0x6a, 0x28, 0x02, 0x00, 0x21, 0x02, 0x41, 0xc4, 0xc6, 0x02, 0x20, 0x00,
  0x41, 0x01, 0x6a, 0x41, 0x04, 0x6c, 0x6a, 0x28, 0x02, 0x00, 0x21, 0x03, 0x02, 0x40, 0x03, 0x40,
  0x20, 0x02, 0x20, 0x03, 0x4f, 0x0d, 0x01, 0x41, 0x8c, 0xc9, 0x02, 0x20, 0x02, 0x41, 0x0c, 0x6c,
  0x6a, 0x21, 0x04, 0x20, 0x01, 0x20, 0x04, 0x28, 0x02, 0x00, 0x4f, 0x04, 0x40, 0x20, 0x01, 0x20,
  0x04, 0x41, 0x04, 0x6a, 0x28, 0x02, 0x00, 0x4d, 0x04, 0x40, 0x20, 0x04, 0x41, 0x08, 0x6a, 0x28,
  0x02, 0x00, 0x0f, 0x0b, 0x0b, 0x20, 0x02, 0x41, 0x01, 0x6a, 0x21, 0x02, 0x0c, 0x00, 0x0b, 0x0b,
  0x41, 0x7f, 0x0b, 0xed, 0x01, 0x01, 0x0a, 0x7f, 0x41, 0x00, 0x21, 0x04, 0x20, 0x02, 0x21, 0x05,
  0x41, 0x7f, 0x21, 0x06, 0x20, 0x02, 0x21, 0x07, 0x02, 0x40, 0x03, 0x40, 0x20, 0x05, 0x20, 0x01,
  0x4f, 0x0d, 0x01, 0x20, 0x00, 0x20, 0x05, 0x41, 0x01, 0x74, 0x6a, 0x2f, 0x01, 0x00, 0x21, 0x08,
  0x20, 0x08, 0x21, 0x0a, 0x41, 0x01, 0x21, 0x0b, 0x20, 0x08, 0x41, 0x80, 0xb0, 0x03, 0x4f, 0x04,
  0x40, 0x20, 0x08, 0x41, 0xff, 0xb7, 0x03, 0x4d, 0x04, 0x40, 0x20, 0x05, 0x41, 0x01, 0x6a, 0x20,
  0x01, 0x49, 0x04, 0x40, 0x20, 0x00, 0x20, 0x05, 0x41, 0x01, 0x6a, 0x41, 0x01, 0x74, 0x6a, 0x2f,
  0x01, 0x00, 0x21, 0x09, 0x20, 0x09, 0x41, 0x80, 0xb8, 0x03, 0x4f, 0x04, 0x40, 0x20, 0x09, 0x41,
  0xff, 0xbf, 0x03, 0x4d, 0x04, 0x40, 0x20, 0x08, 0x41, 0x80, 0xb0, 0x03, 0x6b, 0x41, 0x0a, 0x74,
  0x20, 0x09, 0x41, 0x80, 0xb8, 0x03, 0x6b, 0x6a, 0x41, 0x80, 0x80, 0x04, 0x6a, 0x21, 0x0a, 0x41,
  0x02, 0x21, 0x0b, 0x0b, 0x0b, 0x0b, 0x0b, 0x0b, 0x20, 0x04, 0x20, 0x0a, 0x10, 0x00, 0x21, 0x0c,
  0x20, 0x0c, 0x41, 0x00, 0x48, 0x0d, 0x01, 0x20, 0x05, 0x20, 0x0b, 0x6a, 0x21, 0x05, 0x20, 0x0c,
  0x21, 0x04, 0x41, 0x00, 0x20, 0x04, 0x41, 0x04, 0x6c, 0x6a, 0x28, 0x02, 0x00, 0x21, 0x0d, 0x20,
  0x0d, 0x41, 0x00, 0x4e, 0x04, 0x40, 0x20, 0x0d, 0x21, 0x06, 0x20, 0x05, 0x21, 0x07, 0x0b, 0x0c,
  0x00, 0x0b, 0x0b, 0x20, 0x06, 0x41, 0x00, 0x4e, 0x04, 0x40, 0x20, 0x03, 0x20, 0x06, 0x36, 0x02,
  0x00, 0x20, 0x03, 0x41, 0x04, 0x6a, 0x20, 0x07, 0x36, 0x02, 0x00, 0x41, 0x01, 0x0f, 0x0b, 0x41,
  0x00, 0x0b, 0x69, 0x01, 0x03, 0x7f, 0x20, 0x00, 0x41, 0x8d, 0x03, 0x4f, 0x04, 0x40, 0x41, 0x00,
  0x0f, 0x0b, 0x41, 0xe4, 0xee, 0x02, 0x20, 0x00, 0x41, 0x04, 0x6c, 0x6a, 0x28, 0x02, 0x00, 0x21,
  0x02, 0x41, 0xe4, 0xee, 0x02, 0x20, 0x00, 0x41, 0x01, 0x6a, 0x41, 0x04, 0x6c, 0x6a, 0x28, 0x02,
  0x00, 0x21, 0x03, 0x02, 0x40, 0x03, 0x40, 0x20, 0x02, 0x20, 0x03, 0x4f, 0x0d, 0x01, 0x41, 0x9c,
  0xfb, 0x02, 0x20, 0x02, 0x41, 0x08, 0x6c, 0x6a, 0x21, 0x04, 0x20, 0x04, 0x28, 0x02, 0x00, 0x20,
  0x01, 0x46, 0x04, 0x40, 0x20, 0x04, 0x41, 0x04, 0x6a, 0x28, 0x02, 0x00, 0x0f, 0x0b, 0x20, 0x02,
  0x41, 0x01, 0x6a, 0x21, 0x02, 0x0c, 0x00, 0x0b, 0x0b, 0x41, 0x00, 0x0b, 0x69, 0x01, 0x03, 0x7f,
  0x20, 0x00, 0x41, 0x8d, 0x03, 0x4f, 0x04, 0x40, 0x41, 0x7f, 0x0f, 0x0b, 0x41, 0xbc, 0xc1, 0x03,
  0x20, 0x00, 0x41, 0x04, 0x6c, 0x6a, 0x28, 0x02, 0x00, 0x21, 0x02, 0x41, 0xbc, 0xc1, 0x03, 0x20,
  0x00, 0x41, 0x01, 0x6a, 0x41, 0x04, 0x6c, 0x6a, 0x28, 0x02, 0x00, 0x21, 0x03, 0x02, 0x40, 0x03,
  0x40, 0x20, 0x02, 0x20, 0x03, 0x4f, 0x0d, 0x01, 0x41, 0xf4, 0xcd, 0x03, 0x20, 0x02, 0x41, 0x08,
  0x6c, 0x6a, 0x21, 0x04, 0x20, 0x04, 0x28, 0x02, 0x00, 0x20, 0x01, 0x46, 0x04, 0x40, 0x20, 0x04,
  0x41, 0x04, 0x6a, 0x28, 0x02, 0x00, 0x0f, 0x0b, 0x20, 0x02, 0x41, 0x01, 0x6a, 0x21, 0x02, 0x0c,
  0x00, 0x0b, 0x0b, 0x41, 0x7f, 0x0b, 0xd0, 0x03, 0x01, 0x0f, 0x7f, 0x41, 0x00, 0x21, 0x04, 0x41,
  0x00, 0x21, 0x05, 0x02, 0x40, 0x03, 0x40, 0x20, 0x04, 0x20, 0x01, 0x4f, 0x0d, 0x01, 0x41, 0x00,
  0x21, 0x0c, 0x20, 0x04, 0x21, 0x0d, 0x41, 0x7f, 0x21, 0x0e, 0x20, 0x04, 0x21, 0x0f, 0x02, 0x40,
  0x03, 0x40, 0x20, 0x0d, 0x20, 0x01, 0x4f, 0x0d, 0x01, 0x20, 0x00, 0x20, 0x0d, 0x41, 0x01, 0x74,
  0x6a, 0x2f, 0x01, 0x00, 0x21, 0x08, 0x20, 0x08, 0x41, 0x80, 0x01, 0x49, 0x04, 0x40, 0x20, 0x08,
  0x21, 0x10, 0x41, 0x01, 0x21, 0x0a, 0x41, 0xc4, 0x02, 0x20, 0x0c, 0x41, 0x80, 0x01, 0x6c, 0x20,
  0x08, 0x6a, 0x41, 0x04, 0x6c, 0x6a, 0x28, 0x02, 0x00, 0x21, 0x11, 0x05, 0x20, 0x08, 0x21, 0x10,
  0x41, 0x01, 0x21, 0x0a, 0x20, 0x08, 0x41, 0x80, 0xb0, 0x03, 0x4f, 0x04, 0x40, 0x20, 0x08, 0x41,
  0xff, 0xb7, 0x03, 0x4d, 0x04, 0x40, 0x20, 0x0d, 0x41, 0x01, 0x6a, 0x20, 0x01, 0x49, 0x04, 0x40,
  0x20, 0x00, 0x20, 0x0d, 0x41, 0x01, 0x6a, 0x41, 0x01, 0x74, 0x6a, 0x2f, 0x01, 0x00, 0x21, 0x09,
  0x20, 0x09, 0x41, 0x80, 0xb8, 0x03, 0x4f, 0x04, 0x40, 0x20, 0x09, 0x41, 0xff, 0xbf, 0x03, 0x4d,
  0x04, 0x40, 0x20, 0x08, 0x41, 0x80, 0xb0, 0x03, 0x6b, 0x41, 0x0a, 0x74, 0x20, 0x09, 0x41, 0x80,
  0xb8, 0x03, 0x6b, 0x6a, 0x41, 0x80, 0x80, 0x04, 0x6a, 0x21, 0x10, 0x41, 0x02, 0x21, 0x0a, 0x0b,
  0x0b, 0x0b, 0x0b, 0x0b, 0x20, 0x0c, 0x20, 0x10, 0x10, 0x00, 0x21, 0x11, 0x0b, 0x20, 0x11, 0x41,
  0x00, 0x48, 0x0d, 0x01, 0x20, 0x0d, 0x20, 0x0a, 0x6a, 0x21, 0x0d, 0x20, 0x11, 0x21, 0x0c, 0x41,
  0x00, 0x20, 0x0c, 0x41, 0x04, 0x6c, 0x6a, 0x28, 0x02, 0x00, 0x21, 0x12, 0x20, 0x12, 0x41, 0x00,
  0x4e, 0x04, 0x40, 0x20, 0x12, 0x21, 0x0e, 0x20, 0x0d, 0x21, 0x0f, 0x0b, 0x0c, 0x00, 0x0b, 0x0b,
  0x20, 0x0e, 0x41, 0x00, 0x4e, 0x04, 0x40, 0x20, 0x0e, 0x21, 0x06, 0x20, 0x0f, 0x21, 0x07, 0x05,
  0x41, 0x7f, 0x21, 0x06, 0x20, 0x00, 0x20, 0x04, 0x41, 0x01, 0x74, 0x6a, 0x2f, 0x01, 0x00, 0x21,
  0x08, 0x20, 0x08, 0x21, 0x10, 0x41, 0x01, 0x21, 0x0a, 0x20, 0x08, 0x41, 0x80, 0xb0, 0x03, 0x4f,
  0x04, 0x40, 0x20, 0x08, 0x41, 0xff, 0xb7, 0x03, 0x4d, 0x04, 0x40, 0x20, 0x04, 0x41, 0x01, 0x6a,
  0x20, 0x01, 0x49, 0x04, 0x40, 0x20, 0x00, 0x20, 0x04, 0x41, 0x01, 0x6a, 0x41, 0x01, 0x74, 0x6a,
  0x2f, 0x01, 0x00, 0x21, 0x09, 0x20, 0x09, 0x41, 0x80, 0xb8, 0x03, 0x4f, 0x04, 0x40, 0x20, 0x09,
  0x41, 0xff, 0xbf, 0x03, 0x4d, 0x04, 0x40, 0x20, 0x08, 0x41, 0x80, 0xb0, 0x03, 0x6b, 0x41, 0x0a,
  0x74, 0x20, 0x09, 0x41, 0x80, 0xb8, 0x03, 0x6b, 0x6a, 0x41, 0x80, 0x80, 0x04, 0x6a, 0x21, 0x10,
  0x41, 0x02, 0x21, 0x0a, 0x0b, 0x0b, 0x0b, 0x0b, 0x0b, 0x20, 0x04, 0x20, 0x0a, 0x6a, 0x21, 0x07,
  0x0b, 0x20, 0x03, 0x20, 0x05, 0x41, 0x0c, 0x6c, 0x6a, 0x21, 0x0b, 0x20, 0x0b, 0x20, 0x06, 0x36,
  0x02, 0x00, 0x20, 0x0b, 0x41, 0x04, 0x6a, 0x20, 0x04, 0x36, 0x02, 0x00, 0x20, 0x0b, 0x41, 0x08,
  0x6a, 0x20, 0x07, 0x36, 0x02, 0x00, 0x20, 0x07, 0x21, 0x04, 0x20, 0x05, 0x41, 0x01, 0x6a, 0x21,
  0x05, 0x0c, 0x00, 0x0b, 0x0b, 0x20, 0x05, 0x0b, 0xbb, 0x03, 0x01, 0x0b, 0x7f, 0x41, 0x01, 0x21,
  0x06, 0x41, 0x00, 0x21, 0x07, 0x41, 0x00, 0x21, 0x08, 0x20, 0x04, 0x41, 0x00, 0x36, 0x02, 0x00,
  0x02, 0x40, 0x03, 0x40, 0x20, 0x07, 0x20, 0x01, 0x4f, 0x04, 0x40, 0x20, 0x04, 0x20, 0x06, 0x41,
  0x7f, 0x6a, 0x41, 0x04, 0x6c, 0x6a, 0x28, 0x02, 0x00, 0x21, 0x09, 0x20, 0x05, 0x20, 0x09, 0x36,
  0x02, 0x00, 0x20, 0x05, 0x41, 0x04, 0x6a, 0x20, 0x07, 0x36, 0x02, 0x00, 0x41, 0x7f, 0x0f, 0x0b,
  0x20, 0x04, 0x20, 0x06, 0x41, 0x7f, 0x6a, 0x41, 0x04, 0x6c, 0x6a, 0x28, 0x02, 0x00, 0x21, 0x09,
  0x20, 0x00, 0x20, 0x07, 0x41, 0x04, 0x6c, 0x6a, 0x28, 0x02, 0x00, 0x21, 0x0a, 0x20, 0x09, 0x20,
  0x0a, 0x10, 0x02, 0x21, 0x0b, 0x20, 0x0b, 0x41, 0x00, 0x46, 0x04, 0x40, 0x20, 0x05, 0x20, 0x09,
  0x36, 0x02, 0x00, 0x20, 0x05, 0x41, 0x04, 0x6a, 0x20, 0x07, 0x36, 0x02, 0x00, 0x41, 0x7f, 0x0f,
  0x0b, 0x20, 0x0b, 0x41, 0x18, 0x76, 0x21, 0x0c, 0x20, 0x0b, 0x41, 0xff, 0xff, 0xff, 0x07, 0x71,
  0x21, 0x0d, 0x20, 0x0c, 0x41, 0x01, 0x46, 0x04, 0x40, 0x20, 0x08, 0x20, 0x03, 0x4f, 0x04, 0x40,
  0x41, 0x7e, 0x0f, 0x0b, 0x20, 0x02, 0x20, 0x08, 0x41, 0x04, 0x6c, 0x6a, 0x20, 0x0b, 0x36, 0x02,
  0x00, 0x20, 0x08, 0x41, 0x01, 0x6a, 0x21, 0x08, 0x20, 0x04, 0x20, 0x06, 0x41, 0x04, 0x6c, 0x6a,
  0x20, 0x0d, 0x36, 0x02, 0x00, 0x20, 0x06, 0x41, 0x01, 0x6a, 0x21, 0x06, 0x20, 0x07, 0x41, 0x01,
  0x6a, 0x21, 0x07, 0x0c, 0x01, 0x0b, 0x20, 0x0c, 0x41, 0x02, 0x46, 0x04, 0x40, 0x20, 0x08, 0x20,
  0x03, 0x4f, 0x04, 0x40, 0x41, 0x7e, 0x0f, 0x0b, 0x20, 0x02, 0x20, 0x08, 0x41, 0x04, 0x6c, 0x6a,
  0x20, 0x0b, 0x36, 0x02, 0x00, 0x20, 0x08, 0x41, 0x01, 0x6a, 0x21, 0x08, 0x41, 0xe4, 0x88, 0x04,
  0x20, 0x0d, 0x41, 0x08, 0x6c, 0x6a, 0x41, 0x04, 0x6a, 0x28, 0x02, 0x00, 0x21, 0x0e, 0x41, 0xe4,
  0x88, 0x04, 0x20, 0x0d, 0x41, 0x08, 0x6c, 0x6a, 0x41, 0x00, 0x6a, 0x28, 0x02, 0x00, 0x21, 0x0f,
  0x20, 0x06, 0x20, 0x0e, 0x6b, 0x21, 0x06, 0x20, 0x04, 0x20, 0x06, 0x41, 0x7f, 0x6a, 0x41, 0x04,
  0x6c, 0x6a, 0x28, 0x02, 0x00, 0x21, 0x09, 0x20, 0x09, 0x20, 0x0f, 0x10, 0x03, 0x21, 0x10, 0x20,
  0x10, 0x41, 0x00, 0x48, 0x04, 0x40, 0x20, 0x05, 0x20, 0x09, 0x36, 0x02, 0x00, 0x20, 0x05, 0x41,
  0x04, 0x6a, 0x20, 0x07, 0x36, 0x02, 0x00, 0x41, 0x7d, 0x0f, 0x0b, 0x20, 0x04, 0x20, 0x06, 0x41,
  0x04, 0x6c, 0x6a, 0x20, 0x10, 0x36, 0x02, 0x00, 0x20, 0x06, 0x41, 0x01, 0x6a, 0x21, 0x06, 0x0c,
  0x01, 0x0b, 0x20, 0x0c, 0x41, 0x03, 0x46, 0x04, 0x40, 0x20, 0x08, 0x20, 0x03, 0x4f, 0x04, 0x40,
  0x41, 0x7e, 0x0f, 0x0b, 0x20, 0x02, 0x20, 0x08, 0x41, 0x04, 0x6c, 0x6a, 0x20, 0x0b, 0x36, 0x02,
  0x00, 0x20, 0x08, 0x41, 0x01, 0x6a, 0x21, 0x08, 0x20, 0x08, 0x0f, 0x0b, 0x20, 0x05, 0x20, 0x09,
  0x36, 0x02, 0x00, 0x20, 0x05, 0x41, 0x04, 0x6a, 0x20, 0x07, 0x36, 0x02, 0x00, 0x41, 0x7d, 0x0f,
  0x0b, 0x0b, 0x41, 0x7d, 0x0b, 0x0b, 0x84, 0x93, 0x04, 0x01, 0x00, 0x41, 0x00, 0x0b, 0xfc, 0x92,
  0x04, 0xff, 0xff, 0xff, 0xff, 0x02, 0x00, 0x00, 0x00, 0x09, 0x00, 0x00, 0x00, 0x0a, 0x00, 0x00,
  0x00, 0x0d, 0x00, 0x00, 0x00, 0xff, 0xff, 0xff, 0xff, 0x01, 0x00, 0x00, 0x00, 0x05, 0x00, 0x00,
  0x00, 0x04, 0x00, 0x00, 0x00, 0xff, 0xff, 0xff, 0xff, 0x00, 0x00, 0x00, 0x00, 0x0b, 0x00, 0x00,
  0x00, 0x0c, 0x00, 0x00, 0x00, 0x00, 0x00, 0x00, 0x00, 0x00, 0x00, 0x00, 0x00, 0x00, 0x00, 0x00,
  0x00, 0x00, 0x00, 0x00, 0x00, 0x00, 0x00, 0x00, 0x00, 0x00, 0x00, 0x00, 0x00, 0x00, 0x00, 0x00,
  0x00, 0x00, 0x00, 0x00, 0x00, 0x00, 0x00, 0x00, 0x00, 0x00, 0x00, 0x00, 0x00, 0x00, 0x00, 0x00,
  0x00, 0x00, 0x00, 0x00, 0x00, 0x02, 0x00, 0x00, 0x00, 0x01, 0x00, 0x00, 0x00, 0x07, 0x00, 0x00,
  0x00, 0x08, 0x00, 0x00, 0x00, 0x00, 0x00, 0x00, 0x00, 0x00, 0x00, 0x00, 0x00, 0x00, 0x00, 0x00,
  0x00, 0x00, 0x00, 0x00, 0x00, 0x00, 0x00, 0x00, 0x00, 0x00, 0x00, 0x00, 0x00, 0x00, 0x00, 0x00,
  0x00, 0x0f, 0x00, 0x00, 0x00, 0x00, 0x00, 0x00, 0x00, 0x00, 0x00, 0x00, 0x00, 0x00, 0x00, 0x00,
  0x00, 0x00, 0x00, 0x00, 0x00, 0x00, 0x00, 0x00, 0x00, 0x00, 0x00, 0x00, 0x00, 0x00, 0x00, 0x00,
  0x00, 0x00, 0x00, 0x00, 0x00, 0x00, 0x00, 0x00, 0x00, 0x19, 0x00, 0x00, 0x00, 0x11, 0x00, 0x00,
  0x00, 0x03, 0x00, 0x00, 0x00, 0x00, 0x00, 0x00, 0x00, 0x00, 0x00, 0x00, 0x00, 0x00, 0x00, 0x00,
  0x00, 0x00, 0x00, 0x00, 0x00, 0x10, 0x00, 0x00, 0x00, 0x00, 0x00, 0x00, 0x00, 0x1a, 0x00, 0x00,
  0x00, 0x14, 0x00, 0x00, 0x00, 0x00, 0x00, 0x00, 0x00, 0x00, 0x00, 0x00, 0x00, 0x00, 0x00, 0x00,
  0x00, 0x15, 0x00, 0x00, 0x00, 0x00, 0x00, 0x00, 0x00, 0x00, 0x00, 0x00, 0x00, 0x1c, 0x00, 0x00,
  0x00, 0x06, 0x00, 0x00, 0x00, 0x00, 0x00, 0x00, 0x00, 0x18, 0x00, 0x00, 0x00, 0x00, 0x00, 0x00,
  0x00, 0x00, 0x00, 0x00, 0x00, 0x00, 0x00, 0x00, 0x00, 0x1b, 0x00, 0x00, 0x00, 0x00, 0x00, 0x00,
  0x00, 0x17, 0x00, 0x00, 0x00, 0x00, 0x00, 0x00, 0x00, 0x00, 0x00, 0x00, 0x00, 0x00, 0x00, 0x00,
  0x00, 0x12, 0x00, 0x00, 0x00, 0x00, 0x00, 0x00, 0x00, 0x0e, 0x00, 0x00, 0x00, 0x13, 0x00, 0x00,
  0x00, 0x16, 0x00, 0x00, 0x00, 0xff, 0xff, 0xff, 0xff, 0xff, 0xff, 0xff, 0xff, 0xff, 0xff, 0xff,
  0xff, 0xff, 0xff, 0xff, 0xff, 0xff, 0xff, 0xff, 0xff, 0xff, 0xff, 0xff, 0xff, 0xff, 0xff, 0xff,
  0xff, 0xff, 0xff, 0xff, 0xff, 0xff, 0xff, 0xff, 0xff, 0x01, 0x00, 0x00, 0x00, 0x01, 0x00, 0x00,
  0x00, 0xff, 0xff, 0xff, 0xff, 0xff, 0xff, 0xff, 0xff, 0x01, 0x00, 0x00, 0x00, 0xff, 0xff, 0xff,
  0xff, 0xff, 0xff, 0xff, 0xff, 0xff, 0xff, 0xff, 0xff, 0xff, 0xff, 0xff, 0xff, 0xff, 0xff, 0xff,
  0xff, 0xff, 0xff, 0xff, 0xff, 0xff, 0xff, 0xff, 0xff, 0xff, 0xff, 0xff, 0xff, 0xff, 0xff, 0xff,
  0xff, 0xff, 0xff, 0xff, 0xff, 0xff, 0xff, 0xff, 0xff, 0xff, 0xff, 0xff, 0xff, 0xff, 0xff, 0xff,
  0xff, 0xff, 0xff, 0xff, 0xff, 0xff, 0xff, 0xff, 0xff, 0xff, 0xff, 0xff, 0xff, 0xff, 0xff, 0xff,
  0xff, 0xff, 0xff, 0xff, 0xff, 0x01, 0x00, 0x00, 0x00, 0xff, 0xff, 0xff, 0xff, 0xff, 0xff, 0xff,
  0xff, 0xff, 0xff, 0xff, 0xff, 0xff, 0xff, 0xff, 0xff, 0xff, 0xff, 0xff, 0xff, 0xff, 0xff, 0xff,
  0xff, 0xff, 0xff, 0xff, 0xff, 0x02, 0x00, 0x00, 0x00, 0x03, 0x00, 0x00, 0x00, 0xff, 0xff, 0xff,
  0xff, 0xff, 0xff, 0xff, 0xff, 0x04, 0x00, 0x00, 0x00, 0x05, 0x00, 0x00, 0x00, 0xff, 0xff, 0xff,
  0xff, 0xff, 0xff, 0xff, 0xff, 0x06, 0x00, 0x00, 0x00, 0x06, 0x00, 0x00, 0x00, 0x06, 0x00, 0x00,
  0x00, 0x06, 0x00, 0x00, 0x00, 0x06, 0x00, 0x00, 0x00, 0x06, 0x00, 0x00, 0x00, 0x06, 0x00, 0x00,
  0x00, 0x06, 0x00, 0x00, 0x00, 0x06, 0x00, 0x00, 0x00, 0x06, 0x00, 0x00, 0x00, 0xff, 0xff, 0xff,
  0xff, 0x07, 0x00, 0x00, 0x00, 0xff, 0xff, 0xff, 0xff, 0x08, 0x00, 0x00, 0x00, 0x09, 0x00, 0x00,
  0x00, 0xff, 0xff, 0xff, 0xff, 0xff, 0xff, 0xff, 0xff, 0x0a, 0x00, 0x00, 0x00, 0x0a, 0x00, 0x00,
  0x00, 0x0a, 0x00, 0x00, 0x00, 0x0a, 0x00, 0x00, 0x00, 0x0a, 0x00, 0x00, 0x00, 0x0a, 0x00, 0x00,
  0x00, 0x0a, 0x00, 0x00, 0x00, 0x0a, 0x00, 0x00, 0x00, 0x0a, 0x00, 0x00, 0x00, 0x0a, 0x00, 0x00,
  0x00, 0x0a, 0x00, 0x00, 0x00, 0x0a, 0x00, 0x00, 0x00, 0x0a, 0x00, 0x00, 0x00, 0x0a, 0x00, 0x00,
  0x00, 0x0a, 0x00, 0x00, 0x00, 0x0a, 0x00, 0x00, 0x00, 0x0a, 0x00, 0x00, 0x00, 0x0a, 0x00, 0x00,
  0x00, 0x0a, 0x00, 0x00, 0x00, 0x0a, 0x00, 0x00, 0x00, 0x0a, 0x00, 0x00, 0x00, 0x0a, 0x00, 0x00,
  0x00, 0x0a, 0x00, 0x00, 0x00, 0x0a, 0x00, 0x00, 0x00, 0x0a, 0x00, 0x00, 0x00, 0x0a, 0x00, 0x00,
  0x00, 0x0b, 0x00, 0x00, 0x00, 0xff, 0xff, 0xff, 0xff, 0x0c, 0x00, 0x00, 0x00, 0xff, 0xff, 0xff,
  0xff, 0x0a, 0x00, 0x00, 0x00, 0xff, 0xff, 0xff, 0xff, 0x0d, 0x00, 0x00, 0x00, 0x0a, 0x00, 0x00,
  0x00, 0x0a, 0x00, 0x00, 0x00, 0x0e, 0x00, 0x00, 0x00, 0x0f, 0x00, 0x00, 0x00, 0x10, 0x00, 0x00,
  0x00, 0x0a, 0x00, 0x00, 0x00, 0x0a, 0x00, 0x00, 0x00, 0x11, 0x00, 0x00, 0x00, 0x0a, 0x00, 0x00,
  0x00, 0x0a, 0x00, 0x00, 0x00, 0x12, 0x00, 0x00, 0x00, 0x13, 0x00, 0x00, 0x00, 0x14, 0x00, 0x00,
  0x00, 0x0a, 0x00, 0x00, 0x00, 0x15, 0x00, 0x00, 0x00, 0x0a, 0x00, 0x00, 0x00, 0x16, 0x00, 0x00,
  0x00, 0x17, 0x00, 0x00, 0x00, 0x18, 0x00, 0x00, 0x00, 0x0a, 0x00, 0x00, 0x00, 0x0a, 0x00, 0x00,
  0x00, 0x0a, 0x00, 0x00, 0x00, 0x0a, 0x00, 0x00, 0x00, 0x0a, 0x00, 0x00, 0x00, 0x0a, 0x00, 0x00,
  0x00, 0xff, 0xff, 0xff, 0xff, 0xff, 0xff, 0xff, 0xff, 0xff, 0xff, 0xff, 0xff, 0xff, 0xff, 0xff,
  0xff, 0xff, 0xff, 0xff, 0xff, 0xff, 0xff, 0xff, 0xff, 0xff, 0xff, 0xff, 0xff, 0xff, 0xff, 0xff,
  0xff, 0xff, 0xff, 0xff, 0xff, 0xff, 0xff, 0xff, 0xff, 0xff, 0xff, 0xff, 0xff, 0xff, 0xff, 0xff,
  0xff, 0xff, 0xff, 0xff, 0xff, 0xff, 0xff, 0xff, 0xff, 0x19, 0x00, 0x00, 0x00, 0x19, 0x00, 0x00,
  0x00, 0xff, 0xff, 0xff, 0xff, 0xff, 0xff, 0xff, 0xff, 0x19, 0x00, 0x00, 0x00, 0xff, 0xff, 0xff,
  0xff, 0xff, 0xff, 0xff, 0xff, 0xff, 0xff, 0xff, 0xff, 0xff, 0xff, 0xff, 0xff, 0xff, 0xff, 0xff,
  0xff, 0xff, 0xff, 0xff, 0xff, 0xff, 0xff, 0xff, 0xff, 0xff, 0xff, 0xff, 0xff, 0xff, 0xff, 0xff,
  0xff, 0xff, 0xff, 0xff, 0xff, 0xff, 0xff, 0xff, 0xff, 0xff, 0xff, 0xff, 0xff, 0xff, 0xff, 0xff,
  0xff, 0xff, 0xff, 0xff, 0xff, 0xff, 0xff, 0xff, 0xff, 0xff, 0xff, 0xff, 0xff, 0xff, 0xff, 0xff,
  0xff, 0xff, 0xff, 0xff, 0xff, 0x19, 0x00, 0x00, 0x00, 0xff, 0xff, 0xff, 0xff, 0xff, 0xff, 0xff,
  0xff, 0xff, 0xff, 0xff, 0xff, 0xff, 0xff, 0xff, 0xff, 0xff, 0xff, 0xff, 0xff, 0xff, 0xff, 0xff,
  0xff, 0xff, 0xff, 0xff, 0xff, 0xff, 0xff, 0xff, 0xff, 0xff, 0xff, 0xff, 0xff, 0xff, 0xff, 0xff,
  0xff, 0xff, 0xff, 0xff, 0xff, 0xff, 0xff, 0xff, 0xff, 0xff, 0xff, 0xff, 0xff, 0xff, 0xff, 0xff,
  0xff, 0xff, 0xff, 0xff, 0xff, 0xff, 0xff, 0xff, 0xff, 0xff, 0xff, 0xff, 0xff, 0xff, 0xff, 0xff,
  0xff, 0xff, 0xff, 0xff, 0xff, 0xff, 0xff, 0xff, 0xff, 0xff, 0xff, 0xff, 0xff, 0xff, 0xff, 0xff,
  0xff, 0xff, 0xff, 0xff, 0xff, 0xff, 0xff, 0xff, 0xff, 0xff, 0xff, 0xff, 0xff, 0xff, 0xff, 0xff,
  0xff, 0xff, 0xff, 0xff, 0xff, 0xff, 0xff, 0xff, 0xff, 0xff, 0xff, 0xff, 0xff, 0xff, 0xff, 0xff,
  0xff, 0xff, 0xff, 0xff, 0xff, 0xff, 0xff, 0xff, 0xff, 0xff, 0xff, 0xff, 0xff, 0xff, 0xff, 0xff,
  0xff, 0xff, 0xff, 0xff, 0xff, 0xff, 0xff, 0xff, 0xff, 0xff, 0xff, 0xff, 0xff, 0xff, 0xff, 0xff,
  0xff, 0xff, 0xff, 0xff, 0xff, 0xff, 0xff, 0xff, 0xff, 0xff, 0xff, 0xff, 0xff, 0xff, 0xff, 0xff,
  0xff, 0xff, 0xff, 0xff, 0xff, 0xff, 0xff, 0xff, 0xff, 0xff, 0xff, 0xff, 0xff, 0xff, 0xff, 0xff,
  0xff, 0xff, 0xff, 0xff, 0xff, 0xff, 0xff, 0xff, 0xff, 0xff, 0xff, 0xff, 0xff, 0xff, 0xff, 0xff,
  0xff, 0xff, 0xff, 0xff, 0xff, 0xff, 0xff, 0xff, 0xff, 0xff, 0xff, 0xff, 0xff, 0xff, 0xff, 0xff,
  0xff, 0xff, 0xff, 0xff, 0xff, 0xff, 0xff, 0xff, 0xff, 0xff, 0xff, 0xff, 0xff, 0xff, 0xff, 0xff,
  0xff, 0xff, 0xff, 0xff, 0xff, 0xff, 0xff, 0xff, 0xff, 0xff, 0xff, 0xff, 0xff, 0xff, 0xff, 0xff,
  0xff, 0xff, 0xff, 0xff, 0xff, 0xff, 0xff, 0xff, 0xff, 0xff, 0xff, 0xff, 0xff, 0xff, 0xff, 0xff,
  0xff, 0xff, 0xff, 0xff, 0xff, 0xff, 0xff, 0xff, 0xff, 0xff, 0xff, 0xff, 0xff, 0xff, 0xff, 0xff,
  0xff, 0xff, 0xff, 0xff, 0xff, 0xff, 0xff, 0xff, 0xff, 0xff, 0xff, 0xff, 0xff, 0xff, 0xff, 0xff,
  0xff, 0xff, 0xff, 0xff, 0xff, 0xff, 0xff, 0xff, 0xff, 0xff, 0xff, 0xff, 0xff, 0xff, 0xff, 0xff,
  0xff, 0xff, 0xff, 0xff, 0xff, 0xff, 0xff, 0xff, 0xff, 0xff, 0xff, 0xff, 0xff, 0xff, 0xff, 0xff,
  0xff, 0xff, 0xff, 0xff, 0xff, 0xff, 0xff, 0xff, 0xff, 0xff, 0xff, 0xff, 0xff, 0xff, 0xff, 0xff,
  0xff, 0xff, 0xff, 0xff, 0xff, 0xff, 0xff, 0xff, 0xff, 0xff, 0xff, 0xff, 0xff, 0xff, 0xff, 0xff,
  0xff, 0xff, 0xff, 0xff, 0xff, 0xff, 0xff, 0xff, 0xff, 0xff, 0xff, 0xff, 0xff, 0xff, 0xff, 0xff,
  0xff, 0xff, 0xff, 0xff, 0xff, 0xff, 0xff, 0xff, 0xff, 0xff, 0xff, 0xff, 0xff, 0xff, 0xff, 0xff,
  0xff, 0xff, 0xff, 0xff, 0xff, 0xff, 0xff, 0xff, 0xff, 0xff, 0xff, 0xff, 0xff, 0xff, 0xff, 0xff,
  0xff, 0xff, 0xff, 0xff, 0xff, 0xff, 0xff, 0xff, 0xff, 0xff, 0xff, 0xff, 0xff, 0xff, 0xff, 0xff,
  0xff, 0xff, 0xff, 0xff, 0xff, 0xff, 0xff, 0xff, 0xff, 0xff, 0xff, 0xff, 0xff, 0xff, 0xff, 0xff,
  0xff, 0xff, 0xff, 0xff, 0xff, 0xff, 0xff, 0xff, 0xff, 0xff, 0xff, 0xff, 0xff, 0xff, 0xff, 0xff,
  0xff, 0xff, 0xff, 0xff, 0xff, 0xff, 0xff, 0xff, 0xff, 0xff, 0xff, 0xff, 0xff, 0xff, 0xff, 0xff,
  0xff, 0xff, 0xff, 0xff, 0xff, 0xff, 0xff, 0xff, 0xff, 0xff, 0xff, 0xff, 0xff, 0xff, 0xff, 0xff,
  0xff, 0xff, 0xff, 0xff, 0xff, 0xff, 0xff, 0xff, 0xff, 0xff, 0xff, 0xff, 0xff, 0xff, 0xff, 0xff,
  0xff, 0xff, 0xff, 0xff, 0xff, 0xff, 0xff, 0xff, 0xff, 0xff, 0xff, 0xff, 0xff, 0xff, 0xff, 0xff,
  0xff, 0xff, 0xff, 0xff, 0xff, 0xff, 0xff, 0xff, 0xff, 0xff, 0xff, 0xff, 0xff, 0xff, 0xff, 0xff,
  0xff, 0xff, 0xff, 0xff, 0xff, 0xff, 0xff, 0xff, 0xff, 0xff, 0xff, 0xff, 0xff, 0xff, 0xff, 0xff,
  0xff, 0xff, 0xff, 0xff, 0xff, 0xff, 0xff, 0xff, 0xff, 0xff, 0xff, 0xff, 0xff, 0xff, 0xff, 0xff,
  0xff, 0xff, 0xff, 0xff, 0xff, 0xff, 0xff, 0xff, 0xff, 0xff, 0xff, 0xff, 0xff, 0xff, 0xff, 0xff,
  0xff, 0xff, 0xff, 0xff, 0xff, 0xff, 0xff, 0xff, 0xff, 0xff, 0xff, 0xff, 0xff, 0xff, 0xff, 0xff,
  0xff, 0xff, 0xff, 0xff, 0xff, 0xff, 0xff, 0xff, 0xff, 0xff, 0xff, 0xff, 0xff, 0xff, 0xff, 0xff,
  0xff, 0xff, 0xff, 0xff, 0xff, 0xff, 0xff, 0xff, 0xff, 0xff, 0xff, 0xff, 0xff, 0xff, 0xff, 0xff,
  0xff, 0xff, 0xff, 0xff, 0xff, 0xff, 0xff, 0xff, 0xff, 0xff, 0xff, 0xff, 0xff, 0xff, 0xff, 0xff,
  0xff, 0xff, 0xff, 0xff, 0xff, 0xff, 0xff, 0xff, 0xff, 0xff, 0xff, 0xff, 0xff, 0xff, 0xff, 0xff,
  0xff, 0xff, 0xff, 0xff, 0xff, 0xff, 0xff, 0xff, 0xff, 0xff, 0xff, 0xff, 0xff, 0xff, 0xff, 0xff,
  0xff, 0xff, 0xff, 0xff, 0xff, 0xff, 0xff, 0xff, 0xff, 0xff, 0xff, 0xff, 0xff, 0xff, 0xff, 0xff,
  0xff, 0xff, 0xff, 0xff, 0xff, 0xff, 0xff, 0xff, 0xff, 0xff, 0xff, 0xff, 0xff, 0xff, 0xff, 0xff,
  0xff, 0xff, 0xff, 0xff, 0xff, 0xff, 0xff, 0xff, 0xff, 0xff, 0xff, 0xff, 0xff, 0xff, 0xff, 0xff,
  0xff, 0xff, 0xff, 0xff, 0xff, 0xff, 0xff, 0xff, 0xff, 0xff, 0xff, 0xff, 0xff, 0xff, 0xff, 0xff,
  0xff, 0xff, 0xff, 0xff, 0xff, 0xff, 0xff, 0xff, 0xff, 0xff, 0xff, 0xff, 0xff, 0xff, 0xff, 0xff,
  0xff, 0xff, 0xff, 0xff, 0xff, 0xff, 0xff, 0xff, 0xff, 0xff, 0xff, 0xff, 0xff, 0xff, 0xff, 0xff,
  0xff, 0xff, 0xff, 0xff, 0xff, 0xff, 0xff, 0xff, 0xff, 0xff, 0xff, 0xff, 0xff, 0xff, 0xff, 0xff,
  0xff, 0xff, 0xff, 0xff, 0xff, 0xff, 0xff, 0xff, 0xff, 0xff, 0xff, 0xff, 0xff, 0xff, 0xff, 0xff,
  0xff, 0xff, 0xff, 0xff, 0xff, 0xff, 0xff, 0xff, 0xff, 0xff, 0xff, 0xff, 0xff, 0xff, 0xff, 0xff,
  0xff, 0xff, 0xff, 0xff, 0xff, 0xff, 0xff, 0xff, 0xff, 0xff, 0xff, 0xff, 0xff, 0xff, 0xff, 0xff,
  0xff, 0xff, 0xff, 0xff, 0xff, 0xff, 0xff, 0xff, 0xff, 0xff, 0xff, 0xff, 0xff, 0xff, 0xff, 0xff,
  0xff, 0xff, 0xff, 0xff, 0xff, 0xff, 0xff, 0xff, 0xff, 0xff, 0xff, 0xff, 0xff, 0xff, 0xff, 0xff,
  0xff, 0xff, 0xff, 0xff, 0xff, 0xff, 0xff, 0xff, 0xff, 0xff, 0xff, 0xff, 0xff, 0xff, 0xff, 0xff,
  0xff, 0xff, 0xff, 0xff, 0xff, 0xff, 0xff, 0xff, 0xff, 0xff, 0xff, 0xff, 0xff, 0xff, 0xff, 0xff,
  0xff, 0xff, 0xff, 0xff, 0xff, 0xff, 0xff, 0xff, 0xff, 0xff, 0xff, 0xff, 0xff, 0xff, 0xff, 0xff,
  0xff, 0xff, 0xff, 0xff, 0xff, 0xff, 0xff, 0xff, 0xff, 0xff, 0xff, 0xff, 0xff, 0xff, 0xff, 0xff,
  0xff, 0xff, 0xff, 0xff, 0xff, 0xff, 0xff, 0xff, 0xff, 0xff, 0xff, 0xff, 0xff, 0xff, 0xff, 0xff,
  0xff, 0xff, 0xff, 0xff, 0xff, 0xff, 0xff, 0xff, 0xff, 0xff, 0xff, 0xff, 0xff, 0xff, 0xff, 0xff,
  0xff, 0xff, 0xff, 0xff, 0xff, 0xff, 0xff, 0xff, 0xff, 0xff, 0xff, 0xff, 0xff, 0xff, 0xff, 0xff,
  0xff, 0xff, 0xff, 0xff, 0xff, 0xff, 0xff, 0xff, 0xff, 0xff, 0xff, 0xff, 0xff, 0xff, 0xff, 0xff,
  0xff, 0xff, 0xff, 0xff, 0xff, 0xff, 0xff, 0xff, 0xff, 0xff, 0xff, 0xff, 0xff, 0xff, 0xff, 0xff,
  0xff, 0xff, 0xff, 0xff, 0xff, 0xff, 0xff, 0xff, 0xff, 0xff, 0xff, 0xff, 0xff, 0xff, 0xff, 0xff,
  0xff, 0xff, 0xff, 0xff, 0xff, 0xff, 0xff, 0xff, 0xff, 0xff, 0xff, 0xff, 0xff, 0xff, 0xff, 0xff,
  0xff, 0xff, 0xff, 0xff, 0xff, 0xff, 0xff, 0xff, 0xff, 0xff, 0xff, 0xff, 0xff, 0xff, 0xff, 0xff,
  0xff, 0xff, 0xff, 0xff, 0xff, 0xff, 0xff, 0xff, 0xff, 0xff, 0xff, 0xff, 0xff, 0xff, 0xff, 0xff,
  0xff, 0xff, 0xff, 0xff, 0xff, 0xff, 0xff, 0xff, 0xff, 0xff, 0xff, 0xff, 0xff, 0xff, 0xff, 0xff,
  0xff, 0xff, 0xff, 0xff, 0xff, 0xff, 0xff, 0xff, 0xff, 0xff, 0xff, 0xff, 0xff, 0xff, 0xff, 0xff,
  0xff, 0xff, 0xff, 0xff, 0xff, 0xff, 0xff, 0xff, 0xff, 0xff, 0xff, 0xff, 0xff, 0xff, 0xff, 0xff,
  0xff, 0xff, 0xff, 0xff, 0xff, 0xff, 0xff, 0xff, 0xff, 0xff, 0xff, 0xff, 0xff, 0xff, 0xff, 0xff,
  0xff, 0xff, 0xff, 0xff, 0xff, 0xff, 0xff, 0xff, 0xff, 0xff, 0xff, 0xff, 0xff, 0xff, 0xff, 0xff,
  0xff, 0xff, 0xff, 0xff, 0xff, 0xff, 0xff, 0xff, 0xff, 0xff, 0xff, 0xff, 0xff, 0xff, 0xff, 0xff,
  0xff, 0xff, 0xff, 0xff, 0xff, 0xff, 0xff, 0xff, 0xff, 0xff, 0xff, 0xff, 0xff, 0xff, 0xff, 0xff,
  0xff, 0xff, 0xff, 0xff, 0xff, 0xff, 0xff, 0xff, 0xff, 0xff, 0xff, 0xff, 0xff, 0xff, 0xff, 0xff,
  0xff, 0xff, 0xff, 0xff, 0xff, 0xff, 0xff, 0xff, 0xff, 0xff, 0xff, 0xff, 0xff, 0xff, 0xff, 0xff,
  0xff, 0xff, 0xff, 0xff, 0xff, 0xff, 0xff, 0xff, 0xff, 0xff, 0xff, 0xff, 0xff, 0xff, 0xff, 0xff,
  0xff, 0xff, 0xff, 0xff, 0xff, 0xff, 0xff, 0xff, 0xff, 0xff, 0xff, 0xff, 0xff, 0xff, 0xff, 0xff,
  0xff, 0xff, 0xff, 0xff, 0xff, 0xff, 0xff, 0xff, 0xff, 0xff, 0xff, 0xff, 0xff, 0xff, 0xff, 0xff,
  0xff, 0xff, 0xff, 0xff, 0xff, 0xff, 0xff, 0xff, 0xff, 0xff, 0xff, 0xff, 0xff, 0xff, 0xff, 0xff,
  0xff, 0xff, 0xff, 0xff, 0xff, 0xff, 0xff, 0xff, 0xff, 0xff, 0xff, 0xff, 0xff, 0xff, 0xff, 0xff,
  0xff, 0xff, 0xff, 0xff, 0xff, 0xff, 0xff, 0xff, 0xff, 0xff, 0xff, 0xff, 0xff, 0xff, 0xff, 0xff,
  0xff, 0xff, 0xff, 0xff, 0xff, 0xff, 0xff, 0xff, 0xff, 0xff, 0xff, 0xff, 0xff, 0xff, 0xff, 0xff,
  0xff, 0xff, 0xff, 0xff, 0xff, 0xff, 0xff, 0xff, 0xff, 0xff, 0xff, 0xff, 0xff, 0xff, 0xff, 0xff,
  0xff, 0xff, 0xff, 0xff, 0xff, 0xff, 0xff, 0xff, 0xff, 0xff, 0xff, 0xff, 0xff, 0xff, 0xff, 0xff,
  0xff, 0xff, 0xff, 0xff, 0xff, 0xff, 0xff, 0xff, 0xff, 0xff, 0xff, 0xff, 0xff, 0xff, 0xff, 0xff,
  0xff, 0xff, 0xff, 0xff, 0xff, 0xff, 0xff, 0xff, 0xff, 0xff, 0xff, 0xff, 0xff, 0xff, 0xff, 0xff,
  0xff, 0xff, 0xff, 0xff, 0xff, 0xff, 0xff, 0xff, 0xff, 0xff, 0xff, 0xff, 0xff, 0xff, 0xff, 0xff,
  0xff, 0xff, 0xff, 0xff, 0xff, 0xff, 0xff, 0xff, 0xff, 0xff, 0xff, 0xff, 0xff, 0xff, 0xff, 0xff,
  0xff, 0xff, 0xff, 0xff, 0xff, 0xff, 0xff, 0xff, 0xff, 0xff, 0xff, 0xff, 0xff, 0xff, 0xff, 0xff,
  0xff, 0xff, 0xff, 0xff, 0xff, 0xff, 0xff, 0xff, 0xff, 0xff, 0xff, 0xff, 0xff, 0xff, 0xff, 0xff,
  0xff, 0xff, 0xff, 0xff, 0xff, 0xff, 0xff, 0xff, 0xff, 0xff, 0xff, 0xff, 0xff, 0xff, 0xff, 0xff,
  0xff, 0xff, 0xff, 0xff, 0xff, 0xff, 0xff, 0xff, 0xff, 0xff, 0xff, 0xff, 0xff, 0xff, 0xff, 0xff,
  0xff, 0xff, 0xff, 0xff, 0xff, 0xff, 0xff, 0xff, 0xff, 0xff, 0xff, 0xff, 0xff, 0xff, 0xff, 0xff,
  0xff, 0xff, 0xff, 0xff, 0xff, 0xff, 0xff, 0xff, 0xff, 0xff, 0xff, 0xff, 0xff, 0xff, 0xff, 0xff,
  0xff, 0xff, 0xff, 0xff, 0xff, 0xff, 0xff, 0xff, 0xff, 0xff, 0xff, 0xff, 0xff, 0xff, 0xff, 0xff,
  0xff, 0xff, 0xff, 0xff, 0xff, 0xff, 0xff, 0xff, 0xff, 0xff, 0xff, 0xff, 0xff, 0xff, 0xff, 0xff,
  0xff, 0xff, 0xff, 0xff, 0xff, 0xff, 0xff, 0xff, 0xff, 0xff, 0xff, 0xff, 0xff, 0xff, 0xff, 0xff,
  0xff, 0xff, 0xff, 0xff, 0xff, 0xff, 0xff, 0xff, 0xff, 0xff, 0xff, 0xff, 0xff, 0xff, 0xff, 0xff,
  0xff, 0xff, 0xff, 0xff, 0xff, 0xff, 0xff, 0xff, 0xff, 0xff, 0xff, 0xff, 0xff, 0xff, 0xff, 0xff,
  0xff, 0xff, 0xff, 0xff, 0xff, 0xff, 0xff, 0xff, 0xff, 0xff, 0xff, 0xff, 0xff, 0xff, 0xff, 0xff,
  0xff, 0xff, 0xff, 0xff, 0xff, 0xff, 0xff, 0xff, 0xff, 0xff, 0xff, 0xff, 0xff, 0xff, 0xff, 0xff,
  0xff, 0xff, 0xff, 0xff, 0xff, 0xff, 0xff, 0xff, 0xff, 0xff, 0xff, 0xff, 0xff, 0xff, 0xff, 0xff,
  0xff, 0xff, 0xff, 0xff, 0xff, 0xff, 0xff, 0xff, 0xff, 0xff, 0xff, 0xff, 0xff, 0xff, 0xff, 0xff,
  0xff, 0xff, 0xff, 0xff, 0xff, 0xff, 0xff, 0xff, 0xff, 0xff, 0xff, 0xff, 0xff, 0xff, 0xff, 0xff,
  0xff, 0xff, 0xff, 0xff, 0xff, 0xff, 0xff, 0xff, 0xff, 0xff, 0xff, 0xff, 0xff, 0xff, 0xff, 0xff,
  0xff, 0xff, 0xff, 0xff, 0xff, 0xff, 0xff, 0xff, 0xff, 0xff, 0xff, 0xff, 0xff, 0xff, 0xff, 0xff,
  0xff, 0xff, 0xff, 0xff, 0xff, 0xff, 0xff, 0xff, 0xff, 0xff, 0xff, 0xff, 0xff, 0xff, 0xff, 0xff,
  0xff, 0xff, 0xff, 0xff, 0xff, 0xff, 0xff, 0xff, 0xff, 0xff, 0xff, 0xff, 0xff, 0xff, 0xff, 0xff,
  0xff, 0xff, 0xff, 0xff, 0xff, 0xff, 0xff, 0xff, 0xff, 0xff, 0xff, 0xff, 0xff, 0xff, 0xff, 0xff,
  0xff, 0xff, 0xff, 0xff, 0xff, 0xff, 0xff, 0xff, 0xff, 0xff, 0xff, 0xff, 0xff, 0xff, 0xff, 0xff,
  0xff, 0xff, 0xff, 0xff, 0xff, 0xff, 0xff, 0xff, 0xff, 0xff, 0xff, 0xff, 0xff, 0xff, 0xff, 0xff,
  0xff, 0xff, 0xff, 0xff, 0xff, 0xff, 0xff, 0xff, 0xff, 0xff, 0xff, 0xff, 0xff, 0xff, 0xff, 0xff,
  0xff, 0xff, 0xff, 0xff, 0xff, 0xff, 0xff, 0xff, 0xff, 0xff, 0xff, 0xff, 0xff, 0xff, 0xff, 0xff,
  0xff, 0xff, 0xff, 0xff, 0xff, 0xff, 0xff, 0xff, 0xff, 0xff, 0xff, 0xff, 0xff, 0xff, 0xff, 0xff,
  0xff, 0xff, 0xff, 0xff, 0xff, 0xff, 0xff, 0xff, 0xff, 0xff, 0xff, 0xff, 0xff, 0xff, 0xff, 0xff,
  0xff, 0xff, 0xff, 0xff, 0xff, 0xff, 0xff, 0xff, 0xff, 0xff, 0xff, 0xff, 0xff, 0xff, 0xff, 0xff,
  0xff, 0xff, 0xff, 0xff, 0xff, 0xff, 0xff, 0xff, 0xff, 0xff, 0xff, 0xff, 0xff, 0xff, 0xff, 0xff,
  0xff, 0xff, 0xff, 0xff, 0xff, 0xff, 0xff, 0xff, 0xff, 0xff, 0xff, 0xff, 0xff, 0xff, 0xff, 0xff,
  0xff, 0xff, 0xff, 0xff, 0xff, 0xff, 0xff, 0xff, 0xff, 0xff, 0xff, 0xff, 0xff, 0xff, 0xff, 0xff,
  0xff, 0xff, 0xff, 0xff, 0xff, 0xff, 0xff, 0xff, 0xff, 0xff, 0xff, 0xff, 0xff, 0xff, 0xff, 0xff,
  0xff, 0xff, 0xff, 0xff, 0xff, 0xff, 0xff, 0xff, 0xff, 0xff, 0xff, 0xff, 0xff, 0xff, 0xff, 0xff,
  0xff, 0xff, 0xff, 0xff, 0xff, 0xff, 0xff, 0xff, 0xff, 0xff, 0xff, 0xff, 0xff, 0xff, 0xff, 0xff,
  0xff, 0xff, 0xff, 0xff, 0xff, 0xff, 0xff, 0xff, 0xff, 0xff, 0xff, 0xff, 0xff, 0xff, 0xff, 0xff,
  0xff, 0xff, 0xff, 0xff, 0xff, 0xff, 0xff, 0xff, 0xff, 0xff, 0xff, 0xff, 0xff, 0xff, 0xff, 0xff,
  0xff, 0xff, 0xff, 0xff, 0xff, 0xff, 0xff, 0xff, 0xff, 0xff, 0xff, 0xff, 0xff, 0xff, 0xff, 0xff,
  0xff, 0xff, 0xff, 0xff, 0xff, 0xff, 0xff, 0xff, 0xff, 0xff, 0xff, 0xff, 0xff, 0xff, 0xff, 0xff,
  0xff, 0xff, 0xff, 0xff, 0xff, 0xff, 0xff, 0xff, 0xff, 0xff, 0xff, 0xff, 0xff, 0xff, 0xff, 0xff,
  0xff, 0xff, 0xff, 0xff, 0xff, 0xff, 0xff, 0xff, 0xff, 0xff, 0xff, 0xff, 0xff, 0xff, 0xff, 0xff,
  0xff, 0xff, 0xff, 0xff, 0xff, 0xff, 0xff, 0xff, 0xff, 0xff, 0xff, 0xff, 0xff, 0xff, 0xff, 0xff,
  0xff, 0xff, 0xff, 0xff, 0xff, 0xff, 0xff, 0xff, 0xff, 0xff, 0xff, 0xff, 0xff, 0xff, 0xff, 0xff,
  0xff, 0xff, 0xff, 0xff, 0xff, 0x06, 0x00, 0x00, 0x00, 0x06, 0x00, 0x00, 0x00, 0x06, 0x00, 0x00,
  0x00, 0x06, 0x00, 0x00, 0x00, 0x06, 0x00, 0x00, 0x00, 0x06, 0x00, 0x00, 0x00, 0x06, 0x00, 0x00,
  0x00, 0x06, 0x00, 0x00, 0x00, 0x06, 0x00, 0x00, 0x00, 0x06, 0x00, 0x00, 0x00, 0xff, 0xff, 0xff,
  0xff, 0xff, 0xff, 0xff, 0xff, 0xff, 0xff, 0xff, 0xff, 0xff, 0xff, 0xff, 0xff, 0xff, 0xff, 0xff,
  0xff, 0xff, 0xff, 0xff, 0xff, 0xff, 0xff, 0xff, 0xff, 0xff, 0xff, 0xff, 0xff, 0xff, 0xff, 0xff,
  0xff, 0xff, 0xff, 0xff, 0xff, 0xff, 0xff, 0xff, 0xff, 0xff, 0xff, 0xff, 0xff, 0xff, 0xff, 0xff,
  0xff, 0xff, 0xff, 0xff, 0xff, 0xff, 0xff, 0xff, 0xff, 0xff, 0xff, 0xff, 0xff, 0xff, 0xff, 0xff,
  0xff, 0xff, 0xff, 0xff, 0xff, 0xff, 0xff, 0xff, 0xff, 0xff, 0xff, 0xff, 0xff, 0xff, 0xff, 0xff,
  0xff, 0xff, 0xff, 0xff, 0xff, 0xff, 0xff, 0xff, 0xff, 0xff, 0xff, 0xff, 0xff, 0xff, 0xff, 0xff,
  0xff, 0xff, 0xff, 0xff, 0xff, 0xff, 0xff, 0xff, 0xff, 0xff, 0xff, 0xff, 0xff, 0xff, 0xff, 0xff,
  0xff, 0xff, 0xff, 0xff, 0xff, 0xff, 0xff, 0xff, 0xff, 0xff, 0xff, 0xff, 0xff, 0xff, 0xff, 0xff,
  0xff, 0xff, 0xff, 0xff, 0xff, 0xff, 0xff, 0xff, 0xff, 0xff, 0xff, 0xff, 0xff, 0xff, 0xff, 0xff,
  0xff, 0xff, 0xff, 0xff, 0xff, 0xff, 0xff, 0xff, 0xff, 0xff, 0xff, 0xff, 0xff, 0xff, 0xff, 0xff,
  0xff, 0xff, 0xff, 0xff, 0xff, 0xff, 0xff, 0xff, 0xff, 0xff, 0xff, 0xff, 0xff, 0xff, 0xff, 0xff,
  0xff, 0xff, 0xff, 0xff, 0xff, 0xff, 0xff, 0xff, 0xff, 0xff, 0xff, 0xff, 0xff, 0xff, 0xff, 0xff,
  0xff, 0xff, 0xff, 0xff, 0xff, 0xff, 0xff, 0xff, 0xff, 0xff, 0xff, 0xff, 0xff, 0xff, 0xff, 0xff,
  0xff, 0xff, 0xff, 0xff, 0xff, 0xff, 0xff, 0xff, 0xff, 0xff, 0xff, 0xff, 0xff, 0xff, 0xff, 0xff,
  0xff, 0xff, 0xff, 0xff, 0xff, 0xff, 0xff, 0xff, 0xff, 0xff, 0xff, 0xff, 0xff, 0xff, 0xff, 0xff,
  0xff, 0xff, 0xff, 0xff, 0xff, 0xff, 0xff, 0xff, 0xff, 0xff, 0xff, 0xff, 0xff, 0xff, 0xff, 0xff,
  0xff, 0xff, 0xff, 0xff, 0xff, 0xff, 0xff, 0xff, 0xff, 0xff, 0xff, 0xff, 0xff, 0xff, 0xff, 0xff,
  0xff, 0xff, 0xff, 0xff, 0xff, 0xff, 0xff, 0xff, 0xff, 0xff, 0xff, 0xff, 0xff, 0xff, 0xff, 0xff,
  0xff, 0xff, 0xff, 0xff, 0xff, 0xff, 0xff, 0xff, 0xff, 0xff, 0xff, 0xff, 0xff, 0xff, 0xff, 0xff,
  0xff, 0xff, 0xff, 0xff, 0xff, 0xff, 0xff, 0xff, 0xff, 0xff, 0xff, 0xff, 0xff, 0xff, 0xff, 0xff,
  0xff, 0xff, 0xff, 0xff, 0xff, 0xff, 0xff, 0xff, 0xff, 0xff, 0xff, 0xff, 0xff, 0xff, 0xff, 0xff,
  0xff, 0xff, 0xff, 0xff, 0xff, 0xff, 0xff, 0xff, 0xff, 0xff, 0xff, 0xff, 0xff, 0xff, 0xff, 0xff,
  0xff, 0xff, 0xff, 0xff, 0xff, 0xff, 0xff, 0xff, 0xff, 0xff, 0xff, 0xff, 0xff, 0xff, 0xff, 0xff,
  0xff, 0xff, 0xff, 0xff, 0xff, 0xff, 0xff, 0xff, 0xff, 0xff, 0xff, 0xff, 0xff, 0xff, 0xff, 0xff,
  0xff, 0xff, 0xff, 0xff, 0xff, 0xff, 0xff, 0xff, 0xff, 0xff, 0xff, 0xff, 0xff, 0xff, 0xff, 0xff,
  0xff, 0xff, 0xff, 0xff, 0xff, 0xff, 0xff, 0xff, 0xff, 0xff, 0xff, 0xff, 0xff, 0xff, 0xff, 0xff,
  0xff, 0xff, 0xff, 0xff, 0xff, 0xff, 0xff, 0xff, 0xff, 0xff, 0xff, 0xff, 0xff, 0xff, 0xff, 0xff,
  0xff, 0xff, 0xff, 0xff, 0xff, 0xff, 0xff, 0xff, 0xff, 0xff, 0xff, 0xff, 0xff, 0xff, 0xff, 0xff,
  0xff, 0xff, 0xff, 0xff, 0xff, 0xff, 0xff, 0xff, 0xff, 0xff, 0xff, 0xff, 0xff, 0xff, 0xff, 0xff,
  0xff, 0xff, 0xff, 0xff, 0xff, 0x1a, 0x00, 0x00, 0x00, 0x1a, 0x00, 0x00, 0x00, 0x1a, 0x00, 0x00,
  0x00, 0x1a, 0x00, 0x00, 0x00, 0x1a, 0x00, 0x00, 0x00, 0x1a, 0x00, 0x00, 0x00, 0x1a, 0x00, 0x00,
  0x00, 0x1a, 0x00, 0x00, 0x00, 0x1a, 0x00, 0x00, 0x00, 0x1a, 0x00, 0x00, 0x00, 0xff, 0xff, 0xff,
  0xff, 0xff, 0xff, 0xff, 0xff, 0xff, 0xff, 0xff, 0xff, 0xff, 0xff, 0xff, 0xff, 0xff, 0xff, 0xff,
  0xff, 0xff, 0xff, 0xff, 0xff, 0xff, 0xff, 0xff, 0xff, 0xff, 0xff, 0xff, 0xff, 0xff, 0xff, 0xff,
  0xff, 0xff, 0xff, 0xff, 0xff, 0xff, 0xff, 0xff, 0xff, 0xff, 0xff, 0xff, 0xff, 0xff, 0xff, 0xff,
  0xff, 0xff, 0xff, 0xff, 0xff, 0xff, 0xff, 0xff, 0xff, 0xff, 0xff, 0xff, 0xff, 0xff, 0xff, 0xff,
  0xff, 0xff, 0xff, 0xff, 0xff, 0xff, 0xff, 0xff, 0xff, 0xff, 0xff, 0xff, 0xff, 0xff, 0xff, 0xff,
  0xff, 0xff, 0xff, 0xff, 0xff, 0xff, 0xff, 0xff, 0xff, 0xff, 0xff, 0xff, 0xff, 0xff, 0xff, 0xff,
  0xff, 0xff, 0xff, 0xff, 0xff, 0xff, 0xff, 0xff, 0xff, 0xff, 0xff, 0xff, 0xff, 0xff, 0xff, 0xff,
  0xff, 0xff, 0xff, 0xff, 0xff, 0xff, 0xff, 0xff, 0xff, 0xff, 0xff, 0xff, 0xff, 0xff, 0xff, 0xff,
  0xff, 0xff, 0xff, 0xff, 0xff, 0xff, 0xff, 0xff, 0xff, 0xff, 0xff, 0xff, 0xff, 0xff, 0xff, 0xff,
  0xff, 0xff, 0xff, 0xff, 0xff, 0xff, 0xff, 0xff, 0xff, 0xff, 0xff, 0xff, 0xff, 0xff, 0xff, 0xff,
  0xff, 0xff, 0xff, 0xff, 0xff, 0xff, 0xff, 0xff, 0xff, 0xff, 0xff, 0xff, 0xff, 0xff, 0xff, 0xff,
  0xff, 0xff, 0xff, 0xff, 0xff, 0xff, 0xff, 0xff, 0xff, 0xff, 0xff, 0xff, 0xff, 0xff, 0xff, 0xff,
  0xff, 0xff, 0xff, 0xff, 0xff, 0xff, 0xff, 0xff, 0xff, 0xff, 0xff, 0xff, 0xff, 0xff, 0xff, 0xff,
  0xff, 0xff, 0xff, 0xff, 0xff, 0xff, 0xff, 0xff, 0xff, 0xff, 0xff, 0xff, 0xff, 0xff, 0xff, 0xff,
  0xff, 0xff, 0xff, 0xff, 0xff, 0xff, 0xff, 0xff, 0xff, 0xff, 0xff, 0xff, 0xff, 0xff, 0xff, 0xff,
  0xff, 0xff, 0xff, 0xff, 0xff, 0xff, 0xff, 0xff, 0xff, 0xff, 0xff, 0xff, 0xff, 0xff, 0xff, 0xff,
  0xff, 0xff, 0xff, 0xff, 0xff, 0xff, 0xff, 0xff, 0xff, 0xff, 0xff, 0xff, 0xff, 0xff, 0xff, 0xff,
  0xff, 0xff, 0xff, 0xff, 0xff, 0xff, 0xff, 0xff, 0xff, 0xff, 0xff, 0xff, 0xff, 0xff, 0xff, 0xff,
  0xff, 0xff, 0xff, 0xff, 0xff, 0xff, 0xff, 0xff, 0xff, 0xff, 0xff, 0xff, 0xff, 0xff, 0xff, 0xff,
  0xff, 0xff, 0xff, 0xff, 0xff, 0xff, 0xff, 0xff, 0xff, 0xff, 0xff, 0xff, 0xff, 0xff, 0xff, 0xff,
  0xff, 0xff, 0xff, 0xff, 0xff, 0xff, 0xff, 0xff, 0xff, 0xff, 0xff, 0xff, 0xff, 0xff, 0xff, 0xff,
  0xff, 0xff, 0xff, 0xff, 0xff, 0xff, 0xff, 0xff, 0xff, 0xff, 0xff, 0xff, 0xff, 0xff, 0xff, 0xff,
  0xff, 0xff, 0xff, 0xff, 0xff, 0xff, 0xff, 0xff, 0xff, 0xff, 0xff, 0xff, 0xff, 0xff, 0xff, 0xff,
  0xff, 0xff, 0xff, 0xff, 0xff, 0xff, 0xff, 0xff, 0xff, 0xff, 0xff, 0xff, 0xff, 0xff, 0xff, 0xff,
  0xff, 0xff, 0xff, 0xff, 0xff, 0xff, 0xff, 0xff, 0xff, 0xff, 0xff, 0xff, 0xff, 0xff, 0xff, 0xff,
  0xff, 0xff, 0xff, 0xff, 0xff, 0xff, 0xff, 0xff, 0xff, 0xff, 0xff, 0xff, 0xff, 0xff, 0xff, 0xff,
  0xff, 0xff, 0xff, 0xff, 0xff, 0xff, 0xff, 0xff, 0xff, 0xff, 0xff, 0xff, 0xff, 0xff, 0xff, 0xff,
  0xff, 0xff, 0xff, 0xff, 0xff, 0xff, 0xff, 0xff, 0xff, 0xff, 0xff, 0xff, 0xff, 0xff, 0xff, 0xff,
  0xff, 0xff, 0xff, 0xff, 0xff, 0xff, 0xff, 0xff, 0xff, 0xff, 0xff, 0xff, 0xff, 0xff, 0xff, 0xff,
  0xff, 0xff, 0xff, 0xff, 0xff, 0xff, 0xff, 0xff, 0xff, 0xff, 0xff, 0xff, 0xff, 0xff, 0xff, 0xff,
  0xff, 0xff, 0xff, 0xff, 0xff, 0xff, 0xff, 0xff, 0xff, 0xff, 0xff, 0xff, 0xff, 0xff, 0xff, 0xff,
  0xff, 0xff, 0xff, 0xff, 0xff, 0xff, 0xff, 0xff, 0xff, 0xff, 0xff, 0xff, 0xff, 0xff, 0xff, 0xff,
  0xff, 0xff, 0xff, 0xff, 0xff, 0xff, 0xff, 0xff, 0xff, 0xff, 0xff, 0xff, 0xff, 0xff, 0xff, 0xff,
  0xff, 0xff, 0xff, 0xff, 0xff, 0xff, 0xff, 0xff, 0xff, 0xff, 0xff, 0xff, 0xff, 0xff, 0xff, 0xff,
  0xff, 0xff, 0xff, 0xff, 0xff, 0xff, 0xff, 0xff, 0xff, 0xff, 0xff, 0xff, 0xff, 0xff, 0xff, 0xff,
  0xff, 0xff, 0xff, 0xff, 0xff, 0xff, 0xff, 0xff, 0xff, 0xff, 0xff, 0xff, 0xff, 0xff, 0xff, 0xff,
  0xff, 0xff, 0xff, 0xff, 0xff, 0xff, 0xff, 0xff, 0xff, 0xff, 0xff, 0xff, 0xff, 0xff, 0xff, 0xff,
  0xff, 0xff, 0xff, 0xff, 0xff, 0xff, 0xff, 0xff, 0xff, 0xff, 0xff, 0xff, 0xff, 0xff, 0xff, 0xff,
  0xff, 0xff, 0xff, 0xff, 0xff, 0xff, 0xff, 0xff, 0xff, 0xff, 0xff, 0xff, 0xff, 0xff, 0xff, 0xff,
  0xff, 0xff, 0xff, 0xff, 0xff, 0xff, 0xff, 0xff, 0xff, 0xff, 0xff, 0xff, 0xff, 0xff, 0xff, 0xff,
  0xff, 0xff, 0xff, 0xff, 0xff, 0xff, 0xff, 0xff, 0xff, 0xff, 0xff, 0xff, 0xff, 0xff, 0xff, 0xff,
  0xff, 0xff, 0xff, 0xff, 0xff, 0xff, 0xff, 0xff, 0xff, 0xff, 0xff, 0xff, 0xff, 0xff, 0xff, 0xff,
  0xff, 0xff, 0xff, 0xff, 0xff, 0xff, 0xff, 0xff, 0xff, 0xff, 0xff, 0xff, 0xff, 0xff, 0xff, 0xff,
  0xff, 0xff, 0xff, 0xff, 0xff, 0xff, 0xff, 0xff, 0xff, 0xff, 0xff, 0xff, 0xff, 0xff, 0xff, 0xff,
  0xff, 0xff, 0xff, 0xff, 0xff, 0xff, 0xff, 0xff, 0xff, 0xff, 0xff, 0xff, 0xff, 0xff, 0xff, 0xff,
  0xff, 0xff, 0xff, 0xff, 0xff, 0xff, 0xff, 0xff, 0xff, 0xff, 0xff, 0xff, 0xff, 0xff, 0xff, 0xff,
  0xff, 0xff, 0xff, 0xff, 0xff, 0xff, 0xff, 0xff, 0xff, 0xff, 0xff, 0xff, 0xff, 0xff, 0xff, 0xff,
  0xff, 0xff, 0xff, 0xff, 0xff, 0xff, 0xff, 0xff, 0xff, 0xff, 0xff, 0xff, 0xff, 0xff, 0xff, 0xff,
  0xff, 0xff, 0xff, 0xff, 0xff, 0xff, 0xff, 0xff, 0xff, 0xff, 0xff, 0xff, 0xff, 0xff, 0xff, 0xff,
  0xff, 0xff, 0xff, 0xff, 0xff, 0xff, 0xff, 0xff, 0xff, 0xff, 0xff, 0xff, 0xff, 0xff, 0xff, 0xff,
  0xff, 0xff, 0xff, 0xff, 0xff, 0xff, 0xff, 0xff, 0xff, 0xff, 0xff, 0xff, 0xff, 0xff, 0xff, 0xff,
  0xff, 0xff, 0xff, 0xff, 0xff, 0xff, 0xff, 0xff, 0xff, 0xff, 0xff, 0xff, 0xff, 0xff, 0xff, 0xff,
  0xff, 0xff, 0xff, 0xff, 0xff, 0xff, 0xff, 0xff, 0xff, 0xff, 0xff, 0xff, 0xff, 0xff, 0xff, 0xff,
  0xff, 0xff, 0xff, 0xff, 0xff, 0xff, 0xff, 0xff, 0xff, 0xff, 0xff, 0xff, 0xff, 0xff, 0xff, 0xff,
  0xff, 0xff, 0xff, 0xff, 0xff, 0xff, 0xff, 0xff, 0xff, 0xff, 0xff, 0xff, 0xff, 0xff, 0xff, 0xff,
  0xff, 0xff, 0xff, 0xff, 0xff, 0xff, 0xff, 0xff, 0xff, 0xff, 0xff, 0xff, 0xff, 0xff, 0xff, 0xff,
  0xff, 0xff, 0xff, 0xff, 0xff, 0xff, 0xff, 0xff, 0xff, 0xff, 0xff, 0xff, 0xff, 0xff, 0xff, 0xff,
  0xff, 0xff, 0xff, 0xff, 0xff, 0xff, 0xff, 0xff, 0xff, 0xff, 0xff, 0xff, 0xff, 0xff, 0xff, 0xff,
  0xff, 0xff, 0xff, 0xff, 0xff, 0xff, 0xff, 0xff, 0xff, 0xff, 0xff, 0xff, 0xff, 0xff, 0xff, 0xff,
  0xff, 0xff, 0xff, 0xff, 0xff, 0xff, 0xff, 0xff, 0xff, 0xff, 0xff, 0xff, 0xff, 0xff, 0xff, 0xff,
  0xff, 0xff, 0xff, 0xff, 0xff, 0xff, 0xff, 0xff, 0xff, 0xff, 0xff, 0xff, 0xff, 0xff, 0xff, 0xff,
  0xff, 0xff, 0xff, 0xff, 0xff, 0xff, 0xff, 0xff, 0xff, 0xff, 0xff, 0xff, 0xff, 0xff, 0xff, 0xff,
  0xff, 0xff, 0xff, 0xff, 0xff, 0xff, 0xff, 0xff, 0xff, 0xff, 0xff, 0xff, 0xff, 0xff, 0xff, 0xff,
  0xff, 0xff, 0xff, 0xff, 0xff, 0xff, 0xff, 0xff, 0xff, 0xff, 0xff, 0xff, 0xff, 0xff, 0xff, 0xff,
  0xff, 0xff, 0xff, 0xff, 0xff, 0xff, 0xff, 0xff, 0xff, 0xff, 0xff, 0xff, 0xff, 0x1b, 0x00, 0x00,
  0x00, 0xff, 0xff, 0xff, 0xff, 0xff, 0xff, 0xff, 0xff, 0xff, 0xff, 0xff, 0xff, 0xff, 0xff, 0xff,
  0xff, 0xff, 0xff, 0xff, 0xff, 0xff, 0xff, 0xff, 0xff, 0xff, 0xff, 0xff, 0xff, 0xff, 0xff, 0xff,
  0xff, 0xff, 0xff, 0xff, 0xff, 0xff, 0xff, 0xff, 0xff, 0xff, 0xff, 0xff, 0xff, 0xff, 0xff, 0xff,
  0xff, 0xff, 0xff, 0xff, 0xff, 0xff, 0xff, 0xff, 0xff, 0xff, 0xff, 0xff, 0xff, 0xff, 0xff, 0xff,
  0xff, 0xff, 0xff, 0xff, 0xff, 0xff, 0xff, 0xff, 0xff, 0xff, 0xff, 0xff, 0xff, 0xff, 0xff, 0xff,
  0xff, 0xff, 0xff, 0xff, 0xff, 0xff, 0xff, 0xff, 0xff, 0xff, 0xff, 0xff, 0xff, 0xff, 0xff, 0xff,
  0xff, 0xff, 0xff, 0xff, 0xff, 0xff, 0xff, 0xff, 0xff, 0xff, 0xff, 0xff, 0xff, 0xff, 0xff, 0xff,
  0xff, 0xff, 0xff, 0xff, 0xff, 0xff, 0xff, 0xff, 0xff, 0xff, 0xff, 0xff, 0xff, 0xff, 0xff, 0xff,
  0xff, 0xff, 0xff, 0xff, 0xff, 0xff, 0xff, 0xff, 0xff, 0xff, 0xff, 0xff, 0xff, 0xff, 0xff, 0xff,
  0xff, 0xff, 0xff, 0xff, 0xff, 0xff, 0xff, 0xff, 0xff, 0xff, 0xff, 0xff, 0xff, 0xff, 0xff, 0xff,
  0xff, 0xff, 0xff, 0xff, 0xff, 0xff, 0xff, 0xff, 0xff, 0xff, 0xff, 0xff, 0xff, 0xff, 0xff, 0xff,
  0xff, 0xff, 0xff, 0xff, 0xff, 0xff, 0xff, 0xff, 0xff, 0xff, 0xff, 0xff, 0xff, 0xff, 0xff, 0xff,
  0xff, 0xff, 0xff, 0xff, 0xff, 0xff, 0xff, 0xff, 0xff, 0xff, 0xff, 0xff, 0xff, 0xff, 0xff, 0xff,
  0xff, 0xff, 0xff, 0xff, 0xff, 0xff, 0xff, 0xff, 0xff, 0xff, 0xff, 0xff, 0xff, 0xff, 0xff, 0xff,
  0xff, 0xff, 0xff, 0xff, 0xff, 0xff, 0xff, 0xff, 0xff, 0xff, 0xff, 0xff, 0xff, 0xff, 0xff, 0xff,
  0xff, 0xff, 0xff, 0xff, 0xff, 0xff, 0xff, 0xff, 0xff, 0xff, 0xff, 0xff, 0xff, 0xff, 0xff, 0xff,
  0xff, 0xff, 0xff, 0xff, 0xff, 0xff, 0xff, 0xff, 0xff, 0xff, 0xff, 0xff, 0xff, 0xff, 0xff, 0xff,
  0xff, 0xff, 0xff, 0xff, 0xff, 0xff, 0xff, 0xff, 0xff, 0xff, 0xff, 0xff, 0xff, 0xff, 0xff, 0xff,
  0xff, 0xff, 0xff, 0xff, 0xff, 0xff, 0xff, 0xff, 0xff, 0xff, 0xff, 0xff, 0xff, 0xff, 0xff, 0xff,
  0xff, 0xff, 0xff, 0xff, 0xff, 0xff, 0xff, 0xff, 0xff, 0xff, 0xff, 0xff, 0xff, 0xff, 0xff, 0xff,
  0xff, 0xff, 0xff, 0xff, 0xff, 0xff, 0xff, 0xff, 0xff, 0xff, 0xff, 0xff, 0xff, 0xff, 0xff, 0xff,
  0xff, 0xff, 0xff, 0xff, 0xff, 0xff, 0xff, 0xff, 0xff, 0xff, 0xff, 0xff, 0xff, 0xff, 0xff, 0xff,
  0xff, 0xff, 0xff, 0xff, 0xff, 0xff, 0xff, 0xff, 0xff, 0xff, 0xff, 0xff, 0xff, 0xff, 0xff, 0xff,
  0xff, 0xff, 0xff, 0xff, 0xff, 0xff, 0xff, 0xff, 0xff, 0xff, 0xff, 0xff, 0xff, 0xff, 0xff, 0xff,
  0xff, 0xff, 0xff, 0xff, 0xff, 0xff, 0xff, 0xff, 0xff, 0xff, 0xff, 0xff, 0xff, 0xff, 0xff, 0xff,
  0xff, 0xff, 0xff, 0xff, 0xff, 0xff, 0xff, 0xff, 0xff, 0xff, 0xff, 0xff, 0xff, 0xff, 0xff, 0xff,
  0xff, 0xff, 0xff, 0xff, 0xff, 0xff, 0xff, 0xff, 0xff, 0xff, 0xff, 0xff, 0xff, 0xff, 0xff, 0xff,
  0xff, 0xff, 0xff, 0xff, 0xff, 0xff, 0xff, 0xff, 0xff, 0xff, 0xff, 0xff, 0xff, 0xff, 0xff, 0xff,
  0xff, 0xff, 0xff, 0xff, 0xff, 0xff, 0xff, 0xff, 0xff, 0xff, 0xff, 0xff, 0xff, 0xff, 0xff, 0xff,
  0xff, 0xff, 0xff, 0xff, 0xff, 0xff, 0xff, 0xff, 0xff, 0xff, 0xff, 0xff, 0xff, 0xff, 0xff, 0xff,
  0xff, 0xff, 0xff, 0xff, 0xff, 0xff, 0xff, 0xff, 0xff, 0xff, 0xff, 0xff, 0xff, 0xff, 0xff, 0xff,
  0xff, 0xff, 0xff, 0xff, 0xff, 0xff, 0xff, 0xff, 0xff, 0xff, 0xff, 0xff, 0xff, 0x1c, 0x00, 0x00,
  0x00, 0xff, 0xff, 0xff, 0xff, 0xff, 0xff, 0xff, 0xff, 0xff, 0xff, 0xff, 0xff, 0xff, 0xff, 0xff,
  0xff, 0xff, 0xff, 0xff, 0xff, 0xff, 0xff, 0xff, 0xff, 0xff, 0xff, 0xff, 0xff, 0xff, 0xff, 0xff,
  0xff, 0xff, 0xff, 0xff, 0xff, 0xff, 0xff, 0xff, 0xff, 0xff, 0xff, 0xff, 0xff, 0xff, 0xff, 0xff,
  0xff, 0xff, 0xff, 0xff, 0xff, 0xff, 0xff, 0xff, 0xff, 0xff, 0xff, 0xff, 0xff, 0xff, 0xff, 0xff,
  0xff, 0xff, 0xff, 0xff, 0xff, 0xff, 0xff, 0xff, 0xff, 0xff, 0xff, 0xff, 0xff, 0xff, 0xff, 0xff,
  0xff, 0xff, 0xff, 0xff, 0xff, 0xff, 0xff, 0xff, 0xff, 0xff, 0xff, 0xff, 0xff, 0xff, 0xff, 0xff,
  0xff, 0xff, 0xff, 0xff, 0xff, 0xff, 0xff, 0xff, 0xff, 0xff, 0xff, 0xff, 0xff, 0xff, 0xff, 0xff,
  0xff, 0xff, 0xff, 0xff, 0xff, 0xff, 0xff, 0xff, 0xff, 0xff, 0xff, 0xff, 0xff, 0xff, 0xff, 0xff,
  0xff, 0xff, 0xff, 0xff, 0xff, 0xff, 0xff, 0xff, 0xff, 0xff, 0xff, 0xff, 0xff, 0xff, 0xff, 0xff,
  0xff, 0xff, 0xff, 0xff, 0xff, 0xff, 0xff, 0xff, 0xff, 0xff, 0xff, 0xff, 0xff, 0xff, 0xff, 0xff,
  0xff, 0xff, 0xff, 0xff, 0xff, 0xff, 0xff, 0xff, 0xff, 0xff, 0xff, 0xff, 0xff, 0xff, 0xff, 0xff,
  0xff, 0xff, 0xff, 0xff, 0xff, 0xff, 0xff, 0xff, 0xff, 0xff, 0xff, 0xff, 0xff, 0xff, 0xff, 0xff,
  0xff, 0xff, 0xff, 0xff, 0xff, 0xff, 0xff, 0xff, 0xff, 0xff, 0xff, 0xff, 0xff, 0xff, 0xff, 0xff,
  0xff, 0xff, 0xff, 0xff, 0xff, 0xff, 0xff, 0xff, 0xff, 0xff, 0xff, 0xff, 0xff, 0xff, 0xff, 0xff,
  0xff, 0xff, 0xff, 0xff, 0xff, 0xff, 0xff, 0xff, 0xff, 0xff, 0xff, 0xff, 0xff, 0xff, 0xff, 0xff,
  0xff, 0xff, 0xff, 0xff, 0xff, 0xff, 0xff, 0xff, 0xff, 0xff, 0xff, 0xff, 0xff, 0xff, 0xff, 0xff,
  0xff, 0xff, 0xff, 0xff, 0xff, 0xff, 0xff, 0xff, 0xff, 0xff, 0xff, 0xff, 0xff, 0xff, 0xff, 0xff,
  0xff, 0xff, 0xff, 0xff, 0xff, 0xff, 0xff, 0xff, 0xff, 0xff, 0xff, 0xff, 0xff, 0xff, 0xff, 0xff,
  0xff, 0xff, 0xff, 0xff, 0xff, 0xff, 0xff, 0xff, 0xff, 0xff, 0xff, 0xff, 0xff, 0xff, 0xff, 0xff,
  0xff, 0xff, 0xff, 0xff, 0xff, 0xff, 0xff, 0xff, 0xff, 0xff, 0xff, 0xff, 0xff, 0xff, 0xff, 0xff,
  0xff, 0xff, 0xff, 0xff, 0xff, 0xff, 0xff, 0xff, 0xff, 0xff, 0xff, 0xff, 0xff, 0xff, 0xff, 0xff,
  0xff, 0xff, 0xff, 0xff, 0xff, 0xff, 0xff, 0xff, 0xff, 0xff, 0xff, 0xff, 0xff, 0xff, 0xff, 0xff,
  0xff, 0xff, 0xff, 0xff, 0xff, 0xff, 0xff, 0xff, 0xff, 0xff, 0xff, 0xff, 0xff, 0xff, 0xff, 0xff,
  0xff, 0xff, 0xff, 0xff, 0xff, 0xff, 0xff, 0xff, 0xff, 0xff, 0xff, 0xff, 0xff, 0xff, 0xff, 0xff,
  0xff, 0xff, 0xff, 0xff, 0xff, 0xff, 0xff, 0xff, 0xff, 0xff, 0xff, 0xff, 0xff, 0xff, 0xff, 0xff,
  0xff, 0xff, 0xff, 0xff, 0xff, 0xff, 0xff, 0xff, 0xff, 0xff, 0xff, 0xff, 0xff, 0xff, 0xff, 0xff,
  0xff, 0xff, 0xff, 0xff, 0xff, 0xff, 0xff, 0xff, 0xff, 0xff, 0xff, 0xff, 0xff, 0xff, 0xff, 0xff,
  0xff, 0xff, 0xff, 0xff, 0xff, 0xff, 0xff, 0xff, 0xff, 0xff, 0xff, 0xff, 0xff, 0xff, 0xff, 0xff,
  0xff, 0xff, 0xff, 0xff, 0xff, 0x1d, 0x00, 0x00, 0x00, 0x1d, 0x00, 0x00, 0x00, 0x1d, 0x00, 0x00,
  0x00, 0x1d, 0x00, 0x00, 0x00, 0x1d, 0x00, 0x00, 0x00, 0x1d, 0x00, 0x00, 0x00, 0x1d, 0x00, 0x00,
  0x00, 0x1d, 0x00, 0x00, 0x00, 0x1d, 0x00, 0x00, 0x00, 0x1d, 0x00, 0x00, 0x00, 0xff, 0xff, 0xff,
  0xff, 0xff, 0xff, 0xff, 0xff, 0xff, 0xff, 0xff, 0xff, 0xff, 0xff, 0xff, 0xff, 0xff, 0xff, 0xff,
  0xff, 0xff, 0xff, 0xff, 0xff, 0xff, 0xff, 0xff, 0xff, 0x1d, 0x00, 0x00, 0x00, 0x1d, 0x00, 0x00,
  0x00, 0x1d, 0x00, 0x00, 0x00, 0x1d, 0x00, 0x00, 0x00, 0x1d, 0x00, 0x00, 0x00, 0x1d, 0x00, 0x00,
  0x00, 0x1d, 0x00, 0x00, 0x00, 0x1d, 0x00, 0x00, 0x00, 0x1d, 0x00, 0x00, 0x00, 0x1d, 0x00, 0x00,
  0x00, 0x1d, 0x00, 0x00, 0x00, 0x1d, 0x00, 0x00, 0x00, 0x1d, 0x00, 0x00, 0x00, 0x1d, 0x00, 0x00,
  0x00, 0x1d, 0x00, 0x00, 0x00, 0x1d, 0x00, 0x00, 0x00, 0x1d, 0x00, 0x00, 0x00, 0x1d, 0x00, 0x00,
  0x00, 0x1d, 0x00, 0x00, 0x00, 0x1d, 0x00, 0x00, 0x00, 0x1d, 0x00, 0x00, 0x00, 0x1d, 0x00, 0x00,
  0x00, 0x1d, 0x00, 0x00, 0x00, 0x1d, 0x00, 0x00, 0x00, 0x1d, 0x00, 0x00, 0x00, 0x1d, 0x00, 0x00,
  0x00, 0xff, 0xff, 0xff, 0xff, 0xff, 0xff, 0xff, 0xff, 0xff, 0xff, 0xff, 0xff, 0xff, 0xff, 0xff,
  0xff, 0x1d, 0x00, 0x00, 0x00, 0xff, 0xff, 0xff, 0xff, 0x1d, 0x00, 0x00, 0x00, 0x1d, 0x00, 0x00,
  0x00, 0x1d, 0x00, 0x00, 0x00, 0x1d, 0x00, 0x00, 0x00, 0x1d, 0x00, 0x00, 0x00, 0x1d, 0x00, 0x00,
  0x00, 0x1d, 0x00, 0x00, 0x00, 0x1d, 0x00, 0x00, 0x00, 0x1d, 0x00, 0x00, 0x00, 0x1d, 0x00, 0x00,
  0x00, 0x1d, 0x00, 0x00, 0x00, 0x1d, 0x00, 0x00, 0x00, 0x1d, 0x00, 0x00, 0x00, 0x1d, 0x00, 0x00,
  0x00, 0x1d, 0x00, 0x00, 0x00, 0x1d, 0x00, 0x00, 0x00, 0x1d, 0x00, 0x00, 0x00, 0x1d, 0x00, 0x00,
  0x00, 0x1d, 0x00, 0x00, 0x00, 0x1d, 0x00, 0x00, 0x00, 0x1d, 0x00, 0x00, 0x00, 0x1d, 0x00, 0x00,
  0x00, 0x1d, 0x00, 0x00, 0x00, 0x1d, 0x00, 0x00, 0x00, 0x1d, 0x00, 0x00, 0x00, 0x1d, 0x00, 0x00,
  0x00, 0xff, 0xff, 0xff, 0xff, 0xff, 0xff, 0xff, 0xff, 0xff, 0xff, 0xff, 0xff, 0xff, 0xff, 0xff,
  0xff, 0xff, 0xff, 0xff, 0xff, 0xff, 0xff, 0xff, 0xff, 0xff, 0xff, 0xff, 0xff, 0xff, 0xff, 0xff,
  0xff, 0xff, 0xff, 0xff, 0xff, 0xff, 0xff, 0xff, 0xff, 0xff, 0xff, 0xff, 0xff, 0xff, 0xff, 0xff,
  0xff, 0xff, 0xff, 0xff, 0xff, 0xff, 0xff, 0xff, 0xff, 0xff, 0xff, 0xff, 0xff, 0xff, 0xff, 0xff,
  0xff, 0xff, 0xff, 0xff, 0xff, 0xff, 0xff, 0xff, 0xff, 0xff, 0xff, 0xff, 0xff, 0xff, 0xff, 0xff,
  0xff, 0xff, 0xff, 0xff, 0xff, 0xff, 0xff, 0xff, 0xff, 0xff, 0xff, 0xff, 0xff, 0xff, 0xff, 0xff,
  0xff, 0xff, 0xff, 0xff, 0xff, 0xff, 0xff, 0xff, 0xff, 0xff, 0xff, 0xff, 0xff, 0xff, 0xff, 0xff,
  0xff, 0xff, 0xff, 0xff, 0xff, 0xff, 0xff, 0xff, 0xff, 0xff, 0xff, 0xff, 0xff, 0xff, 0xff, 0xff,
  0xff, 0xff, 0xff, 0xff, 0xff, 0xff, 0xff, 0xff, 0xff, 0xff, 0xff, 0xff, 0xff, 0xff, 0xff, 0xff,
  0xff, 0xff, 0xff, 0xff, 0xff, 0xff, 0xff, 0xff, 0xff, 0xff, 0xff, 0xff, 0xff, 0xff, 0xff, 0xff,
  0xff, 0xff, 0xff, 0xff, 0xff, 0xff, 0xff, 0xff, 0xff, 0xff, 0xff, 0xff, 0xff, 0xff, 0xff, 0xff,
  0xff, 0xff, 0xff, 0xff, 0xff, 0xff, 0xff, 0xff, 0xff, 0xff, 0xff, 0xff, 0xff, 0xff, 0xff, 0xff,
  0xff, 0xff, 0xff, 0xff, 0xff, 0xff, 0xff, 0xff, 0xff, 0xff, 0xff, 0xff, 0xff, 0xff, 0xff, 0xff,
  0xff, 0xff, 0xff, 0xff, 0xff, 0xff, 0xff, 0xff, 0xff, 0xff, 0xff, 0xff, 0xff, 0xff, 0xff, 0xff,
  0xff, 0xff, 0xff, 0xff, 0xff, 0xff, 0xff, 0xff, 0xff, 0xff, 0xff, 0xff, 0xff, 0xff, 0xff, 0xff,
  0xff, 0xff, 0xff, 0xff, 0xff, 0xff, 0xff, 0xff, 0xff, 0xff, 0xff, 0xff, 0xff, 0xff, 0xff, 0xff,
  0xff, 0xff, 0xff, 0xff, 0xff, 0xff, 0xff, 0xff, 0xff, 0xff, 0xff, 0xff, 0xff, 0xff, 0xff, 0xff,
  0xff, 0xff, 0xff, 0xff, 0xff, 0xff, 0xff, 0xff, 0xff, 0xff, 0xff, 0xff, 0xff, 0xff, 0xff, 0xff,
  0xff, 0xff, 0xff, 0xff, 0xff, 0xff, 0xff, 0xff, 0xff, 0xff, 0xff, 0xff, 0xff, 0xff, 0xff, 0xff,
  0xff, 0xff, 0xff, 0xff, 0xff, 0xff, 0xff, 0xff, 0xff, 0xff, 0xff, 0xff, 0xff, 0xff, 0xff, 0xff,
  0xff, 0xff, 0xff, 0xff, 0xff, 0xff, 0xff, 0xff, 0xff, 0xff, 0xff, 0xff, 0xff, 0xff, 0xff, 0xff,
  0xff, 0xff, 0xff, 0xff, 0xff, 0xff, 0xff, 0xff, 0xff, 0xff, 0xff, 0xff, 0xff, 0xff, 0xff, 0xff,
  0xff, 0xff, 0xff, 0xff, 0xff, 0xff, 0xff, 0xff, 0xff, 0xff, 0xff, 0xff, 0xff, 0xff, 0xff, 0xff,
  0xff, 0xff, 0xff, 0xff, 0xff, 0xff, 0xff, 0xff, 0xff, 0xff, 0xff, 0xff, 0xff, 0xff, 0xff, 0xff,
  0xff, 0xff, 0xff, 0xff, 0xff, 0xff, 0xff, 0xff, 0xff, 0xff, 0xff, 0xff, 0xff, 0xff, 0xff, 0xff,
  0xff, 0xff, 0xff, 0xff, 0xff, 0xff, 0xff, 0xff, 0xff, 0xff, 0xff, 0xff, 0xff, 0xff, 0xff, 0xff,
  0xff, 0xff, 0xff, 0xff, 0xff, 0xff, 0xff, 0xff, 0xff, 0xff, 0xff, 0xff, 0xff, 0xff, 0xff, 0xff,
  0xff, 0xff, 0xff, 0xff, 0xff, 0xff, 0xff, 0xff, 0xff, 0xff, 0xff, 0xff, 0xff, 0xff, 0xff, 0xff,
  0xff, 0xff, 0xff, 0xff, 0xff, 0xff, 0xff, 0xff, 0xff, 0xff, 0xff, 0xff, 0xff, 0xff, 0xff, 0xff,
  0xff, 0xff, 0xff, 0xff, 0xff, 0xff, 0xff, 0xff, 0xff, 0xff, 0xff, 0xff, 0xff, 0xff, 0xff, 0xff,
  0xff, 0xff, 0xff, 0xff, 0xff, 0xff, 0xff, 0xff, 0xff, 0xff, 0xff, 0xff, 0xff, 0xff, 0xff, 0xff,
  0xff, 0xff, 0xff, 0xff, 0xff, 0xff, 0xff, 0xff, 0xff, 0xff, 0xff, 0xff, 0xff, 0xff, 0xff, 0xff,
  0xff, 0xff, 0xff, 0xff, 0xff, 0xff, 0xff, 0xff, 0xff, 0xff, 0xff, 0xff, 0xff, 0xff, 0xff, 0xff,
  0xff, 0xff, 0xff, 0xff, 0xff, 0xff, 0xff, 0xff, 0xff, 0xff, 0xff, 0xff, 0xff, 0xff, 0xff, 0xff,
  0xff, 0xff, 0xff, 0xff, 0xff, 0xff, 0xff, 0xff, 0xff, 0xff, 0xff, 0xff, 0xff, 0xff, 0xff, 0xff,
  0xff, 0xff, 0xff, 0xff, 0xff, 0xff, 0xff, 0xff, 0xff, 0xff, 0xff, 0xff, 0xff, 0xff, 0xff, 0xff,
  0xff, 0xff, 0xff, 0xff, 0xff, 0xff, 0xff, 0xff, 0xff, 0xff, 0xff, 0xff, 0xff, 0xff, 0xff, 0xff,
  0xff, 0xff, 0xff, 0xff, 0xff, 0xff, 0xff, 0xff, 0xff, 0xff, 0xff, 0xff, 0xff, 0xff, 0xff, 0xff,
  0xff, 0xff, 0xff, 0xff, 0xff, 0xff, 0xff, 0xff, 0xff, 0xff, 0xff, 0xff, 0xff, 0xff, 0xff, 0xff,
  0xff, 0xff, 0xff, 0xff, 0xff, 0xff, 0xff, 0xff, 0xff, 0xff, 0xff, 0xff, 0xff, 0xff, 0xff, 0xff,
  0xff, 0xff, 0xff, 0xff, 0xff, 0xff, 0xff, 0xff, 0xff, 0xff, 0xff, 0xff, 0xff, 0xff, 0xff, 0xff,
  0xff, 0xff, 0xff, 0xff, 0xff, 0xff, 0xff, 0xff, 0xff, 0xff, 0xff, 0xff, 0xff, 0xff, 0xff, 0xff,
  0xff, 0xff, 0xff, 0xff, 0xff, 0xff, 0xff, 0xff, 0xff, 0xff, 0xff, 0xff, 0xff, 0xff, 0xff, 0xff,
  0xff, 0xff, 0xff, 0xff, 0xff, 0xff, 0xff, 0xff, 0xff, 0xff, 0xff, 0xff, 0xff, 0xff, 0xff, 0xff,
  0xff, 0xff, 0xff, 0xff, 0xff, 0xff, 0xff, 0xff, 0xff, 0xff, 0xff, 0xff, 0xff, 0xff, 0xff, 0xff,
  0xff, 0xff, 0xff, 0xff, 0xff, 0xff, 0xff, 0xff, 0xff, 0xff, 0xff, 0xff, 0xff, 0xff, 0xff, 0xff,
  0xff, 0xff, 0xff, 0xff, 0xff, 0xff, 0xff, 0xff, 0xff, 0xff, 0xff, 0xff, 0xff, 0xff, 0xff, 0xff,
  0xff, 0xff, 0xff, 0xff, 0xff, 0xff, 0xff, 0xff, 0xff, 0xff, 0xff, 0xff, 0xff, 0xff, 0xff, 0xff,
  0xff, 0xff, 0xff, 0xff, 0xff, 0xff, 0xff, 0xff, 0xff, 0xff, 0xff, 0xff, 0xff, 0xff, 0xff, 0xff,
  0xff, 0xff, 0xff, 0xff, 0xff, 0xff, 0xff, 0xff, 0xff, 0xff, 0xff, 0xff, 0xff, 0xff, 0xff, 0xff,
  0xff, 0xff, 0xff, 0xff, 0xff, 0xff, 0xff, 0xff, 0xff, 0xff, 0xff, 0xff, 0xff, 0xff, 0xff, 0xff,
  0xff, 0xff, 0xff, 0xff, 0xff, 0xff, 0xff, 0xff, 0xff, 0xff, 0xff, 0xff, 0xff, 0xff, 0xff, 0xff,
  0xff, 0xff, 0xff, 0xff, 0xff, 0xff, 0xff, 0xff, 0xff, 0xff, 0xff, 0xff, 0xff, 0xff, 0xff, 0xff,
  0xff, 0xff, 0xff, 0xff, 0xff, 0xff, 0xff, 0xff, 0xff, 0xff, 0xff, 0xff, 0xff, 0xff, 0xff, 0xff,
  0xff, 0xff, 0xff, 0xff, 0xff, 0xff, 0xff, 0xff, 0xff, 0xff, 0xff, 0xff, 0xff, 0xff, 0xff, 0xff,
  0xff, 0xff, 0xff, 0xff, 0xff, 0xff, 0xff, 0xff, 0xff, 0xff, 0xff, 0xff, 0xff, 0xff, 0xff, 0xff,
  0xff, 0xff, 0xff, 0xff, 0xff, 0xff, 0xff, 0xff, 0xff, 0xff, 0xff, 0xff, 0xff, 0xff, 0xff, 0xff,
  0xff, 0xff, 0xff, 0xff, 0xff, 0xff, 0xff, 0xff, 0xff, 0xff, 0xff, 0xff, 0xff, 0xff, 0xff, 0xff,
  0xff, 0xff, 0xff, 0xff, 0xff, 0xff, 0xff, 0xff, 0xff, 0xff, 0xff, 0xff, 0xff, 0xff, 0xff, 0xff,
  0xff, 0xff, 0xff, 0xff, 0xff, 0xff, 0xff, 0xff, 0xff, 0xff, 0xff, 0xff, 0xff, 0xff, 0xff, 0xff,
  0xff, 0xff, 0xff, 0xff, 0xff, 0xff, 0xff, 0xff, 0xff, 0xff, 0xff, 0xff, 0xff, 0xff, 0xff, 0xff,
  0xff, 0xff, 0xff, 0xff, 0xff, 0xff, 0xff, 0xff, 0xff, 0xff, 0xff, 0xff, 0xff, 0xff, 0xff, 0xff,
  0xff, 0xff, 0xff, 0xff, 0xff, 0xff, 0xff, 0xff, 0xff, 0xff, 0xff, 0xff, 0xff, 0xff, 0xff, 0xff,
  0xff, 0xff, 0xff, 0xff, 0xff, 0xff, 0xff, 0xff, 0xff, 0xff, 0xff, 0xff, 0xff, 0xff, 0xff, 0xff,
  0xff, 0xff, 0xff, 0xff, 0xff, 0xff, 0xff, 0xff, 0xff, 0xff, 0xff, 0xff, 0xff, 0xff, 0xff, 0xff,
  0xff, 0xff, 0xff, 0xff, 0xff, 0xff, 0xff, 0xff, 0xff, 0xff, 0xff, 0xff, 0xff, 0xff, 0xff, 0xff,
  0xff, 0xff, 0xff, 0xff, 0xff, 0xff, 0xff, 0xff, 0xff, 0xff, 0xff, 0xff, 0xff, 0xff, 0xff, 0xff,
  0xff, 0xff, 0xff, 0xff, 0xff, 0xff, 0xff, 0xff, 0xff, 0xff, 0xff, 0xff, 0xff, 0xff, 0xff, 0xff,
  0xff, 0xff, 0xff, 0xff, 0xff, 0xff, 0xff, 0xff, 0xff, 0xff, 0xff, 0xff, 0xff, 0xff, 0xff, 0xff,
  0xff, 0xff, 0xff, 0xff, 0xff, 0xff, 0xff, 0xff, 0xff, 0xff, 0xff, 0xff, 0xff, 0xff, 0xff, 0xff,
  0xff, 0xff, 0xff, 0xff, 0xff, 0xff, 0xff, 0xff, 0xff, 0xff, 0xff, 0xff, 0xff, 0xff, 0xff, 0xff,
  0xff, 0xff, 0xff, 0xff, 0xff, 0xff, 0xff, 0xff, 0xff, 0xff, 0xff, 0xff, 0xff, 0xff, 0xff, 0xff,
  0xff, 0xff, 0xff, 0xff, 0xff, 0xff, 0xff, 0xff, 0xff, 0xff, 0xff, 0xff, 0xff, 0xff, 0xff, 0xff,
  0xff, 0xff, 0xff, 0xff, 0xff, 0xff, 0xff, 0xff, 0xff, 0xff, 0xff, 0xff, 0xff, 0xff, 0xff, 0xff,
  0xff, 0xff, 0xff, 0xff, 0xff, 0xff, 0xff, 0xff, 0xff, 0xff, 0xff, 0xff, 0xff, 0xff, 0xff, 0xff,
  0xff, 0xff, 0xff, 0xff, 0xff, 0xff, 0xff, 0xff, 0xff, 0xff, 0xff, 0xff, 0xff, 0xff, 0xff, 0xff,
  0xff, 0xff, 0xff, 0xff, 0xff, 0xff, 0xff, 0xff, 0xff, 0xff, 0xff, 0xff, 0xff, 0xff, 0xff, 0xff,
  0xff, 0xff, 0xff, 0xff, 0xff, 0x1d, 0x00, 0x00, 0x00, 0x1d, 0x00, 0x00, 0x00, 0x1d, 0x00, 0x00,
  0x00, 0x1d, 0x00, 0x00, 0x00, 0x1d, 0x00, 0x00, 0x00, 0x1d, 0x00, 0x00, 0x00, 0x1d, 0x00, 0x00,
  0x00, 0x1d, 0x00, 0x00, 0x00, 0x1d, 0x00, 0x00, 0x00, 0x1d, 0x00, 0x00, 0x00, 0xff, 0xff, 0xff,
  0xff, 0xff, 0xff, 0xff, 0xff, 0xff, 0xff, 0xff, 0xff, 0xff, 0xff, 0xff, 0xff, 0xff, 0xff, 0xff,
  0xff, 0xff, 0xff, 0xff, 0xff, 0xff, 0xff, 0xff, 0xff, 0x1d, 0x00, 0x00, 0x00, 0x1d, 0x00, 0x00,
  0x00, 0x1d, 0x00, 0x00, 0x00, 0x1d, 0x00, 0x00, 0x00, 0x1d, 0x00, 0x00, 0x00, 0x1d, 0x00, 0x00,
  0x00, 0x1d, 0x00, 0x00, 0x00, 0x1d, 0x00, 0x00, 0x00, 0x1d, 0x00, 0x00, 0x00, 0x1d, 0x00, 0x00,
  0x00, 0x1d, 0x00, 0x00, 0x00, 0x1d, 0x00, 0x00, 0x00, 0x1d, 0x00, 0x00, 0x00, 0x1d, 0x00, 0x00,
  0x00, 0x1d, 0x00, 0x00, 0x00, 0x1d, 0x00, 0x00, 0x00, 0x1d, 0x00, 0x00, 0x00, 0x1d, 0x00, 0x00,
  0x00, 0x1d, 0x00, 0x00, 0x00, 0x1d, 0x00, 0x00, 0x00, 0x1d, 0x00, 0x00, 0x00, 0x1d, 0x00, 0x00,
  0x00, 0x1d, 0x00, 0x00, 0x00, 0x1d, 0x00, 0x00, 0x00, 0x1d, 0x00, 0x00, 0x00, 0x1d, 0x00, 0x00,
  0x00, 0xff, 0xff, 0xff, 0xff, 0xff, 0xff, 0xff, 0xff, 0xff, 0xff, 0xff, 0xff, 0xff, 0xff, 0xff,
  0xff, 0x1d, 0x00, 0x00, 0x00, 0xff, 0xff, 0xff, 0xff, 0x1d, 0x00, 0x00, 0x00, 0x1d, 0x00, 0x00,
  0x00, 0x1d, 0x00, 0x00, 0x00, 0x1e, 0x00, 0x00, 0x00, 0x1d, 0x00, 0x00, 0x00, 0x1d, 0x00, 0x00,
  0x00, 0x1d, 0x00, 0x00, 0x00, 0x1d, 0x00, 0x00, 0x00, 0x1d, 0x00, 0x00, 0x00, 0x1d, 0x00, 0x00,
  0x00, 0x1d, 0x00, 0x00, 0x00, 0x1d, 0x00, 0x00, 0x00, 0x1d, 0x00, 0x00, 0x00, 0x1d, 0x00, 0x00,
  0x00, 0x1d, 0x00, 0x00, 0x00, 0x1d, 0x00, 0x00, 0x00, 0x1d, 0x00, 0x00, 0x00, 0x1d, 0x00, 0x00,
  0x00, 0x1d, 0x00, 0x00, 0x00, 0x1d, 0x00, 0x00, 0x00, 0x1d, 0x00, 0x00, 0x00, 0x1d, 0x00, 0x00,
  0x00, 0x1d, 0x00, 0x00, 0x00, 0x1d, 0x00, 0x00, 0x00, 0x1d, 0x00, 0x00, 0x00, 0x1d, 0x00, 0x00,
  0x00, 0xff, 0xff, 0xff, 0xff, 0xff, 0xff, 0xff, 0xff, 0xff, 0xff, 0xff, 0xff, 0xff, 0xff, 0xff,
  0xff, 0xff, 0xff, 0xff, 0xff, 0xff, 0xff, 0xff, 0xff, 0xff, 0xff, 0xff, 0xff, 0xff, 0xff, 0xff,
  0xff, 0xff, 0xff, 0xff, 0xff, 0xff, 0xff, 0xff, 0xff, 0xff, 0xff, 0xff, 0xff, 0xff, 0xff, 0xff,
  0xff, 0xff, 0xff, 0xff, 0xff, 0xff, 0xff, 0xff, 0xff, 0xff, 0xff, 0xff, 0xff, 0xff, 0xff, 0xff,
  0xff, 0xff, 0xff, 0xff, 0xff, 0xff, 0xff, 0xff, 0xff, 0xff, 0xff, 0xff, 0xff, 0xff, 0xff, 0xff,
  0xff, 0xff, 0xff, 0xff, 0xff, 0xff, 0xff, 0xff, 0xff, 0xff, 0xff, 0xff, 0xff, 0xff, 0xff, 0xff,
  0xff, 0xff, 0xff, 0xff, 0xff, 0xff, 0xff, 0xff, 0xff, 0xff, 0xff, 0xff, 0xff, 0xff, 0xff, 0xff,
  0xff, 0xff, 0xff, 0xff, 0xff, 0xff, 0xff, 0xff, 0xff, 0xff, 0xff, 0xff, 0xff, 0xff, 0xff, 0xff,
  0xff, 0xff, 0xff, 0xff, 0xff, 0xff, 0xff, 0xff, 0xff, 0xff, 0xff, 0xff, 0xff, 0xff, 0xff, 0xff,
  0xff, 0xff, 0xff, 0xff, 0xff, 0xff, 0xff, 0xff, 0xff, 0xff, 0xff, 0xff, 0xff, 0xff, 0xff, 0xff,
  0xff, 0xff, 0xff, 0xff, 0xff, 0xff, 0xff, 0xff, 0xff, 0xff, 0xff, 0xff, 0xff, 0xff, 0xff, 0xff,
  0xff, 0xff, 0xff, 0xff, 0xff, 0xff, 0xff, 0xff, 0xff, 0xff, 0xff, 0xff, 0xff, 0xff, 0xff, 0xff,
  0xff, 0xff, 0xff, 0xff, 0xff, 0xff, 0xff, 0xff, 0xff, 0xff, 0xff, 0xff, 0xff, 0xff, 0xff, 0xff,
  0xff, 0xff, 0xff, 0xff, 0xff, 0x1d, 0x00, 0x00, 0x00, 0x1d, 0x00, 0x00, 0x00, 0x1d, 0x00, 0x00,
  0x00, 0x1d, 0x00, 0x00, 0x00, 0x1d, 0x00, 0x00, 0x00, 0x1d, 0x00, 0x00, 0x00, 0x1d, 0x00, 0x00,
  0x00, 0x1d, 0x00, 0x00, 0x00, 0x1d, 0x00, 0x00, 0x00, 0x1d, 0x00, 0x00, 0x00, 0xff, 0xff, 0xff,
  0xff, 0xff, 0xff, 0xff, 0xff, 0xff, 0xff, 0xff, 0xff, 0xff, 0xff, 0xff, 0xff, 0xff, 0xff, 0xff,
  0xff, 0xff, 0xff, 0xff, 0xff, 0xff, 0xff, 0xff, 0xff, 0x1d, 0x00, 0x00, 0x00, 0x1d, 0x00, 0x00,
  0x00, 0x1d, 0x00, 0x00, 0x00, 0x1d, 0x00, 0x00, 0x00, 0x1d, 0x00, 0x00, 0x00, 0x1d, 0x00, 0x00,
  0x00, 0x1d, 0x00, 0x00, 0x00, 0x1d, 0x00, 0x00, 0x00, 0x1d, 0x00, 0x00, 0x00, 0x1d, 0x00, 0x00,
  0x00, 0x1d, 0x00, 0x00, 0x00, 0x1d, 0x00, 0x00, 0x00, 0x1d, 0x00, 0x00, 0x00, 0x1d, 0x00, 0x00,
  0x00, 0x1d, 0x00, 0x00, 0x00, 0x1d, 0x00, 0x00, 0x00, 0x1d, 0x00, 0x00, 0x00, 0x1d, 0x00, 0x00,
  0x00, 0x1d, 0x00, 0x00, 0x00, 0x1d, 0x00, 0x00, 0x00, 0x1d, 0x00, 0x00, 0x00, 0x1d, 0x00, 0x00,
  0x00, 0x1d, 0x00, 0x00, 0x00, 0x1d, 0x00, 0x00, 0x00, 0x1d, 0x00, 0x00, 0x00, 0x1d, 0x00, 0x00,
  0x00, 0xff, 0xff, 0xff, 0xff, 0xff, 0xff, 0xff, 0xff, 0xff, 0xff, 0xff, 0xff, 0xff, 0xff, 0xff,
  0xff, 0x1d, 0x00, 0x00, 0x00, 0xff, 0xff, 0xff, 0xff, 0x1d, 0x00, 0x00, 0x00, 0x1d, 0x00, 0x00,
  0x00, 0x1d, 0x00, 0x00, 0x00, 0x1d, 0x00, 0x00, 0x00, 0x1f, 0x00, 0x00, 0x00, 0x1d, 0x00, 0x00,
  0x00, 0x1d, 0x00, 0x00, 0x00, 0x1d, 0x00, 0x00, 0x00, 0x1d, 0x00, 0x00, 0x00, 0x1d, 0x00, 0x00,
  0x00, 0x1d, 0x00, 0x00, 0x00, 0x1d, 0x00, 0x00, 0x00, 0x1d, 0x00, 0x00, 0x00, 0x1d, 0x00, 0x00,
  0x00, 0x20, 0x00, 0x00, 0x00, 0x1d, 0x00, 0x00, 0x00, 0x1d, 0x00, 0x00, 0x00, 0x21, 0x00, 0x00,
  0x00, 0x1d, 0x00, 0x00, 0x00, 0x1d, 0x00, 0x00, 0x00, 0x1d, 0x00, 0x00, 0x00, 0x1d, 0x00, 0x00,
  0x00, 0x1d, 0x00, 0x00, 0x00, 0x1d, 0x00, 0x00, 0x00, 0x1d, 0x00, 0x00, 0x00, 0x1d, 0x00, 0x00,
  0x00, 0xff, 0xff, 0xff, 0xff, 0xff, 0xff, 0xff, 0xff, 0xff, 0xff, 0xff, 0xff, 0xff, 0xff, 0xff,
  0xff, 0xff, 0xff, 0xff, 0xff, 0xff, 0xff, 0xff, 0xff, 0xff, 0xff, 0xff, 0xff, 0xff, 0xff, 0xff,
  0xff, 0xff, 0xff, 0xff, 0xff, 0xff, 0xff, 0xff, 0xff, 0xff, 0xff, 0xff, 0xff, 0xff, 0xff, 0xff,
  0xff, 0xff, 0xff, 0xff, 0xff, 0xff, 0xff, 0xff, 0xff, 0xff, 0xff, 0xff, 0xff, 0xff, 0xff, 0xff,
  0xff, 0xff, 0xff, 0xff, 0xff, 0xff, 0xff, 0xff, 0xff, 0xff, 0xff, 0xff, 0xff, 0xff, 0xff, 0xff,
  0xff, 0xff, 0xff, 0xff, 0xff, 0xff, 0xff, 0xff, 0xff, 0xff, 0xff, 0xff, 0xff, 0xff, 0xff, 0xff,
  0xff, 0xff, 0xff, 0xff, 0xff, 0xff, 0xff, 0xff, 0xff, 0xff, 0xff, 0xff, 0xff, 0xff, 0xff, 0xff,
  0xff, 0xff, 0xff, 0xff, 0xff, 0xff, 0xff, 0xff, 0xff, 0xff, 0xff, 0xff, 0xff, 0xff, 0xff, 0xff,
  0xff, 0xff, 0xff, 0xff, 0xff, 0xff, 0xff, 0xff, 0xff, 0xff, 0xff, 0xff, 0xff, 0xff, 0xff, 0xff,
  0xff, 0xff, 0xff, 0xff, 0xff, 0xff, 0xff, 0xff, 0xff, 0xff, 0xff, 0xff, 0xff, 0xff, 0xff, 0xff,
  0xff, 0xff, 0xff, 0xff, 0xff, 0xff, 0xff, 0xff, 0xff, 0xff, 0xff, 0xff, 0xff, 0xff, 0xff, 0xff,
  0xff, 0xff, 0xff, 0xff, 0xff, 0xff, 0xff, 0xff, 0xff, 0xff, 0xff, 0xff, 0xff, 0xff, 0xff, 0xff,
  0xff, 0xff, 0xff, 0xff, 0xff, 0xff, 0xff, 0xff, 0xff, 0xff, 0xff, 0xff, 0xff, 0xff, 0xff, 0xff,
  0xff, 0xff, 0xff, 0xff, 0xff, 0x1d, 0x00, 0x00, 0x00, 0x1d, 0x00, 0x00, 0x00, 0x1d, 0x00, 0x00,
  0x00, 0x1d, 0x00, 0x00, 0x00, 0x1d, 0x00, 0x00, 0x00, 0x1d, 0x00, 0x00, 0x00, 0x1d, 0x00, 0x00,
  0x00, 0x1d, 0x00, 0x00, 0x00, 0x1d, 0x00, 0x00, 0x00, 0x1d, 0x00, 0x00, 0x00, 0xff, 0xff, 0xff,
  0xff, 0xff, 0xff, 0xff, 0xff, 0xff, 0xff, 0xff, 0xff, 0xff, 0xff, 0xff, 0xff, 0xff, 0xff, 0xff,
  0xff, 0xff, 0xff, 0xff, 0xff, 0xff, 0xff, 0xff, 0xff, 0x1d, 0x00, 0x00, 0x00, 0x1d, 0x00, 0x00,
  0x00, 0x1d, 0x00, 0x00, 0x00, 0x1d, 0x00, 0x00, 0x00, 0x1d, 0x00, 0x00, 0x00, 0x1d, 0x00, 0x00,
  0x00, 0x1d, 0x00, 0x00, 0x00, 0x1d, 0x00, 0x00, 0x00, 0x1d, 0x00, 0x00, 0x00, 0x1d, 0x00, 0x00,
  0x00, 0x1d, 0x00, 0x00, 0x00, 0x1d, 0x00, 0x00, 0x00, 0x1d, 0x00, 0x00, 0x00, 0x1d, 0x00, 0x00,
  0x00, 0x1d, 0x00, 0x00, 0x00, 0x1d, 0x00, 0x00, 0x00, 0x1d, 0x00, 0x00, 0x00, 0x1d, 0x00, 0x00,
  0x00, 0x1d, 0x00, 0x00, 0x00, 0x1d, 0x00, 0x00, 0x00, 0x1d, 0x00, 0x00, 0x00, 0x1d, 0x00, 0x00,
  0x00, 0x1d, 0x00, 0x00, 0x00, 0x1d, 0x00, 0x00, 0x00, 0x1d, 0x00, 0x00, 0x00, 0x1d, 0x00, 0x00,
  0x00, 0xff, 0xff, 0xff, 0xff, 0xff, 0xff, 0xff, 0xff, 0xff, 0xff, 0xff, 0xff, 0xff, 0xff, 0xff,
  0xff, 0x1d, 0x00, 0x00, 0x00, 0xff, 0xff, 0xff, 0xff, 0x1d, 0x00, 0x00, 0x00, 0x1d, 0x00, 0x00,
  0x00, 0x1d, 0x00, 0x00, 0x00, 0x1d, 0x00, 0x00, 0x00, 0x1d, 0x00, 0x00, 0x00, 0x1d, 0x00, 0x00,
  0x00, 0x1d, 0x00, 0x00, 0x00, 0x1d, 0x00, 0x00, 0x00, 0x1d, 0x00, 0x00, 0x00, 0x1d, 0x00, 0x00,
  0x00, 0x1d, 0x00, 0x00, 0x00, 0x1d, 0x00, 0x00, 0x00, 0x22, 0x00, 0x00, 0x00, 0x1d, 0x00, 0x00,
  0x00, 0x1d, 0x00, 0x00, 0x00, 0x1d, 0x00, 0x00, 0x00, 0x1d, 0x00, 0x00, 0x00, 0x1d, 0x00, 0x00,
  0x00, 0x1d, 0x00, 0x00, 0x00, 0x1d, 0x00, 0x00, 0x00, 0x1d, 0x00, 0x00, 0x00, 0x1d, 0x00, 0x00,
  0x00, 0x1d, 0x00, 0x00, 0x00, 0x1d, 0x00, 0x00, 0x00, 0x1d, 0x00, 0x00, 0x00, 0x1d, 0x00, 0x00,
  0x00, 0xff, 0xff, 0xff, 0xff, 0xff, 0xff, 0xff, 0xff, 0xff, 0xff, 0xff, 0xff, 0xff, 0xff, 0xff,
  0xff, 0xff, 0xff, 0xff, 0xff, 0xff, 0xff, 0xff, 0xff, 0xff, 0xff, 0xff, 0xff, 0xff, 0xff, 0xff,
  0xff, 0xff, 0xff, 0xff, 0xff, 0xff, 0xff, 0xff, 0xff, 0xff, 0xff, 0xff, 0xff, 0xff, 0xff, 0xff,
  0xff, 0xff, 0xff, 0xff, 0xff, 0xff, 0xff, 0xff, 0xff, 0xff, 0xff, 0xff, 0xff, 0xff, 0xff, 0xff,
  0xff, 0xff, 0xff, 0xff, 0xff, 0xff, 0xff, 0xff, 0xff, 0xff, 0xff, 0xff, 0xff, 0xff, 0xff, 0xff,
  0xff, 0xff, 0xff, 0xff, 0xff, 0xff, 0xff, 0xff, 0xff, 0xff, 0xff, 0xff, 0xff, 0xff, 0xff, 0xff,
  0xff, 0xff, 0xff, 0xff, 0xff, 0xff, 0xff, 0xff, 0xff, 0xff, 0xff, 0xff, 0xff, 0xff, 0xff, 0xff,
  0xff, 0xff, 0xff, 0xff, 0xff, 0xff, 0xff, 0xff, 0xff, 0xff, 0xff, 0xff, 0xff, 0xff, 0xff, 0xff,
  0xff, 0xff, 0xff, 0xff, 0xff, 0xff, 0xff, 0xff, 0xff, 0xff, 0xff, 0xff, 0xff, 0xff, 0xff, 0xff,
  0xff, 0xff, 0xff, 0xff, 0xff, 0xff, 0xff, 0xff, 0xff, 0xff, 0xff, 0xff, 0xff, 0xff, 0xff, 0xff,
  0xff, 0xff, 0xff, 0xff, 0xff, 0xff, 0xff, 0xff, 0xff, 0xff, 0xff, 0xff, 0xff, 0xff, 0xff, 0xff,
  0xff, 0xff, 0xff, 0xff, 0xff, 0xff, 0xff, 0xff, 0xff, 0xff, 0xff, 0xff, 0xff, 0xff, 0xff, 0xff,
  0xff, 0xff, 0xff, 0xff, 0xff, 0xff, 0xff, 0xff, 0xff, 0xff, 0xff, 0xff, 0xff, 0xff, 0xff, 0xff,
  0xff, 0xff, 0xff, 0xff, 0xff, 0x1d, 0x00, 0x00, 0x00, 0x1d, 0x00, 0x00, 0x00, 0x1d, 0x00, 0x00,
  0x00, 0x1d, 0x00, 0x00, 0x00, 0x1d, 0x00, 0x00, 0x00, 0x1d, 0x00, 0x00, 0x00, 0x1d, 0x00, 0x00,
  0x00, 0x1d, 0x00, 0x00, 0x00, 0x1d, 0x00, 0x00, 0x00, 0x1d, 0x00, 0x00, 0x00, 0xff, 0xff, 0xff,
  0xff, 0xff, 0xff, 0xff, 0xff, 0xff, 0xff, 0xff, 0xff, 0xff, 0xff, 0xff, 0xff, 0xff, 0xff, 0xff,
  0xff, 0xff, 0xff, 0xff, 0xff, 0xff, 0xff, 0xff, 0xff, 0x1d, 0x00, 0x00, 0x00, 0x1d, 0x00, 0x00,
  0x00, 0x1d, 0x00, 0x00, 0x00, 0x1d, 0x00, 0x00, 0x00, 0x1d, 0x00, 0x00, 0x00, 0x1d, 0x00, 0x00,
  0x00, 0x1d, 0x00, 0x00, 0x00, 0x1d, 0x00, 0x00, 0x00, 0x1d, 0x00, 0x00, 0x00, 0x1d, 0x00, 0x00,
  0x00, 0x1d, 0x00, 0x00, 0x00, 0x1d, 0x00, 0x00, 0x00, 0x1d, 0x00, 0x00, 0x00, 0x1d, 0x00, 0x00,
  0x00, 0x1d, 0x00, 0x00, 0x00, 0x1d, 0x00, 0x00, 0x00, 0x1d, 0x00, 0x00, 0x00, 0x1d, 0x00, 0x00,
  0x00, 0x1d, 0x00, 0x00, 0x00, 0x1d, 0x00, 0x00, 0x00, 0x1d, 0x00, 0x00, 0x00, 0x1d, 0x00, 0x00,
  0x00, 0x1d, 0x00, 0x00, 0x00, 0x1d, 0x00, 0x00, 0x00, 0x1d, 0x00, 0x00, 0x00, 0x1d, 0x00, 0x00,
  0x00, 0xff, 0xff, 0xff, 0xff, 0xff, 0xff, 0xff, 0xff, 0xff, 0xff, 0xff, 0xff, 0xff, 0xff, 0xff,
  0xff, 0x1d, 0x00, 0x00, 0x00, 0xff, 0xff, 0xff, 0xff, 0x1d, 0x00, 0x00, 0x00, 0x1d, 0x00, 0x00,
  0x00, 0x1d, 0x00, 0x00, 0x00, 0x1d, 0x00, 0x00, 0x00, 0x1d, 0x00, 0x00, 0x00, 0x1d, 0x00, 0x00,
  0x00, 0x1d, 0x00, 0x00, 0x00, 0x1d, 0x00, 0x00, 0x00, 0x23, 0x00, 0x00, 0x00, 0x1d, 0x00, 0x00,
  0x00, 0x1d, 0x00, 0x00, 0x00, 0x1d, 0x00, 0x00, 0x00, 0x1d, 0x00, 0x00, 0x00, 0x1d, 0x00, 0x00,
  0x00, 0x1d, 0x00, 0x00, 0x00, 0x1d, 0x00, 0x00, 0x00, 0x1d, 0x00, 0x00, 0x00, 0x1d, 0x00, 0x00,
  0x00, 0x1d, 0x00, 0x00, 0x00, 0x1d, 0x00, 0x00, 0x00, 0x1d, 0x00, 0x00, 0x00, 0x1d, 0x00, 0x00,
  0x00, 0x1d, 0x00, 0x00, 0x00, 0x1d, 0x00, 0x00, 0x00, 0x1d, 0x00, 0x00, 0x00, 0x1d, 0x00, 0x00,
  0x00, 0xff, 0xff, 0xff, 0xff, 0xff, 0xff, 0xff, 0xff, 0xff, 0xff, 0xff, 0xff, 0xff, 0xff, 0xff,
  0xff, 0xff, 0xff, 0xff, 0xff, 0xff, 0xff, 0xff, 0xff, 0xff, 0xff, 0xff, 0xff, 0xff, 0xff, 0xff,
  0xff, 0xff, 0xff, 0xff, 0xff, 0xff, 0xff, 0xff, 0xff, 0xff, 0xff, 0xff, 0xff, 0xff, 0xff, 0xff,
  0xff, 0xff, 0xff, 0xff, 0xff, 0xff, 0xff, 0xff, 0xff, 0xff, 0xff, 0xff, 0xff, 0xff, 0xff, 0xff,
  0xff, 0xff, 0xff, 0xff, 0xff, 0xff, 0xff, 0xff, 0xff, 0xff, 0xff, 0xff, 0xff, 0xff, 0xff, 0xff,
  0xff, 0xff, 0xff, 0xff, 0xff, 0xff, 0xff, 0xff, 0xff, 0xff, 0xff, 0xff, 0xff, 0xff, 0xff, 0xff,
  0xff, 0xff, 0xff, 0xff, 0xff, 0xff, 0xff, 0xff, 0xff, 0xff, 0xff, 0xff, 0xff, 0xff, 0xff, 0xff,
  0xff, 0xff, 0xff, 0xff, 0xff, 0xff, 0xff, 0xff, 0xff, 0xff, 0xff, 0xff, 0xff, 0xff, 0xff, 0xff,
  0xff, 0xff, 0xff, 0xff, 0xff, 0xff, 0xff, 0xff, 0xff, 0xff, 0xff, 0xff, 0xff, 0xff, 0xff, 0xff,
  0xff, 0xff, 0xff, 0xff, 0xff, 0xff, 0xff, 0xff, 0xff, 0xff, 0xff, 0xff, 0xff, 0xff, 0xff, 0xff,
  0xff, 0xff, 0xff, 0xff, 0xff, 0xff, 0xff, 0xff, 0xff, 0xff, 0xff, 0xff, 0xff, 0xff, 0xff, 0xff,
  0xff, 0xff, 0xff, 0xff, 0xff, 0xff, 0xff, 0xff, 0xff, 0xff, 0xff, 0xff, 0xff, 0xff, 0xff, 0xff,
  0xff, 0xff, 0xff, 0xff, 0xff, 0xff, 0xff, 0xff, 0xff, 0xff, 0xff, 0xff, 0xff, 0xff, 0xff, 0xff,
  0xff, 0xff, 0xff, 0xff, 0xff, 0x1d, 0x00, 0x00, 0x00, 0x1d, 0x00, 0x00, 0x00, 0x1d, 0x00, 0x00,
  0x00, 0x1d, 0x00, 0x00, 0x00, 0x1d, 0x00, 0x00, 0x00, 0x1d, 0x00, 0x00, 0x00, 0x1d, 0x00, 0x00,
  0x00, 0x1d, 0x00, 0x00, 0x00, 0x1d, 0x00, 0x00, 0x00, 0x1d, 0x00, 0x00, 0x00, 0xff, 0xff, 0xff,
  0xff, 0xff, 0xff, 0xff, 0xff, 0xff, 0xff, 0xff, 0xff, 0xff, 0xff, 0xff, 0xff, 0xff, 0xff, 0xff,
  0xff, 0xff, 0xff, 0xff, 0xff, 0xff, 0xff, 0xff, 0xff, 0x1d, 0x00, 0x00, 0x00, 0x1d, 0x00, 0x00,
  0x00, 0x1d, 0x00, 0x00, 0x00, 0x1d, 0x00, 0x00, 0x00, 0x1d, 0x00, 0x00, 0x00, 0x1d, 0x00, 0x00,
  0x00, 0x1d, 0x00, 0x00, 0x00, 0x1d, 0x00, 0x00, 0x00, 0x1d, 0x00, 0x00, 0x00, 0x1d, 0x00, 0x00,
  0x00, 0x1d, 0x00, 0x00, 0x00, 0x1d, 0x00, 0x00, 0x00, 0x1d, 0x00, 0x00, 0x00, 0x1d, 0x00, 0x00,
  0x00, 0x1d, 0x00, 0x00, 0x00, 0x1d, 0x00, 0x00, 0x00, 0x1d, 0x00, 0x00, 0x00, 0x1d, 0x00, 0x00,
  0x00, 0x1d, 0x00, 0x00, 0x00, 0x1d, 0x00, 0x00, 0x00, 0x1d, 0x00, 0x00, 0x00, 0x1d, 0x00, 0x00,
  0x00, 0x1d, 0x00, 0x00, 0x00, 0x1d, 0x00, 0x00, 0x00, 0x1d, 0x00, 0x00, 0x00, 0x1d, 0x00, 0x00,
  0x00, 0xff, 0xff, 0xff, 0xff, 0xff, 0xff, 0xff, 0xff, 0xff, 0xff, 0xff, 0xff, 0xff, 0xff, 0xff,
  0xff, 0x1d, 0x00, 0x00, 0x00, 0xff, 0xff, 0xff, 0xff, 0x1d, 0x00, 0x00, 0x00, 0x1d, 0x00, 0x00,
  0x00, 0x1d, 0x00, 0x00, 0x00, 0x24, 0x00, 0x00, 0x00, 0x1d, 0x00, 0x00, 0x00, 0x1d, 0x00, 0x00,
  0x00, 0x1d, 0x00, 0x00, 0x00, 0x1d, 0x00, 0x00, 0x00, 0x1d, 0x00, 0x00, 0x00, 0x1d, 0x00, 0x00,
  0x00, 0x1d, 0x00, 0x00, 0x00, 0x1d, 0x00, 0x00, 0x00, 0x1d, 0x00, 0x00, 0x00, 0x25, 0x00, 0x00,
  0x00, 0x1d, 0x00, 0x00, 0x00, 0x1d, 0x00, 0x00, 0x00, 0x1d, 0x00, 0x00, 0x00, 0x1d, 0x00, 0x00,
  0x00, 0x1d, 0x00, 0x00, 0x00, 0x1d, 0x00, 0x00, 0x00, 0x1d, 0x00, 0x00, 0x00, 0x1d, 0x00, 0x00,
  0x00, 0x1d, 0x00, 0x00, 0x00, 0x1d, 0x00, 0x00, 0x00, 0x1d, 0x00, 0x00, 0x00, 0x1d, 0x00, 0x00,
  0x00, 0xff, 0xff, 0xff, 0xff, 0xff, 0xff, 0xff, 0xff, 0xff, 0xff, 0xff, 0xff, 0xff, 0xff, 0xff,
  0xff, 0xff, 0xff, 0xff, 0xff, 0xff, 0xff, 0xff, 0xff, 0xff, 0xff, 0xff, 0xff, 0xff, 0xff, 0xff,
  0xff, 0xff, 0xff, 0xff, 0xff, 0xff, 0xff, 0xff, 0xff, 0xff, 0xff, 0xff, 0xff, 0xff, 0xff, 0xff,
  0xff, 0xff, 0xff, 0xff, 0xff, 0xff, 0xff, 0xff, 0xff, 0xff, 0xff, 0xff, 0xff, 0xff, 0xff, 0xff,
  0xff, 0xff, 0xff, 0xff, 0xff, 0xff, 0xff, 0xff, 0xff, 0xff, 0xff, 0xff, 0xff, 0xff, 0xff, 0xff,
  0xff, 0xff, 0xff, 0xff, 0xff, 0xff, 0xff, 0xff, 0xff, 0xff, 0xff, 0xff, 0xff, 0xff, 0xff, 0xff,
  0xff, 0xff, 0xff, 0xff, 0xff, 0xff, 0xff, 0xff, 0xff, 0xff, 0xff, 0xff, 0xff, 0xff, 0xff, 0xff,
  0xff, 0xff, 0xff, 0xff, 0xff, 0xff, 0xff, 0xff, 0xff, 0xff, 0xff, 0xff, 0xff, 0xff, 0xff, 0xff,
  0xff, 0xff, 0xff, 0xff, 0xff, 0xff, 0xff, 0xff, 0xff, 0xff, 0xff, 0xff, 0xff, 0xff, 0xff, 0xff,
  0xff, 0xff, 0xff, 0xff, 0xff, 0xff, 0xff, 0xff, 0xff, 0xff, 0xff, 0xff, 0xff, 0xff, 0xff, 0xff,
  0xff, 0xff, 0xff, 0xff, 0xff, 0xff, 0xff, 0xff, 0xff, 0xff, 0xff, 0xff, 0xff, 0xff, 0xff, 0xff,
  0xff, 0xff, 0xff, 0xff, 0xff, 0xff, 0xff, 0xff, 0xff, 0xff, 0xff, 0xff, 0xff, 0xff, 0xff, 0xff,
  0xff, 0xff, 0xff, 0xff, 0xff, 0xff, 0xff, 0xff, 0xff, 0xff, 0xff, 0xff, 0xff, 0xff, 0xff, 0xff,
  0xff, 0xff, 0xff, 0xff, 0xff, 0x1d, 0x00, 0x00, 0x00, 0x1d, 0x00, 0x00, 0x00, 0x1d, 0x00, 0x00,
  0x00, 0x1d, 0x00, 0x00, 0x00, 0x1d, 0x00, 0x00, 0x00, 0x1d, 0x00, 0x00, 0x00, 0x1d, 0x00, 0x00,
  0x00, 0x1d, 0x00, 0x00, 0x00, 0x1d, 0x00, 0x00, 0x00, 0x1d, 0x00, 0x00, 0x00, 0xff, 0xff, 0xff,
  0xff, 0xff, 0xff, 0xff, 0xff, 0xff, 0xff, 0xff, 0xff, 0xff, 0xff, 0xff, 0xff, 0xff, 0xff, 0xff,
  0xff, 0xff, 0xff, 0xff, 0xff, 0xff, 0xff, 0xff, 0xff, 0x1d, 0x00, 0x00, 0x00, 0x1d, 0x00, 0x00,
  0x00, 0x1d, 0x00, 0x00, 0x00, 0x1d, 0x00, 0x00, 0x00, 0x1d, 0x00, 0x00, 0x00, 0x1d, 0x00, 0x00,
  0x00, 0x1d, 0x00, 0x00, 0x00, 0x1d, 0x00, 0x00, 0x00, 0x1d, 0x00, 0x00, 0x00, 0x1d, 0x00, 0x00,
  0x00, 0x1d, 0x00, 0x00, 0x00, 0x1d, 0x00, 0x00, 0x00, 0x1d, 0x00, 0x00, 0x00, 0x1d, 0x00, 0x00,
  0x00, 0x1d, 0x00, 0x00, 0x00, 0x1d, 0x00, 0x00, 0x00, 0x1d, 0x00, 0x00, 0x00, 0x1d, 0x00, 0x00,
  0x00, 0x1d, 0x00, 0x00, 0x00, 0x1d, 0x00, 0x00, 0x00, 0x1d, 0x00, 0x00, 0x00, 0x1d, 0x00, 0x00,
  0x00, 0x1d, 0x00, 0x00, 0x00, 0x1d, 0x00, 0x00, 0x00, 0x1d, 0x00, 0x00, 0x00, 0x1d, 0x00, 0x00,
  0x00, 0xff, 0xff, 0xff, 0xff, 0xff, 0xff, 0xff, 0xff, 0xff, 0xff, 0xff, 0xff, 0xff, 0xff, 0xff,
  0xff, 0x1d, 0x00, 0x00, 0x00, 0xff, 0xff, 0xff, 0xff, 0x26, 0x00, 0x00, 0x00, 0x1d, 0x00, 0x00,
  0x00, 0x1d, 0x00, 0x00, 0x00, 0x1d, 0x00, 0x00, 0x00, 0x1d, 0x00, 0x00, 0x00, 0x1d, 0x00, 0x00,
  0x00, 0x1d, 0x00, 0x00, 0x00, 0x1d, 0x00, 0x00, 0x00, 0x1d, 0x00, 0x00, 0x00, 0x1d, 0x00, 0x00,
  0x00, 0x1d, 0x00, 0x00, 0x00, 0x1d, 0x00, 0x00, 0x00, 0x1d, 0x00, 0x00, 0x00, 0x1d, 0x00, 0x00,
  0x00, 0x1d, 0x00, 0x00, 0x00, 0x1d, 0x00, 0x00, 0x00, 0x1d, 0x00, 0x00, 0x00, 0x1d, 0x00, 0x00,
  0x00, 0x1d, 0x00, 0x00, 0x00, 0x1d, 0x00, 0x00, 0x00, 0x1d, 0x00, 0x00, 0x00, 0x1d, 0x00, 0x00,
  0x00, 0x1d, 0x00, 0x00, 0x00, 0x1d, 0x00, 0x00, 0x00, 0x1d, 0x00, 0x00, 0x00, 0x1d, 0x00, 0x00,
  0x00, 0xff, 0xff, 0xff, 0xff, 0xff, 0xff, 0xff, 0xff, 0xff, 0xff, 0xff, 0xff, 0xff, 0xff, 0xff,
  0xff, 0xff, 0xff, 0xff, 0xff, 0xff, 0xff, 0xff, 0xff, 0xff, 0xff, 0xff, 0xff, 0xff, 0xff, 0xff,
  0xff, 0xff, 0xff, 0xff, 0xff, 0xff, 0xff, 0xff, 0xff, 0xff, 0xff, 0xff, 0xff, 0xff, 0xff, 0xff,
  0xff, 0xff, 0xff, 0xff, 0xff, 0xff, 0xff, 0xff, 0xff, 0xff, 0xff, 0xff, 0xff, 0xff, 0xff, 0xff,
  0xff, 0xff, 0xff, 0xff, 0xff, 0xff, 0xff, 0xff, 0xff, 0xff, 0xff, 0xff, 0xff, 0xff, 0xff, 0xff,
  0xff, 0xff, 0xff, 0xff, 0xff, 0xff, 0xff, 0xff, 0xff, 0xff, 0xff, 0xff, 0xff, 0xff, 0xff, 0xff,
  0xff, 0xff, 0xff, 0xff, 0xff, 0xff, 0xff, 0xff, 0xff, 0xff, 0xff, 0xff, 0xff, 0xff, 0xff, 0xff,
  0xff, 0xff, 0xff, 0xff, 0xff, 0xff, 0xff, 0xff, 0xff, 0xff, 0xff, 0xff, 0xff, 0xff, 0xff, 0xff,
  0xff, 0xff, 0xff, 0xff, 0xff, 0xff, 0xff, 0xff, 0xff, 0xff, 0xff, 0xff, 0xff, 0xff, 0xff, 0xff,
  0xff, 0xff, 0xff, 0xff, 0xff, 0xff, 0xff, 0xff, 0xff, 0xff, 0xff, 0xff, 0xff, 0xff, 0xff, 0xff,
  0xff, 0xff, 0xff, 0xff, 0xff, 0xff, 0xff, 0xff, 0xff, 0xff, 0xff, 0xff, 0xff, 0xff, 0xff, 0xff,
  0xff, 0xff, 0xff, 0xff, 0xff, 0xff, 0xff, 0xff, 0xff, 0xff, 0xff, 0xff, 0xff, 0xff, 0xff, 0xff,
  0xff, 0xff, 0xff, 0xff, 0xff, 0xff, 0xff, 0xff, 0xff, 0xff, 0xff, 0xff, 0xff, 0xff, 0xff, 0xff,
  0xff, 0xff, 0xff, 0xff, 0xff, 0x1d, 0x00, 0x00, 0x00, 0x1d, 0x00, 0x00, 0x00, 0x1d, 0x00, 0x00,
  0x00, 0x1d, 0x00, 0x00, 0x00, 0x1d, 0x00, 0x00, 0x00, 0x1d, 0x00, 0x00, 0x00, 0x1d, 0x00, 0x00,
  0x00, 0x1d, 0x00, 0x00, 0x00, 0x1d, 0x00, 0x00, 0x00, 0x1d, 0x00, 0x00, 0x00, 0xff, 0xff, 0xff,
  0xff, 0xff, 0xff, 0xff, 0xff, 0xff, 0xff, 0xff, 0xff, 0xff, 0xff, 0xff, 0xff, 0xff, 0xff, 0xff,
  0xff, 0xff, 0xff, 0xff, 0xff, 0xff, 0xff, 0xff, 0xff, 0x1d, 0x00, 0x00, 0x00, 0x1d, 0x00, 0x00,
  0x00, 0x1d, 0x00, 0x00, 0x00, 0x1d, 0x00, 0x00, 0x00, 0x1d, 0x00, 0x00, 0x00, 0x1d, 0x00, 0x00,
  0x00, 0x1d, 0x00, 0x00, 0x00, 0x1d, 0x00, 0x00, 0x00, 0x1d, 0x00, 0x00, 0x00, 0x1d, 0x00, 0x00,
  0x00, 0x1d, 0x00, 0x00, 0x00, 0x1d, 0x00, 0x00, 0x00, 0x1d, 0x00, 0x00, 0x00, 0x1d, 0x00, 0x00,
  0x00, 0x1d, 0x00, 0x00, 0x00, 0x1d, 0x00, 0x00, 0x00, 0x1d, 0x00, 0x00, 0x00, 0x1d, 0x00, 0x00,
  0x00, 0x1d, 0x00, 0x00, 0x00, 0x1d, 0x00, 0x00, 0x00, 0x1d, 0x00, 0x00, 0x00, 0x1d, 0x00, 0x00,
  0x00, 0x1d, 0x00, 0x00, 0x00, 0x1d, 0x00, 0x00, 0x00, 0x1d, 0x00, 0x00, 0x00, 0x1d, 0x00, 0x00,
  0x00, 0xff, 0xff, 0xff, 0xff, 0xff, 0xff, 0xff, 0xff, 0xff, 0xff, 0xff, 0xff, 0xff, 0xff, 0xff,
  0xff, 0x1d, 0x00, 0x00, 0x00, 0xff, 0xff, 0xff, 0xff, 0x1d, 0x00, 0x00, 0x00, 0x1d, 0x00, 0x00,
  0x00, 0x1d, 0x00, 0x00, 0x00, 0x1d, 0x00, 0x00, 0x00, 0x1d, 0x00, 0x00, 0x00, 0x1d, 0x00, 0x00,
  0x00, 0x1d, 0x00, 0x00, 0x00, 0x1d, 0x00, 0x00, 0x00, 0x1d, 0x00, 0x00, 0x00, 0x1d, 0x00, 0x00,
  0x00, 0x1d, 0x00, 0x00, 0x00, 0x1d, 0x00, 0x00, 0x00, 0x1d, 0x00, 0x00, 0x00, 0x1d, 0x00, 0x00,
  0x00, 0x1d, 0x00, 0x00, 0x00, 0x1d, 0x00, 0x00, 0x00, 0x1d, 0x00, 0x00, 0x00, 0x1d, 0x00, 0x00,
  0x00, 0x1d, 0x00, 0x00, 0x00, 0x1d, 0x00, 0x00, 0x00, 0x27, 0x00, 0x00, 0x00, 0x1d, 0x00, 0x00,
  0x00, 0x1d, 0x00, 0x00, 0x00, 0x1d, 0x00, 0x00, 0x00, 0x1d, 0x00, 0x00, 0x00, 0x1d, 0x00, 0x00,
  0x00, 0xff, 0xff, 0xff, 0xff, 0xff, 0xff, 0xff, 0xff, 0xff, 0xff, 0xff, 0xff, 0xff, 0xff, 0xff,
  0xff, 0xff, 0xff, 0xff, 0xff, 0xff, 0xff, 0xff, 0xff, 0xff, 0xff, 0xff, 0xff, 0xff, 0xff, 0xff,
  0xff, 0xff, 0xff, 0xff, 0xff, 0xff, 0xff, 0xff, 0xff, 0xff, 0xff, 0xff, 0xff, 0xff, 0xff, 0xff,
  0xff, 0xff, 0xff, 0xff, 0xff, 0xff, 0xff, 0xff, 0xff, 0xff, 0xff, 0xff, 0xff, 0xff, 0xff, 0xff,
  0xff, 0xff, 0xff, 0xff, 0xff, 0xff, 0xff, 0xff, 0xff, 0xff, 0xff, 0xff, 0xff, 0xff, 0xff, 0xff,
  0xff, 0xff, 0xff, 0xff, 0xff, 0xff, 0xff, 0xff, 0xff, 0xff, 0xff, 0xff, 0xff, 0xff, 0xff, 0xff,
  0xff, 0xff, 0xff, 0xff, 0xff, 0xff, 0xff, 0xff, 0xff, 0xff, 0xff, 0xff, 0xff, 0xff, 0xff, 0xff,
  0xff, 0xff, 0xff, 0xff, 0xff, 0xff, 0xff, 0xff, 0xff, 0xff, 0xff, 0xff, 0xff, 0xff, 0xff, 0xff,
  0xff, 0xff, 0xff, 0xff, 0xff, 0xff, 0xff, 0xff, 0xff, 0xff, 0xff, 0xff, 0xff, 0xff, 0xff, 0xff,
  0xff, 0xff, 0xff, 0xff, 0xff, 0xff, 0xff, 0xff, 0xff, 0xff, 0xff, 0xff, 0xff, 0xff, 0xff, 0xff,
  0xff, 0xff, 0xff, 0xff, 0xff, 0xff, 0xff, 0xff, 0xff, 0xff, 0xff, 0xff, 0xff, 0xff, 0xff, 0xff,
  0xff, 0xff, 0xff, 0xff, 0xff, 0xff, 0xff, 0xff, 0xff, 0xff, 0xff, 0xff, 0xff, 0xff, 0xff, 0xff,
  0xff, 0xff, 0xff, 0xff, 0xff, 0xff, 0xff, 0xff, 0xff, 0xff, 0xff, 0xff, 0xff, 0xff, 0xff, 0xff,
  0xff, 0xff, 0xff, 0xff, 0xff, 0x1d, 0x00, 0x00, 0x00, 0x1d, 0x00, 0x00, 0x00, 0x1d, 0x00, 0x00,
  0x00, 0x1d, 0x00, 0x00, 0x00, 0x1d, 0x00, 0x00, 0x00, 0x1d, 0x00, 0x00, 0x00, 0x1d, 0x00, 0x00,
  0x00, 0x1d, 0x00, 0x00, 0x00, 0x1d, 0x00, 0x00, 0x00, 0x1d, 0x00, 0x00, 0x00, 0xff, 0xff, 0xff,
  0xff, 0xff, 0xff, 0xff, 0xff, 0xff, 0xff, 0xff, 0xff, 0xff, 0xff, 0xff, 0xff, 0xff, 0xff, 0xff,
  0xff, 0xff, 0xff, 0xff, 0xff, 0xff, 0xff, 0xff, 0xff, 0x1d, 0x00, 0x00, 0x00, 0x1d, 0x00, 0x00,
  0x00, 0x1d, 0x00, 0x00, 0x00, 0x1d, 0x00, 0x00, 0x00, 0x1d, 0x00, 0x00, 0x00, 0x1d, 0x00, 0x00,
  0x00, 0x1d, 0x00, 0x00, 0x00, 0x1d, 0x00, 0x00, 0x00, 0x1d, 0x00, 0x00, 0x00, 0x1d, 0x00, 0x00,
  0x00, 0x1d, 0x00, 0x00, 0x00, 0x1d, 0x00, 0x00, 0x00, 0x1d, 0x00, 0x00, 0x00, 0x1d, 0x00, 0x00,
  0x00, 0x1d, 0x00, 0x00, 0x00, 0x1d, 0x00, 0x00, 0x00, 0x1d, 0x00, 0x00, 0x00, 0x1d, 0x00, 0x00,
  0x00, 0x1d, 0x00, 0x00, 0x00, 0x1d, 0x00, 0x00, 0x00, 0x1d, 0x00, 0x00, 0x00, 0x1d, 0x00, 0x00,
  0x00, 0x1d, 0x00, 0x00, 0x00, 0x1d, 0x00, 0x00, 0x00, 0x1d, 0x00, 0x00, 0x00, 0x1d, 0x00, 0x00,
  0x00, 0xff, 0xff, 0xff, 0xff, 0xff, 0xff, 0xff, 0xff, 0xff, 0xff, 0xff, 0xff, 0xff, 0xff, 0xff,
  0xff, 0x1d, 0x00, 0x00, 0x00, 0xff, 0xff, 0xff, 0xff, 0x1d, 0x00, 0x00, 0x00, 0x1d, 0x00, 0x00,
  0x00, 0x1d, 0x00, 0x00, 0x00, 0x1d, 0x00, 0x00, 0x00, 0x28, 0x00, 0x00, 0x00, 0x1d, 0x00, 0x00,
  0x00, 0x1d, 0x00, 0x00, 0x00, 0x1d, 0x00, 0x00, 0x00, 0x1d, 0x00, 0x00, 0x00, 0x1d, 0x00, 0x00,
  0x00, 0x1d, 0x00, 0x00, 0x00, 0x1d, 0x00, 0x00, 0x00, 0x1d, 0x00, 0x00, 0x00, 0x1d, 0x00, 0x00,
  0x00, 0x1d, 0x00, 0x00, 0x00, 0x1d, 0x00, 0x00, 0x00, 0x1d, 0x00, 0x00, 0x00, 0x1d, 0x00, 0x00,
  0x00, 0x1d, 0x00, 0x00, 0x00, 0x1d, 0x00, 0x00, 0x00, 0x1d, 0x00, 0x00, 0x00, 0x1d, 0x00, 0x00,
  0x00, 0x1d, 0x00, 0x00, 0x00, 0x1d, 0x00, 0x00, 0x00, 0x1d, 0x00, 0x00, 0x00, 0x1d, 0x00, 0x00,
  0x00, 0xff, 0xff, 0xff, 0xff, 0xff, 0xff, 0xff, 0xff, 0xff, 0xff, 0xff, 0xff, 0xff, 0xff, 0xff,
  0xff, 0xff, 0xff, 0xff, 0xff, 0xff, 0xff, 0xff, 0xff, 0xff, 0xff, 0xff, 0xff, 0xff, 0xff, 0xff,
  0xff, 0xff, 0xff, 0xff, 0xff, 0xff, 0xff, 0xff, 0xff, 0xff, 0xff, 0xff, 0xff, 0xff, 0xff, 0xff,
  0xff, 0xff, 0xff, 0xff, 0xff, 0xff, 0xff, 0xff, 0xff, 0xff, 0xff, 0xff, 0xff, 0xff, 0xff, 0xff,
  0xff, 0xff, 0xff, 0xff, 0xff, 0xff, 0xff, 0xff, 0xff, 0xff, 0xff, 0xff, 0xff, 0xff, 0xff, 0xff,
  0xff, 0xff, 0xff, 0xff, 0xff, 0xff, 0xff, 0xff, 0xff, 0xff, 0xff, 0xff, 0xff, 0xff, 0xff, 0xff,
  0xff, 0xff, 0xff, 0xff, 0xff, 0xff, 0xff, 0xff, 0xff, 0xff, 0xff, 0xff, 0xff, 0xff, 0xff, 0xff,
  0xff, 0xff, 0xff, 0xff, 0xff, 0xff, 0xff, 0xff, 0xff, 0xff, 0xff, 0xff, 0xff, 0xff, 0xff, 0xff,
  0xff, 0xff, 0xff, 0xff, 0xff, 0xff, 0xff, 0xff, 0xff, 0xff, 0xff, 0xff, 0xff, 0xff, 0xff, 0xff,
  0xff, 0xff, 0xff, 0xff, 0xff, 0xff, 0xff, 0xff, 0xff, 0xff, 0xff, 0xff, 0xff, 0xff, 0xff, 0xff,
  0xff, 0xff, 0xff, 0xff, 0xff, 0xff, 0xff, 0xff, 0xff, 0xff, 0xff, 0xff, 0xff, 0xff, 0xff, 0xff,
  0xff, 0xff, 0xff, 0xff, 0xff, 0xff, 0xff, 0xff, 0xff, 0xff, 0xff, 0xff, 0xff, 0xff, 0xff, 0xff,
  0xff, 0xff, 0xff, 0xff, 0xff, 0xff, 0xff, 0xff, 0xff, 0xff, 0xff, 0xff, 0xff, 0xff, 0xff, 0xff,
  0xff, 0xff, 0xff, 0xff, 0xff, 0x1d, 0x00, 0x00, 0x00, 0x1d, 0x00, 0x00, 0x00, 0x1d, 0x00, 0x00,
  0x00, 0x1d, 0x00, 0x00, 0x00, 0x1d, 0x00, 0x00, 0x00, 0x1d, 0x00, 0x00, 0x00, 0x1d, 0x00, 0x00,
  0x00, 0x1d, 0x00, 0x00, 0x00, 0x1d, 0x00, 0x00, 0x00, 0x1d, 0x00, 0x00, 0x00, 0xff, 0xff, 0xff,
  0xff, 0xff, 0xff, 0xff, 0xff, 0xff, 0xff, 0xff, 0xff, 0xff, 0xff, 0xff, 0xff, 0xff, 0xff, 0xff,
  0xff, 0xff, 0xff, 0xff, 0xff, 0xff, 0xff, 0xff, 0xff, 0x1d, 0x00, 0x00, 0x00, 0x1d, 0x00, 0x00,
  0x00, 0x1d, 0x00, 0x00, 0x00, 0x1d, 0x00, 0x00, 0x00, 0x1d, 0x00, 0x00, 0x00, 0x1d, 0x00, 0x00,
  0x00, 0x1d, 0x00, 0x00, 0x00, 0x1d, 0x00, 0x00, 0x00, 0x1d, 0x00, 0x00, 0x00, 0x1d, 0x00, 0x00,
  0x00, 0x1d, 0x00, 0x00, 0x00, 0x1d, 0x00, 0x00, 0x00, 0x1d, 0x00, 0x00, 0x00, 0x1d, 0x00, 0x00,
  0x00, 0x1d, 0x00, 0x00, 0x00, 0x1d, 0x00, 0x00, 0x00, 0x1d, 0x00, 0x00, 0x00, 0x1d, 0x00, 0x00,
  0x00, 0x1d, 0x00, 0x00, 0x00, 0x1d, 0x00, 0x00, 0x00, 0x1d, 0x00, 0x00, 0x00, 0x1d, 0x00, 0x00,
  0x00, 0x1d, 0x00, 0x00, 0x00, 0x1d, 0x00, 0x00, 0x00, 0x1d, 0x00, 0x00, 0x00, 0x1d, 0x00, 0x00,
  0x00, 0xff, 0xff, 0xff, 0xff, 0xff, 0xff, 0xff, 0xff, 0xff, 0xff, 0xff, 0xff, 0xff, 0xff, 0xff,
  0xff, 0x1d, 0x00, 0x00, 0x00, 0xff, 0xff, 0xff, 0xff, 0x1d, 0x00, 0x00, 0x00, 0x1d, 0x00, 0x00,
  0x00, 0x1d, 0x00, 0x00, 0x00, 0x1d, 0x00, 0x00, 0x00, 0x1d, 0x00, 0x00, 0x00, 0x1d, 0x00, 0x00,
  0x00, 0x1d, 0x00, 0x00, 0x00, 0x1d, 0x00, 0x00, 0x00, 0x1d, 0x00, 0x00, 0x00, 0x1d, 0x00, 0x00,
  0x00, 0x1d, 0x00, 0x00, 0x00, 0x1d, 0x00, 0x00, 0x00, 0x1d, 0x00, 0x00, 0x00, 0x1d, 0x00, 0x00,
  0x00, 0x1d, 0x00, 0x00, 0x00, 0x1d, 0x00, 0x00, 0x00, 0x1d, 0x00, 0x00, 0x00, 0x29, 0x00, 0x00,
  0x00, 0x1d, 0x00, 0x00, 0x00, 0x1d, 0x00, 0x00, 0x00, 0x1d, 0x00, 0x00, 0x00, 0x1d, 0x00, 0x00,
  0x00, 0x1d, 0x00, 0x00, 0x00, 0x1d, 0x00, 0x00, 0x00, 0x1d, 0x00, 0x00, 0x00, 0x1d, 0x00, 0x00,
  0x00, 0xff, 0xff, 0xff, 0xff, 0xff, 0xff, 0xff, 0xff, 0xff, 0xff, 0xff, 0xff, 0xff, 0xff, 0xff,
  0xff, 0xff, 0xff, 0xff, 0xff, 0xff, 0xff, 0xff, 0xff, 0xff, 0xff, 0xff, 0xff, 0xff, 0xff, 0xff,
  0xff, 0xff, 0xff, 0xff, 0xff, 0xff, 0xff, 0xff, 0xff, 0xff, 0xff, 0xff, 0xff, 0xff, 0xff, 0xff,
  0xff, 0xff, 0xff, 0xff, 0xff, 0xff, 0xff, 0xff, 0xff, 0xff, 0xff, 0xff, 0xff, 0xff, 0xff, 0xff,
  0xff, 0xff, 0xff, 0xff, 0xff, 0xff, 0xff, 0xff, 0xff, 0xff, 0xff, 0xff, 0xff, 0xff, 0xff, 0xff,
  0xff, 0xff, 0xff, 0xff, 0xff, 0xff, 0xff, 0xff, 0xff, 0xff, 0xff, 0xff, 0xff, 0xff, 0xff, 0xff,
  0xff, 0xff, 0xff, 0xff, 0xff, 0xff, 0xff, 0xff, 0xff, 0xff, 0xff, 0xff, 0xff, 0xff, 0xff, 0xff,
  0xff, 0xff, 0xff, 0xff, 0xff, 0xff, 0xff, 0xff, 0xff, 0xff, 0xff, 0xff, 0xff, 0xff, 0xff, 0xff,
  0xff, 0xff, 0xff, 0xff, 0xff, 0xff, 0xff, 0xff, 0xff, 0xff, 0xff, 0xff, 0xff, 0xff, 0xff, 0xff,
  0xff, 0xff, 0xff, 0xff, 0xff, 0xff, 0xff, 0xff, 0xff, 0xff, 0xff, 0xff, 0xff, 0xff, 0xff, 0xff,
  0xff, 0xff, 0xff, 0xff, 0xff, 0xff, 0xff, 0xff, 0xff, 0xff, 0xff, 0xff, 0xff, 0xff, 0xff, 0xff,
  0xff, 0xff, 0xff, 0xff, 0xff, 0xff, 0xff, 0xff, 0xff, 0xff, 0xff, 0xff, 0xff, 0xff, 0xff, 0xff,
  0xff, 0xff, 0xff, 0xff, 0xff, 0xff, 0xff, 0xff, 0xff, 0xff, 0xff, 0xff, 0xff, 0xff, 0xff, 0xff,
  0xff, 0xff, 0xff, 0xff, 0xff, 0x1d, 0x00, 0x00, 0x00, 0x1d, 0x00, 0x00, 0x00, 0x1d, 0x00, 0x00,
  0x00, 0x1d, 0x00, 0x00, 0x00, 0x1d, 0x00, 0x00, 0x00, 0x1d, 0x00, 0x00, 0x00, 0x1d, 0x00, 0x00,
  0x00, 0x1d, 0x00, 0x00, 0x00, 0x1d, 0x00, 0x00, 0x00, 0x1d, 0x00, 0x00, 0x00, 0xff, 0xff, 0xff,
  0xff, 0xff, 0xff, 0xff, 0xff, 0xff, 0xff, 0xff, 0xff, 0xff, 0xff, 0xff, 0xff, 0xff, 0xff, 0xff,
  0xff, 0xff, 0xff, 0xff, 0xff, 0xff, 0xff, 0xff, 0xff, 0x1d, 0x00, 0x00, 0x00, 0x1d, 0x00, 0x00,
  0x00, 0x1d, 0x00, 0x00, 0x00, 0x1d, 0x00, 0x00, 0x00, 0x1d, 0x00, 0x00, 0x00, 0x1d, 0x00, 0x00,
  0x00, 0x1d, 0x00, 0x00, 0x00, 0x1d, 0x00, 0x00, 0x00, 0x1d, 0x00, 0x00, 0x00, 0x1d, 0x00, 0x00,
  0x00, 0x1d, 0x00, 0x00, 0x00, 0x1d, 0x00, 0x00, 0x00, 0x1d, 0x00, 0x00, 0x00, 0x1d, 0x00, 0x00,
  0x00, 0x1d, 0x00, 0x00, 0x00, 0x1d, 0x00, 0x00, 0x00, 0x1d, 0x00, 0x00, 0x00, 0x1d, 0x00, 0x00,
  0x00, 0x1d, 0x00, 0x00, 0x00, 0x1d, 0x00, 0x00, 0x00, 0x1d, 0x00, 0x00, 0x00, 0x1d, 0x00, 0x00,
  0x00, 0x1d, 0x00, 0x00, 0x00, 0x1d, 0x00, 0x00, 0x00, 0x1d, 0x00, 0x00, 0x00, 0x1d, 0x00, 0x00,
  0x00, 0xff, 0xff, 0xff, 0xff, 0xff, 0xff, 0xff, 0xff, 0xff, 0xff, 0xff, 0xff, 0xff, 0xff, 0xff,
  0xff, 0x1d, 0x00, 0x00, 0x00, 0xff, 0xff, 0xff, 0xff, 0x1d, 0x00, 0x00, 0x00, 0x1d, 0x00, 0x00,
  0x00, 0x1d, 0x00, 0x00, 0x00, 0x1d, 0x00, 0x00, 0x00, 0x2a, 0x00, 0x00, 0x00, 0x1d, 0x00, 0x00,
  0x00, 0x1d, 0x00, 0x00, 0x00, 0x1d, 0x00, 0x00, 0x00, 0x1d, 0x00, 0x00, 0x00, 0x1d, 0x00, 0x00,
  0x00, 0x1d, 0x00, 0x00, 0x00, 0x1d, 0x00, 0x00, 0x00, 0x1d, 0x00, 0x00, 0x00, 0x1d, 0x00, 0x00,
  0x00, 0x1d, 0x00, 0x00, 0x00, 0x1d, 0x00, 0x00, 0x00, 0x1d, 0x00, 0x00, 0x00, 0x1d, 0x00, 0x00,
  0x00, 0x1d, 0x00, 0x00, 0x00, 0x1d, 0x00, 0x00, 0x00, 0x1d, 0x00, 0x00, 0x00, 0x1d, 0x00, 0x00,
  0x00, 0x1d, 0x00, 0x00, 0x00, 0x1d, 0x00, 0x00, 0x00, 0x1d, 0x00, 0x00, 0x00, 0x1d, 0x00, 0x00,
  0x00, 0xff, 0xff, 0xff, 0xff, 0xff, 0xff, 0xff, 0xff, 0xff, 0xff, 0xff, 0xff, 0xff, 0xff, 0xff,
  0xff, 0xff, 0xff, 0xff, 0xff, 0xff, 0xff, 0xff, 0xff, 0xff, 0xff, 0xff, 0xff, 0xff, 0xff, 0xff,
  0xff, 0xff, 0xff, 0xff, 0xff, 0xff, 0xff, 0xff, 0xff, 0xff, 0xff, 0xff, 0xff, 0xff, 0xff, 0xff,
  0xff, 0xff, 0xff, 0xff, 0xff, 0xff, 0xff, 0xff, 0xff, 0xff, 0xff, 0xff, 0xff, 0xff, 0xff, 0xff,
  0xff, 0xff, 0xff, 0xff, 0xff, 0xff, 0xff, 0xff, 0xff, 0xff, 0xff, 0xff, 0xff, 0xff, 0xff, 0xff,
  0xff, 0xff, 0xff, 0xff, 0xff, 0xff, 0xff, 0xff, 0xff, 0xff, 0xff, 0xff, 0xff, 0xff, 0xff, 0xff,
  0xff, 0xff, 0xff, 0xff, 0xff, 0xff, 0xff, 0xff, 0xff, 0xff, 0xff, 0xff, 0xff, 0xff, 0xff, 0xff,
  0xff, 0xff, 0xff, 0xff, 0xff, 0xff, 0xff, 0xff, 0xff, 0xff, 0xff, 0xff, 0xff, 0xff, 0xff, 0xff,
  0xff, 0xff, 0xff, 0xff, 0xff, 0xff, 0xff, 0xff, 0xff, 0xff, 0xff, 0xff, 0xff, 0xff, 0xff, 0xff,
  0xff, 0xff, 0xff, 0xff, 0xff, 0xff, 0xff, 0xff, 0xff, 0xff, 0xff, 0xff, 0xff, 0xff, 0xff, 0xff,
  0xff, 0xff, 0xff, 0xff, 0xff, 0xff, 0xff, 0xff, 0xff, 0xff, 0xff, 0xff, 0xff, 0xff, 0xff, 0xff,
  0xff, 0xff, 0xff, 0xff, 0xff, 0xff, 0xff, 0xff, 0xff, 0xff, 0xff, 0xff, 0xff, 0xff, 0xff, 0xff,
  0xff, 0xff, 0xff, 0xff, 0xff, 0xff, 0xff, 0xff, 0xff, 0xff, 0xff, 0xff, 0xff, 0xff, 0xff, 0xff,
  0xff, 0xff, 0xff, 0xff, 0xff, 0x1d, 0x00, 0x00, 0x00, 0x1d, 0x00, 0x00, 0x00, 0x1d, 0x00, 0x00,
  0x00, 0x1d, 0x00, 0x00, 0x00, 0x1d, 0x00, 0x00, 0x00, 0x1d, 0x00, 0x00, 0x00, 0x1d, 0x00, 0x00,
  0x00, 0x1d, 0x00, 0x00, 0x00, 0x1d, 0x00, 0x00, 0x00, 0x1d, 0x00, 0x00, 0x00, 0xff, 0xff, 0xff,
  0xff, 0xff, 0xff, 0xff, 0xff, 0xff, 0xff, 0xff, 0xff, 0xff, 0xff, 0xff, 0xff, 0xff, 0xff, 0xff,
  0xff, 0xff, 0xff, 0xff, 0xff, 0xff, 0xff, 0xff, 0xff, 0x1d, 0x00, 0x00, 0x00, 0x1d, 0x00, 0x00,
  0x00, 0x1d, 0x00, 0x00, 0x00, 0x1d, 0x00, 0x00, 0x00, 0x1d, 0x00, 0x00, 0x00, 0x1d, 0x00, 0x00,
  0x00, 0x1d, 0x00, 0x00, 0x00, 0x1d, 0x00, 0x00, 0x00, 0x1d, 0x00, 0x00, 0x00, 0x1d, 0x00, 0x00,
  0x00, 0x1d, 0x00, 0x00, 0x00, 0x1d, 0x00, 0x00, 0x00, 0x1d, 0x00, 0x00, 0x00, 0x1d, 0x00, 0x00,
  0x00, 0x1d, 0x00, 0x00, 0x00, 0x1d, 0x00, 0x00, 0x00, 0x1d, 0x00, 0x00, 0x00, 0x1d, 0x00, 0x00,
  0x00, 0x1d, 0x00, 0x00, 0x00, 0x1d, 0x00, 0x00, 0x00, 0x1d, 0x00, 0x00, 0x00, 0x1d, 0x00, 0x00,
  0x00, 0x1d, 0x00, 0x00, 0x00, 0x1d, 0x00, 0x00, 0x00, 0x1d, 0x00, 0x00, 0x00, 0x1d, 0x00, 0x00,
  0x00, 0xff, 0xff, 0xff, 0xff, 0xff, 0xff, 0xff, 0xff, 0xff, 0xff, 0xff, 0xff, 0xff, 0xff, 0xff,
  0xff, 0x1d, 0x00, 0x00, 0x00, 0xff, 0xff, 0xff, 0xff, 0x1d, 0x00, 0x00, 0x00, 0x1d, 0x00, 0x00,
  0x00, 0x1d, 0x00, 0x00, 0x00, 0x1d, 0x00, 0x00, 0x00, 0x1d, 0x00, 0x00, 0x00, 0x1d, 0x00, 0x00,
  0x00, 0x1d, 0x00, 0x00, 0x00, 0x1d, 0x00, 0x00, 0x00, 0x1d, 0x00, 0x00, 0x00, 0x1d, 0x00, 0x00,
  0x00, 0x1d, 0x00, 0x00, 0x00, 0x1d, 0x00, 0x00, 0x00, 0x1d, 0x00, 0x00, 0x00, 0x1d, 0x00, 0x00,
  0x00, 0x1d, 0x00, 0x00, 0x00, 0x1d, 0x00, 0x00, 0x00, 0x2b, 0x00, 0x00, 0x00, 0x1d, 0x00, 0x00,
  0x00, 0x1d, 0x00, 0x00, 0x00, 0x1d, 0x00, 0x00, 0x00, 0x2c, 0x00, 0x00, 0x00, 0x1d, 0x00, 0x00,
  0x00, 0x1d, 0x00, 0x00, 0x00, 0x1d, 0x00, 0x00, 0x00, 0x1d, 0x00, 0x00, 0x00, 0x1d, 0x00, 0x00,
  0x00, 0xff, 0xff, 0xff, 0xff, 0xff, 0xff, 0xff, 0xff, 0xff, 0xff, 0xff, 0xff, 0xff, 0xff, 0xff,
  0xff, 0xff, 0xff, 0xff, 0xff, 0xff, 0xff, 0xff, 0xff, 0xff, 0xff, 0xff, 0xff, 0xff, 0xff, 0xff,
  0xff, 0xff, 0xff, 0xff, 0xff, 0xff, 0xff, 0xff, 0xff, 0xff, 0xff, 0xff, 0xff, 0xff, 0xff, 0xff,
  0xff, 0xff, 0xff, 0xff, 0xff, 0xff, 0xff, 0xff, 0xff, 0xff, 0xff, 0xff, 0xff, 0xff, 0xff, 0xff,
  0xff, 0xff, 0xff, 0xff, 0xff, 0xff, 0xff, 0xff, 0xff, 0xff, 0xff, 0xff, 0xff, 0xff, 0xff, 0xff,
  0xff, 0xff, 0xff, 0xff, 0xff, 0xff, 0xff, 0xff, 0xff, 0xff, 0xff, 0xff, 0xff, 0xff, 0xff, 0xff,
  0xff, 0xff, 0xff, 0xff, 0xff, 0xff, 0xff, 0xff, 0xff, 0xff, 0xff, 0xff, 0xff, 0xff, 0xff, 0xff,
  0xff, 0xff, 0xff, 0xff, 0xff, 0xff, 0xff, 0xff, 0xff, 0xff, 0xff, 0xff, 0xff, 0xff, 0xff, 0xff,
  0xff, 0xff, 0xff, 0xff, 0xff, 0xff, 0xff, 0xff, 0xff, 0xff, 0xff, 0xff, 0xff, 0xff, 0xff, 0xff,
  0xff, 0xff, 0xff, 0xff, 0xff, 0xff, 0xff, 0xff, 0xff, 0xff, 0xff, 0xff, 0xff, 0xff, 0xff, 0xff,
  0xff, 0xff, 0xff, 0xff, 0xff, 0xff, 0xff, 0xff, 0xff, 0xff, 0xff, 0xff, 0xff, 0xff, 0xff, 0xff,
  0xff, 0xff, 0xff, 0xff, 0xff, 0xff, 0xff, 0xff, 0xff, 0xff, 0xff, 0xff, 0xff, 0xff, 0xff, 0xff,
  0xff, 0xff, 0xff, 0xff, 0xff, 0xff, 0xff, 0xff, 0xff, 0xff, 0xff, 0xff, 0xff, 0xff, 0xff, 0xff,
  0xff, 0xff, 0xff, 0xff, 0xff, 0x1d, 0x00, 0x00, 0x00, 0x1d, 0x00, 0x00, 0x00, 0x1d, 0x00, 0x00,
  0x00, 0x1d, 0x00, 0x00, 0x00, 0x1d, 0x00, 0x00, 0x00, 0x1d, 0x00, 0x00, 0x00, 0x1d, 0x00, 0x00,
  0x00, 0x1d, 0x00, 0x00, 0x00, 0x1d, 0x00, 0x00, 0x00, 0x1d, 0x00, 0x00, 0x00, 0xff, 0xff, 0xff,
  0xff, 0xff, 0xff, 0xff, 0xff, 0xff, 0xff, 0xff, 0xff, 0xff, 0xff, 0xff, 0xff, 0xff, 0xff, 0xff,
  0xff, 0xff, 0xff, 0xff, 0xff, 0xff, 0xff, 0xff, 0xff, 0x1d, 0x00, 0x00, 0x00, 0x1d, 0x00, 0x00,
  0x00, 0x1d, 0x00, 0x00, 0x00, 0x1d, 0x00, 0x00, 0x00, 0x1d, 0x00, 0x00, 0x00, 0x1d, 0x00, 0x00,
  0x00, 0x1d, 0x00, 0x00, 0x00, 0x1d, 0x00, 0x00, 0x00, 0x1d, 0x00, 0x00, 0x00, 0x1d, 0x00, 0x00,
  0x00, 0x1d, 0x00, 0x00, 0x00, 0x1d, 0x00, 0x00, 0x00, 0x1d, 0x00, 0x00, 0x00, 0x1d, 0x00, 0x00,
  0x00, 0x1d, 0x00, 0x00, 0x00, 0x1d, 0x00, 0x00, 0x00, 0x1d, 0x00, 0x00, 0x00, 0x1d, 0x00, 0x00,
  0x00, 0x1d, 0x00, 0x00, 0x00, 0x1d, 0x00, 0x00, 0x00, 0x1d, 0x00, 0x00, 0x00, 0x1d, 0x00, 0x00,
  0x00, 0x1d, 0x00, 0x00, 0x00, 0x1d, 0x00, 0x00, 0x00, 0x1d, 0x00, 0x00, 0x00, 0x1d, 0x00, 0x00,
  0x00, 0xff, 0xff, 0xff, 0xff, 0xff, 0xff, 0xff, 0xff, 0xff, 0xff, 0xff, 0xff, 0xff, 0xff, 0xff,
  0xff, 0x1d, 0x00, 0x00, 0x00, 0xff, 0xff, 0xff, 0xff, 0x2d, 0x00, 0x00, 0x00, 0x1d, 0x00, 0x00,
  0x00, 0x1d, 0x00, 0x00, 0x00, 0x1d, 0x00, 0x00, 0x00, 0x1d, 0x00, 0x00, 0x00, 0x1d, 0x00, 0x00,
  0x00, 0x1d, 0x00, 0x00, 0x00, 0x1d, 0x00, 0x00, 0x00, 0x1d, 0x00, 0x00, 0x00, 0x1d, 0x00, 0x00,
  0x00, 0x1d, 0x00, 0x00, 0x00, 0x1d, 0x00, 0x00, 0x00, 0x1d, 0x00, 0x00, 0x00, 0x1d, 0x00, 0x00,
  0x00, 0x1d, 0x00, 0x00, 0x00, 0x1d, 0x00, 0x00, 0x00, 0x1d, 0x00, 0x00, 0x00, 0x1d, 0x00, 0x00,
  0x00, 0x1d, 0x00, 0x00, 0x00, 0x1d, 0x00, 0x00, 0x00, 0x1d, 0x00, 0x00, 0x00, 0x1d, 0x00, 0x00,
  0x00, 0x1d, 0x00, 0x00, 0x00, 0x1d, 0x00, 0x00, 0x00, 0x1d, 0x00, 0x00, 0x00, 0x1d, 0x00, 0x00,
  0x00, 0xff, 0xff, 0xff, 0xff, 0xff, 0xff, 0xff, 0xff, 0xff, 0xff, 0xff, 0xff, 0xff, 0xff, 0xff,
  0xff, 0xff, 0xff, 0xff, 0xff, 0xff, 0xff, 0xff, 0xff, 0xff, 0xff, 0xff, 0xff, 0xff, 0xff, 0xff,
  0xff, 0xff, 0xff, 0xff, 0xff, 0xff, 0xff, 0xff, 0xff, 0xff, 0xff, 0xff, 0xff, 0xff, 0xff, 0xff,
  0xff, 0xff, 0xff, 0xff, 0xff, 0xff, 0xff, 0xff, 0xff, 0x19, 0x00, 0x00, 0x00, 0x19, 0x00, 0x00,
  0x00, 0xff, 0xff, 0xff, 0xff, 0xff, 0xff, 0xff, 0xff, 0x19, 0x00, 0x00, 0x00, 0xff, 0xff, 0xff,
  0xff, 0xff, 0xff, 0xff, 0xff, 0xff, 0xff, 0xff, 0xff, 0xff, 0xff, 0xff, 0xff, 0xff, 0xff, 0xff,
  0xff, 0xff, 0xff, 0xff, 0xff, 0xff, 0xff, 0xff, 0xff, 0xff, 0xff, 0xff, 0xff, 0xff, 0xff, 0xff,
  0xff, 0xff, 0xff, 0xff, 0xff, 0xff, 0xff, 0xff, 0xff, 0xff, 0xff, 0xff, 0xff, 0xff, 0xff, 0xff,
  0xff, 0xff, 0xff, 0xff, 0xff, 0xff, 0xff, 0xff, 0xff, 0xff, 0xff, 0xff, 0xff, 0xff, 0xff, 0xff,
  0xff, 0xff, 0xff, 0xff, 0xff, 0x19, 0x00, 0x00, 0x00, 0xff, 0xff, 0xff, 0xff, 0xff, 0xff, 0xff,
  0xff, 0xff, 0xff, 0xff, 0xff, 0xff, 0xff, 0xff, 0xff, 0xff, 0xff, 0xff, 0xff, 0xff, 0xff, 0xff,
  0xff, 0xff, 0xff, 0xff, 0xff, 0xff, 0xff, 0xff, 0xff, 0xff, 0xff, 0xff, 0xff, 0xff, 0xff, 0xff,
  0xff, 0xff, 0xff, 0xff, 0xff, 0xff, 0xff, 0xff, 0xff, 0xff, 0xff, 0xff, 0xff, 0xff, 0xff, 0xff,
  0xff, 0xff, 0xff, 0xff, 0xff, 0xff, 0xff, 0xff, 0xff, 0xff, 0xff, 0xff, 0xff, 0xff, 0xff, 0xff,
  0xff, 0xff, 0xff, 0xff, 0xff, 0xff, 0xff, 0xff, 0xff, 0xff, 0xff, 0xff, 0xff, 0xff, 0xff, 0xff,
  0xff, 0xff, 0xff, 0xff, 0xff, 0xff, 0xff, 0xff, 0xff, 0xff, 0xff, 0xff, 0xff, 0xff, 0xff, 0xff,
  0xff, 0xff, 0xff, 0xff, 0xff, 0xff, 0xff, 0xff, 0xff, 0xff, 0xff, 0xff, 0xff, 0xff, 0xff, 0xff,
  0xff, 0xff, 0xff, 0xff, 0xff, 0xff, 0xff, 0xff, 0xff, 0xff, 0xff, 0xff, 0xff, 0xff, 0xff, 0xff,
  0xff, 0xff, 0xff, 0xff, 0xff, 0xff, 0xff, 0xff, 0xff, 0xff, 0xff, 0xff, 0xff, 0xff, 0xff, 0xff,
  0xff, 0xff, 0xff, 0xff, 0xff, 0xff, 0xff, 0xff, 0xff, 0xff, 0xff, 0xff, 0xff, 0xff, 0xff, 0xff,
  0xff, 0xff, 0xff, 0xff, 0xff, 0xff, 0xff, 0xff, 0xff, 0xff, 0xff, 0xff, 0xff, 0xff, 0xff, 0xff,
  0xff, 0xff, 0xff, 0xff, 0xff, 0xff, 0xff, 0xff, 0xff, 0xff, 0xff, 0xff, 0xff, 0xff, 0xff, 0xff,
  0xff, 0xff, 0xff, 0xff, 0xff, 0xff, 0xff, 0xff, 0xff, 0xff, 0xff, 0xff, 0xff, 0xff, 0xff, 0xff,
  0xff, 0xff, 0xff, 0xff, 0xff, 0xff, 0xff, 0xff, 0xff, 0xff, 0xff, 0xff, 0xff, 0xff, 0xff, 0xff,
  0xff, 0xff, 0xff, 0xff, 0xff, 0xff, 0xff, 0xff, 0xff, 0xff, 0xff, 0xff, 0xff, 0xff, 0xff, 0xff,
  0xff, 0xff, 0xff, 0xff, 0xff, 0xff, 0xff, 0xff, 0xff, 0xff, 0xff, 0xff, 0xff, 0xff, 0xff, 0xff,
  0xff, 0xff, 0xff, 0xff, 0xff, 0xff, 0xff, 0xff, 0xff, 0xff, 0xff, 0xff, 0xff, 0xff, 0xff, 0xff,
  0xff, 0xff, 0xff, 0xff, 0xff, 0xff, 0xff, 0xff, 0xff, 0xff, 0xff, 0xff, 0xff, 0xff, 0xff, 0xff,
  0xff, 0xff, 0xff, 0xff, 0xff, 0xff, 0xff, 0xff, 0xff, 0xff, 0xff, 0xff, 0xff, 0xff, 0xff, 0xff,
  0xff, 0xff, 0xff, 0xff, 0xff, 0xff, 0xff, 0xff, 0xff, 0xff, 0xff, 0xff, 0xff, 0xff, 0xff, 0xff,
  0xff, 0xff, 0xff, 0xff, 0xff, 0xff, 0xff, 0xff, 0xff, 0xff, 0xff, 0xff, 0xff, 0xff, 0xff, 0xff,
  0xff, 0xff, 0xff, 0xff, 0xff, 0xff, 0xff, 0xff, 0xff, 0xff, 0xff, 0xff, 0xff, 0xff, 0xff, 0xff,
  0xff, 0xff, 0xff, 0xff, 0xff, 0xff, 0xff, 0xff, 0xff, 0xff, 0xff, 0xff, 0xff, 0xff, 0xff, 0xff,
  0xff, 0xff, 0xff, 0xff, 0xff, 0xff, 0xff, 0xff, 0xff, 0xff, 0xff, 0xff, 0xff, 0xff, 0xff, 0xff,
  0xff, 0xff, 0xff, 0xff, 0xff, 0xff, 0xff, 0xff, 0xff, 0xff, 0xff, 0xff, 0xff, 0xff, 0xff, 0xff,
  0xff, 0xff, 0xff, 0xff, 0xff, 0xff, 0xff, 0xff, 0xff, 0xff, 0xff, 0xff, 0xff, 0xff, 0xff, 0xff,
  0xff, 0xff, 0xff, 0xff, 0xff, 0xff, 0xff, 0xff, 0xff, 0xff, 0xff, 0xff, 0xff, 0xff, 0xff, 0xff,
  0xff, 0xff, 0xff, 0xff, 0xff, 0xff, 0xff, 0xff, 0xff, 0xff, 0xff, 0xff, 0xff, 0xff, 0xff, 0xff,
  0xff, 0xff, 0xff, 0xff, 0xff, 0xff, 0xff, 0xff, 0xff, 0xff, 0xff, 0xff, 0xff, 0xff, 0xff, 0xff,
  0xff, 0xff, 0xff, 0xff, 0xff, 0xff, 0xff, 0xff, 0xff, 0xff, 0xff, 0xff, 0xff, 0xff, 0xff, 0xff,
  0xff, 0xff, 0xff, 0xff, 0xff, 0xff, 0xff, 0xff, 0xff, 0xff, 0xff, 0xff, 0xff, 0xff, 0xff, 0xff,
  0xff, 0xff, 0xff, 0xff, 0xff, 0xff, 0xff, 0xff, 0xff, 0xff, 0xff, 0xff, 0xff, 0xff, 0xff, 0xff,
  0xff, 0xff, 0xff, 0xff, 0xff, 0xff, 0xff, 0xff, 0xff, 0xff, 0xff, 0xff, 0xff, 0xff, 0xff, 0xff,
  0xff, 0xff, 0xff, 0xff, 0xff, 0xff, 0xff, 0xff, 0xff, 0xff, 0xff, 0xff, 0xff, 0xff, 0xff, 0xff,
  0xff, 0xff, 0xff, 0xff, 0xff, 0xff, 0xff, 0xff, 0xff, 0xff, 0xff, 0xff, 0xff, 0xff, 0xff, 0xff,
  0xff, 0xff, 0xff, 0xff, 0xff, 0x1a, 0x00, 0x00, 0x00, 0x1a, 0x00, 0x00, 0x00, 0x1a, 0x00, 0x00,
  0x00, 0x1a, 0x00, 0x00, 0x00, 0x1a, 0x00, 0x00, 0x00, 0x1a, 0x00, 0x00, 0x00, 0x1a, 0x00, 0x00,
  0x00, 0x1a, 0x00, 0x00, 0x00, 0x1a, 0x00, 0x00, 0x00, 0x1a, 0x00, 0x00, 0x00, 0xff, 0xff, 0xff,
  0xff, 0xff, 0xff, 0xff, 0xff, 0xff, 0xff, 0xff, 0xff, 0xff, 0xff, 0xff, 0xff, 0xff, 0xff, 0xff,
  0xff, 0xff, 0xff, 0xff, 0xff, 0xff, 0xff, 0xff, 0xff, 0xff, 0xff, 0xff, 0xff, 0xff, 0xff, 0xff,
  0xff, 0xff, 0xff, 0xff, 0xff, 0xff, 0xff, 0xff, 0xff, 0xff, 0xff, 0xff, 0xff, 0xff, 0xff, 0xff,
  0xff, 0xff, 0xff, 0xff, 0xff, 0xff, 0xff, 0xff, 0xff, 0xff, 0xff, 0xff, 0xff, 0xff, 0xff, 0xff,
  0xff, 0xff, 0xff, 0xff, 0xff, 0xff, 0xff, 0xff, 0xff, 0xff, 0xff, 0xff, 0xff, 0xff, 0xff, 0xff,
  0xff, 0xff, 0xff, 0xff, 0xff, 0xff, 0xff, 0xff, 0xff, 0xff, 0xff, 0xff, 0xff, 0xff, 0xff, 0xff,
  0xff, 0xff, 0xff, 0xff, 0xff, 0xff, 0xff, 0xff, 0xff, 0xff, 0xff, 0xff, 0xff, 0xff, 0xff, 0xff,
  0xff, 0xff, 0xff, 0xff, 0xff, 0xff, 0xff, 0xff, 0xff, 0xff, 0xff, 0xff, 0xff, 0xff, 0xff, 0xff,
  0xff, 0xff, 0xff, 0xff, 0xff, 0xff, 0xff, 0xff, 0xff, 0xff, 0xff, 0xff, 0xff, 0xff, 0xff, 0xff,
  0xff, 0xff, 0xff, 0xff, 0xff, 0xff, 0xff, 0xff, 0xff, 0xff, 0xff, 0xff, 0xff, 0xff, 0xff, 0xff,
  0xff, 0xff, 0xff, 0xff, 0xff, 0xff, 0xff, 0xff, 0xff, 0xff, 0xff, 0xff, 0xff, 0xff, 0xff, 0xff,
  0xff, 0xff, 0xff, 0xff, 0xff, 0xff, 0xff, 0xff, 0xff, 0xff, 0xff, 0xff, 0xff, 0xff, 0xff, 0xff,
  0xff, 0xff, 0xff, 0xff, 0xff, 0xff, 0xff, 0xff, 0xff, 0xff, 0xff, 0xff, 0xff, 0xff, 0xff, 0xff,
  0xff, 0xff, 0xff, 0xff, 0xff, 0xff, 0xff, 0xff, 0xff, 0xff, 0xff, 0xff, 0xff, 0xff, 0xff, 0xff,
  0xff, 0xff, 0xff, 0xff, 0xff, 0xff, 0xff, 0xff, 0xff, 0xff, 0xff, 0xff, 0xff, 0xff, 0xff, 0xff,
  0xff, 0xff, 0xff, 0xff, 0xff, 0xff, 0xff, 0xff, 0xff, 0xff, 0xff, 0xff, 0xff, 0xff, 0xff, 0xff,
  0xff, 0xff, 0xff, 0xff, 0xff, 0xff, 0xff, 0xff, 0xff, 0xff, 0xff, 0xff, 0xff, 0xff, 0xff, 0xff,
  0xff, 0xff, 0xff, 0xff, 0xff, 0xff, 0xff, 0xff, 0xff, 0xff, 0xff, 0xff, 0xff, 0xff, 0xff, 0xff,
  0xff, 0xff, 0xff, 0xff, 0xff, 0xff, 0xff, 0xff, 0xff, 0xff, 0xff, 0xff, 0xff, 0xff, 0xff, 0xff,
  0xff, 0xff, 0xff, 0xff, 0xff, 0xff, 0xff, 0xff, 0xff, 0xff, 0xff, 0xff, 0xff, 0xff, 0xff, 0xff,
  0xff, 0xff, 0xff, 0xff, 0xff, 0xff, 0xff, 0xff, 0xff, 0xff, 0xff, 0xff, 0xff, 0xff, 0xff, 0xff,
  0xff, 0xff, 0xff, 0xff, 0xff, 0xff, 0xff, 0xff, 0xff, 0xff, 0xff, 0xff, 0xff, 0xff, 0xff, 0xff,
  0xff, 0xff, 0xff, 0xff, 0xff, 0xff, 0xff, 0xff, 0xff, 0xff, 0xff, 0xff, 0xff, 0xff, 0xff, 0xff,
  0xff, 0xff, 0xff, 0xff, 0xff, 0xff, 0xff, 0xff, 0xff, 0xff, 0xff, 0xff, 0xff, 0xff, 0xff, 0xff,
  0xff, 0xff, 0xff, 0xff, 0xff, 0xff, 0xff, 0xff, 0xff, 0xff, 0xff, 0xff, 0xff, 0xff, 0xff, 0xff,
  0xff, 0xff, 0xff, 0xff, 0xff, 0xff, 0xff, 0xff, 0xff, 0xff, 0xff, 0xff, 0xff, 0xff, 0xff, 0xff,
  0xff, 0xff, 0xff, 0xff, 0xff, 0xff, 0xff, 0xff, 0xff, 0xff, 0xff, 0xff, 0xff, 0xff, 0xff, 0xff,
  0xff, 0xff, 0xff, 0xff, 0xff, 0xff, 0xff, 0xff, 0xff, 0xff, 0xff, 0xff, 0xff, 0xff, 0xff, 0xff,
  0xff, 0xff, 0xff, 0xff, 0xff, 0xff, 0xff, 0xff, 0xff, 0xff, 0xff, 0xff, 0xff, 0xff, 0xff, 0xff,
  0xff, 0xff, 0xff, 0xff, 0xff, 0xff, 0xff, 0xff, 0xff, 0xff, 0xff, 0xff, 0xff, 0xff, 0xff, 0xff,
  0xff, 0xff, 0xff, 0xff, 0xff, 0xff, 0xff, 0xff, 0xff, 0xff, 0xff, 0xff, 0xff, 0xff, 0xff, 0xff,
  0xff, 0xff, 0xff, 0xff, 0xff, 0xff, 0xff, 0xff, 0xff, 0xff, 0xff, 0xff, 0xff, 0xff, 0xff, 0xff,
  0xff, 0xff, 0xff, 0xff, 0xff, 0xff, 0xff, 0xff, 0xff, 0xff, 0xff, 0xff, 0xff, 0xff, 0xff, 0xff,
  0xff, 0xff, 0xff, 0xff, 0xff, 0xff, 0xff, 0xff, 0xff, 0xff, 0xff, 0xff, 0xff, 0xff, 0xff, 0xff,
  0xff, 0xff, 0xff, 0xff, 0xff, 0xff, 0xff, 0xff, 0xff, 0xff, 0xff, 0xff, 0xff, 0xff, 0xff, 0xff,
  0xff, 0xff, 0xff, 0xff, 0xff, 0xff, 0xff, 0xff, 0xff, 0xff, 0xff, 0xff, 0xff, 0xff, 0xff, 0xff,
  0xff, 0xff, 0xff, 0xff, 0xff, 0xff, 0xff, 0xff, 0xff, 0xff, 0xff, 0xff, 0xff, 0xff, 0xff, 0xff,
  0xff, 0xff, 0xff, 0xff, 0xff, 0xff, 0xff, 0xff, 0xff, 0xff, 0xff, 0xff, 0xff, 0xff, 0xff, 0xff,
  0xff, 0xff, 0xff, 0xff, 0xff, 0xff, 0xff, 0xff, 0xff, 0xff, 0xff, 0xff, 0xff, 0xff, 0xff, 0xff,
  0xff, 0xff, 0xff, 0xff, 0xff, 0xff, 0xff, 0xff, 0xff, 0xff, 0xff, 0xff, 0xff, 0xff, 0xff, 0xff,
  0xff, 0xff, 0xff, 0xff, 0xff, 0xff, 0xff, 0xff, 0xff, 0xff, 0xff, 0xff, 0xff, 0xff, 0xff, 0xff,
  0xff, 0xff, 0xff, 0xff, 0xff, 0xff, 0xff, 0xff, 0xff, 0xff, 0xff, 0xff, 0xff, 0xff, 0xff, 0xff,
  0xff, 0xff, 0xff, 0xff, 0xff, 0xff, 0xff, 0xff, 0xff, 0xff, 0xff, 0xff, 0xff, 0xff, 0xff, 0xff,
  0xff, 0xff, 0xff, 0xff, 0xff, 0xff, 0xff, 0xff, 0xff, 0xff, 0xff, 0xff, 0xff, 0xff, 0xff, 0xff,
  0xff, 0xff, 0xff, 0xff, 0xff, 0xff, 0xff, 0xff, 0xff, 0xff, 0xff, 0xff, 0xff, 0xff, 0xff, 0xff,
  0xff, 0xff, 0xff, 0xff, 0xff, 0xff, 0xff, 0xff, 0xff, 0xff, 0xff, 0xff, 0xff, 0xff, 0xff, 0xff,
  0xff, 0xff, 0xff, 0xff, 0xff, 0xff, 0xff, 0xff, 0xff, 0xff, 0xff, 0xff, 0xff, 0xff, 0xff, 0xff,
  0xff, 0xff, 0xff, 0xff, 0xff, 0xff, 0xff, 0xff, 0xff, 0xff, 0xff, 0xff, 0xff, 0xff, 0xff, 0xff,
  0xff, 0xff, 0xff, 0xff, 0xff, 0xff, 0xff, 0xff, 0xff, 0xff, 0xff, 0xff, 0xff, 0xff, 0xff, 0xff,
  0xff, 0xff, 0xff, 0xff, 0xff, 0xff, 0xff, 0xff, 0xff, 0xff, 0xff, 0xff, 0xff, 0xff, 0xff, 0xff,
  0xff, 0xff, 0xff, 0xff, 0xff, 0xff, 0xff, 0xff, 0xff, 0xff, 0xff, 0xff, 0xff, 0xff, 0xff, 0xff,
  0xff, 0xff, 0xff, 0xff, 0xff, 0xff, 0xff, 0xff, 0xff, 0xff, 0xff, 0xff, 0xff, 0xff, 0xff, 0xff,
  0xff, 0xff, 0xff, 0xff, 0xff, 0xff, 0xff, 0xff, 0xff, 0xff, 0xff, 0xff, 0xff, 0xff, 0xff, 0xff,
  0xff, 0xff, 0xff, 0xff, 0xff, 0xff, 0xff, 0xff, 0xff, 0xff, 0xff, 0xff, 0xff, 0xff, 0xff, 0xff,
  0xff, 0xff, 0xff, 0xff, 0xff, 0xff, 0xff, 0xff, 0xff, 0xff, 0xff, 0xff, 0xff, 0xff, 0xff, 0xff,
  0xff, 0xff, 0xff, 0xff, 0xff, 0xff, 0xff, 0xff, 0xff, 0xff, 0xff, 0xff, 0xff, 0xff, 0xff, 0xff,
  0xff, 0xff, 0xff, 0xff, 0xff, 0xff, 0xff, 0xff, 0xff, 0xff, 0xff, 0xff, 0xff, 0xff, 0xff, 0xff,
  0xff, 0xff, 0xff, 0xff, 0xff, 0xff, 0xff, 0xff, 0xff, 0xff, 0xff, 0xff, 0xff, 0xff, 0xff, 0xff,
  0xff, 0xff, 0xff, 0xff, 0xff, 0xff, 0xff, 0xff, 0xff, 0xff, 0xff, 0xff, 0xff, 0xff, 0xff, 0xff,
  0xff, 0xff, 0xff, 0xff, 0xff, 0xff, 0xff, 0xff, 0xff, 0xff, 0xff, 0xff, 0xff, 0xff, 0xff, 0xff,
  0xff, 0xff, 0xff, 0xff, 0xff, 0xff, 0xff, 0xff, 0xff, 0xff, 0xff, 0xff, 0xff, 0xff, 0xff, 0xff,
  0xff, 0xff, 0xff, 0xff, 0xff, 0xff, 0xff, 0xff, 0xff, 0xff, 0xff, 0xff, 0xff, 0xff, 0xff, 0xff,
  0xff, 0xff, 0xff, 0xff, 0xff, 0xff, 0xff, 0xff, 0xff, 0xff, 0xff, 0xff, 0xff, 0xff, 0xff, 0xff,
  0xff, 0xff, 0xff, 0xff, 0xff, 0xff, 0xff, 0xff, 0xff, 0xff, 0xff, 0xff, 0xff, 0xff, 0xff, 0xff,
  0xff, 0xff, 0xff, 0xff, 0xff, 0xff, 0xff, 0xff, 0xff, 0xff, 0xff, 0xff, 0xff, 0xff, 0xff, 0xff,
  0xff, 0xff, 0xff, 0xff, 0xff, 0xff, 0xff, 0xff, 0xff, 0xff, 0xff, 0xff, 0xff, 0xff, 0xff, 0xff,
  0xff, 0xff, 0xff, 0xff, 0xff, 0xff, 0xff, 0xff, 0xff, 0xff, 0xff, 0xff, 0xff, 0xff, 0xff, 0xff,
  0xff, 0xff, 0xff, 0xff, 0xff, 0xff, 0xff, 0xff, 0xff, 0xff, 0xff, 0xff, 0xff, 0xff, 0xff, 0xff,
  0xff, 0xff, 0xff, 0xff, 0xff, 0xff, 0xff, 0xff, 0xff, 0xff, 0xff, 0xff, 0xff, 0xff, 0xff, 0xff,
  0xff, 0xff, 0xff, 0xff, 0xff, 0xff, 0xff, 0xff, 0xff, 0xff, 0xff, 0xff, 0xff, 0xff, 0xff, 0xff,
  0xff, 0xff, 0xff, 0xff, 0xff, 0xff, 0xff, 0xff, 0xff, 0xff, 0xff, 0xff, 0xff, 0xff, 0xff, 0xff,
  0xff, 0xff, 0xff, 0xff, 0xff, 0xff, 0xff, 0xff, 0xff, 0xff, 0xff, 0xff, 0xff, 0xff, 0xff, 0xff,
  0xff, 0xff, 0xff, 0xff, 0xff, 0xff, 0xff, 0xff, 0xff, 0xff, 0xff, 0xff, 0xff, 0xff, 0xff, 0xff,
  0xff, 0xff, 0xff, 0xff, 0xff, 0xff, 0xff, 0xff, 0xff, 0xff, 0xff, 0xff, 0xff, 0xff, 0xff, 0xff,
  0xff, 0xff, 0xff, 0xff, 0xff, 0xff, 0xff, 0xff, 0xff, 0xff, 0xff, 0xff, 0xff, 0xff, 0xff, 0xff,
  0xff, 0xff, 0xff, 0xff, 0xff, 0xff, 0xff, 0xff, 0xff, 0xff, 0xff, 0xff, 0xff, 0xff, 0xff, 0xff,
  0xff, 0xff, 0xff, 0xff, 0xff, 0xff, 0xff, 0xff, 0xff, 0xff, 0xff, 0xff, 0xff, 0xff, 0xff, 0xff,
  0xff, 0xff, 0xff, 0xff, 0xff, 0xff, 0xff, 0xff, 0xff, 0xff, 0xff, 0xff, 0xff, 0xff, 0xff, 0xff,
  0xff, 0xff, 0xff, 0xff, 0xff, 0xff, 0xff, 0xff, 0xff, 0xff, 0xff, 0xff, 0xff, 0xff, 0xff, 0xff,
  0xff, 0xff, 0xff, 0xff, 0xff, 0xff, 0xff, 0xff, 0xff, 0xff, 0xff, 0xff, 0xff, 0xff, 0xff, 0xff,
  0xff, 0xff, 0xff, 0xff, 0xff, 0xff, 0xff, 0xff, 0xff, 0xff, 0xff, 0xff, 0xff, 0xff, 0xff, 0xff,
  0xff, 0xff, 0xff, 0xff, 0xff, 0xff, 0xff, 0xff, 0xff, 0xff, 0xff, 0xff, 0xff, 0xff, 0xff, 0xff,
  0xff, 0xff, 0xff, 0xff, 0xff, 0xff, 0xff, 0xff, 0xff, 0xff, 0xff, 0xff, 0xff, 0xff, 0xff, 0xff,
  0xff, 0xff, 0xff, 0xff, 0xff, 0xff, 0xff, 0xff, 0xff, 0xff, 0xff, 0xff, 0xff, 0xff, 0xff, 0xff,
  0xff, 0xff, 0xff, 0xff, 0xff, 0xff, 0xff, 0xff, 0xff, 0xff, 0xff, 0xff, 0xff, 0xff, 0xff, 0xff,
  0xff, 0xff, 0xff, 0xff, 0xff, 0xff, 0xff, 0xff, 0xff, 0xff, 0xff, 0xff, 0xff, 0xff, 0xff, 0xff,
  0xff, 0xff, 0xff, 0xff, 0xff, 0xff, 0xff, 0xff, 0xff, 0xff, 0xff, 0xff, 0xff, 0xff, 0xff, 0xff,
  0xff, 0xff, 0xff, 0xff, 0xff, 0xff, 0xff, 0xff, 0xff, 0xff, 0xff, 0xff, 0xff, 0xff, 0xff, 0xff,
  0xff, 0xff, 0xff, 0xff, 0xff, 0xff, 0xff, 0xff, 0xff, 0xff, 0xff, 0xff, 0xff, 0xff, 0xff, 0xff,
  0xff, 0xff, 0xff, 0xff, 0xff, 0xff, 0xff, 0xff, 0xff, 0xff, 0xff, 0xff, 0xff, 0xff, 0xff, 0xff,
  0xff, 0xff, 0xff, 0xff, 0xff, 0xff, 0xff, 0xff, 0xff, 0xff, 0xff, 0xff, 0xff, 0xff, 0xff, 0xff,
  0xff, 0xff, 0xff, 0xff, 0xff, 0xff, 0xff, 0xff, 0xff, 0xff, 0xff, 0xff, 0xff, 0xff, 0xff, 0xff,
  0xff, 0xff, 0xff, 0xff, 0xff, 0xff, 0xff, 0xff, 0xff, 0xff, 0xff, 0xff, 0xff, 0xff, 0xff, 0xff,
  0xff, 0xff, 0xff, 0xff, 0xff, 0x1d, 0x00, 0x00, 0x00, 0x1d, 0x00, 0x00, 0x00, 0x1d, 0x00, 0x00,
  0x00, 0x1d, 0x00, 0x00, 0x00, 0x1d, 0x00, 0x00, 0x00, 0x1d, 0x00, 0x00, 0x00, 0x1d, 0x00, 0x00,
  0x00, 0x1d, 0x00, 0x00, 0x00, 0x1d, 0x00, 0x00, 0x00, 0x1d, 0x00, 0x00, 0x00, 0xff, 0xff, 0xff,
  0xff, 0xff, 0xff, 0xff, 0xff, 0xff, 0xff, 0xff, 0xff, 0xff, 0xff, 0xff, 0xff, 0xff, 0xff, 0xff,
  0xff, 0xff, 0xff, 0xff, 0xff, 0xff, 0xff, 0xff, 0xff, 0x1d, 0x00, 0x00, 0x00, 0x1d, 0x00, 0x00,
  0x00, 0x1d, 0x00, 0x00, 0x00, 0x1d, 0x00, 0x00, 0x00, 0x1d, 0x00, 0x00, 0x00, 0x1d, 0x00, 0x00,
  0x00, 0x1d, 0x00, 0x00, 0x00, 0x1d, 0x00, 0x00, 0x00, 0x1d, 0x00, 0x00, 0x00, 0x1d, 0x00, 0x00,
  0x00, 0x1d, 0x00, 0x00, 0x00, 0x1d, 0x00, 0x00, 0x00, 0x1d, 0x00, 0x00, 0x00, 0x1d, 0x00, 0x00,
  0x00, 0x1d, 0x00, 0x00, 0x00, 0x1d, 0x00, 0x00, 0x00, 0x1d, 0x00, 0x00, 0x00, 0x1d, 0x00, 0x00,
  0x00, 0x1d, 0x00, 0x00, 0x00, 0x1d, 0x00, 0x00, 0x00, 0x1d, 0x00, 0x00, 0x00, 0x1d, 0x00, 0x00,
  0x00, 0x1d, 0x00, 0x00, 0x00, 0x1d, 0x00, 0x00, 0x00, 0x1d, 0x00, 0x00, 0x00, 0x1d, 0x00, 0x00,
  0x00, 0xff, 0xff, 0xff, 0xff, 0xff, 0xff, 0xff, 0xff, 0xff, 0xff, 0xff, 0xff, 0xff, 0xff, 0xff,
  0xff, 0x1d, 0x00, 0x00, 0x00, 0xff, 0xff, 0xff, 0xff, 0x1d, 0x00, 0x00, 0x00, 0x1d, 0x00, 0x00,
  0x00, 0x1d, 0x00, 0x00, 0x00, 0x1d, 0x00, 0x00, 0x00, 0x1d, 0x00, 0x00, 0x00, 0x1d, 0x00, 0x00,
  0x00, 0x1d, 0x00, 0x00, 0x00, 0x1d, 0x00, 0x00, 0x00, 0x1d, 0x00, 0x00, 0x00, 0x1d, 0x00, 0x00,
  0x00, 0x1d, 0x00, 0x00, 0x00, 0x1d, 0x00, 0x00, 0x00, 0x1d, 0x00, 0x00, 0x00, 0x1d, 0x00, 0x00,
  0x00, 0x1d, 0x00, 0x00, 0x00, 0x1d, 0x00, 0x00, 0x00, 0x1d, 0x00, 0x00, 0x00, 0x1d, 0x00, 0x00,
  0x00, 0x1d, 0x00, 0x00, 0x00, 0x1d, 0x00, 0x00, 0x00, 0x1d, 0x00, 0x00, 0x00, 0x1d, 0x00, 0x00,
  0x00, 0x1d, 0x00, 0x00, 0x00, 0x1d, 0x00, 0x00, 0x00, 0x1d, 0x00, 0x00, 0x00, 0x1d, 0x00, 0x00,
  0x00, 0xff, 0xff, 0xff, 0xff, 0xff, 0xff, 0xff, 0xff, 0xff, 0xff, 0xff, 0xff, 0xff, 0xff, 0xff,
  0xff, 0xff, 0xff, 0xff, 0xff, 0xff, 0xff, 0xff, 0xff, 0xff, 0xff, 0xff, 0xff, 0xff, 0xff, 0xff,
  0xff, 0xff, 0xff, 0xff, 0xff, 0xff, 0xff, 0xff, 0xff, 0xff, 0xff, 0xff, 0xff, 0xff, 0xff, 0xff,
  0xff, 0xff, 0xff, 0xff, 0xff, 0xff, 0xff, 0xff, 0xff, 0xff, 0xff, 0xff, 0xff, 0xff, 0xff, 0xff,
  0xff, 0xff, 0xff, 0xff, 0xff, 0xff, 0xff, 0xff, 0xff, 0xff, 0xff, 0xff, 0xff, 0xff, 0xff, 0xff,
  0xff, 0xff, 0xff, 0xff, 0xff, 0xff, 0xff, 0xff, 0xff, 0xff, 0xff, 0xff, 0xff, 0xff, 0xff, 0xff,
  0xff, 0xff, 0xff, 0xff, 0xff, 0xff, 0xff, 0xff, 0xff, 0xff, 0xff, 0xff, 0xff, 0xff, 0xff, 0xff,
  0xff, 0xff, 0xff, 0xff, 0xff, 0xff, 0xff, 0xff, 0xff, 0xff, 0xff, 0xff, 0xff, 0xff, 0xff, 0xff,
  0xff, 0xff, 0xff, 0xff, 0xff, 0xff, 0xff, 0xff, 0xff, 0xff, 0xff, 0xff, 0xff, 0xff, 0xff, 0xff,
  0xff, 0xff, 0xff, 0xff, 0xff, 0xff, 0xff, 0xff, 0xff, 0xff, 0xff, 0xff, 0xff, 0xff, 0xff, 0xff,
  0xff, 0xff, 0xff, 0xff, 0xff, 0xff, 0xff, 0xff, 0xff, 0xff, 0xff, 0xff, 0xff, 0xff, 0xff, 0xff,
  0xff, 0xff, 0xff, 0xff, 0xff, 0xff, 0xff, 0xff, 0xff, 0xff, 0xff, 0xff, 0xff, 0xff, 0xff, 0xff,
  0xff, 0xff, 0xff, 0xff, 0xff, 0xff, 0xff, 0xff, 0xff, 0xff, 0xff, 0xff, 0xff, 0xff, 0xff, 0xff,
  0xff, 0xff, 0xff, 0xff, 0xff, 0x1d, 0x00, 0x00, 0x00, 0x1d, 0x00, 0x00, 0x00, 0x1d, 0x00, 0x00,
  0x00, 0x1d, 0x00, 0x00, 0x00, 0x1d, 0x00, 0x00, 0x00, 0x1d, 0x00, 0x00, 0x00, 0x1d, 0x00, 0x00,
  0x00, 0x1d, 0x00, 0x00, 0x00, 0x1d, 0x00, 0x00, 0x00, 0x1d, 0x00, 0x00, 0x00, 0xff, 0xff, 0xff,
  0xff, 0xff, 0xff, 0xff, 0xff, 0xff, 0xff, 0xff, 0xff, 0xff, 0xff, 0xff, 0xff, 0xff, 0xff, 0xff,
  0xff, 0xff, 0xff, 0xff, 0xff, 0xff, 0xff, 0xff, 0xff, 0x1d, 0x00, 0x00, 0x00, 0x1d, 0x00, 0x00,
  0x00, 0x1d, 0x00, 0x00, 0x00, 0x1d, 0x00, 0x00, 0x00, 0x1d, 0x00, 0x00, 0x00, 0x1d, 0x00, 0x00,
  0x00, 0x1d, 0x00, 0x00, 0x00, 0x1d, 0x00, 0x00, 0x00, 0x1d, 0x00, 0x00, 0x00, 0x1d, 0x00, 0x00,
  0x00, 0x1d, 0x00, 0x00, 0x00, 0x1d, 0x00, 0x00, 0x00, 0x1d, 0x00, 0x00, 0x00, 0x1d, 0x00, 0x00,
  0x00, 0x1d, 0x00, 0x00, 0x00, 0x1d, 0x00, 0x00, 0x00, 0x1d, 0x00, 0x00, 0x00, 0x1d, 0x00, 0x00,
  0x00, 0x1d, 0x00, 0x00, 0x00, 0x1d, 0x00, 0x00, 0x00, 0x1d, 0x00, 0x00, 0x00, 0x1d, 0x00, 0x00,
  0x00, 0x1d, 0x00, 0x00, 0x00, 0x1d, 0x00, 0x00, 0x00, 0x1d, 0x00, 0x00, 0x00, 0x1d, 0x00, 0x00,
  0x00, 0xff, 0xff, 0xff, 0xff, 0xff, 0xff, 0xff, 0xff, 0xff, 0xff, 0xff, 0xff, 0xff, 0xff, 0xff,
  0xff, 0x1d, 0x00, 0x00, 0x00, 0xff, 0xff, 0xff, 0xff, 0x1d, 0x00, 0x00, 0x00, 0x1d, 0x00, 0x00,
  0x00, 0x1d, 0x00, 0x00, 0x00, 0x2e, 0x00, 0x00, 0x00, 0x1d, 0x00, 0x00, 0x00, 0x1d, 0x00, 0x00,
  0x00, 0x1d, 0x00, 0x00, 0x00, 0x1d, 0x00, 0x00, 0x00, 0x1d, 0x00, 0x00, 0x00, 0x1d, 0x00, 0x00,
  0x00, 0x1d, 0x00, 0x00, 0x00, 0x1d, 0x00, 0x00, 0x00, 0x1d, 0x00, 0x00, 0x00, 0x1d, 0x00, 0x00,
  0x00, 0x1d, 0x00, 0x00, 0x00, 0x1d, 0x00, 0x00, 0x00, 0x1d, 0x00, 0x00, 0x00, 0x1d, 0x00, 0x00,
  0x00, 0x1d, 0x00, 0x00, 0x00, 0x1d, 0x00, 0x00, 0x00, 0x1d, 0x00, 0x00, 0x00, 0x1d, 0x00, 0x00,
  0x00, 0x1d, 0x00, 0x00, 0x00, 0x1d, 0x00, 0x00, 0x00, 0x1d, 0x00, 0x00, 0x00, 0x1d, 0x00, 0x00,
  0x00, 0xff, 0xff, 0xff, 0xff, 0xff, 0xff, 0xff, 0xff, 0xff, 0xff, 0xff, 0xff, 0xff, 0xff, 0xff,
  0xff, 0xff, 0xff, 0xff, 0xff, 0xff, 0xff, 0xff, 0xff, 0xff, 0xff, 0xff, 0xff, 0xff, 0xff, 0xff,
  0xff, 0xff, 0xff, 0xff, 0xff, 0xff, 0xff, 0xff, 0xff, 0xff, 0xff, 0xff, 0xff, 0xff, 0xff, 0xff,
  0xff, 0xff, 0xff, 0xff, 0xff, 0xff, 0xff, 0xff, 0xff, 0xff, 0xff, 0xff, 0xff, 0xff, 0xff, 0xff,
  0xff, 0xff, 0xff, 0xff, 0xff, 0xff, 0xff, 0xff, 0xff, 0xff, 0xff, 0xff, 0xff, 0xff, 0xff, 0xff,
  0xff, 0xff, 0xff, 0xff, 0xff, 0xff, 0xff, 0xff, 0xff, 0xff, 0xff, 0xff, 0xff, 0xff, 0xff, 0xff,
  0xff, 0xff, 0xff, 0xff, 0xff, 0xff, 0xff, 0xff, 0xff, 0xff, 0xff, 0xff, 0xff, 0xff, 0xff, 0xff,
  0xff, 0xff, 0xff, 0xff, 0xff, 0xff, 0xff, 0xff, 0xff, 0xff, 0xff, 0xff, 0xff, 0xff, 0xff, 0xff,
  0xff, 0xff, 0xff, 0xff, 0xff, 0xff, 0xff, 0xff, 0xff, 0xff, 0xff, 0xff, 0xff, 0xff, 0xff, 0xff,
  0xff, 0xff, 0xff, 0xff, 0xff, 0xff, 0xff, 0xff, 0xff, 0xff, 0xff, 0xff, 0xff, 0xff, 0xff, 0xff,
  0xff, 0xff, 0xff, 0xff, 0xff, 0xff, 0xff, 0xff, 0xff, 0xff, 0xff, 0xff, 0xff, 0xff, 0xff, 0xff,
  0xff, 0xff, 0xff, 0xff, 0xff, 0xff, 0xff, 0xff, 0xff, 0xff, 0xff, 0xff, 0xff, 0xff, 0xff, 0xff,
  0xff, 0xff, 0xff, 0xff, 0xff, 0xff, 0xff, 0xff, 0xff, 0xff, 0xff, 0xff, 0xff, 0xff, 0xff, 0xff,
  0xff, 0xff, 0xff, 0xff, 0xff, 0x1d, 0x00, 0x00, 0x00, 0x1d, 0x00, 0x00, 0x00, 0x1d, 0x00, 0x00,
  0x00, 0x1d, 0x00, 0x00, 0x00, 0x1d, 0x00, 0x00, 0x00, 0x1d, 0x00, 0x00, 0x00, 0x1d, 0x00, 0x00,
  0x00, 0x1d, 0x00, 0x00, 0x00, 0x1d, 0x00, 0x00, 0x00, 0x1d, 0x00, 0x00, 0x00, 0xff, 0xff, 0xff,
  0xff, 0xff, 0xff, 0xff, 0xff, 0xff, 0xff, 0xff, 0xff, 0xff, 0xff, 0xff, 0xff, 0xff, 0xff, 0xff,
  0xff, 0xff, 0xff, 0xff, 0xff, 0xff, 0xff, 0xff, 0xff, 0x1d, 0x00, 0x00, 0x00, 0x1d, 0x00, 0x00,
  0x00, 0x1d, 0x00, 0x00, 0x00, 0x1d, 0x00, 0x00, 0x00, 0x1d, 0x00, 0x00, 0x00, 0x1d, 0x00, 0x00,
  0x00, 0x1d, 0x00, 0x00, 0x00, 0x1d, 0x00, 0x00, 0x00, 0x1d, 0x00, 0x00, 0x00, 0x1d, 0x00, 0x00,
  0x00, 0x1d, 0x00, 0x00, 0x00, 0x1d, 0x00, 0x00, 0x00, 0x1d, 0x00, 0x00, 0x00, 0x1d, 0x00, 0x00,
  0x00, 0x1d, 0x00, 0x00, 0x00, 0x1d, 0x00, 0x00, 0x00, 0x1d, 0x00, 0x00, 0x00, 0x1d, 0x00, 0x00,
  0x00, 0x1d, 0x00, 0x00, 0x00, 0x1d, 0x00, 0x00, 0x00, 0x1d, 0x00, 0x00, 0x00, 0x1d, 0x00, 0x00,
  0x00, 0x1d, 0x00, 0x00, 0x00, 0x1d, 0x00, 0x00, 0x00, 0x1d, 0x00, 0x00, 0x00, 0x1d, 0x00, 0x00,
  0x00, 0xff, 0xff, 0xff, 0xff, 0xff, 0xff, 0xff, 0xff, 0xff, 0xff, 0xff, 0xff, 0xff, 0xff, 0xff,
  0xff, 0x1d, 0x00, 0x00, 0x00, 0xff, 0xff, 0xff, 0xff, 0x1d, 0x00, 0x00, 0x00, 0x1d, 0x00, 0x00,
  0x00, 0x2f, 0x00, 0x00, 0x00, 0x1d, 0x00, 0x00, 0x00, 0x1d, 0x00, 0x00, 0x00, 0x30, 0x00, 0x00,
  0x00, 0x1d, 0x00, 0x00, 0x00, 0x1d, 0x00, 0x00, 0x00, 0x1d, 0x00, 0x00, 0x00, 0x1d, 0x00, 0x00,
  0x00, 0x1d, 0x00, 0x00, 0x00, 0x1d, 0x00, 0x00, 0x00, 0x1d, 0x00, 0x00, 0x00, 0x1d, 0x00, 0x00,
  0x00, 0x1d, 0x00, 0x00, 0x00, 0x1d, 0x00, 0x00, 0x00, 0x1d, 0x00, 0x00, 0x00, 0x1d, 0x00, 0x00,
  0x00, 0x1d, 0x00, 0x00, 0x00, 0x1d, 0x00, 0x00, 0x00, 0x1d, 0x00, 0x00, 0x00, 0x1d, 0x00, 0x00,
  0x00, 0x1d, 0x00, 0x00, 0x00, 0x1d, 0x00, 0x00, 0x00, 0x1d, 0x00, 0x00, 0x00, 0x1d, 0x00, 0x00,
  0x00, 0xff, 0xff, 0xff, 0xff, 0xff, 0xff, 0xff, 0xff, 0xff, 0xff, 0xff, 0xff, 0xff, 0xff, 0xff,
  0xff, 0xff, 0xff, 0xff, 0xff, 0xff, 0xff, 0xff, 0xff, 0xff, 0xff, 0xff, 0xff, 0xff, 0xff, 0xff,
  0xff, 0xff, 0xff, 0xff, 0xff, 0xff, 0xff, 0xff, 0xff, 0xff, 0xff, 0xff, 0xff, 0xff, 0xff, 0xff,
  0xff, 0xff, 0xff, 0xff, 0xff, 0xff, 0xff, 0xff, 0xff, 0xff, 0xff, 0xff, 0xff, 0xff, 0xff, 0xff,
  0xff, 0xff, 0xff, 0xff, 0xff, 0xff, 0xff, 0xff, 0xff, 0xff, 0xff, 0xff, 0xff, 0xff, 0xff, 0xff,
  0xff, 0xff, 0xff, 0xff, 0xff, 0xff, 0xff, 0xff, 0xff, 0xff, 0xff, 0xff, 0xff, 0xff, 0xff, 0xff,
  0xff, 0xff, 0xff, 0xff, 0xff, 0xff, 0xff, 0xff, 0xff, 0xff, 0xff, 0xff, 0xff, 0xff, 0xff, 0xff,
  0xff, 0xff, 0xff, 0xff, 0xff, 0xff, 0xff, 0xff, 0xff, 0xff, 0xff, 0xff, 0xff, 0xff, 0xff, 0xff,
  0xff, 0xff, 0xff, 0xff, 0xff, 0xff, 0xff, 0xff, 0xff, 0xff, 0xff, 0xff, 0xff, 0xff, 0xff, 0xff,
  0xff, 0xff, 0xff, 0xff, 0xff, 0xff, 0xff, 0xff, 0xff, 0xff, 0xff, 0xff, 0xff, 0xff, 0xff, 0xff,
  0xff, 0xff, 0xff, 0xff, 0xff, 0xff, 0xff, 0xff, 0xff, 0xff, 0xff, 0xff, 0xff, 0xff, 0xff, 0xff,
  0xff, 0xff, 0xff, 0xff, 0xff, 0xff, 0xff, 0xff, 0xff, 0xff, 0xff, 0xff, 0xff, 0xff, 0xff, 0xff,
  0xff, 0xff, 0xff, 0xff, 0xff, 0xff, 0xff, 0xff, 0xff, 0xff, 0xff, 0xff, 0xff, 0xff, 0xff, 0xff,
  0xff, 0xff, 0xff, 0xff, 0xff, 0x1d, 0x00, 0x00, 0x00, 0x1d, 0x00, 0x00, 0x00, 0x1d, 0x00, 0x00,
  0x00, 0x1d, 0x00, 0x00, 0x00, 0x1d, 0x00, 0x00, 0x00, 0x1d, 0x00, 0x00, 0x00, 0x1d, 0x00, 0x00,
  0x00, 0x1d, 0x00, 0x00, 0x00, 0x1d, 0x00, 0x00, 0x00, 0x1d, 0x00, 0x00, 0x00, 0xff, 0xff, 0xff,
  0xff, 0xff, 0xff, 0xff, 0xff, 0xff, 0xff, 0xff, 0xff, 0xff, 0xff, 0xff, 0xff, 0xff, 0xff, 0xff,
  0xff, 0xff, 0xff, 0xff, 0xff, 0xff, 0xff, 0xff, 0xff, 0x1d, 0x00, 0x00, 0x00, 0x1d, 0x00, 0x00,
  0x00, 0x1d, 0x00, 0x00, 0x00, 0x1d, 0x00, 0x00, 0x00, 0x1d, 0x00, 0x00, 0x00, 0x1d, 0x00, 0x00,
  0x00, 0x1d, 0x00, 0x00, 0x00, 0x1d, 0x00, 0x00, 0x00, 0x1d, 0x00, 0x00, 0x00, 0x1d, 0x00, 0x00,
  0x00, 0x1d, 0x00, 0x00, 0x00, 0x1d, 0x00, 0x00, 0x00, 0x1d, 0x00, 0x00, 0x00, 0x1d, 0x00, 0x00,
  0x00, 0x1d, 0x00, 0x00, 0x00, 0x1d, 0x00, 0x00, 0x00, 0x1d, 0x00, 0x00, 0x00, 0x1d, 0x00, 0x00,
  0x00, 0x1d, 0x00, 0x00, 0x00, 0x1d, 0x00, 0x00, 0x00, 0x1d, 0x00, 0x00, 0x00, 0x1d, 0x00, 0x00,
  0x00, 0x1d, 0x00, 0x00, 0x00, 0x1d, 0x00, 0x00, 0x00, 0x1d, 0x00, 0x00, 0x00, 0x1d, 0x00, 0x00,
  0x00, 0xff, 0xff, 0xff, 0xff, 0xff, 0xff, 0xff, 0xff, 0xff, 0xff, 0xff, 0xff, 0xff, 0xff, 0xff,
  0xff, 0x1d, 0x00, 0x00, 0x00, 0xff, 0xff, 0xff, 0xff, 0x1d, 0x00, 0x00, 0x00, 0x1d, 0x00, 0x00,
  0x00, 0x1d, 0x00, 0x00, 0x00, 0x1d, 0x00, 0x00, 0x00, 0x1d, 0x00, 0x00, 0x00, 0x1d, 0x00, 0x00,
  0x00, 0x1d, 0x00, 0x00, 0x00, 0x1d, 0x00, 0x00, 0x00, 0x1d, 0x00, 0x00, 0x00, 0x1d, 0x00, 0x00,
  0x00, 0x1d, 0x00, 0x00, 0x00, 0x1d, 0x00, 0x00, 0x00, 0x1d, 0x00, 0x00, 0x00, 0x1d, 0x00, 0x00,
  0x00, 0x1d, 0x00, 0x00, 0x00, 0x1d, 0x00, 0x00, 0x00, 0x1d, 0x00, 0x00, 0x00, 0x1d, 0x00, 0x00,
  0x00, 0x1d, 0x00, 0x00, 0x00, 0x1d, 0x00, 0x00, 0x00, 0x31, 0x00, 0x00, 0x00, 0x1d, 0x00, 0x00,
  0x00, 0x1d, 0x00, 0x00, 0x00, 0x1d, 0x00, 0x00, 0x00, 0x1d, 0x00, 0x00, 0x00, 0x1d, 0x00, 0x00,
  0x00, 0xff, 0xff, 0xff, 0xff, 0xff, 0xff, 0xff, 0xff, 0xff, 0xff, 0xff, 0xff, 0xff, 0xff, 0xff,
  0xff, 0xff, 0xff, 0xff, 0xff, 0xff, 0xff, 0xff, 0xff, 0xff, 0xff, 0xff, 0xff, 0xff, 0xff, 0xff,
  0xff, 0xff, 0xff, 0xff, 0xff, 0xff, 0xff, 0xff, 0xff, 0xff, 0xff, 0xff, 0xff, 0xff, 0xff, 0xff,
  0xff, 0xff, 0xff, 0xff, 0xff, 0xff, 0xff, 0xff, 0xff, 0xff, 0xff, 0xff, 0xff, 0xff, 0xff, 0xff,
  0xff, 0xff, 0xff, 0xff, 0xff, 0xff, 0xff, 0xff, 0xff, 0xff, 0xff, 0xff, 0xff, 0xff, 0xff, 0xff,
  0xff, 0xff, 0xff, 0xff, 0xff, 0xff, 0xff, 0xff, 0xff, 0xff, 0xff, 0xff, 0xff, 0xff, 0xff, 0xff,
  0xff, 0xff, 0xff, 0xff, 0xff, 0xff, 0xff, 0xff, 0xff, 0xff, 0xff, 0xff, 0xff, 0xff, 0xff, 0xff,
  0xff, 0xff, 0xff, 0xff, 0xff, 0xff, 0xff, 0xff, 0xff, 0xff, 0xff, 0xff, 0xff, 0xff, 0xff, 0xff,
  0xff, 0xff, 0xff, 0xff, 0xff, 0xff, 0xff, 0xff, 0xff, 0xff, 0xff, 0xff, 0xff, 0xff, 0xff, 0xff,
  0xff, 0xff, 0xff, 0xff, 0xff, 0xff, 0xff, 0xff, 0xff, 0xff, 0xff, 0xff, 0xff, 0xff, 0xff, 0xff,
  0xff, 0xff, 0xff, 0xff, 0xff, 0xff, 0xff, 0xff, 0xff, 0xff, 0xff, 0xff, 0xff, 0xff, 0xff, 0xff,
  0xff, 0xff, 0xff, 0xff, 0xff, 0xff, 0xff, 0xff, 0xff, 0xff, 0xff, 0xff, 0xff, 0xff, 0xff, 0xff,
  0xff, 0xff, 0xff, 0xff, 0xff, 0xff, 0xff, 0xff, 0xff, 0xff, 0xff, 0xff, 0xff, 0xff, 0xff, 0xff,
  0xff, 0xff, 0xff, 0xff, 0xff, 0x1d, 0x00, 0x00, 0x00, 0x1d, 0x00, 0x00, 0x00, 0x1d, 0x00, 0x00,
  0x00, 0x1d, 0x00, 0x00, 0x00, 0x1d, 0x00, 0x00, 0x00, 0x1d, 0x00, 0x00, 0x00, 0x1d, 0x00, 0x00,
  0x00, 0x1d, 0x00, 0x00, 0x00, 0x1d, 0x00, 0x00, 0x00, 0x1d, 0x00, 0x00, 0x00, 0xff, 0xff, 0xff,
  0xff, 0xff, 0xff, 0xff, 0xff, 0xff, 0xff, 0xff, 0xff, 0xff, 0xff, 0xff, 0xff, 0xff, 0xff, 0xff,
  0xff, 0xff, 0xff, 0xff, 0xff, 0xff, 0xff, 0xff, 0xff, 0x1d, 0x00, 0x00, 0x00, 0x1d, 0x00, 0x00,
  0x00, 0x1d, 0x00, 0x00, 0x00, 0x1d, 0x00, 0x00, 0x00, 0x1d, 0x00, 0x00, 0x00, 0x1d, 0x00, 0x00,
  0x00, 0x1d, 0x00, 0x00, 0x00, 0x1d, 0x00, 0x00, 0x00, 0x1d, 0x00, 0x00, 0x00, 0x1d, 0x00, 0x00,
  0x00, 0x1d, 0x00, 0x00, 0x00, 0x1d, 0x00, 0x00, 0x00, 0x1d, 0x00, 0x00, 0x00, 0x1d, 0x00, 0x00,
  0x00, 0x1d, 0x00, 0x00, 0x00, 0x1d, 0x00, 0x00, 0x00, 0x1d, 0x00, 0x00, 0x00, 0x1d, 0x00, 0x00,
  0x00, 0x1d, 0x00, 0x00, 0x00, 0x1d, 0x00, 0x00, 0x00, 0x1d, 0x00, 0x00, 0x00, 0x1d, 0x00, 0x00,
  0x00, 0x1d, 0x00, 0x00, 0x00, 0x1d, 0x00, 0x00, 0x00, 0x1d, 0x00, 0x00, 0x00, 0x1d, 0x00, 0x00,
  0x00, 0xff, 0xff, 0xff, 0xff, 0xff, 0xff, 0xff, 0xff, 0xff, 0xff, 0xff, 0xff, 0xff, 0xff, 0xff,
  0xff, 0x1d, 0x00, 0x00, 0x00, 0xff, 0xff, 0xff, 0xff, 0x1d, 0x00, 0x00, 0x00, 0x1d, 0x00, 0x00,
  0x00, 0x1d, 0x00, 0x00, 0x00, 0x1d, 0x00, 0x00, 0x00, 0x1d, 0x00, 0x00, 0x00, 0x1d, 0x00, 0x00,
  0x00, 0x1d, 0x00, 0x00, 0x00, 0x1d, 0x00, 0x00, 0x00, 0x1d, 0x00, 0x00, 0x00, 0x1d, 0x00, 0x00,
  0x00, 0x1d, 0x00, 0x00, 0x00, 0x1d, 0x00, 0x00, 0x00, 0x1d, 0x00, 0x00, 0x00, 0x1d, 0x00, 0x00,
  0x00, 0x32, 0x00, 0x00, 0x00, 0x1d, 0x00, 0x00, 0x00, 0x1d, 0x00, 0x00, 0x00, 0x1d, 0x00, 0x00,
  0x00, 0x1d, 0x00, 0x00, 0x00, 0x1d, 0x00, 0x00, 0x00, 0x1d, 0x00, 0x00, 0x00, 0x1d, 0x00, 0x00,
  0x00, 0x1d, 0x00, 0x00, 0x00, 0x1d, 0x00, 0x00, 0x00, 0x1d, 0x00, 0x00, 0x00, 0x1d, 0x00, 0x00,
  0x00, 0xff, 0xff, 0xff, 0xff, 0xff, 0xff, 0xff, 0xff, 0xff, 0xff, 0xff, 0xff, 0xff, 0xff, 0xff,
  0xff, 0xff, 0xff, 0xff, 0xff, 0xff, 0xff, 0xff, 0xff, 0xff, 0xff, 0xff, 0xff, 0xff, 0xff, 0xff,
  0xff, 0xff, 0xff, 0xff, 0xff, 0xff, 0xff, 0xff, 0xff, 0xff, 0xff, 0xff, 0xff, 0xff, 0xff, 0xff,
  0xff, 0xff, 0xff, 0xff, 0xff, 0xff, 0xff, 0xff, 0xff, 0xff, 0xff, 0xff, 0xff, 0xff, 0xff, 0xff,
  0xff, 0xff, 0xff, 0xff, 0xff, 0xff, 0xff, 0xff, 0xff, 0xff, 0xff, 0xff, 0xff, 0xff, 0xff, 0xff,
  0xff, 0xff, 0xff, 0xff, 0xff, 0xff, 0xff, 0xff, 0xff, 0xff, 0xff, 0xff, 0xff, 0xff, 0xff, 0xff,
  0xff, 0xff, 0xff, 0xff, 0xff, 0xff, 0xff, 0xff, 0xff, 0xff, 0xff, 0xff, 0xff, 0xff, 0xff, 0xff,
  0xff, 0xff, 0xff, 0xff, 0xff, 0xff, 0xff, 0xff, 0xff, 0xff, 0xff, 0xff, 0xff, 0xff, 0xff, 0xff,
  0xff, 0xff, 0xff, 0xff, 0xff, 0xff, 0xff, 0xff, 0xff, 0xff, 0xff, 0xff, 0xff, 0xff, 0xff, 0xff,
  0xff, 0xff, 0xff, 0xff, 0xff, 0xff, 0xff, 0xff, 0xff, 0xff, 0xff, 0xff, 0xff, 0xff, 0xff, 0xff,
  0xff, 0xff, 0xff, 0xff, 0xff, 0xff, 0xff, 0xff, 0xff, 0xff, 0xff, 0xff, 0xff, 0xff, 0xff, 0xff,
  0xff, 0xff, 0xff, 0xff, 0xff, 0xff, 0xff, 0xff, 0xff, 0xff, 0xff, 0xff, 0xff, 0xff, 0xff, 0xff,
  0xff, 0xff, 0xff, 0xff, 0xff, 0xff, 0xff, 0xff, 0xff, 0xff, 0xff, 0xff, 0xff, 0xff, 0xff, 0xff,
  0xff, 0xff, 0xff, 0xff, 0xff, 0x1d, 0x00, 0x00, 0x00, 0x1d, 0x00, 0x00, 0x00, 0x1d, 0x00, 0x00,
  0x00, 0x1d, 0x00, 0x00, 0x00, 0x1d, 0x00, 0x00, 0x00, 0x1d, 0x00, 0x00, 0x00, 0x1d, 0x00, 0x00,
  0x00, 0x1d, 0x00, 0x00, 0x00, 0x1d, 0x00, 0x00, 0x00, 0x1d, 0x00, 0x00, 0x00, 0xff, 0xff, 0xff,
  0xff, 0xff, 0xff, 0xff, 0xff, 0xff, 0xff, 0xff, 0xff, 0xff, 0xff, 0xff, 0xff, 0xff, 0xff, 0xff,
  0xff, 0xff, 0xff, 0xff, 0xff, 0xff, 0xff, 0xff, 0xff, 0x1d, 0x00, 0x00, 0x00, 0x1d, 0x00, 0x00,
  0x00, 0x1d, 0x00, 0x00, 0x00, 0x1d, 0x00, 0x00, 0x00, 0x1d, 0x00, 0x00, 0x00, 0x1d, 0x00, 0x00,
  0x00, 0x1d, 0x00, 0x00, 0x00, 0x1d, 0x00, 0x00, 0x00, 0x1d, 0x00, 0x00, 0x00, 0x1d, 0x00, 0x00,
  0x00, 0x1d, 0x00, 0x00, 0x00, 0x1d, 0x00, 0x00, 0x00, 0x1d, 0x00, 0x00, 0x00, 0x1d, 0x00, 0x00,
  0x00, 0x1d, 0x00, 0x00, 0x00, 0x1d, 0x00, 0x00, 0x00, 0x1d, 0x00, 0x00, 0x00, 0x1d, 0x00, 0x00,
  0x00, 0x1d, 0x00, 0x00, 0x00, 0x1d, 0x00, 0x00, 0x00, 0x1d, 0x00, 0x00, 0x00, 0x1d, 0x00, 0x00,
  0x00, 0x1d, 0x00, 0x00, 0x00, 0x1d, 0x00, 0x00, 0x00, 0x1d, 0x00, 0x00, 0x00, 0x1d, 0x00, 0x00,
  0x00, 0xff, 0xff, 0xff, 0xff, 0xff, 0xff, 0xff, 0xff, 0xff, 0xff, 0xff, 0xff, 0xff, 0xff, 0xff,
  0xff, 0x1d, 0x00, 0x00, 0x00, 0xff, 0xff, 0xff, 0xff, 0x1d, 0x00, 0x00, 0x00, 0x1d, 0x00, 0x00,
  0x00, 0x1d, 0x00, 0x00, 0x00, 0x1d, 0x00, 0x00, 0x00, 0x1d, 0x00, 0x00, 0x00, 0x1d, 0x00, 0x00,
  0x00, 0x1d, 0x00, 0x00, 0x00, 0x1d, 0x00, 0x00, 0x00, 0x33, 0x00, 0x00, 0x00, 0x1d, 0x00, 0x00,
  0x00, 0x1d, 0x00, 0x00, 0x00, 0x1d, 0x00, 0x00, 0x00, 0x1d, 0x00, 0x00, 0x00, 0x1d, 0x00, 0x00,
  0x00, 0x1d, 0x00, 0x00, 0x00, 0x1d, 0x00, 0x00, 0x00, 0x1d, 0x00, 0x00, 0x00, 0x1d, 0x00, 0x00,
  0x00, 0x1d, 0x00, 0x00, 0x00, 0x1d, 0x00, 0x00, 0x00, 0x1d, 0x00, 0x00, 0x00, 0x1d, 0x00, 0x00,
  0x00, 0x1d, 0x00, 0x00, 0x00, 0x1d, 0x00, 0x00, 0x00, 0x1d, 0x00, 0x00, 0x00, 0x1d, 0x00, 0x00,
  0x00, 0xff, 0xff, 0xff, 0xff, 0xff, 0xff, 0xff, 0xff, 0xff, 0xff, 0xff, 0xff, 0xff, 0xff, 0xff,
  0xff, 0xff, 0xff, 0xff, 0xff, 0xff, 0xff, 0xff, 0xff, 0xff, 0xff, 0xff, 0xff, 0xff, 0xff, 0xff,
  0xff, 0xff, 0xff, 0xff, 0xff, 0xff, 0xff, 0xff, 0xff, 0xff, 0xff, 0xff, 0xff, 0xff, 0xff, 0xff,
  0xff, 0xff, 0xff, 0xff, 0xff, 0xff, 0xff, 0xff, 0xff, 0xff, 0xff, 0xff, 0xff, 0xff, 0xff, 0xff,
  0xff, 0xff, 0xff, 0xff, 0xff, 0xff, 0xff, 0xff, 0xff, 0xff, 0xff, 0xff, 0xff, 0xff, 0xff, 0xff,
  0xff, 0xff, 0xff, 0xff, 0xff, 0xff, 0xff, 0xff, 0xff, 0xff, 0xff, 0xff, 0xff, 0xff, 0xff, 0xff,
  0xff, 0xff, 0xff, 0xff, 0xff, 0xff, 0xff, 0xff, 0xff, 0xff, 0xff, 0xff, 0xff, 0xff, 0xff, 0xff,
  0xff, 0xff, 0xff, 0xff, 0xff, 0xff, 0xff, 0xff, 0xff, 0xff, 0xff, 0xff, 0xff, 0xff, 0xff, 0xff,
  0xff, 0xff, 0xff, 0xff, 0xff, 0xff, 0xff, 0xff, 0xff, 0xff, 0xff, 0xff, 0xff, 0xff, 0xff, 0xff,
  0xff, 0xff, 0xff, 0xff, 0xff, 0xff, 0xff, 0xff, 0xff, 0xff, 0xff, 0xff, 0xff, 0xff, 0xff, 0xff,
  0xff, 0xff, 0xff, 0xff, 0xff, 0xff, 0xff, 0xff, 0xff, 0xff, 0xff, 0xff, 0xff, 0xff, 0xff, 0xff,
  0xff, 0xff, 0xff, 0xff, 0xff, 0xff, 0xff, 0xff, 0xff, 0xff, 0xff, 0xff, 0xff, 0xff, 0xff, 0xff,
  0xff, 0xff, 0xff, 0xff, 0xff, 0xff, 0xff, 0xff, 0xff, 0xff, 0xff, 0xff, 0xff, 0xff, 0xff, 0xff,
  0xff, 0xff, 0xff, 0xff, 0xff, 0x1d, 0x00, 0x00, 0x00, 0x1d, 0x00, 0x00, 0x00, 0x1d, 0x00, 0x00,
  0x00, 0x1d, 0x00, 0x00, 0x00, 0x1d, 0x00, 0x00, 0x00, 0x1d, 0x00, 0x00, 0x00, 0x1d, 0x00, 0x00,
  0x00, 0x1d, 0x00, 0x00, 0x00, 0x1d, 0x00, 0x00, 0x00, 0x1d, 0x00, 0x00, 0x00, 0xff, 0xff, 0xff,
  0xff, 0xff, 0xff, 0xff, 0xff, 0xff, 0xff, 0xff, 0xff, 0xff, 0xff, 0xff, 0xff, 0xff, 0xff, 0xff,
  0xff, 0xff, 0xff, 0xff, 0xff, 0xff, 0xff, 0xff, 0xff, 0x1d, 0x00, 0x00, 0x00, 0x1d, 0x00, 0x00,
  0x00, 0x1d, 0x00, 0x00, 0x00, 0x1d, 0x00, 0x00, 0x00, 0x1d, 0x00, 0x00, 0x00, 0x1d, 0x00, 0x00,
  0x00, 0x1d, 0x00, 0x00, 0x00, 0x1d, 0x00, 0x00, 0x00, 0x1d, 0x00, 0x00, 0x00, 0x1d, 0x00, 0x00,
  0x00, 0x1d, 0x00, 0x00, 0x00, 0x1d, 0x00, 0x00, 0x00, 0x1d, 0x00, 0x00, 0x00, 0x1d, 0x00, 0x00,
  0x00, 0x1d, 0x00, 0x00, 0x00, 0x1d, 0x00, 0x00, 0x00, 0x1d, 0x00, 0x00, 0x00, 0x1d, 0x00, 0x00,
  0x00, 0x1d, 0x00, 0x00, 0x00, 0x1d, 0x00, 0x00, 0x00, 0x1d, 0x00, 0x00, 0x00, 0x1d, 0x00, 0x00,
  0x00, 0x1d, 0x00, 0x00, 0x00, 0x1d, 0x00, 0x00, 0x00, 0x1d, 0x00, 0x00, 0x00, 0x1d, 0x00, 0x00,
  0x00, 0xff, 0xff, 0xff, 0xff, 0xff, 0xff, 0xff, 0xff, 0xff, 0xff, 0xff, 0xff, 0xff, 0xff, 0xff,
  0xff, 0x1d, 0x00, 0x00, 0x00, 0xff, 0xff, 0xff, 0xff, 0x1d, 0x00, 0x00, 0x00, 0x1d, 0x00, 0x00,
  0x00, 0x1d, 0x00, 0x00, 0x00, 0x1d, 0x00, 0x00, 0x00, 0x1d, 0x00, 0x00, 0x00, 0x1d, 0x00, 0x00,
  0x00, 0x1d, 0x00, 0x00, 0x00, 0x1d, 0x00, 0x00, 0x00, 0x1d, 0x00, 0x00, 0x00, 0x1d, 0x00, 0x00,
  0x00, 0x1d, 0x00, 0x00, 0x00, 0x1d, 0x00, 0x00, 0x00, 0x1d, 0x00, 0x00, 0x00, 0x1d, 0x00, 0x00,
  0x00, 0x1d, 0x00, 0x00, 0x00, 0x1d, 0x00, 0x00, 0x00, 0x1d, 0x00, 0x00, 0x00, 0x34, 0x00, 0x00,
  0x00, 0x1d, 0x00, 0x00, 0x00, 0x1d, 0x00, 0x00, 0x00, 0x1d, 0x00, 0x00, 0x00, 0x1d, 0x00, 0x00,
  0x00, 0x1d, 0x00, 0x00, 0x00, 0x1d, 0x00, 0x00, 0x00, 0x1d, 0x00, 0x00, 0x00, 0x1d, 0x00, 0x00,
  0x00, 0xff, 0xff, 0xff, 0xff, 0xff, 0xff, 0xff, 0xff, 0xff, 0xff, 0xff, 0xff, 0xff, 0xff, 0xff,
  0xff, 0xff, 0xff, 0xff, 0xff, 0xff, 0xff, 0xff, 0xff, 0xff, 0xff, 0xff, 0xff, 0xff, 0xff, 0xff,
  0xff, 0xff, 0xff, 0xff, 0xff, 0xff, 0xff, 0xff, 0xff, 0xff, 0xff, 0xff, 0xff, 0xff, 0xff, 0xff,
  0xff, 0xff, 0xff, 0xff, 0xff, 0xff, 0xff, 0xff, 0xff, 0xff, 0xff, 0xff, 0xff, 0xff, 0xff, 0xff,
  0xff, 0xff, 0xff, 0xff, 0xff, 0xff, 0xff, 0xff, 0xff, 0xff, 0xff, 0xff, 0xff, 0xff, 0xff, 0xff,
  0xff, 0xff, 0xff, 0xff, 0xff, 0xff, 0xff, 0xff, 0xff, 0xff, 0xff, 0xff, 0xff, 0xff, 0xff, 0xff,
  0xff, 0xff, 0xff, 0xff, 0xff, 0xff, 0xff, 0xff, 0xff, 0xff, 0xff, 0xff, 0xff, 0xff, 0xff, 0xff,
  0xff, 0xff, 0xff, 0xff, 0xff, 0xff, 0xff, 0xff, 0xff, 0xff, 0xff, 0xff, 0xff, 0xff, 0xff, 0xff,
  0xff, 0xff, 0xff, 0xff, 0xff, 0xff, 0xff, 0xff, 0xff, 0xff, 0xff, 0xff, 0xff, 0xff, 0xff, 0xff,
  0xff, 0xff, 0xff, 0xff, 0xff, 0xff, 0xff, 0xff, 0xff, 0xff, 0xff, 0xff, 0xff, 0xff, 0xff, 0xff,
  0xff, 0xff, 0xff, 0xff, 0xff, 0xff, 0xff, 0xff, 0xff, 0xff, 0xff, 0xff, 0xff, 0xff, 0xff, 0xff,
  0xff, 0xff, 0xff, 0xff, 0xff, 0xff, 0xff, 0xff, 0xff, 0xff, 0xff, 0xff, 0xff, 0xff, 0xff, 0xff,
  0xff, 0xff, 0xff, 0xff, 0xff, 0xff, 0xff, 0xff, 0xff, 0xff, 0xff, 0xff, 0xff, 0xff, 0xff, 0xff,
  0xff, 0xff, 0xff, 0xff, 0xff, 0x1d, 0x00, 0x00, 0x00, 0x1d, 0x00, 0x00, 0x00, 0x1d, 0x00, 0x00,
  0x00, 0x1d, 0x00, 0x00, 0x00, 0x1d, 0x00, 0x00, 0x00, 0x1d, 0x00, 0x00, 0x00, 0x1d, 0x00, 0x00,
  0x00, 0x1d, 0x00, 0x00, 0x00, 0x1d, 0x00, 0x00, 0x00, 0x1d, 0x00, 0x00, 0x00, 0xff, 0xff, 0xff,
  0xff, 0xff, 0xff, 0xff, 0xff, 0xff, 0xff, 0xff, 0xff, 0xff, 0xff, 0xff, 0xff, 0xff, 0xff, 0xff,
  0xff, 0xff, 0xff, 0xff, 0xff, 0xff, 0xff, 0xff, 0xff, 0x1d, 0x00, 0x00, 0x00, 0x1d, 0x00, 0x00,
  0x00, 0x1d, 0x00, 0x00, 0x00, 0x1d, 0x00, 0x00, 0x00, 0x1d, 0x00, 0x00, 0x00, 0x1d, 0x00, 0x00,
  0x00, 0x1d, 0x00, 0x00, 0x00, 0x1d, 0x00, 0x00, 0x00, 0x1d, 0x00, 0x00, 0x00, 0x1d, 0x00, 0x00,
  0x00, 0x1d, 0x00, 0x00, 0x00, 0x1d, 0x00, 0x00, 0x00, 0x1d, 0x00, 0x00, 0x00, 0x1d, 0x00, 0x00,
  0x00, 0x1d, 0x00, 0x00, 0x00, 0x1d, 0x00, 0x00, 0x00, 0x1d, 0x00, 0x00, 0x00, 0x1d, 0x00, 0x00,
  0x00, 0x1d, 0x00, 0x00, 0x00, 0x1d, 0x00, 0x00, 0x00, 0x1d, 0x00, 0x00, 0x00, 0x1d, 0x00, 0x00,
  0x00, 0x1d, 0x00, 0x00, 0x00, 0x1d, 0x00, 0x00, 0x00, 0x1d, 0x00, 0x00, 0x00, 0x1d, 0x00, 0x00,
  0x00, 0xff, 0xff, 0xff, 0xff, 0xff, 0xff, 0xff, 0xff, 0xff, 0xff, 0xff, 0xff, 0xff, 0xff, 0xff,
  0xff, 0x1d, 0x00, 0x00, 0x00, 0xff, 0xff, 0xff, 0xff, 0x1d, 0x00, 0x00, 0x00, 0x1d, 0x00, 0x00,
  0x00, 0x1d, 0x00, 0x00, 0x00, 0x1d, 0x00, 0x00, 0x00, 0x1d, 0x00, 0x00, 0x00, 0x1d, 0x00, 0x00,
  0x00, 0x1d, 0x00, 0x00, 0x00, 0x1d, 0x00, 0x00, 0x00, 0x1d, 0x00, 0x00, 0x00, 0x1d, 0x00, 0x00,
  0x00, 0x1d, 0x00, 0x00, 0x00, 0x1d, 0x00, 0x00, 0x00, 0x1d, 0x00, 0x00, 0x00, 0x1d, 0x00, 0x00,
  0x00, 0x1d, 0x00, 0x00, 0x00, 0x1d, 0x00, 0x00, 0x00, 0x1d, 0x00, 0x00, 0x00, 0x1d, 0x00, 0x00,
  0x00, 0x1d, 0x00, 0x00, 0x00, 0x1d, 0x00, 0x00, 0x00, 0x1d, 0x00, 0x00, 0x00, 0x1d, 0x00, 0x00,
  0x00, 0x1d, 0x00, 0x00, 0x00, 0x1d, 0x00, 0x00, 0x00, 0x1d, 0x00, 0x00, 0x00, 0x1d, 0x00, 0x00,
  0x00, 0xff, 0xff, 0xff, 0xff, 0xff, 0xff, 0xff, 0xff, 0xff, 0xff, 0xff, 0xff, 0xff, 0xff, 0xff,
  0xff, 0xff, 0xff, 0xff, 0xff, 0xff, 0xff, 0xff, 0xff, 0xff, 0xff, 0xff, 0xff, 0xff, 0xff, 0xff,
  0xff, 0xff, 0xff, 0xff, 0xff, 0xff, 0xff, 0xff, 0xff, 0xff, 0xff, 0xff, 0xff, 0xff, 0xff, 0xff,
  0xff, 0xff, 0xff, 0xff, 0xff, 0xff, 0xff, 0xff, 0xff, 0xff, 0xff, 0xff, 0xff, 0xff, 0xff, 0xff,
  0xff, 0xff, 0xff, 0xff, 0xff, 0xff, 0xff, 0xff, 0xff, 0xff, 0xff, 0xff, 0xff, 0xff, 0xff, 0xff,
  0xff, 0xff, 0xff, 0xff, 0xff, 0xff, 0xff, 0xff, 0xff, 0xff, 0xff, 0xff, 0xff, 0xff, 0xff, 0xff,
  0xff, 0xff, 0xff, 0xff, 0xff, 0xff, 0xff, 0xff, 0xff, 0xff, 0xff, 0xff, 0xff, 0xff, 0xff, 0xff,
  0xff, 0xff, 0xff, 0xff, 0xff, 0xff, 0xff, 0xff, 0xff, 0xff, 0xff, 0xff, 0xff, 0xff, 0xff, 0xff,
  0xff, 0xff, 0xff, 0xff, 0xff, 0xff, 0xff, 0xff, 0xff, 0xff, 0xff, 0xff, 0xff, 0xff, 0xff, 0xff,
  0xff, 0xff, 0xff, 0xff, 0xff, 0xff, 0xff, 0xff, 0xff, 0xff, 0xff, 0xff, 0xff, 0xff, 0xff, 0xff,
  0xff, 0xff, 0xff, 0xff, 0xff, 0xff, 0xff, 0xff, 0xff, 0xff, 0xff, 0xff, 0xff, 0xff, 0xff, 0xff,
  0xff, 0xff, 0xff, 0xff, 0xff, 0xff, 0xff, 0xff, 0xff, 0xff, 0xff, 0xff, 0xff, 0xff, 0xff, 0xff,
  0xff, 0xff, 0xff, 0xff, 0xff, 0xff, 0xff, 0xff, 0xff, 0xff, 0xff, 0xff, 0xff, 0xff, 0xff, 0xff,
  0xff, 0xff, 0xff, 0xff, 0xff, 0x1d, 0x00, 0x00, 0x00, 0x1d, 0x00, 0x00, 0x00, 0x1d, 0x00, 0x00,
  0x00, 0x1d, 0x00, 0x00, 0x00, 0x1d, 0x00, 0x00, 0x00, 0x1d, 0x00, 0x00, 0x00, 0x1d, 0x00, 0x00,
  0x00, 0x1d, 0x00, 0x00, 0x00, 0x1d, 0x00, 0x00, 0x00, 0x1d, 0x00, 0x00, 0x00, 0xff, 0xff, 0xff,
  0xff, 0xff, 0xff, 0xff, 0xff, 0xff, 0xff, 0xff, 0xff, 0xff, 0xff, 0xff, 0xff, 0xff, 0xff, 0xff,
  0xff, 0xff, 0xff, 0xff, 0xff, 0xff, 0xff, 0xff, 0xff, 0x1d, 0x00, 0x00, 0x00, 0x1d, 0x00, 0x00,
  0x00, 0x1d, 0x00, 0x00, 0x00, 0x1d, 0x00, 0x00, 0x00, 0x1d, 0x00, 0x00, 0x00, 0x1d, 0x00, 0x00,
  0x00, 0x1d, 0x00, 0x00, 0x00, 0x1d, 0x00, 0x00, 0x00, 0x1d, 0x00, 0x00, 0x00, 0x1d, 0x00, 0x00,
  0x00, 0x1d, 0x00, 0x00, 0x00, 0x1d, 0x00, 0x00, 0x00, 0x1d, 0x00, 0x00, 0x00, 0x1d, 0x00, 0x00,
  0x00, 0x1d, 0x00, 0x00, 0x00, 0x1d, 0x00, 0x00, 0x00, 0x1d, 0x00, 0x00, 0x00, 0x1d, 0x00, 0x00,
  0x00, 0x1d, 0x00, 0x00, 0x00, 0x1d, 0x00, 0x00, 0x00, 0x1d, 0x00, 0x00, 0x00, 0x1d, 0x00, 0x00,
  0x00, 0x1d, 0x00, 0x00, 0x00, 0x1d, 0x00, 0x00, 0x00, 0x1d, 0x00, 0x00, 0x00, 0x1d, 0x00, 0x00,
  0x00, 0xff, 0xff, 0xff, 0xff, 0xff, 0xff, 0xff, 0xff, 0xff, 0xff, 0xff, 0xff, 0xff, 0xff, 0xff,
  0xff, 0x1d, 0x00, 0x00, 0x00, 0xff, 0xff, 0xff, 0xff, 0x1d, 0x00, 0x00, 0x00, 0x1d, 0x00, 0x00,
  0x00, 0x35, 0x00, 0x00, 0x00, 0x1d, 0x00, 0x00, 0x00, 0x1d, 0x00, 0x00, 0x00, 0x1d, 0x00, 0x00,
  0x00, 0x1d, 0x00, 0x00, 0x00, 0x1d, 0x00, 0x00, 0x00, 0x1d, 0x00, 0x00, 0x00, 0x1d, 0x00, 0x00,
  0x00, 0x1d, 0x00, 0x00, 0x00, 0x1d, 0x00, 0x00, 0x00, 0x1d, 0x00, 0x00, 0x00, 0x1d, 0x00, 0x00,
  0x00, 0x1d, 0x00, 0x00, 0x00, 0x1d, 0x00, 0x00, 0x00, 0x1d, 0x00, 0x00, 0x00, 0x1d, 0x00, 0x00,
  0x00, 0x1d, 0x00, 0x00, 0x00, 0x1d, 0x00, 0x00, 0x00, 0x1d, 0x00, 0x00, 0x00, 0x1d, 0x00, 0x00,
  0x00, 0x1d, 0x00, 0x00, 0x00, 0x1d, 0x00, 0x00, 0x00, 0x1d, 0x00, 0x00, 0x00, 0x1d, 0x00, 0x00,
  0x00, 0xff, 0xff, 0xff, 0xff, 0xff, 0xff, 0xff, 0xff, 0xff, 0xff, 0xff, 0xff, 0xff, 0xff, 0xff,
  0xff, 0xff, 0xff, 0xff, 0xff, 0xff, 0xff, 0xff, 0xff, 0xff, 0xff, 0xff, 0xff, 0xff, 0xff, 0xff,
  0xff, 0xff, 0xff, 0xff, 0xff, 0xff, 0xff, 0xff, 0xff, 0xff, 0xff, 0xff, 0xff, 0xff, 0xff, 0xff,
  0xff, 0xff, 0xff, 0xff, 0xff, 0xff, 0xff, 0xff, 0xff, 0xff, 0xff, 0xff, 0xff, 0xff, 0xff, 0xff,
  0xff, 0xff, 0xff, 0xff, 0xff, 0xff, 0xff, 0xff, 0xff, 0xff, 0xff, 0xff, 0xff, 0xff, 0xff, 0xff,
  0xff, 0xff, 0xff, 0xff, 0xff, 0xff, 0xff, 0xff, 0xff, 0xff, 0xff, 0xff, 0xff, 0xff, 0xff, 0xff,
  0xff, 0xff, 0xff, 0xff, 0xff, 0xff, 0xff, 0xff, 0xff, 0xff, 0xff, 0xff, 0xff, 0xff, 0xff, 0xff,
  0xff, 0xff, 0xff, 0xff, 0xff, 0xff, 0xff, 0xff, 0xff, 0xff, 0xff, 0xff, 0xff, 0xff, 0xff, 0xff,
  0xff, 0xff, 0xff, 0xff, 0xff, 0xff, 0xff, 0xff, 0xff, 0xff, 0xff, 0xff, 0xff, 0xff, 0xff, 0xff,
  0xff, 0xff, 0xff, 0xff, 0xff, 0xff, 0xff, 0xff, 0xff, 0xff, 0xff, 0xff, 0xff, 0xff, 0xff, 0xff,
  0xff, 0xff, 0xff, 0xff, 0xff, 0xff, 0xff, 0xff, 0xff, 0xff, 0xff, 0xff, 0xff, 0xff, 0xff, 0xff,
  0xff, 0xff, 0xff, 0xff, 0xff, 0xff, 0xff, 0xff, 0xff, 0xff, 0xff, 0xff, 0xff, 0xff, 0xff, 0xff,
  0xff, 0xff, 0xff, 0xff, 0xff, 0xff, 0xff, 0xff, 0xff, 0xff, 0xff, 0xff, 0xff, 0xff, 0xff, 0xff,
  0xff, 0xff, 0xff, 0xff, 0xff, 0x1d, 0x00, 0x00, 0x00, 0x1d, 0x00, 0x00, 0x00, 0x1d, 0x00, 0x00,
  0x00, 0x1d, 0x00, 0x00, 0x00, 0x1d, 0x00, 0x00, 0x00, 0x1d, 0x00, 0x00, 0x00, 0x1d, 0x00, 0x00,
  0x00, 0x1d, 0x00, 0x00, 0x00, 0x1d, 0x00, 0x00, 0x00, 0x1d, 0x00, 0x00, 0x00, 0xff, 0xff, 0xff,
  0xff, 0xff, 0xff, 0xff, 0xff, 0xff, 0xff, 0xff, 0xff, 0xff, 0xff, 0xff, 0xff, 0xff, 0xff, 0xff,
  0xff, 0xff, 0xff, 0xff, 0xff, 0xff, 0xff, 0xff, 0xff, 0x1d, 0x00, 0x00, 0x00, 0x1d, 0x00, 0x00,
  0x00, 0x1d, 0x00, 0x00, 0x00, 0x1d, 0x00, 0x00, 0x00, 0x1d, 0x00, 0x00, 0x00, 0x1d, 0x00, 0x00,
  0x00, 0x1d, 0x00, 0x00, 0x00, 0x1d, 0x00, 0x00, 0x00, 0x1d, 0x00, 0x00, 0x00, 0x1d, 0x00, 0x00,
  0x00, 0x1d, 0x00, 0x00, 0x00, 0x1d, 0x00, 0x00, 0x00, 0x1d, 0x00, 0x00, 0x00, 0x1d, 0x00, 0x00,
  0x00, 0x1d, 0x00, 0x00, 0x00, 0x1d, 0x00, 0x00, 0x00, 0x1d, 0x00, 0x00, 0x00, 0x1d, 0x00, 0x00,
  0x00, 0x1d, 0x00, 0x00, 0x00, 0x1d, 0x00, 0x00, 0x00, 0x1d, 0x00, 0x00, 0x00, 0x1d, 0x00, 0x00,
  0x00, 0x1d, 0x00, 0x00, 0x00, 0x1d, 0x00, 0x00, 0x00, 0x1d, 0x00, 0x00, 0x00, 0x1d, 0x00, 0x00,
  0x00, 0xff, 0xff, 0xff, 0xff, 0xff, 0xff, 0xff, 0xff, 0xff, 0xff, 0xff, 0xff, 0xff, 0xff, 0xff,
  0xff, 0x1d, 0x00, 0x00, 0x00, 0xff, 0xff, 0xff, 0xff, 0x1d, 0x00, 0x00, 0x00, 0x1d, 0x00, 0x00,
  0x00, 0x1d, 0x00, 0x00, 0x00, 0x1d, 0x00, 0x00, 0x00, 0x1d, 0x00, 0x00, 0x00, 0x1d, 0x00, 0x00,
  0x00, 0x1d, 0x00, 0x00, 0x00, 0x1d, 0x00, 0x00, 0x00, 0x1d, 0x00, 0x00, 0x00, 0x1d, 0x00, 0x00,
  0x00, 0x1d, 0x00, 0x00, 0x00, 0x1d, 0x00, 0x00, 0x00, 0x1d, 0x00, 0x00, 0x00, 0x1d, 0x00, 0x00,
  0x00, 0x1d, 0x00, 0x00, 0x00, 0x1d, 0x00, 0x00, 0x00, 0x1d, 0x00, 0x00, 0x00, 0x1d, 0x00, 0x00,
  0x00, 0x36, 0x00, 0x00, 0x00, 0x1d, 0x00, 0x00, 0x00, 0x1d, 0x00, 0x00, 0x00, 0x1d, 0x00, 0x00,
  0x00, 0x1d, 0x00, 0x00, 0x00, 0x1d, 0x00, 0x00, 0x00, 0x1d, 0x00, 0x00, 0x00, 0x1d, 0x00, 0x00,
  0x00, 0xff, 0xff, 0xff, 0xff, 0xff, 0xff, 0xff, 0xff, 0xff, 0xff, 0xff, 0xff, 0xff, 0xff, 0xff,
  0xff, 0xff, 0xff, 0xff, 0xff, 0xff, 0xff, 0xff, 0xff, 0xff, 0xff, 0xff, 0xff, 0xff, 0xff, 0xff,
  0xff, 0xff, 0xff, 0xff, 0xff, 0xff, 0xff, 0xff, 0xff, 0xff, 0xff, 0xff, 0xff, 0xff, 0xff, 0xff,
  0xff, 0xff, 0xff, 0xff, 0xff, 0xff, 0xff, 0xff, 0xff, 0xff, 0xff, 0xff, 0xff, 0xff, 0xff, 0xff,
  0xff, 0xff, 0xff, 0xff, 0xff, 0xff, 0xff, 0xff, 0xff, 0xff, 0xff, 0xff, 0xff, 0xff, 0xff, 0xff,
  0xff, 0xff, 0xff, 0xff, 0xff, 0xff, 0xff, 0xff, 0xff, 0xff, 0xff, 0xff, 0xff, 0xff, 0xff, 0xff,
  0xff, 0xff, 0xff, 0xff, 0xff, 0xff, 0xff, 0xff, 0xff, 0xff, 0xff, 0xff, 0xff, 0xff, 0xff, 0xff,
  0xff, 0xff, 0xff, 0xff, 0xff, 0xff, 0xff, 0xff, 0xff, 0xff, 0xff, 0xff, 0xff, 0xff, 0xff, 0xff,
  0xff, 0xff, 0xff, 0xff, 0xff, 0xff, 0xff, 0xff, 0xff, 0xff, 0xff, 0xff, 0xff, 0xff, 0xff, 0xff,
  0xff, 0xff, 0xff, 0xff, 0xff, 0xff, 0xff, 0xff, 0xff, 0xff, 0xff, 0xff, 0xff, 0xff, 0xff, 0xff,
  0xff, 0xff, 0xff, 0xff, 0xff, 0xff, 0xff, 0xff, 0xff, 0xff, 0xff, 0xff, 0xff, 0xff, 0xff, 0xff,
  0xff, 0xff, 0xff, 0xff, 0xff, 0xff, 0xff, 0xff, 0xff, 0xff, 0xff, 0xff, 0xff, 0xff, 0xff, 0xff,
  0xff, 0xff, 0xff, 0xff, 0xff, 0xff, 0xff, 0xff, 0xff, 0xff, 0xff, 0xff, 0xff, 0xff, 0xff, 0xff,
  0xff, 0xff, 0xff, 0xff, 0xff, 0x1d, 0x00, 0x00, 0x00, 0x1d, 0x00, 0x00, 0x00, 0x1d, 0x00, 0x00,
  0x00, 0x1d, 0x00, 0x00, 0x00, 0x1d, 0x00, 0x00, 0x00, 0x1d, 0x00, 0x00, 0x00, 0x1d, 0x00, 0x00,
  0x00, 0x1d, 0x00, 0x00, 0x00, 0x1d, 0x00, 0x00, 0x00, 0x1d, 0x00, 0x00, 0x00, 0xff, 0xff, 0xff,
  0xff, 0xff, 0xff, 0xff, 0xff, 0xff, 0xff, 0xff, 0xff, 0xff, 0xff, 0xff, 0xff, 0xff, 0xff, 0xff,
  0xff, 0xff, 0xff, 0xff, 0xff, 0xff, 0xff, 0xff, 0xff, 0x1d, 0x00, 0x00, 0x00, 0x1d, 0x00, 0x00,
  0x00, 0x1d, 0x00, 0x00, 0x00, 0x1d, 0x00, 0x00, 0x00, 0x1d, 0x00, 0x00, 0x00, 0x1d, 0x00, 0x00,
  0x00, 0x1d, 0x00, 0x00, 0x00, 0x1d, 0x00, 0x00, 0x00, 0x1d, 0x00, 0x00, 0x00, 0x1d, 0x00, 0x00,
  0x00, 0x1d, 0x00, 0x00, 0x00, 0x1d, 0x00, 0x00, 0x00, 0x1d, 0x00, 0x00, 0x00, 0x1d, 0x00, 0x00,
  0x00, 0x1d, 0x00, 0x00, 0x00, 0x1d, 0x00, 0x00, 0x00, 0x1d, 0x00, 0x00, 0x00, 0x1d, 0x00, 0x00,
  0x00, 0x1d, 0x00, 0x00, 0x00, 0x1d, 0x00, 0x00, 0x00, 0x1d, 0x00, 0x00, 0x00, 0x1d, 0x00, 0x00,
  0x00, 0x1d, 0x00, 0x00, 0x00, 0x1d, 0x00, 0x00, 0x00, 0x1d, 0x00, 0x00, 0x00, 0x1d, 0x00, 0x00,
  0x00, 0xff, 0xff, 0xff, 0xff, 0xff, 0xff, 0xff, 0xff, 0xff, 0xff, 0xff, 0xff, 0xff, 0xff, 0xff,
  0xff, 0x1d, 0x00, 0x00, 0x00, 0xff, 0xff, 0xff, 0xff, 0x1d, 0x00, 0x00, 0x00, 0x1d, 0x00, 0x00,
  0x00, 0x1d, 0x00, 0x00, 0x00, 0x1d, 0x00, 0x00, 0x00, 0x1d, 0x00, 0x00, 0x00, 0x1d, 0x00, 0x00,
  0x00, 0x1d, 0x00, 0x00, 0x00, 0x1d, 0x00, 0x00, 0x00, 0x1d, 0x00, 0x00, 0x00, 0x1d, 0x00, 0x00,
  0x00, 0x1d, 0x00, 0x00, 0x00, 0x37, 0x00, 0x00, 0x00, 0x1d, 0x00, 0x00, 0x00, 0x1d, 0x00, 0x00,
  0x00, 0x1d, 0x00, 0x00, 0x00, 0x1d, 0x00, 0x00, 0x00, 0x1d, 0x00, 0x00, 0x00, 0x1d, 0x00, 0x00,
  0x00, 0x1d, 0x00, 0x00, 0x00, 0x1d, 0x00, 0x00, 0x00, 0x1d, 0x00, 0x00, 0x00, 0x1d, 0x00, 0x00,
  0x00, 0x1d, 0x00, 0x00, 0x00, 0x1d, 0x00, 0x00, 0x00, 0x1d, 0x00, 0x00, 0x00, 0x1d, 0x00, 0x00,
  0x00, 0xff, 0xff, 0xff, 0xff, 0xff, 0xff, 0xff, 0xff, 0xff, 0xff, 0xff, 0xff, 0xff, 0xff, 0xff,
  0xff, 0xff, 0xff, 0xff, 0xff, 0xff, 0xff, 0xff, 0xff, 0xff, 0xff, 0xff, 0xff, 0xff, 0xff, 0xff,
  0xff, 0xff, 0xff, 0xff, 0xff, 0xff, 0xff, 0xff, 0xff, 0xff, 0xff, 0xff, 0xff, 0xff, 0xff, 0xff,
  0xff, 0xff, 0xff, 0xff, 0xff, 0xff, 0xff, 0xff, 0xff, 0xff, 0xff, 0xff, 0xff, 0xff, 0xff, 0xff,
  0xff, 0xff, 0xff, 0xff, 0xff, 0xff, 0xff, 0xff, 0xff, 0xff, 0xff, 0xff, 0xff, 0xff, 0xff, 0xff,
  0xff, 0xff, 0xff, 0xff, 0xff, 0xff, 0xff, 0xff, 0xff, 0xff, 0xff, 0xff, 0xff, 0xff, 0xff, 0xff,
  0xff, 0xff, 0xff, 0xff, 0xff, 0xff, 0xff, 0xff, 0xff, 0xff, 0xff, 0xff, 0xff, 0xff, 0xff, 0xff,
  0xff, 0xff, 0xff, 0xff, 0xff, 0xff, 0xff, 0xff, 0xff, 0xff, 0xff, 0xff, 0xff, 0xff, 0xff, 0xff,
  0xff, 0xff, 0xff, 0xff, 0xff, 0xff, 0xff, 0xff, 0xff, 0xff, 0xff, 0xff, 0xff, 0xff, 0xff, 0xff,
  0xff, 0xff, 0xff, 0xff, 0xff, 0xff, 0xff, 0xff, 0xff, 0xff, 0xff, 0xff, 0xff, 0xff, 0xff, 0xff,
  0xff, 0xff, 0xff, 0xff, 0xff, 0xff, 0xff, 0xff, 0xff, 0xff, 0xff, 0xff, 0xff, 0xff, 0xff, 0xff,
  0xff, 0xff, 0xff, 0xff, 0xff, 0xff, 0xff, 0xff, 0xff, 0xff, 0xff, 0xff, 0xff, 0xff, 0xff, 0xff,
  0xff, 0xff, 0xff, 0xff, 0xff, 0xff, 0xff, 0xff, 0xff, 0xff, 0xff, 0xff, 0xff, 0xff, 0xff, 0xff,
  0xff, 0xff, 0xff, 0xff, 0xff, 0x1d, 0x00, 0x00, 0x00, 0x1d, 0x00, 0x00, 0x00, 0x1d, 0x00, 0x00,
  0x00, 0x1d, 0x00, 0x00, 0x00, 0x1d, 0x00, 0x00, 0x00, 0x1d, 0x00, 0x00, 0x00, 0x1d, 0x00, 0x00,
  0x00, 0x1d, 0x00, 0x00, 0x00, 0x1d, 0x00, 0x00, 0x00, 0x1d, 0x00, 0x00, 0x00, 0xff, 0xff, 0xff,
  0xff, 0xff, 0xff, 0xff, 0xff, 0xff, 0xff, 0xff, 0xff, 0xff, 0xff, 0xff, 0xff, 0xff, 0xff, 0xff,
  0xff, 0xff, 0xff, 0xff, 0xff, 0xff, 0xff, 0xff, 0xff, 0x1d, 0x00, 0x00, 0x00, 0x1d, 0x00, 0x00,
  0x00, 0x1d, 0x00, 0x00, 0x00, 0x1d, 0x00, 0x00, 0x00, 0x1d, 0x00, 0x00, 0x00, 0x1d, 0x00, 0x00,
  0x00, 0x1d, 0x00, 0x00, 0x00, 0x1d, 0x00, 0x00, 0x00, 0x1d, 0x00, 0x00, 0x00, 0x1d, 0x00, 0x00,
  0x00, 0x1d, 0x00, 0x00, 0x00, 0x1d, 0x00, 0x00, 0x00, 0x1d, 0x00, 0x00, 0x00, 0x1d, 0x00, 0x00,
  0x00, 0x1d, 0x00, 0x00, 0x00, 0x1d, 0x00, 0x00, 0x00, 0x1d, 0x00, 0x00, 0x00, 0x1d, 0x00, 0x00,
  0x00, 0x1d, 0x00, 0x00, 0x00, 0x1d, 0x00, 0x00, 0x00, 0x1d, 0x00, 0x00, 0x00, 0x1d, 0x00, 0x00,
  0x00, 0x1d, 0x00, 0x00, 0x00, 0x1d, 0x00, 0x00, 0x00, 0x1d, 0x00, 0x00, 0x00, 0x1d, 0x00, 0x00,
  0x00, 0xff, 0xff, 0xff, 0xff, 0xff, 0xff, 0xff, 0xff, 0xff, 0xff, 0xff, 0xff, 0xff, 0xff, 0xff,
  0xff, 0x1d, 0x00, 0x00, 0x00, 0xff, 0xff, 0xff, 0xff, 0x1d, 0x00, 0x00, 0x00, 0x1d, 0x00, 0x00,
  0x00, 0x1d, 0x00, 0x00, 0x00, 0x1d, 0x00, 0x00, 0x00, 0x1d, 0x00, 0x00, 0x00, 0x1d, 0x00, 0x00,
  0x00, 0x38, 0x00, 0x00, 0x00, 0x1d, 0x00, 0x00, 0x00, 0x1d, 0x00, 0x00, 0x00, 0x1d, 0x00, 0x00,
  0x00, 0x1d, 0x00, 0x00, 0x00, 0x1d, 0x00, 0x00, 0x00, 0x1d, 0x00, 0x00, 0x00, 0x1d, 0x00, 0x00,
  0x00, 0x1d, 0x00, 0x00, 0x00, 0x1d, 0x00, 0x00, 0x00, 0x1d, 0x00, 0x00, 0x00, 0x1d, 0x00, 0x00,
  0x00, 0x1d, 0x00, 0x00, 0x00, 0x1d, 0x00, 0x00, 0x00, 0x1d, 0x00, 0x00, 0x00, 0x1d, 0x00, 0x00,
  0x00, 0x1d, 0x00, 0x00, 0x00, 0x1d, 0x00, 0x00, 0x00, 0x1d, 0x00, 0x00, 0x00, 0x1d, 0x00, 0x00,
  0x00, 0xff, 0xff, 0xff, 0xff, 0xff, 0xff, 0xff, 0xff, 0xff, 0xff, 0xff, 0xff, 0xff, 0xff, 0xff,
  0xff, 0xff, 0xff, 0xff, 0xff, 0xff, 0xff, 0xff, 0xff, 0xff, 0xff, 0xff, 0xff, 0xff, 0xff, 0xff,
  0xff, 0xff, 0xff, 0xff, 0xff, 0xff, 0xff, 0xff, 0xff, 0xff, 0xff, 0xff, 0xff, 0xff, 0xff, 0xff,
  0xff, 0xff, 0xff, 0xff, 0xff, 0xff, 0xff, 0xff, 0xff, 0xff, 0xff, 0xff, 0xff, 0xff, 0xff, 0xff,
  0xff, 0xff, 0xff, 0xff, 0xff, 0xff, 0xff, 0xff, 0xff, 0xff, 0xff, 0xff, 0xff, 0xff, 0xff, 0xff,
  0xff, 0xff, 0xff, 0xff, 0xff, 0xff, 0xff, 0xff, 0xff, 0xff, 0xff, 0xff, 0xff, 0xff, 0xff, 0xff,
  0xff, 0xff, 0xff, 0xff, 0xff, 0xff, 0xff, 0xff, 0xff, 0xff, 0xff, 0xff, 0xff, 0xff, 0xff, 0xff,
  0xff, 0xff, 0xff, 0xff, 0xff, 0xff, 0xff, 0xff, 0xff, 0xff, 0xff, 0xff, 0xff, 0xff, 0xff, 0xff,
  0xff, 0xff, 0xff, 0xff, 0xff, 0xff, 0xff, 0xff, 0xff, 0xff, 0xff, 0xff, 0xff, 0xff, 0xff, 0xff,
  0xff, 0xff, 0xff, 0xff, 0xff, 0xff, 0xff, 0xff, 0xff, 0xff, 0xff, 0xff, 0xff, 0xff, 0xff, 0xff,
  0xff, 0xff, 0xff, 0xff, 0xff, 0xff, 0xff, 0xff, 0xff, 0xff, 0xff, 0xff, 0xff, 0xff, 0xff, 0xff,
  0xff, 0xff, 0xff, 0xff, 0xff, 0xff, 0xff, 0xff, 0xff, 0xff, 0xff, 0xff, 0xff, 0xff, 0xff, 0xff,
  0xff, 0xff, 0xff, 0xff, 0xff, 0xff, 0xff, 0xff, 0xff, 0xff, 0xff, 0xff, 0xff, 0xff, 0xff, 0xff,
  0xff, 0xff, 0xff, 0xff, 0xff, 0x1d, 0x00, 0x00, 0x00, 0x1d, 0x00, 0x00, 0x00, 0x1d, 0x00, 0x00,
  0x00, 0x1d, 0x00, 0x00, 0x00, 0x1d, 0x00, 0x00, 0x00, 0x1d, 0x00, 0x00, 0x00, 0x1d, 0x00, 0x00,
  0x00, 0x1d, 0x00, 0x00, 0x00, 0x1d, 0x00, 0x00, 0x00, 0x1d, 0x00, 0x00, 0x00, 0xff, 0xff, 0xff,
  0xff, 0xff, 0xff, 0xff, 0xff, 0xff, 0xff, 0xff, 0xff, 0xff, 0xff, 0xff, 0xff, 0xff, 0xff, 0xff,
  0xff, 0xff, 0xff, 0xff, 0xff, 0xff, 0xff, 0xff, 0xff, 0x1d, 0x00, 0x00, 0x00, 0x1d, 0x00, 0x00,
  0x00, 0x1d, 0x00, 0x00, 0x00, 0x1d, 0x00, 0x00, 0x00, 0x1d, 0x00, 0x00, 0x00, 0x1d, 0x00, 0x00,
  0x00, 0x1d, 0x00, 0x00, 0x00, 0x1d, 0x00, 0x00, 0x00, 0x1d, 0x00, 0x00, 0x00, 0x1d, 0x00, 0x00,
  0x00, 0x1d, 0x00, 0x00, 0x00, 0x1d, 0x00, 0x00, 0x00, 0x1d, 0x00, 0x00, 0x00, 0x1d, 0x00, 0x00,
  0x00, 0x1d, 0x00, 0x00, 0x00, 0x1d, 0x00, 0x00, 0x00, 0x1d, 0x00, 0x00, 0x00, 0x1d, 0x00, 0x00,
  0x00, 0x1d, 0x00, 0x00, 0x00, 0x1d, 0x00, 0x00, 0x00, 0x1d, 0x00, 0x00, 0x00, 0x1d, 0x00, 0x00,
  0x00, 0x1d, 0x00, 0x00, 0x00, 0x1d, 0x00, 0x00, 0x00, 0x1d, 0x00, 0x00, 0x00, 0x1d, 0x00, 0x00,
  0x00, 0xff, 0xff, 0xff, 0xff, 0xff, 0xff, 0xff, 0xff, 0xff, 0xff, 0xff, 0xff, 0xff, 0xff, 0xff,
  0xff, 0x1d, 0x00, 0x00, 0x00, 0xff, 0xff, 0xff, 0xff, 0x1d, 0x00, 0x00, 0x00, 0x1d, 0x00, 0x00,
  0x00, 0x1d, 0x00, 0x00, 0x00, 0x1d, 0x00, 0x00, 0x00, 0x1d, 0x00, 0x00, 0x00, 0x1d, 0x00, 0x00,
  0x00, 0x1d, 0x00, 0x00, 0x00, 0x1d, 0x00, 0x00, 0x00, 0x1d, 0x00, 0x00, 0x00, 0x1d, 0x00, 0x00,
  0x00, 0x1d, 0x00, 0x00, 0x00, 0x1d, 0x00, 0x00, 0x00, 0x1d, 0x00, 0x00, 0x00, 0x1d, 0x00, 0x00,
  0x00, 0x39, 0x00, 0x00, 0x00, 0x1d, 0x00, 0x00, 0x00, 0x1d, 0x00, 0x00, 0x00, 0x1d, 0x00, 0x00,
  0x00, 0x1d, 0x00, 0x00, 0x00, 0x1d, 0x00, 0x00, 0x00, 0x1d, 0x00, 0x00, 0x00, 0x1d, 0x00, 0x00,
  0x00, 0x1d, 0x00, 0x00, 0x00, 0x1d, 0x00, 0x00, 0x00, 0x1d, 0x00, 0x00, 0x00, 0x1d, 0x00, 0x00,
  0x00, 0xff, 0xff, 0xff, 0xff, 0xff, 0xff, 0xff, 0xff, 0xff, 0xff, 0xff, 0xff, 0xff, 0xff, 0xff,
  0xff, 0xff, 0xff, 0xff, 0xff, 0xff, 0xff, 0xff, 0xff, 0xff, 0xff, 0xff, 0xff, 0xff, 0xff, 0xff,
  0xff, 0xff, 0xff, 0xff, 0xff, 0xff, 0xff, 0xff, 0xff, 0xff, 0xff, 0xff, 0xff, 0xff, 0xff, 0xff,
  0xff, 0xff, 0xff, 0xff, 0xff, 0xff, 0xff, 0xff, 0xff, 0xff, 0xff, 0xff, 0xff, 0xff, 0xff, 0xff,
  0xff, 0xff, 0xff, 0xff, 0xff, 0xff, 0xff, 0xff, 0xff, 0xff, 0xff, 0xff, 0xff, 0xff, 0xff, 0xff,
  0xff, 0xff, 0xff, 0xff, 0xff, 0xff, 0xff, 0xff, 0xff, 0xff, 0xff, 0xff, 0xff, 0xff, 0xff, 0xff,
  0xff, 0xff, 0xff, 0xff, 0xff, 0xff, 0xff, 0xff, 0xff, 0xff, 0xff, 0xff, 0xff, 0xff, 0xff, 0xff,
  0xff, 0xff, 0xff, 0xff, 0xff, 0xff, 0xff, 0xff, 0xff, 0xff, 0xff, 0xff, 0xff, 0xff, 0xff, 0xff,
  0xff, 0xff, 0xff, 0xff, 0xff, 0xff, 0xff, 0xff, 0xff, 0xff, 0xff, 0xff, 0xff, 0xff, 0xff, 0xff,
  0xff, 0xff, 0xff, 0xff, 0xff, 0xff, 0xff, 0xff, 0xff, 0xff, 0xff, 0xff, 0xff, 0xff, 0xff, 0xff,
  0xff, 0xff, 0xff, 0xff, 0xff, 0xff, 0xff, 0xff, 0xff, 0xff, 0xff, 0xff, 0xff, 0xff, 0xff, 0xff,
  0xff, 0xff, 0xff, 0xff, 0xff, 0xff, 0xff, 0xff, 0xff, 0xff, 0xff, 0xff, 0xff, 0xff, 0xff, 0xff,
  0xff, 0xff, 0xff, 0xff, 0xff, 0xff, 0xff, 0xff, 0xff, 0xff, 0xff, 0xff, 0xff, 0xff, 0xff, 0xff,
  0xff, 0xff, 0xff, 0xff, 0xff, 0x1d, 0x00, 0x00, 0x00, 0x1d, 0x00, 0x00, 0x00, 0x1d, 0x00, 0x00,
  0x00, 0x1d, 0x00, 0x00, 0x00, 0x1d, 0x00, 0x00, 0x00, 0x1d, 0x00, 0x00, 0x00, 0x1d, 0x00, 0x00,
  0x00, 0x1d, 0x00, 0x00, 0x00, 0x1d, 0x00, 0x00, 0x00, 0x1d, 0x00, 0x00, 0x00, 0xff, 0xff, 0xff,
  0xff, 0xff, 0xff, 0xff, 0xff, 0xff, 0xff, 0xff, 0xff, 0xff, 0xff, 0xff, 0xff, 0xff, 0xff, 0xff,
  0xff, 0xff, 0xff, 0xff, 0xff, 0xff, 0xff, 0xff, 0xff, 0x1d, 0x00, 0x00, 0x00, 0x1d, 0x00, 0x00,
  0x00, 0x1d, 0x00, 0x00, 0x00, 0x1d, 0x00, 0x00, 0x00, 0x1d, 0x00, 0x00, 0x00, 0x1d, 0x00, 0x00,
  0x00, 0x1d, 0x00, 0x00, 0x00, 0x1d, 0x00, 0x00, 0x00, 0x1d, 0x00, 0x00, 0x00, 0x1d, 0x00, 0x00,
  0x00, 0x1d, 0x00, 0x00, 0x00, 0x1d, 0x00, 0x00, 0x00, 0x1d, 0x00, 0x00, 0x00, 0x1d, 0x00, 0x00,
  0x00, 0x1d, 0x00, 0x00, 0x00, 0x1d, 0x00, 0x00, 0x00, 0x1d, 0x00, 0x00, 0x00, 0x1d, 0x00, 0x00,
  0x00, 0x1d, 0x00, 0x00, 0x00, 0x1d, 0x00, 0x00, 0x00, 0x1d, 0x00, 0x00, 0x00, 0x1d, 0x00, 0x00,
  0x00, 0x1d, 0x00, 0x00, 0x00, 0x1d, 0x00, 0x00, 0x00, 0x1d, 0x00, 0x00, 0x00, 0x1d, 0x00, 0x00,
  0x00, 0xff, 0xff, 0xff, 0xff, 0xff, 0xff, 0xff, 0xff, 0xff, 0xff, 0xff, 0xff, 0xff, 0xff, 0xff,
  0xff, 0x1d, 0x00, 0x00, 0x00, 0xff, 0xff, 0xff, 0xff, 0x1d, 0x00, 0x00, 0x00, 0x1d, 0x00, 0x00,
  0x00, 0x1d, 0x00, 0x00, 0x00, 0x1d, 0x00, 0x00, 0x00, 0x1d, 0x00, 0x00, 0x00, 0x1d, 0x00, 0x00,
  0x00, 0x1d, 0x00, 0x00, 0x00, 0x1d, 0x00, 0x00, 0x00, 0x1d, 0x00, 0x00, 0x00, 0x1d, 0x00, 0x00,
  0x00, 0x1d, 0x00, 0x00, 0x00, 0x1d, 0x00, 0x00, 0x00, 0x1d, 0x00, 0x00, 0x00, 0x1d, 0x00, 0x00,
  0x00, 0x1d, 0x00, 0x00, 0x00, 0x3a, 0x00, 0x00, 0x00, 0x1d, 0x00, 0x00, 0x00, 0x1d, 0x00, 0x00,
  0x00, 0x1d, 0x00, 0x00, 0x00, 0x1d, 0x00, 0x00, 0x00, 0x1d, 0x00, 0x00, 0x00, 0x1d, 0x00, 0x00,
  0x00, 0x1d, 0x00, 0x00, 0x00, 0x1d, 0x00, 0x00, 0x00, 0x1d, 0x00, 0x00, 0x00, 0x1d, 0x00, 0x00,
  0x00, 0xff, 0xff, 0xff, 0xff, 0xff, 0xff, 0xff, 0xff, 0xff, 0xff, 0xff, 0xff, 0xff, 0xff, 0xff,
  0xff, 0xff, 0xff, 0xff, 0xff, 0xff, 0xff, 0xff, 0xff, 0xff, 0xff, 0xff, 0xff, 0xff, 0xff, 0xff,
  0xff, 0xff, 0xff, 0xff, 0xff, 0xff, 0xff, 0xff, 0xff, 0xff, 0xff, 0xff, 0xff, 0xff, 0xff, 0xff,
  0xff, 0xff, 0xff, 0xff, 0xff, 0xff, 0xff, 0xff, 0xff, 0xff, 0xff, 0xff, 0xff, 0xff, 0xff, 0xff,
  0xff, 0xff, 0xff, 0xff, 0xff, 0xff, 0xff, 0xff, 0xff, 0xff, 0xff, 0xff, 0xff, 0xff, 0xff, 0xff,
  0xff, 0xff, 0xff, 0xff, 0xff, 0xff, 0xff, 0xff, 0xff, 0xff, 0xff, 0xff, 0xff, 0xff, 0xff, 0xff,
  0xff, 0xff, 0xff, 0xff, 0xff, 0xff, 0xff, 0xff, 0xff, 0xff, 0xff, 0xff, 0xff, 0xff, 0xff, 0xff,
  0xff, 0xff, 0xff, 0xff, 0xff, 0xff, 0xff, 0xff, 0xff, 0xff, 0xff, 0xff, 0xff, 0xff, 0xff, 0xff,
  0xff, 0xff, 0xff, 0xff, 0xff, 0xff, 0xff, 0xff, 0xff, 0xff, 0xff, 0xff, 0xff, 0xff, 0xff, 0xff,
  0xff, 0xff, 0xff, 0xff, 0xff, 0xff, 0xff, 0xff, 0xff, 0xff, 0xff, 0xff, 0xff, 0xff, 0xff, 0xff,
  0xff, 0xff, 0xff, 0xff, 0xff, 0xff, 0xff, 0xff, 0xff, 0xff, 0xff, 0xff, 0xff, 0xff, 0xff, 0xff,
  0xff, 0xff, 0xff, 0xff, 0xff, 0xff, 0xff, 0xff, 0xff, 0xff, 0xff, 0xff, 0xff, 0xff, 0xff, 0xff,
  0xff, 0xff, 0xff, 0xff, 0xff, 0xff, 0xff, 0xff, 0xff, 0xff, 0xff, 0xff, 0xff, 0xff, 0xff, 0xff,
  0xff, 0xff, 0xff, 0xff, 0xff, 0x1d, 0x00, 0x00, 0x00, 0x1d, 0x00, 0x00, 0x00, 0x1d, 0x00, 0x00,
  0x00, 0x1d, 0x00, 0x00, 0x00, 0x1d, 0x00, 0x00, 0x00, 0x1d, 0x00, 0x00, 0x00, 0x1d, 0x00, 0x00,
  0x00, 0x1d, 0x00, 0x00, 0x00, 0x1d, 0x00, 0x00, 0x00, 0x1d, 0x00, 0x00, 0x00, 0xff, 0xff, 0xff,
  0xff, 0xff, 0xff, 0xff, 0xff, 0xff, 0xff, 0xff, 0xff, 0xff, 0xff, 0xff, 0xff, 0xff, 0xff, 0xff,
  0xff, 0xff, 0xff, 0xff, 0xff, 0xff, 0xff, 0xff, 0xff, 0x1d, 0x00, 0x00, 0x00, 0x1d, 0x00, 0x00,
  0x00, 0x1d, 0x00, 0x00, 0x00, 0x1d, 0x00, 0x00, 0x00, 0x1d, 0x00, 0x00, 0x00, 0x1d, 0x00, 0x00,
  0x00, 0x1d, 0x00, 0x00, 0x00, 0x1d, 0x00, 0x00, 0x00, 0x1d, 0x00, 0x00, 0x00, 0x1d, 0x00, 0x00,
  0x00, 0x1d, 0x00, 0x00, 0x00, 0x1d, 0x00, 0x00, 0x00, 0x1d, 0x00, 0x00, 0x00, 0x1d, 0x00, 0x00,
  0x00, 0x1d, 0x00, 0x00, 0x00, 0x1d, 0x00, 0x00, 0x00, 0x1d, 0x00, 0x00, 0x00, 0x1d, 0x00, 0x00,
  0x00, 0x1d, 0x00, 0x00, 0x00, 0x1d, 0x00, 0x00, 0x00, 0x1d, 0x00, 0x00, 0x00, 0x1d, 0x00, 0x00,
  0x00, 0x1d, 0x00, 0x00, 0x00, 0x1d, 0x00, 0x00, 0x00, 0x1d, 0x00, 0x00, 0x00, 0x1d, 0x00, 0x00,
  0x00, 0xff, 0xff, 0xff, 0xff, 0xff, 0xff, 0xff, 0xff, 0xff, 0xff, 0xff, 0xff, 0xff, 0xff, 0xff,
  0xff, 0x1d, 0x00, 0x00, 0x00, 0xff, 0xff, 0xff, 0xff, 0x1d, 0x00, 0x00, 0x00, 0x1d, 0x00, 0x00,
  0x00, 0x1d, 0x00, 0x00, 0x00, 0x1d, 0x00, 0x00, 0x00, 0x1d, 0x00, 0x00, 0x00, 0x1d, 0x00, 0x00,
  0x00, 0x1d, 0x00, 0x00, 0x00, 0x1d, 0x00, 0x00, 0x00, 0x1d, 0x00, 0x00, 0x00, 0x1d, 0x00, 0x00,
  0x00, 0x1d, 0x00, 0x00, 0x00, 0x1d, 0x00, 0x00, 0x00, 0x1d, 0x00, 0x00, 0x00, 0x1d, 0x00, 0x00,
  0x00, 0x1d, 0x00, 0x00, 0x00, 0x1d, 0x00, 0x00, 0x00, 0x1d, 0x00, 0x00, 0x00, 0x1d, 0x00, 0x00,
  0x00, 0x1d, 0x00, 0x00, 0x00, 0x1d, 0x00, 0x00, 0x00, 0x3b, 0x00, 0x00, 0x00, 0x1d, 0x00, 0x00,
  0x00, 0x1d, 0x00, 0x00, 0x00, 0x1d, 0x00, 0x00, 0x00, 0x1d, 0x00, 0x00, 0x00, 0x1d, 0x00, 0x00,
  0x00, 0xff, 0xff, 0xff, 0xff, 0xff, 0xff, 0xff, 0xff, 0xff, 0xff, 0xff, 0xff, 0xff, 0xff, 0xff,
  0xff, 0xff, 0xff, 0xff, 0xff, 0xff, 0xff, 0xff, 0xff, 0xff, 0xff, 0xff, 0xff, 0xff, 0xff, 0xff,
  0xff, 0xff, 0xff, 0xff, 0xff, 0xff, 0xff, 0xff, 0xff, 0xff, 0xff, 0xff, 0xff, 0xff, 0xff, 0xff,
  0xff, 0xff, 0xff, 0xff, 0xff, 0xff, 0xff, 0xff, 0xff, 0xff, 0xff, 0xff, 0xff, 0xff, 0xff, 0xff,
  0xff, 0xff, 0xff, 0xff, 0xff, 0xff, 0xff, 0xff, 0xff, 0xff, 0xff, 0xff, 0xff, 0xff, 0xff, 0xff,
  0xff, 0xff, 0xff, 0xff, 0xff, 0xff, 0xff, 0xff, 0xff, 0xff, 0xff, 0xff, 0xff, 0xff, 0xff, 0xff,
  0xff, 0xff, 0xff, 0xff, 0xff, 0xff, 0xff, 0xff, 0xff, 0xff, 0xff, 0xff, 0xff, 0xff, 0xff, 0xff,
  0xff, 0xff, 0xff, 0xff, 0xff, 0xff, 0xff, 0xff, 0xff, 0xff, 0xff, 0xff, 0xff, 0xff, 0xff, 0xff,
  0xff, 0xff, 0xff, 0xff, 0xff, 0xff, 0xff, 0xff, 0xff, 0xff, 0xff, 0xff, 0xff, 0xff, 0xff, 0xff,
  0xff, 0xff, 0xff, 0xff, 0xff, 0xff, 0xff, 0xff, 0xff, 0xff, 0xff, 0xff, 0xff, 0xff, 0xff, 0xff,
  0xff, 0xff, 0xff, 0xff, 0xff, 0xff, 0xff, 0xff, 0xff, 0xff, 0xff, 0xff, 0xff, 0xff, 0xff, 0xff,
  0xff, 0xff, 0xff, 0xff, 0xff, 0xff, 0xff, 0xff, 0xff, 0xff, 0xff, 0xff, 0xff, 0xff, 0xff, 0xff,
  0xff, 0xff, 0xff, 0xff, 0xff, 0xff, 0xff, 0xff, 0xff, 0xff, 0xff, 0xff, 0xff, 0xff, 0xff, 0xff,
  0xff, 0xff, 0xff, 0xff, 0xff, 0x1d, 0x00, 0x00, 0x00, 0x1d, 0x00, 0x00, 0x00, 0x1d, 0x00, 0x00,
  0x00, 0x1d, 0x00, 0x00, 0x00, 0x1d, 0x00, 0x00, 0x00, 0x1d, 0x00, 0x00, 0x00, 0x1d, 0x00, 0x00,
  0x00, 0x1d, 0x00, 0x00, 0x00, 0x1d, 0x00, 0x00, 0x00, 0x1d, 0x00, 0x00, 0x00, 0xff, 0xff, 0xff,
  0xff, 0xff, 0xff, 0xff, 0xff, 0xff, 0xff, 0xff, 0xff, 0xff, 0xff, 0xff, 0xff, 0xff, 0xff, 0xff,
  0xff, 0xff, 0xff, 0xff, 0xff, 0xff, 0xff, 0xff, 0xff, 0x1d, 0x00, 0x00, 0x00, 0x1d, 0x00, 0x00,
  0x00, 0x1d, 0x00, 0x00, 0x00, 0x1d, 0x00, 0x00, 0x00, 0x1d, 0x00, 0x00, 0x00, 0x1d, 0x00, 0x00,
  0x00, 0x1d, 0x00, 0x00, 0x00, 0x1d, 0x00, 0x00, 0x00, 0x1d, 0x00, 0x00, 0x00, 0x1d, 0x00, 0x00,
  0x00, 0x1d, 0x00, 0x00, 0x00, 0x1d, 0x00, 0x00, 0x00, 0x1d, 0x00, 0x00, 0x00, 0x1d, 0x00, 0x00,
  0x00, 0x1d, 0x00, 0x00, 0x00, 0x1d, 0x00, 0x00, 0x00, 0x1d, 0x00, 0x00, 0x00, 0x1d, 0x00, 0x00,
  0x00, 0x1d, 0x00, 0x00, 0x00, 0x1d, 0x00, 0x00, 0x00, 0x1d, 0x00, 0x00, 0x00, 0x1d, 0x00, 0x00,
  0x00, 0x1d, 0x00, 0x00, 0x00, 0x1d, 0x00, 0x00, 0x00, 0x1d, 0x00, 0x00, 0x00, 0x1d, 0x00, 0x00,
  0x00, 0xff, 0xff, 0xff, 0xff, 0xff, 0xff, 0xff, 0xff, 0xff, 0xff, 0xff, 0xff, 0xff, 0xff, 0xff,
  0xff, 0x1d, 0x00, 0x00, 0x00, 0xff, 0xff, 0xff, 0xff, 0x1d, 0x00, 0x00, 0x00, 0x1d, 0x00, 0x00,
  0x00, 0x1d, 0x00, 0x00, 0x00, 0x1d, 0x00, 0x00, 0x00, 0x1d, 0x00, 0x00, 0x00, 0x1d, 0x00, 0x00,
  0x00, 0x1d, 0x00, 0x00, 0x00, 0x1d, 0x00, 0x00, 0x00, 0x1d, 0x00, 0x00, 0x00, 0x1d, 0x00, 0x00,
  0x00, 0x1d, 0x00, 0x00, 0x00, 0x1d, 0x00, 0x00, 0x00, 0x3c, 0x00, 0x00, 0x00, 0x1d, 0x00, 0x00,
  0x00, 0x1d, 0x00, 0x00, 0x00, 0x1d, 0x00, 0x00, 0x00, 0x1d, 0x00, 0x00, 0x00, 0x1d, 0x00, 0x00,
  0x00, 0x1d, 0x00, 0x00, 0x00, 0x1d, 0x00, 0x00, 0x00, 0x1d, 0x00, 0x00, 0x00, 0x1d, 0x00, 0x00,
  0x00, 0x1d, 0x00, 0x00, 0x00, 0x1d, 0x00, 0x00, 0x00, 0x1d, 0x00, 0x00, 0x00, 0x1d, 0x00, 0x00,
  0x00, 0xff, 0xff, 0xff, 0xff, 0xff, 0xff, 0xff, 0xff, 0xff, 0xff, 0xff, 0xff, 0xff, 0xff, 0xff,
  0xff, 0xff, 0xff, 0xff, 0xff, 0xff, 0xff, 0xff, 0xff, 0xff, 0xff, 0xff, 0xff, 0xff, 0xff, 0xff,
  0xff, 0xff, 0xff, 0xff, 0xff, 0xff, 0xff, 0xff, 0xff, 0xff, 0xff, 0xff, 0xff, 0xff, 0xff, 0xff,
  0xff, 0xff, 0xff, 0xff, 0xff, 0xff, 0xff, 0xff, 0xff, 0xff, 0xff, 0xff, 0xff, 0xff, 0xff, 0xff,
  0xff, 0xff, 0xff, 0xff, 0xff, 0xff, 0xff, 0xff, 0xff, 0xff, 0xff, 0xff, 0xff, 0xff, 0xff, 0xff,
  0xff, 0xff, 0xff, 0xff, 0xff, 0xff, 0xff, 0xff, 0xff, 0xff, 0xff, 0xff, 0xff, 0xff, 0xff, 0xff,
  0xff, 0xff, 0xff, 0xff, 0xff, 0xff, 0xff, 0xff, 0xff, 0xff, 0xff, 0xff, 0xff, 0xff, 0xff, 0xff,
  0xff, 0xff, 0xff, 0xff, 0xff, 0xff, 0xff, 0xff, 0xff, 0xff, 0xff, 0xff, 0xff, 0xff, 0xff, 0xff,
  0xff, 0xff, 0xff, 0xff, 0xff, 0xff, 0xff, 0xff, 0xff, 0xff, 0xff, 0xff, 0xff, 0xff, 0xff, 0xff,
  0xff, 0xff, 0xff, 0xff, 0xff, 0xff, 0xff, 0xff, 0xff, 0xff, 0xff, 0xff, 0xff, 0xff, 0xff, 0xff,
  0xff, 0xff, 0xff, 0xff, 0xff, 0xff, 0xff, 0xff, 0xff, 0xff, 0xff, 0xff, 0xff, 0xff, 0xff, 0xff,
  0xff, 0xff, 0xff, 0xff, 0xff, 0xff, 0xff, 0xff, 0xff, 0xff, 0xff, 0xff, 0xff, 0xff, 0xff, 0xff,
  0xff, 0xff, 0xff, 0xff, 0xff, 0xff, 0xff, 0xff, 0xff, 0xff, 0xff, 0xff, 0xff, 0xff, 0xff, 0xff,
  0xff, 0xff, 0xff, 0xff, 0xff, 0x1d, 0x00, 0x00, 0x00, 0x1d, 0x00, 0x00, 0x00, 0x1d, 0x00, 0x00,
  0x00, 0x1d, 0x00, 0x00, 0x00, 0x1d, 0x00, 0x00, 0x00, 0x1d, 0x00, 0x00, 0x00, 0x1d, 0x00, 0x00,
  0x00, 0x1d, 0x00, 0x00, 0x00, 0x1d, 0x00, 0x00, 0x00, 0x1d, 0x00, 0x00, 0x00, 0xff, 0xff, 0xff,
  0xff, 0xff, 0xff, 0xff, 0xff, 0xff, 0xff, 0xff, 0xff, 0xff, 0xff, 0xff, 0xff, 0xff, 0xff, 0xff,
  0xff, 0xff, 0xff, 0xff, 0xff, 0xff, 0xff, 0xff, 0xff, 0x1d, 0x00, 0x00, 0x00, 0x1d, 0x00, 0x00,
  0x00, 0x1d, 0x00, 0x00, 0x00, 0x1d, 0x00, 0x00, 0x00, 0x1d, 0x00, 0x00, 0x00, 0x1d, 0x00, 0x00,
  0x00, 0x1d, 0x00, 0x00, 0x00, 0x1d, 0x00, 0x00, 0x00, 0x1d, 0x00, 0x00, 0x00, 0x1d, 0x00, 0x00,
  0x00, 0x1d, 0x00, 0x00, 0x00, 0x1d, 0x00, 0x00, 0x00, 0x1d, 0x00, 0x00, 0x00, 0x1d, 0x00, 0x00,
  0x00, 0x1d, 0x00, 0x00, 0x00, 0x1d, 0x00, 0x00, 0x00, 0x1d, 0x00, 0x00, 0x00, 0x1d, 0x00, 0x00,
  0x00, 0x1d, 0x00, 0x00, 0x00, 0x1d, 0x00, 0x00, 0x00, 0x1d, 0x00, 0x00, 0x00, 0x1d, 0x00, 0x00,
  0x00, 0x1d, 0x00, 0x00, 0x00, 0x1d, 0x00, 0x00, 0x00, 0x1d, 0x00, 0x00, 0x00, 0x1d, 0x00, 0x00,
  0x00, 0xff, 0xff, 0xff, 0xff, 0xff, 0xff, 0xff, 0xff, 0xff, 0xff, 0xff, 0xff, 0xff, 0xff, 0xff,
  0xff, 0x1d, 0x00, 0x00, 0x00, 0xff, 0xff, 0xff, 0xff, 0x1d, 0x00, 0x00, 0x00, 0x1d, 0x00, 0x00,
  0x00, 0x1d, 0x00, 0x00, 0x00, 0x1d, 0x00, 0x00, 0x00, 0x1d, 0x00, 0x00, 0x00, 0x1d, 0x00, 0x00,
  0x00, 0x1d, 0x00, 0x00, 0x00, 0x1d, 0x00, 0x00, 0x00, 0x1d, 0x00, 0x00, 0x00, 0x1d, 0x00, 0x00,
  0x00, 0x3d, 0x00, 0x00, 0x00, 0x1d, 0x00, 0x00, 0x00, 0x1d, 0x00, 0x00, 0x00, 0x1d, 0x00, 0x00,
  0x00, 0x1d, 0x00, 0x00, 0x00, 0x1d, 0x00, 0x00, 0x00, 0x1d, 0x00, 0x00, 0x00, 0x1d, 0x00, 0x00,
  0x00, 0x1d, 0x00, 0x00, 0x00, 0x1d, 0x00, 0x00, 0x00, 0x1d, 0x00, 0x00, 0x00, 0x1d, 0x00, 0x00,
  0x00, 0x1d, 0x00, 0x00, 0x00, 0x1d, 0x00, 0x00, 0x00, 0x1d, 0x00, 0x00, 0x00, 0x1d, 0x00, 0x00,
  0x00, 0xff, 0xff, 0xff, 0xff, 0xff, 0xff, 0xff, 0xff, 0xff, 0xff, 0xff, 0xff, 0xff, 0xff, 0xff,
  0xff, 0xff, 0xff, 0xff, 0xff, 0xff, 0xff, 0xff, 0xff, 0xff, 0xff, 0xff, 0xff, 0xff, 0xff, 0xff,
  0xff, 0xff, 0xff, 0xff, 0xff, 0xff, 0xff, 0xff, 0xff, 0xff, 0xff, 0xff, 0xff, 0xff, 0xff, 0xff,
  0xff, 0xff, 0xff, 0xff, 0xff, 0xff, 0xff, 0xff, 0xff, 0xff, 0xff, 0xff, 0xff, 0xff, 0xff, 0xff,
  0xff, 0xff, 0xff, 0xff, 0xff, 0xff, 0xff, 0xff, 0xff, 0xff, 0xff, 0xff, 0xff, 0xff, 0xff, 0xff,
  0xff, 0xff, 0xff, 0xff, 0xff, 0xff, 0xff, 0xff, 0xff, 0xff, 0xff, 0xff, 0xff, 0xff, 0xff, 0xff,
  0xff, 0xff, 0xff, 0xff, 0xff, 0xff, 0xff, 0xff, 0xff, 0xff, 0xff, 0xff, 0xff, 0xff, 0xff, 0xff,
  0xff, 0xff, 0xff, 0xff, 0xff, 0xff, 0xff, 0xff, 0xff, 0xff, 0xff, 0xff, 0xff, 0xff, 0xff, 0xff,
  0xff, 0xff, 0xff, 0xff, 0xff, 0xff, 0xff, 0xff, 0xff, 0xff, 0xff, 0xff, 0xff, 0xff, 0xff, 0xff,
  0xff, 0xff, 0xff, 0xff, 0xff, 0xff, 0xff, 0xff, 0xff, 0xff, 0xff, 0xff, 0xff, 0xff, 0xff, 0xff,
  0xff, 0xff, 0xff, 0xff, 0xff, 0xff, 0xff, 0xff, 0xff, 0xff, 0xff, 0xff, 0xff, 0xff, 0xff, 0xff,
  0xff, 0xff, 0xff, 0xff, 0xff, 0xff, 0xff, 0xff, 0xff, 0xff, 0xff, 0xff, 0xff, 0xff, 0xff, 0xff,
  0xff, 0xff, 0xff, 0xff, 0xff, 0xff, 0xff, 0xff, 0xff, 0xff, 0xff, 0xff, 0xff, 0xff, 0xff, 0xff,
  0xff, 0xff, 0xff, 0xff, 0xff, 0x1d, 0x00, 0x00, 0x00, 0x1d, 0x00, 0x00, 0x00, 0x1d, 0x00, 0x00,
  0x00, 0x1d, 0x00, 0x00, 0x00, 0x1d, 0x00, 0x00, 0x00, 0x1d, 0x00, 0x00, 0x00, 0x1d, 0x00, 0x00,
  0x00, 0x1d, 0x00, 0x00, 0x00, 0x1d, 0x00, 0x00, 0x00, 0x1d, 0x00, 0x00, 0x00, 0xff, 0xff, 0xff,
  0xff, 0xff, 0xff, 0xff, 0xff, 0xff, 0xff, 0xff, 0xff, 0xff, 0xff, 0xff, 0xff, 0xff, 0xff, 0xff,
  0xff, 0xff, 0xff, 0xff, 0xff, 0xff, 0xff, 0xff, 0xff, 0x1d, 0x00, 0x00, 0x00, 0x1d, 0x00, 0x00,
  0x00, 0x1d, 0x00, 0x00, 0x00, 0x1d, 0x00, 0x00, 0x00, 0x1d, 0x00, 0x00, 0x00, 0x1d, 0x00, 0x00,
  0x00, 0x1d, 0x00, 0x00, 0x00, 0x1d, 0x00, 0x00, 0x00, 0x1d, 0x00, 0x00, 0x00, 0x1d, 0x00, 0x00,
  0x00, 0x1d, 0x00, 0x00, 0x00, 0x1d, 0x00, 0x00, 0x00, 0x1d, 0x00, 0x00, 0x00, 0x1d, 0x00, 0x00,
  0x00, 0x1d, 0x00, 0x00, 0x00, 0x1d, 0x00, 0x00, 0x00, 0x1d, 0x00, 0x00, 0x00, 0x1d, 0x00, 0x00,
  0x00, 0x1d, 0x00, 0x00, 0x00, 0x1d, 0x00, 0x00, 0x00, 0x1d, 0x00, 0x00, 0x00, 0x1d, 0x00, 0x00,
  0x00, 0x1d, 0x00, 0x00, 0x00, 0x1d, 0x00, 0x00, 0x00, 0x1d, 0x00, 0x00, 0x00, 0x1d, 0x00, 0x00,
  0x00, 0xff, 0xff, 0xff, 0xff, 0xff, 0xff, 0xff, 0xff, 0xff, 0xff, 0xff, 0xff, 0xff, 0xff, 0xff,
  0xff, 0x1d, 0x00, 0x00, 0x00, 0xff, 0xff, 0xff, 0xff, 0x1d, 0x00, 0x00, 0x00, 0x1d, 0x00, 0x00,
  0x00, 0x1d, 0x00, 0x00, 0x00, 0x1d, 0x00, 0x00, 0x00, 0x1d, 0x00, 0x00, 0x00, 0x1d, 0x00, 0x00,
  0x00, 0x1d, 0x00, 0x00, 0x00, 0x1d, 0x00, 0x00, 0x00, 0x1d, 0x00, 0x00, 0x00, 0x1d, 0x00, 0x00,
  0x00, 0x1d, 0x00, 0x00, 0x00, 0x1d, 0x00, 0x00, 0x00, 0x1d, 0x00, 0x00, 0x00, 0x1d, 0x00, 0x00,
  0x00, 0x1d, 0x00, 0x00, 0x00, 0x1d, 0x00, 0x00, 0x00, 0x1d, 0x00, 0x00, 0x00, 0x1d, 0x00, 0x00,
  0x00, 0x1d, 0x00, 0x00, 0x00, 0x1d, 0x00, 0x00, 0x00, 0x1d, 0x00, 0x00, 0x00, 0x1d, 0x00, 0x00,
  0x00, 0x1d, 0x00, 0x00, 0x00, 0x1d, 0x00, 0x00, 0x00, 0x1d, 0x00, 0x00, 0x00, 0x1d, 0x00, 0x00,
  0x00, 0xff, 0xff, 0xff, 0xff, 0xff, 0xff, 0xff, 0xff, 0xff, 0xff, 0xff, 0xff, 0xff, 0xff, 0xff,
  0xff, 0xff, 0xff, 0xff, 0xff, 0xff, 0xff, 0xff, 0xff, 0xff, 0xff, 0xff, 0xff, 0xff, 0xff, 0xff,
  0xff, 0xff, 0xff, 0xff, 0xff, 0xff, 0xff, 0xff, 0xff, 0xff, 0xff, 0xff, 0xff, 0xff, 0xff, 0xff,
  0xff, 0xff, 0xff, 0xff, 0xff, 0xff, 0xff, 0xff, 0xff, 0xff, 0xff, 0xff, 0xff, 0xff, 0xff, 0xff,
  0xff, 0xff, 0xff, 0xff, 0xff, 0xff, 0xff, 0xff, 0xff, 0xff, 0xff, 0xff, 0xff, 0xff, 0xff, 0xff,
  0xff, 0xff, 0xff, 0xff, 0xff, 0xff, 0xff, 0xff, 0xff, 0xff, 0xff, 0xff, 0xff, 0xff, 0xff, 0xff,
  0xff, 0xff, 0xff, 0xff, 0xff, 0xff, 0xff, 0xff, 0xff, 0xff, 0xff, 0xff, 0xff, 0xff, 0xff, 0xff,
  0xff, 0xff, 0xff, 0xff, 0xff, 0xff, 0xff, 0xff, 0xff, 0xff, 0xff, 0xff, 0xff, 0xff, 0xff, 0xff,
  0xff, 0xff, 0xff, 0xff, 0xff, 0xff, 0xff, 0xff, 0xff, 0xff, 0xff, 0xff, 0xff, 0xff, 0xff, 0xff,
  0xff, 0xff, 0xff, 0xff, 0xff, 0xff, 0xff, 0xff, 0xff, 0xff, 0xff, 0xff, 0xff, 0xff, 0xff, 0xff,
  0xff, 0xff, 0xff, 0xff, 0xff, 0xff, 0xff, 0xff, 0xff, 0xff, 0xff, 0xff, 0xff, 0xff, 0xff, 0xff,
  0xff, 0xff, 0xff, 0xff, 0xff, 0xff, 0xff, 0xff, 0xff, 0xff, 0xff, 0xff, 0xff, 0xff, 0xff, 0xff,
  0xff, 0xff, 0xff, 0xff, 0xff, 0xff, 0xff, 0xff, 0xff, 0xff, 0xff, 0xff, 0xff, 0xff, 0xff, 0xff,
  0xff, 0xff, 0xff, 0xff, 0xff, 0x1d, 0x00, 0x00, 0x00, 0x1d, 0x00, 0x00, 0x00, 0x1d, 0x00, 0x00,
  0x00, 0x1d, 0x00, 0x00, 0x00, 0x1d, 0x00, 0x00, 0x00, 0x1d, 0x00, 0x00, 0x00, 0x1d, 0x00, 0x00,
  0x00, 0x1d, 0x00, 0x00, 0x00, 0x1d, 0x00, 0x00, 0x00, 0x1d, 0x00, 0x00, 0x00, 0xff, 0xff, 0xff,
  0xff, 0xff, 0xff, 0xff, 0xff, 0xff, 0xff, 0xff, 0xff, 0xff, 0xff, 0xff, 0xff, 0xff, 0xff, 0xff,
  0xff, 0xff, 0xff, 0xff, 0xff, 0xff, 0xff, 0xff, 0xff, 0x1d, 0x00, 0x00, 0x00, 0x1d, 0x00, 0x00,
  0x00, 0x1d, 0x00, 0x00, 0x00, 0x1d, 0x00, 0x00, 0x00, 0x1d, 0x00, 0x00, 0x00, 0x1d, 0x00, 0x00,
  0x00, 0x1d, 0x00, 0x00, 0x00, 0x1d, 0x00, 0x00, 0x00, 0x1d, 0x00, 0x00, 0x00, 0x1d, 0x00, 0x00,
  0x00, 0x1d, 0x00, 0x00, 0x00, 0x1d, 0x00, 0x00, 0x00, 0x1d, 0x00, 0x00, 0x00, 0x1d, 0x00, 0x00,
  0x00, 0x1d, 0x00, 0x00, 0x00, 0x1d, 0x00, 0x00, 0x00, 0x1d, 0x00, 0x00, 0x00, 0x1d, 0x00, 0x00,
  0x00, 0x1d, 0x00, 0x00, 0x00, 0x1d, 0x00, 0x00, 0x00, 0x1d, 0x00, 0x00, 0x00, 0x1d, 0x00, 0x00,
  0x00, 0x1d, 0x00, 0x00, 0x00, 0x1d, 0x00, 0x00, 0x00, 0x1d, 0x00, 0x00, 0x00, 0x1d, 0x00, 0x00,
  0x00, 0xff, 0xff, 0xff, 0xff, 0xff, 0xff, 0xff, 0xff, 0xff, 0xff, 0xff, 0xff, 0xff, 0xff, 0xff,
  0xff, 0x1d, 0x00, 0x00, 0x00, 0xff, 0xff, 0xff, 0xff, 0x1d, 0x00, 0x00, 0x00, 0x1d, 0x00, 0x00,
  0x00, 0x1d, 0x00, 0x00, 0x00, 0x1d, 0x00, 0x00, 0x00, 0x1d, 0x00, 0x00, 0x00, 0x1d, 0x00, 0x00,
  0x00, 0x1d, 0x00, 0x00, 0x00, 0x1d, 0x00, 0x00, 0x00, 0x1d, 0x00, 0x00, 0x00, 0x1d, 0x00, 0x00,
  0x00, 0x1d, 0x00, 0x00, 0x00, 0x1d, 0x00, 0x00, 0x00, 0x1d, 0x00, 0x00, 0x00, 0x1d, 0x00, 0x00,
  0x00, 0x1d, 0x00, 0x00, 0x00, 0x1d, 0x00, 0x00, 0x00, 0x1d, 0x00, 0x00, 0x00, 0x1d, 0x00, 0x00,
  0x00, 0x1d, 0x00, 0x00, 0x00, 0x1d, 0x00, 0x00, 0x00, 0x1d, 0x00, 0x00, 0x00, 0x1d, 0x00, 0x00,
  0x00, 0x1d, 0x00, 0x00, 0x00, 0x1d, 0x00, 0x00, 0x00, 0x1d, 0x00, 0x00, 0x00, 0x1d, 0x00, 0x00,
  0x00, 0xff, 0xff, 0xff, 0xff, 0xff, 0xff, 0xff, 0xff, 0xff, 0xff, 0xff, 0xff, 0xff, 0xff, 0xff,
  0xff, 0xff, 0xff, 0xff, 0xff, 0xff, 0xff, 0xff, 0xff, 0xff, 0xff, 0xff, 0xff, 0xff, 0xff, 0xff,
  0xff, 0xff, 0xff, 0xff, 0xff, 0xff, 0xff, 0xff, 0xff, 0xff, 0xff, 0xff, 0xff, 0xff, 0xff, 0xff,
  0xff, 0xff, 0xff, 0xff, 0xff, 0xff, 0xff, 0xff, 0xff, 0xff, 0xff, 0xff, 0xff, 0xff, 0xff, 0xff,
  0xff, 0xff, 0xff, 0xff, 0xff, 0xff, 0xff, 0xff, 0xff, 0xff, 0xff, 0xff, 0xff, 0xff, 0xff, 0xff,
  0xff, 0xff, 0xff, 0xff, 0xff, 0xff, 0xff, 0xff, 0xff, 0xff, 0xff, 0xff, 0xff, 0xff, 0xff, 0xff,
  0xff, 0xff, 0xff, 0xff, 0xff, 0xff, 0xff, 0xff, 0xff, 0xff, 0xff, 0xff, 0xff, 0xff, 0xff, 0xff,
  0xff, 0xff, 0xff, 0xff, 0xff, 0xff, 0xff, 0xff, 0xff, 0xff, 0xff, 0xff, 0xff, 0xff, 0xff, 0xff,
  0xff, 0xff, 0xff, 0xff, 0xff, 0xff, 0xff, 0xff, 0xff, 0xff, 0xff, 0xff, 0xff, 0xff, 0xff, 0xff,
  0xff, 0xff, 0xff, 0xff, 0xff, 0xff, 0xff, 0xff, 0xff, 0xff, 0xff, 0xff, 0xff, 0xff, 0xff, 0xff,
  0xff, 0xff, 0xff, 0xff, 0xff, 0xff, 0xff, 0xff, 0xff, 0xff, 0xff, 0xff, 0xff, 0xff, 0xff, 0xff,
  0xff, 0xff, 0xff, 0xff, 0xff, 0xff, 0xff, 0xff, 0xff, 0xff, 0xff, 0xff, 0xff, 0xff, 0xff, 0xff,
  0xff, 0xff, 0xff, 0xff, 0xff, 0xff, 0xff, 0xff, 0xff, 0xff, 0xff, 0xff, 0xff, 0xff, 0xff, 0xff,
  0xff, 0xff, 0xff, 0xff, 0xff, 0x1d, 0x00, 0x00, 0x00, 0x1d, 0x00, 0x00, 0x00, 0x1d, 0x00, 0x00,
  0x00, 0x1d, 0x00, 0x00, 0x00, 0x1d, 0x00, 0x00, 0x00, 0x1d, 0x00, 0x00, 0x00, 0x1d, 0x00, 0x00,
  0x00, 0x1d, 0x00, 0x00, 0x00, 0x1d, 0x00, 0x00, 0x00, 0x1d, 0x00, 0x00, 0x00, 0xff, 0xff, 0xff,
  0xff, 0xff, 0xff, 0xff, 0xff, 0xff, 0xff, 0xff, 0xff, 0xff, 0xff, 0xff, 0xff, 0xff, 0xff, 0xff,
  0xff, 0xff, 0xff, 0xff, 0xff, 0xff, 0xff, 0xff, 0xff, 0x1d, 0x00, 0x00, 0x00, 0x1d, 0x00, 0x00,
  0x00, 0x1d, 0x00, 0x00, 0x00, 0x1d, 0x00, 0x00, 0x00, 0x1d, 0x00, 0x00, 0x00, 0x1d, 0x00, 0x00,
  0x00, 0x1d, 0x00, 0x00, 0x00, 0x1d, 0x00, 0x00, 0x00, 0x1d, 0x00, 0x00, 0x00, 0x1d, 0x00, 0x00,
  0x00, 0x1d, 0x00, 0x00, 0x00, 0x1d, 0x00, 0x00, 0x00, 0x1d, 0x00, 0x00, 0x00, 0x1d, 0x00, 0x00,
  0x00, 0x1d, 0x00, 0x00, 0x00, 0x1d, 0x00, 0x00, 0x00, 0x1d, 0x00, 0x00, 0x00, 0x1d, 0x00, 0x00,
  0x00, 0x1d, 0x00, 0x00, 0x00, 0x1d, 0x00, 0x00, 0x00, 0x1d, 0x00, 0x00, 0x00, 0x1d, 0x00, 0x00,
  0x00, 0x1d, 0x00, 0x00, 0x00, 0x1d, 0x00, 0x00, 0x00, 0x1d, 0x00, 0x00, 0x00, 0x1d, 0x00, 0x00,
  0x00, 0xff, 0xff, 0xff, 0xff, 0xff, 0xff, 0xff, 0xff, 0xff, 0xff, 0xff, 0xff, 0xff, 0xff, 0xff,
  0xff, 0x1d, 0x00, 0x00, 0x00, 0xff, 0xff, 0xff, 0xff, 0x1d, 0x00, 0x00, 0x00, 0x1d, 0x00, 0x00,
  0x00, 0x1d, 0x00, 0x00, 0x00, 0x1d, 0x00, 0x00, 0x00, 0x1d, 0x00, 0x00, 0x00, 0x1d, 0x00, 0x00,
  0x00, 0x1d, 0x00, 0x00, 0x00, 0x1d, 0x00, 0x00, 0x00, 0x1d, 0x00, 0x00, 0x00, 0x1d, 0x00, 0x00,
  0x00, 0x1d, 0x00, 0x00, 0x00, 0x1d, 0x00, 0x00, 0x00, 0x1d, 0x00, 0x00, 0x00, 0x1d, 0x00, 0x00,
  0x00, 0x1d, 0x00, 0x00, 0x00, 0x1d, 0x00, 0x00, 0x00, 0x1d, 0x00, 0x00, 0x00, 0x1d, 0x00, 0x00,
  0x00, 0x1d, 0x00, 0x00, 0x00, 0x1d, 0x00, 0x00, 0x00, 0x1d, 0x00, 0x00, 0x00, 0x1d, 0x00, 0x00,
  0x00, 0x1d, 0x00, 0x00, 0x00, 0x1d, 0x00, 0x00, 0x00, 0x1d, 0x00, 0x00, 0x00, 0x1d, 0x00, 0x00,
  0x00, 0xff, 0xff, 0xff, 0xff, 0xff, 0xff, 0xff, 0xff, 0xff, 0xff, 0xff, 0xff, 0xff, 0xff, 0xff,
  0xff, 0xff, 0xff, 0xff, 0xff, 0xff, 0xff, 0xff, 0xff, 0xff, 0xff, 0xff, 0xff, 0xff, 0xff, 0xff,
  0xff, 0xff, 0xff, 0xff, 0xff, 0xff, 0xff, 0xff, 0xff, 0xff, 0xff, 0xff, 0xff, 0xff, 0xff, 0xff,
  0xff, 0xff, 0xff, 0xff, 0xff, 0xff, 0xff, 0xff, 0xff, 0xff, 0xff, 0xff, 0xff, 0xff, 0xff, 0xff,
  0xff, 0xff, 0xff, 0xff, 0xff, 0xff, 0xff, 0xff, 0xff, 0xff, 0xff, 0xff, 0xff, 0xff, 0xff, 0xff,
  0xff, 0xff, 0xff, 0xff, 0xff, 0xff, 0xff, 0xff, 0xff, 0xff, 0xff, 0xff, 0xff, 0xff, 0xff, 0xff,
  0xff, 0xff, 0xff, 0xff, 0xff, 0xff, 0xff, 0xff, 0xff, 0xff, 0xff, 0xff, 0xff, 0xff, 0xff, 0xff,
  0xff, 0xff, 0xff, 0xff, 0xff, 0xff, 0xff, 0xff, 0xff, 0xff, 0xff, 0xff, 0xff, 0xff, 0xff, 0xff,
  0xff, 0xff, 0xff, 0xff, 0xff, 0xff, 0xff, 0xff, 0xff, 0xff, 0xff, 0xff, 0xff, 0xff, 0xff, 0xff,
  0xff, 0xff, 0xff, 0xff, 0xff, 0xff, 0xff, 0xff, 0xff, 0xff, 0xff, 0xff, 0xff, 0xff, 0xff, 0xff,
  0xff, 0xff, 0xff, 0xff, 0xff, 0xff, 0xff, 0xff, 0xff, 0xff, 0xff, 0xff, 0xff, 0xff, 0xff, 0xff,
  0xff, 0xff, 0xff, 0xff, 0xff, 0xff, 0xff, 0xff, 0xff, 0xff, 0xff, 0xff, 0xff, 0xff, 0xff, 0xff,
  0xff, 0xff, 0xff, 0xff, 0xff, 0xff, 0xff, 0xff, 0xff, 0xff, 0xff, 0xff, 0xff, 0xff, 0xff, 0xff,
  0xff, 0xff, 0xff, 0xff, 0xff, 0x1d, 0x00, 0x00, 0x00, 0x1d, 0x00, 0x00, 0x00, 0x1d, 0x00, 0x00,
  0x00, 0x1d, 0x00, 0x00, 0x00, 0x1d, 0x00, 0x00, 0x00, 0x1d, 0x00, 0x00, 0x00, 0x1d, 0x00, 0x00,
  0x00, 0x1d, 0x00, 0x00, 0x00, 0x1d, 0x00, 0x00, 0x00, 0x1d, 0x00, 0x00, 0x00, 0xff, 0xff, 0xff,
  0xff, 0xff, 0xff, 0xff, 0xff, 0xff, 0xff, 0xff, 0xff, 0xff, 0xff, 0xff, 0xff, 0xff, 0xff, 0xff,
  0xff, 0xff, 0xff, 0xff, 0xff, 0xff, 0xff, 0xff, 0xff, 0x1d, 0x00, 0x00, 0x00, 0x1d, 0x00, 0x00,
  0x00, 0x1d, 0x00, 0x00, 0x00, 0x1d, 0x00, 0x00, 0x00, 0x1d, 0x00, 0x00, 0x00, 0x1d, 0x00, 0x00,
  0x00, 0x1d, 0x00, 0x00, 0x00, 0x1d, 0x00, 0x00, 0x00, 0x1d, 0x00, 0x00, 0x00, 0x1d, 0x00, 0x00,
  0x00, 0x1d, 0x00, 0x00, 0x00, 0x1d, 0x00, 0x00, 0x00, 0x1d, 0x00, 0x00, 0x00, 0x1d, 0x00, 0x00,
  0x00, 0x1d, 0x00, 0x00, 0x00, 0x1d, 0x00, 0x00, 0x00, 0x1d, 0x00, 0x00, 0x00, 0x1d, 0x00, 0x00,
  0x00, 0x1d, 0x00, 0x00, 0x00, 0x1d, 0x00, 0x00, 0x00, 0x1d, 0x00, 0x00, 0x00, 0x1d, 0x00, 0x00,
  0x00, 0x1d, 0x00, 0x00, 0x00, 0x1d, 0x00, 0x00, 0x00, 0x1d, 0x00, 0x00, 0x00, 0x1d, 0x00, 0x00,
  0x00, 0xff, 0xff, 0xff, 0xff, 0xff, 0xff, 0xff, 0xff, 0xff, 0xff, 0xff, 0xff, 0xff, 0xff, 0xff,
  0xff, 0x1d, 0x00, 0x00, 0x00, 0xff, 0xff, 0xff, 0xff, 0x1d, 0x00, 0x00, 0x00, 0x3e, 0x00, 0x00,
  0x00, 0x1d, 0x00, 0x00, 0x00, 0x1d, 0x00, 0x00, 0x00, 0x1d, 0x00, 0x00, 0x00, 0x1d, 0x00, 0x00,
  0x00, 0x1d, 0x00, 0x00, 0x00, 0x1d, 0x00, 0x00, 0x00, 0x1d, 0x00, 0x00, 0x00, 0x1d, 0x00, 0x00,
  0x00, 0x1d, 0x00, 0x00, 0x00, 0x1d, 0x00, 0x00, 0x00, 0x1d, 0x00, 0x00, 0x00, 0x1d, 0x00, 0x00,
  0x00, 0x1d, 0x00, 0x00, 0x00, 0x1d, 0x00, 0x00, 0x00, 0x1d, 0x00, 0x00, 0x00, 0x1d, 0x00, 0x00,
  0x00, 0x1d, 0x00, 0x00, 0x00, 0x1d, 0x00, 0x00, 0x00, 0x1d, 0x00, 0x00, 0x00, 0x1d, 0x00, 0x00,
  0x00, 0x1d, 0x00, 0x00, 0x00, 0x1d, 0x00, 0x00, 0x00, 0x1d, 0x00, 0x00, 0x00, 0x1d, 0x00, 0x00,
  0x00, 0xff, 0xff, 0xff, 0xff, 0xff, 0xff, 0xff, 0xff, 0xff, 0xff, 0xff, 0xff, 0xff, 0xff, 0xff,
  0xff, 0xff, 0xff, 0xff, 0xff, 0xff, 0xff, 0xff, 0xff, 0xff, 0xff, 0xff, 0xff, 0xff, 0xff, 0xff,
  0xff, 0xff, 0xff, 0xff, 0xff, 0xff, 0xff, 0xff, 0xff, 0xff, 0xff, 0xff, 0xff, 0xff, 0xff, 0xff,
  0xff, 0xff, 0xff, 0xff, 0xff, 0xff, 0xff, 0xff, 0xff, 0xff, 0xff, 0xff, 0xff, 0xff, 0xff, 0xff,
  0xff, 0xff, 0xff, 0xff, 0xff, 0xff, 0xff, 0xff, 0xff, 0xff, 0xff, 0xff, 0xff, 0xff, 0xff, 0xff,
  0xff, 0xff, 0xff, 0xff, 0xff, 0xff, 0xff, 0xff, 0xff, 0xff, 0xff, 0xff, 0xff, 0xff, 0xff, 0xff,
  0xff, 0xff, 0xff, 0xff, 0xff, 0xff, 0xff, 0xff, 0xff, 0xff, 0xff, 0xff, 0xff, 0xff, 0xff, 0xff,
  0xff, 0xff, 0xff, 0xff, 0xff, 0xff, 0xff, 0xff, 0xff, 0xff, 0xff, 0xff, 0xff, 0xff, 0xff, 0xff,
  0xff, 0xff, 0xff, 0xff, 0xff, 0xff, 0xff, 0xff, 0xff, 0xff, 0xff, 0xff, 0xff, 0xff, 0xff, 0xff,
  0xff, 0xff, 0xff, 0xff, 0xff, 0xff, 0xff, 0xff, 0xff, 0xff, 0xff, 0xff, 0xff, 0xff, 0xff, 0xff,
  0xff, 0xff, 0xff, 0xff, 0xff, 0xff, 0xff, 0xff, 0xff, 0xff, 0xff, 0xff, 0xff, 0xff, 0xff, 0xff,
  0xff, 0xff, 0xff, 0xff, 0xff, 0xff, 0xff, 0xff, 0xff, 0xff, 0xff, 0xff, 0xff, 0xff, 0xff, 0xff,
  0xff, 0xff, 0xff, 0xff, 0xff, 0xff, 0xff, 0xff, 0xff, 0xff, 0xff, 0xff, 0xff, 0xff, 0xff, 0xff,
  0xff, 0xff, 0xff, 0xff, 0xff, 0x1d, 0x00, 0x00, 0x00, 0x1d, 0x00, 0x00, 0x00, 0x1d, 0x00, 0x00,
  0x00, 0x1d, 0x00, 0x00, 0x00, 0x1d, 0x00, 0x00, 0x00, 0x1d, 0x00, 0x00, 0x00, 0x1d, 0x00, 0x00,
  0x00, 0x1d, 0x00, 0x00, 0x00, 0x1d, 0x00, 0x00, 0x00, 0x1d, 0x00, 0x00, 0x00, 0xff, 0xff, 0xff,
  0xff, 0xff, 0xff, 0xff, 0xff, 0xff, 0xff, 0xff, 0xff, 0xff, 0xff, 0xff, 0xff, 0xff, 0xff, 0xff,
  0xff, 0xff, 0xff, 0xff, 0xff, 0xff, 0xff, 0xff, 0xff, 0x1d, 0x00, 0x00, 0x00, 0x1d, 0x00, 0x00,
  0x00, 0x1d, 0x00, 0x00, 0x00, 0x1d, 0x00, 0x00, 0x00, 0x1d, 0x00, 0x00, 0x00, 0x1d, 0x00, 0x00,
  0x00, 0x1d, 0x00, 0x00, 0x00, 0x1d, 0x00, 0x00, 0x00, 0x1d, 0x00, 0x00, 0x00, 0x1d, 0x00, 0x00,
  0x00, 0x1d, 0x00, 0x00, 0x00, 0x1d, 0x00, 0x00, 0x00, 0x1d, 0x00, 0x00, 0x00, 0x1d, 0x00, 0x00,
  0x00, 0x1d, 0x00, 0x00, 0x00, 0x1d, 0x00, 0x00, 0x00, 0x1d, 0x00, 0x00, 0x00, 0x1d, 0x00, 0x00,
  0x00, 0x1d, 0x00, 0x00, 0x00, 0x1d, 0x00, 0x00, 0x00, 0x1d, 0x00, 0x00, 0x00, 0x1d, 0x00, 0x00,
  0x00, 0x1d, 0x00, 0x00, 0x00, 0x1d, 0x00, 0x00, 0x00, 0x1d, 0x00, 0x00, 0x00, 0x1d, 0x00, 0x00,
  0x00, 0xff, 0xff, 0xff, 0xff, 0xff, 0xff, 0xff, 0xff, 0xff, 0xff, 0xff, 0xff, 0xff, 0xff, 0xff,
  0xff, 0x1d, 0x00, 0x00, 0x00, 0xff, 0xff, 0xff, 0xff, 0x1d, 0x00, 0x00, 0x00, 0x1d, 0x00, 0x00,
  0x00, 0x1d, 0x00, 0x00, 0x00, 0x1d, 0x00, 0x00, 0x00, 0x1d, 0x00, 0x00, 0x00, 0x1d, 0x00, 0x00,
  0x00, 0x1d, 0x00, 0x00, 0x00, 0x1d, 0x00, 0x00, 0x00, 0x1d, 0x00, 0x00, 0x00, 0x1d, 0x00, 0x00,
  0x00, 0x1d, 0x00, 0x00, 0x00, 0x1d, 0x00, 0x00, 0x00, 0x1d, 0x00, 0x00, 0x00, 0x1d, 0x00, 0x00,
  0x00, 0x1d, 0x00, 0x00, 0x00, 0x3f, 0x00, 0x00, 0x00, 0x1d, 0x00, 0x00, 0x00, 0x1d, 0x00, 0x00,
  0x00, 0x1d, 0x00, 0x00, 0x00, 0x1d, 0x00, 0x00, 0x00, 0x1d, 0x00, 0x00, 0x00, 0x1d, 0x00, 0x00,
  0x00, 0x1d, 0x00, 0x00, 0x00, 0x1d, 0x00, 0x00, 0x00, 0x1d, 0x00, 0x00, 0x00, 0x1d, 0x00, 0x00,
  0x00, 0xff, 0xff, 0xff, 0xff, 0xff, 0xff, 0xff, 0xff, 0xff, 0xff, 0xff, 0xff, 0xff, 0xff, 0xff,
  0xff, 0xff, 0xff, 0xff, 0xff, 0xff, 0xff, 0xff, 0xff, 0xff, 0xff, 0xff, 0xff, 0xff, 0xff, 0xff,
  0xff, 0xff, 0xff, 0xff, 0xff, 0xff, 0xff, 0xff, 0xff, 0xff, 0xff, 0xff, 0xff, 0xff, 0xff, 0xff,
  0xff, 0xff, 0xff, 0xff, 0xff, 0xff, 0xff, 0xff, 0xff, 0xff, 0xff, 0xff, 0xff, 0xff, 0xff, 0xff,
  0xff, 0xff, 0xff, 0xff, 0xff, 0xff, 0xff, 0xff, 0xff, 0xff, 0xff, 0xff, 0xff, 0xff, 0xff, 0xff,
  0xff, 0xff, 0xff, 0xff, 0xff, 0xff, 0xff, 0xff, 0xff, 0xff, 0xff, 0xff, 0xff, 0xff, 0xff, 0xff,
  0xff, 0xff, 0xff, 0xff, 0xff, 0xff, 0xff, 0xff, 0xff, 0xff, 0xff, 0xff, 0xff, 0xff, 0xff, 0xff,
  0xff, 0xff, 0xff, 0xff, 0xff, 0xff, 0xff, 0xff, 0xff, 0xff, 0xff, 0xff, 0xff, 0xff, 0xff, 0xff,
  0xff, 0xff, 0xff, 0xff, 0xff, 0xff, 0xff, 0xff, 0xff, 0xff, 0xff, 0xff, 0xff, 0xff, 0xff, 0xff,
  0xff, 0xff, 0xff, 0xff, 0xff, 0xff, 0xff, 0xff, 0xff, 0xff, 0xff, 0xff, 0xff, 0xff, 0xff, 0xff,
  0xff, 0xff, 0xff, 0xff, 0xff, 0xff, 0xff, 0xff, 0xff, 0xff, 0xff, 0xff, 0xff, 0xff, 0xff, 0xff,
  0xff, 0xff, 0xff, 0xff, 0xff, 0xff, 0xff, 0xff, 0xff, 0xff, 0xff, 0xff, 0xff, 0xff, 0xff, 0xff,
  0xff, 0xff, 0xff, 0xff, 0xff, 0xff, 0xff, 0xff, 0xff, 0xff, 0xff, 0xff, 0xff, 0xff, 0xff, 0xff,
  0xff, 0xff, 0xff, 0xff, 0xff, 0x1d, 0x00, 0x00, 0x00, 0x1d, 0x00, 0x00, 0x00, 0x1d, 0x00, 0x00,
  0x00, 0x1d, 0x00, 0x00, 0x00, 0x1d, 0x00, 0x00, 0x00, 0x1d, 0x00, 0x00, 0x00, 0x1d, 0x00, 0x00,
  0x00, 0x1d, 0x00, 0x00, 0x00, 0x1d, 0x00, 0x00, 0x00, 0x1d, 0x00, 0x00, 0x00, 0xff, 0xff, 0xff,
  0xff, 0xff, 0xff, 0xff, 0xff, 0xff, 0xff, 0xff, 0xff, 0xff, 0xff, 0xff, 0xff, 0xff, 0xff, 0xff,
  0xff, 0xff, 0xff, 0xff, 0xff, 0xff, 0xff, 0xff, 0xff, 0x1d, 0x00, 0x00, 0x00, 0x1d, 0x00, 0x00,
  0x00, 0x1d, 0x00, 0x00, 0x00, 0x1d, 0x00, 0x00, 0x00, 0x1d, 0x00, 0x00, 0x00, 0x1d, 0x00, 0x00,
  0x00, 0x1d, 0x00, 0x00, 0x00, 0x1d, 0x00, 0x00, 0x00, 0x1d, 0x00, 0x00, 0x00, 0x1d, 0x00, 0x00,
  0x00, 0x1d, 0x00, 0x00, 0x00, 0x1d, 0x00, 0x00, 0x00, 0x1d, 0x00, 0x00, 0x00, 0x1d, 0x00, 0x00,
  0x00, 0x1d, 0x00, 0x00, 0x00, 0x1d, 0x00, 0x00, 0x00, 0x1d, 0x00, 0x00, 0x00, 0x1d, 0x00, 0x00,
  0x00, 0x1d, 0x00, 0x00, 0x00, 0x1d, 0x00, 0x00, 0x00, 0x1d, 0x00, 0x00, 0x00, 0x1d, 0x00, 0x00,
  0x00, 0x1d, 0x00, 0x00, 0x00, 0x1d, 0x00, 0x00, 0x00, 0x1d, 0x00, 0x00, 0x00, 0x1d, 0x00, 0x00,
  0x00, 0xff, 0xff, 0xff, 0xff, 0xff, 0xff, 0xff, 0xff, 0xff, 0xff, 0xff, 0xff, 0xff, 0xff, 0xff,
  0xff, 0x1d, 0x00, 0x00, 0x00, 0xff, 0xff, 0xff, 0xff, 0x1d, 0x00, 0x00, 0x00, 0x1d, 0x00, 0x00,
  0x00, 0x1d, 0x00, 0x00, 0x00, 0x1d, 0x00, 0x00, 0x00, 0x1d, 0x00, 0x00, 0x00, 0x1d, 0x00, 0x00,
  0x00, 0x1d, 0x00, 0x00, 0x00, 0x1d, 0x00, 0x00, 0x00, 0x1d, 0x00, 0x00, 0x00, 0x1d, 0x00, 0x00,
  0x00, 0x1d, 0x00, 0x00, 0x00, 0x1d, 0x00, 0x00, 0x00, 0x1d, 0x00, 0x00, 0x00, 0x1d, 0x00, 0x00,
  0x00, 0x1d, 0x00, 0x00, 0x00, 0x1d, 0x00, 0x00, 0x00, 0x1d, 0x00, 0x00, 0x00, 0x1d, 0x00, 0x00,
  0x00, 0x1d, 0x00, 0x00, 0x00, 0x40, 0x00, 0x00, 0x00, 0x1d, 0x00, 0x00, 0x00, 0x1d, 0x00, 0x00,
  0x00, 0x1d, 0x00, 0x00, 0x00, 0x1d, 0x00, 0x00, 0x00, 0x1d, 0x00, 0x00, 0x00, 0x1d, 0x00, 0x00,
  0x00, 0xff, 0xff, 0xff, 0xff, 0xff, 0xff, 0xff, 0xff, 0xff, 0xff, 0xff, 0xff, 0xff, 0xff, 0xff,
  0xff, 0xff, 0xff, 0xff, 0xff, 0xff, 0xff, 0xff, 0xff, 0xff, 0xff, 0xff, 0xff, 0xff, 0xff, 0xff,
  0xff, 0xff, 0xff, 0xff, 0xff, 0xff, 0xff, 0xff, 0xff, 0xff, 0xff, 0xff, 0xff, 0xff, 0xff, 0xff,
  0xff, 0xff, 0xff, 0xff, 0xff, 0xff, 0xff, 0xff, 0xff, 0xff, 0xff, 0xff, 0xff, 0xff, 0xff, 0xff,
  0xff, 0xff, 0xff, 0xff, 0xff, 0xff, 0xff, 0xff, 0xff, 0xff, 0xff, 0xff, 0xff, 0xff, 0xff, 0xff,
  0xff, 0xff, 0xff, 0xff, 0xff, 0xff, 0xff, 0xff, 0xff, 0xff, 0xff, 0xff, 0xff, 0xff, 0xff, 0xff,
  0xff, 0xff, 0xff, 0xff, 0xff, 0xff, 0xff, 0xff, 0xff, 0xff, 0xff, 0xff, 0xff, 0xff, 0xff, 0xff,
  0xff, 0xff, 0xff, 0xff, 0xff, 0xff, 0xff, 0xff, 0xff, 0xff, 0xff, 0xff, 0xff, 0xff, 0xff, 0xff,
  0xff, 0xff, 0xff, 0xff, 0xff, 0xff, 0xff, 0xff, 0xff, 0xff, 0xff, 0xff, 0xff, 0xff, 0xff, 0xff,
  0xff, 0xff, 0xff, 0xff, 0xff, 0xff, 0xff, 0xff, 0xff, 0xff, 0xff, 0xff, 0xff, 0xff, 0xff, 0xff,
  0xff, 0xff, 0xff, 0xff, 0xff, 0xff, 0xff, 0xff, 0xff, 0xff, 0xff, 0xff, 0xff, 0xff, 0xff, 0xff,
  0xff, 0xff, 0xff, 0xff, 0xff, 0xff, 0xff, 0xff, 0xff, 0xff, 0xff, 0xff, 0xff, 0xff, 0xff, 0xff,
  0xff, 0xff, 0xff, 0xff, 0xff, 0xff, 0xff, 0xff, 0xff, 0xff, 0xff, 0xff, 0xff, 0xff, 0xff, 0xff,
  0xff, 0xff, 0xff, 0xff, 0xff, 0x1d, 0x00, 0x00, 0x00, 0x1d, 0x00, 0x00, 0x00, 0x1d, 0x00, 0x00,
  0x00, 0x1d, 0x00, 0x00, 0x00, 0x1d, 0x00, 0x00, 0x00, 0x1d, 0x00, 0x00, 0x00, 0x1d, 0x00, 0x00,
  0x00, 0x1d, 0x00, 0x00, 0x00, 0x1d, 0x00, 0x00, 0x00, 0x1d, 0x00, 0x00, 0x00, 0xff, 0xff, 0xff,
  0xff, 0xff, 0xff, 0xff, 0xff, 0xff, 0xff, 0xff, 0xff, 0xff, 0xff, 0xff, 0xff, 0xff, 0xff, 0xff,
  0xff, 0xff, 0xff, 0xff, 0xff, 0xff, 0xff, 0xff, 0xff, 0x1d, 0x00, 0x00, 0x00, 0x1d, 0x00, 0x00,
  0x00, 0x1d, 0x00, 0x00, 0x00, 0x1d, 0x00, 0x00, 0x00, 0x1d, 0x00, 0x00, 0x00, 0x1d, 0x00, 0x00,
  0x00, 0x1d, 0x00, 0x00, 0x00, 0x1d, 0x00, 0x00, 0x00, 0x1d, 0x00, 0x00, 0x00, 0x1d, 0x00, 0x00,
  0x00, 0x1d, 0x00, 0x00, 0x00, 0x1d, 0x00, 0x00, 0x00, 0x1d, 0x00, 0x00, 0x00, 0x1d, 0x00, 0x00,
  0x00, 0x1d, 0x00, 0x00, 0x00, 0x1d, 0x00, 0x00, 0x00, 0x1d, 0x00, 0x00, 0x00, 0x1d, 0x00, 0x00,
  0x00, 0x1d, 0x00, 0x00, 0x00, 0x1d, 0x00, 0x00, 0x00, 0x1d, 0x00, 0x00, 0x00, 0x1d, 0x00, 0x00,
  0x00, 0x1d, 0x00, 0x00, 0x00, 0x1d, 0x00, 0x00, 0x00, 0x1d, 0x00, 0x00, 0x00, 0x1d, 0x00, 0x00,
  0x00, 0xff, 0xff, 0xff, 0xff, 0xff, 0xff, 0xff, 0xff, 0xff, 0xff, 0xff, 0xff, 0xff, 0xff, 0xff,
  0xff, 0x1d, 0x00, 0x00, 0x00, 0xff, 0xff, 0xff, 0xff, 0x1d, 0x00, 0x00, 0x00, 0x1d, 0x00, 0x00,
  0x00, 0x1d, 0x00, 0x00, 0x00, 0x1d, 0x00, 0x00, 0x00, 0x1d, 0x00, 0x00, 0x00, 0x1d, 0x00, 0x00,
  0x00, 0x1d, 0x00, 0x00, 0x00, 0x1d, 0x00, 0x00, 0x00, 0x1d, 0x00, 0x00, 0x00, 0x1d, 0x00, 0x00,
  0x00, 0x1d, 0x00, 0x00, 0x00, 0x1d, 0x00, 0x00, 0x00, 0x1d, 0x00, 0x00, 0x00, 0x1d, 0x00, 0x00,
  0x00, 0x1d, 0x00, 0x00, 0x00, 0x1d, 0x00, 0x00, 0x00, 0x1d, 0x00, 0x00, 0x00, 0x1d, 0x00, 0x00,
  0x00, 0x41, 0x00, 0x00, 0x00, 0x1d, 0x00, 0x00, 0x00, 0x1d, 0x00, 0x00, 0x00, 0x1d, 0x00, 0x00,
  0x00, 0x1d, 0x00, 0x00, 0x00, 0x1d, 0x00, 0x00, 0x00, 0x1d, 0x00, 0x00, 0x00, 0x1d, 0x00, 0x00,
  0x00, 0xff, 0xff, 0xff, 0xff, 0xff, 0xff, 0xff, 0xff, 0xff, 0xff, 0xff, 0xff, 0xff, 0xff, 0xff,
  0xff, 0xff, 0xff, 0xff, 0xff, 0xff, 0xff, 0xff, 0xff, 0xff, 0xff, 0xff, 0xff, 0xff, 0xff, 0xff,
  0xff, 0xff, 0xff, 0xff, 0xff, 0xff, 0xff, 0xff, 0xff, 0xff, 0xff, 0xff, 0xff, 0xff, 0xff, 0xff,
  0xff, 0xff, 0xff, 0xff, 0xff, 0xff, 0xff, 0xff, 0xff, 0xff, 0xff, 0xff, 0xff, 0xff, 0xff, 0xff,
  0xff, 0xff, 0xff, 0xff, 0xff, 0xff, 0xff, 0xff, 0xff, 0xff, 0xff, 0xff, 0xff, 0xff, 0xff, 0xff,
  0xff, 0xff, 0xff, 0xff, 0xff, 0xff, 0xff, 0xff, 0xff, 0xff, 0xff, 0xff, 0xff, 0xff, 0xff, 0xff,
  0xff, 0xff, 0xff, 0xff, 0xff, 0xff, 0xff, 0xff, 0xff, 0xff, 0xff, 0xff, 0xff, 0xff, 0xff, 0xff,
  0xff, 0xff, 0xff, 0xff, 0xff, 0xff, 0xff, 0xff, 0xff, 0xff, 0xff, 0xff, 0xff, 0xff, 0xff, 0xff,
  0xff, 0xff, 0xff, 0xff, 0xff, 0xff, 0xff, 0xff, 0xff, 0xff, 0xff, 0xff, 0xff, 0xff, 0xff, 0xff,
  0xff, 0xff, 0xff, 0xff, 0xff, 0xff, 0xff, 0xff, 0xff, 0xff, 0xff, 0xff, 0xff, 0xff, 0xff, 0xff,
  0xff, 0xff, 0xff, 0xff, 0xff, 0xff, 0xff, 0xff, 0xff, 0xff, 0xff, 0xff, 0xff, 0xff, 0xff, 0xff,
  0xff, 0xff, 0xff, 0xff, 0xff, 0xff, 0xff, 0xff, 0xff, 0xff, 0xff, 0xff, 0xff, 0xff, 0xff, 0xff,
  0xff, 0xff, 0xff, 0xff, 0xff, 0xff, 0xff, 0xff, 0xff, 0xff, 0xff, 0xff, 0xff, 0xff, 0xff, 0xff,
  0xff, 0xff, 0xff, 0xff, 0xff, 0x1d, 0x00, 0x00, 0x00, 0x1d, 0x00, 0x00, 0x00, 0x1d, 0x00, 0x00,
  0x00, 0x1d, 0x00, 0x00, 0x00, 0x1d, 0x00, 0x00, 0x00, 0x1d, 0x00, 0x00, 0x00, 0x1d, 0x00, 0x00,
  0x00, 0x1d, 0x00, 0x00, 0x00, 0x1d, 0x00, 0x00, 0x00, 0x1d, 0x00, 0x00, 0x00, 0xff, 0xff, 0xff,
  0xff, 0xff, 0xff, 0xff, 0xff, 0xff, 0xff, 0xff, 0xff, 0xff, 0xff, 0xff, 0xff, 0xff, 0xff, 0xff,
  0xff, 0xff, 0xff, 0xff, 0xff, 0xff, 0xff, 0xff, 0xff, 0x1d, 0x00, 0x00, 0x00, 0x1d, 0x00, 0x00,
  0x00, 0x1d, 0x00, 0x00, 0x00, 0x1d, 0x00, 0x00, 0x00, 0x1d, 0x00, 0x00, 0x00, 0x1d, 0x00, 0x00,
  0x00, 0x1d, 0x00, 0x00, 0x00, 0x1d, 0x00, 0x00, 0x00, 0x1d, 0x00, 0x00, 0x00, 0x1d, 0x00, 0x00,
  0x00, 0x1d, 0x00, 0x00, 0x00, 0x1d, 0x00, 0x00, 0x00, 0x1d, 0x00, 0x00, 0x00, 0x1d, 0x00, 0x00,
  0x00, 0x1d, 0x00, 0x00, 0x00, 0x1d, 0x00, 0x00, 0x00, 0x1d, 0x00, 0x00, 0x00, 0x1d, 0x00, 0x00,
  0x00, 0x1d, 0x00, 0x00, 0x00, 0x1d, 0x00, 0x00, 0x00, 0x1d, 0x00, 0x00, 0x00, 0x1d, 0x00, 0x00,
  0x00, 0x1d, 0x00, 0x00, 0x00, 0x1d, 0x00, 0x00, 0x00, 0x1d, 0x00, 0x00, 0x00, 0x1d, 0x00, 0x00,
  0x00, 0xff, 0xff, 0xff, 0xff, 0xff, 0xff, 0xff, 0xff, 0xff, 0xff, 0xff, 0xff, 0xff, 0xff, 0xff,
  0xff, 0x1d, 0x00, 0x00, 0x00, 0xff, 0xff, 0xff, 0xff, 0x1d, 0x00, 0x00, 0x00, 0x1d, 0x00, 0x00,
  0x00, 0x1d, 0x00, 0x00, 0x00, 0x1d, 0x00, 0x00, 0x00, 0x1d, 0x00, 0x00, 0x00, 0x1d, 0x00, 0x00,
  0x00, 0x1d, 0x00, 0x00, 0x00, 0x1d, 0x00, 0x00, 0x00, 0x1d, 0x00, 0x00, 0x00, 0x1d, 0x00, 0x00,
  0x00, 0x1d, 0x00, 0x00, 0x00, 0x1d, 0x00, 0x00, 0x00, 0x1d, 0x00, 0x00, 0x00, 0x1d, 0x00, 0x00,
  0x00, 0x1d, 0x00, 0x00, 0x00, 0x1d, 0x00, 0x00, 0x00, 0x1d, 0x00, 0x00, 0x00, 0x1d, 0x00, 0x00,
  0x00, 0x1d, 0x00, 0x00, 0x00, 0x1d, 0x00, 0x00, 0x00, 0x1d, 0x00, 0x00, 0x00, 0x1d, 0x00, 0x00,
  0x00, 0x1d, 0x00, 0x00, 0x00, 0x1d, 0x00, 0x00, 0x00, 0x1d, 0x00, 0x00, 0x00, 0x1d, 0x00, 0x00,
  0x00, 0xff, 0xff, 0xff, 0xff, 0xff, 0xff, 0xff, 0xff, 0xff, 0xff, 0xff, 0xff, 0xff, 0xff, 0xff,
  0xff, 0xff, 0xff, 0xff, 0xff, 0xff, 0xff, 0xff, 0xff, 0xff, 0xff, 0xff, 0xff, 0xff, 0xff, 0xff,
  0xff, 0xff, 0xff, 0xff, 0xff, 0xff, 0xff, 0xff, 0xff, 0xff, 0xff, 0xff, 0xff, 0xff, 0xff, 0xff,
  0xff, 0xff, 0xff, 0xff, 0xff, 0xff, 0xff, 0xff, 0xff, 0xff, 0xff, 0xff, 0xff, 0xff, 0xff, 0xff,
  0xff, 0xff, 0xff, 0xff, 0xff, 0xff, 0xff, 0xff, 0xff, 0xff, 0xff, 0xff, 0xff, 0xff, 0xff, 0xff,
  0xff, 0xff, 0xff, 0xff, 0xff, 0xff, 0xff, 0xff, 0xff, 0xff, 0xff, 0xff, 0xff, 0xff, 0xff, 0xff,
  0xff, 0xff, 0xff, 0xff, 0xff, 0xff, 0xff, 0xff, 0xff, 0xff, 0xff, 0xff, 0xff, 0xff, 0xff, 0xff,
  0xff, 0xff, 0xff, 0xff, 0xff, 0xff, 0xff, 0xff, 0xff, 0xff, 0xff, 0xff, 0xff, 0xff, 0xff, 0xff,
  0xff, 0xff, 0xff, 0xff, 0xff, 0xff, 0xff, 0xff, 0xff, 0xff, 0xff, 0xff, 0xff, 0xff, 0xff, 0xff,
  0xff, 0xff, 0xff, 0xff, 0xff, 0xff, 0xff, 0xff, 0xff, 0xff, 0xff, 0xff, 0xff, 0xff, 0xff, 0xff,
  0xff, 0xff, 0xff, 0xff, 0xff, 0xff, 0xff, 0xff, 0xff, 0xff, 0xff, 0xff, 0xff, 0xff, 0xff, 0xff,
  0xff, 0xff, 0xff, 0xff, 0xff, 0xff, 0xff, 0xff, 0xff, 0xff, 0xff, 0xff, 0xff, 0xff, 0xff, 0xff,
  0xff, 0xff, 0xff, 0xff, 0xff, 0xff, 0xff, 0xff, 0xff, 0xff, 0xff, 0xff, 0xff, 0xff, 0xff, 0xff,
  0xff, 0xff, 0xff, 0xff, 0xff, 0x1d, 0x00, 0x00, 0x00, 0x1d, 0x00, 0x00, 0x00, 0x1d, 0x00, 0x00,
  0x00, 0x1d, 0x00, 0x00, 0x00, 0x1d, 0x00, 0x00, 0x00, 0x1d, 0x00, 0x00, 0x00, 0x1d, 0x00, 0x00,
  0x00, 0x1d, 0x00, 0x00, 0x00, 0x1d, 0x00, 0x00, 0x00, 0x1d, 0x00, 0x00, 0x00, 0xff, 0xff, 0xff,
  0xff, 0xff, 0xff, 0xff, 0xff, 0xff, 0xff, 0xff, 0xff, 0xff, 0xff, 0xff, 0xff, 0xff, 0xff, 0xff,
  0xff, 0xff, 0xff, 0xff, 0xff, 0xff, 0xff, 0xff, 0xff, 0x1d, 0x00, 0x00, 0x00, 0x1d, 0x00, 0x00,
  0x00, 0x1d, 0x00, 0x00, 0x00, 0x1d, 0x00, 0x00, 0x00, 0x1d, 0x00, 0x00, 0x00, 0x1d, 0x00, 0x00,
  0x00, 0x1d, 0x00, 0x00, 0x00, 0x1d, 0x00, 0x00, 0x00, 0x1d, 0x00, 0x00, 0x00, 0x1d, 0x00, 0x00,
  0x00, 0x1d, 0x00, 0x00, 0x00, 0x1d, 0x00, 0x00, 0x00, 0x1d, 0x00, 0x00, 0x00, 0x1d, 0x00, 0x00,
  0x00, 0x1d, 0x00, 0x00, 0x00, 0x1d, 0x00, 0x00, 0x00, 0x1d, 0x00, 0x00, 0x00, 0x1d, 0x00, 0x00,
  0x00, 0x1d, 0x00, 0x00, 0x00, 0x1d, 0x00, 0x00, 0x00, 0x1d, 0x00, 0x00, 0x00, 0x1d, 0x00, 0x00,
  0x00, 0x1d, 0x00, 0x00, 0x00, 0x1d, 0x00, 0x00, 0x00, 0x1d, 0x00, 0x00, 0x00, 0x1d, 0x00, 0x00,
  0x00, 0xff, 0xff, 0xff, 0xff, 0xff, 0xff, 0xff, 0xff, 0xff, 0xff, 0xff, 0xff, 0xff, 0xff, 0xff,
  0xff, 0x1d, 0x00, 0x00, 0x00, 0xff, 0xff, 0xff, 0xff, 0x1d, 0x00, 0x00, 0x00, 0x1d, 0x00, 0x00,
  0x00, 0x1d, 0x00, 0x00, 0x00, 0x1d, 0x00, 0x00, 0x00, 0x1d, 0x00, 0x00, 0x00, 0x1d, 0x00, 0x00,
  0x00, 0x1d, 0x00, 0x00, 0x00, 0x1d, 0x00, 0x00, 0x00, 0x1d, 0x00, 0x00, 0x00, 0x1d, 0x00, 0x00,
  0x00, 0x1d, 0x00, 0x00, 0x00, 0x1d, 0x00, 0x00, 0x00, 0x1d, 0x00, 0x00, 0x00, 0x1d, 0x00, 0x00,
  0x00, 0x1d, 0x00, 0x00, 0x00, 0x1d, 0x00, 0x00, 0x00, 0x1d, 0x00, 0x00, 0x00, 0x1d, 0x00, 0x00,
  0x00, 0x1d, 0x00, 0x00, 0x00, 0x42, 0x00, 0x00, 0x00, 0x1d, 0x00, 0x00, 0x00, 0x1d, 0x00, 0x00,
  0x00, 0x1d, 0x00, 0x00, 0x00, 0x1d, 0x00, 0x00, 0x00, 0x1d, 0x00, 0x00, 0x00, 0x1d, 0x00, 0x00,
  0x00, 0xff, 0xff, 0xff, 0xff, 0xff, 0xff, 0xff, 0xff, 0xff, 0xff, 0xff, 0xff, 0xff, 0xff, 0xff,
  0xff, 0xff, 0xff, 0xff, 0xff, 0xff, 0xff, 0xff, 0xff, 0xff, 0xff, 0xff, 0xff, 0xff, 0xff, 0xff,
  0xff, 0xff, 0xff, 0xff, 0xff, 0xff, 0xff, 0xff, 0xff, 0xff, 0xff, 0xff, 0xff, 0xff, 0xff, 0xff,
  0xff, 0xff, 0xff, 0xff, 0xff, 0xff, 0xff, 0xff, 0xff, 0xff, 0xff, 0xff, 0xff, 0xff, 0xff, 0xff,
  0xff, 0xff, 0xff, 0xff, 0xff, 0xff, 0xff, 0xff, 0xff, 0xff, 0xff, 0xff, 0xff, 0xff, 0xff, 0xff,
  0xff, 0xff, 0xff, 0xff, 0xff, 0xff, 0xff, 0xff, 0xff, 0xff, 0xff, 0xff, 0xff, 0xff, 0xff, 0xff,
  0xff, 0xff, 0xff, 0xff, 0xff, 0xff, 0xff, 0xff, 0xff, 0xff, 0xff, 0xff, 0xff, 0xff, 0xff, 0xff,
  0xff, 0xff, 0xff, 0xff, 0xff, 0xff, 0xff, 0xff, 0xff, 0xff, 0xff, 0xff, 0xff, 0xff, 0xff, 0xff,
  0xff, 0xff, 0xff, 0xff, 0xff, 0xff, 0xff, 0xff, 0xff, 0xff, 0xff, 0xff, 0xff, 0xff, 0xff, 0xff,
  0xff, 0xff, 0xff, 0xff, 0xff, 0xff, 0xff, 0xff, 0xff, 0xff, 0xff, 0xff, 0xff, 0xff, 0xff, 0xff,
  0xff, 0xff, 0xff, 0xff, 0xff, 0xff, 0xff, 0xff, 0xff, 0xff, 0xff, 0xff, 0xff, 0xff, 0xff, 0xff,
  0xff, 0xff, 0xff, 0xff, 0xff, 0xff, 0xff, 0xff, 0xff, 0xff, 0xff, 0xff, 0xff, 0xff, 0xff, 0xff,
  0xff, 0xff, 0xff, 0xff, 0xff, 0xff, 0xff, 0xff, 0xff, 0xff, 0xff, 0xff, 0xff, 0xff, 0xff, 0xff,
  0xff, 0xff, 0xff, 0xff, 0xff, 0x1d, 0x00, 0x00, 0x00, 0x1d, 0x00, 0x00, 0x00, 0x1d, 0x00, 0x00,
  0x00, 0x1d, 0x00, 0x00, 0x00, 0x1d, 0x00, 0x00, 0x00, 0x1d, 0x00, 0x00, 0x00, 0x1d, 0x00, 0x00,
  0x00, 0x1d, 0x00, 0x00, 0x00, 0x1d, 0x00, 0x00, 0x00, 0x1d, 0x00, 0x00, 0x00, 0xff, 0xff, 0xff,
  0xff, 0xff, 0xff, 0xff, 0xff, 0xff, 0xff, 0xff, 0xff, 0xff, 0xff, 0xff, 0xff, 0xff, 0xff, 0xff,
  0xff, 0xff, 0xff, 0xff, 0xff, 0xff, 0xff, 0xff, 0xff, 0x1d, 0x00, 0x00, 0x00, 0x1d, 0x00, 0x00,
  0x00, 0x1d, 0x00, 0x00, 0x00, 0x1d, 0x00, 0x00, 0x00, 0x1d, 0x00, 0x00, 0x00, 0x1d, 0x00, 0x00,
  0x00, 0x1d, 0x00, 0x00, 0x00, 0x1d, 0x00, 0x00, 0x00, 0x1d, 0x00, 0x00, 0x00, 0x1d, 0x00, 0x00,
  0x00, 0x1d, 0x00, 0x00, 0x00, 0x1d, 0x00, 0x00, 0x00, 0x1d, 0x00, 0x00, 0x00, 0x1d, 0x00, 0x00,
  0x00, 0x1d, 0x00, 0x00, 0x00, 0x1d, 0x00, 0x00, 0x00, 0x1d, 0x00, 0x00, 0x00, 0x1d, 0x00, 0x00,
  0x00, 0x1d, 0x00, 0x00, 0x00, 0x1d, 0x00, 0x00, 0x00, 0x1d, 0x00, 0x00, 0x00, 0x1d, 0x00, 0x00,
  0x00, 0x1d, 0x00, 0x00, 0x00, 0x1d, 0x00, 0x00, 0x00, 0x1d, 0x00, 0x00, 0x00, 0x1d, 0x00, 0x00,
  0x00, 0xff, 0xff, 0xff, 0xff, 0xff, 0xff, 0xff, 0xff, 0xff, 0xff, 0xff, 0xff, 0xff, 0xff, 0xff,
  0xff, 0x1d, 0x00, 0x00, 0x00, 0xff, 0xff, 0xff, 0xff, 0x1d, 0x00, 0x00, 0x00, 0x1d, 0x00, 0x00,
  0x00, 0x1d, 0x00, 0x00, 0x00, 0x1d, 0x00, 0x00, 0x00, 0x1d, 0x00, 0x00, 0x00, 0x1d, 0x00, 0x00,
  0x00, 0x1d, 0x00, 0x00, 0x00, 0x1d, 0x00, 0x00, 0x00, 0x1d, 0x00, 0x00, 0x00, 0x1d, 0x00, 0x00,
  0x00, 0x1d, 0x00, 0x00, 0x00, 0x1d, 0x00, 0x00, 0x00, 0x1d, 0x00, 0x00, 0x00, 0x1d, 0x00, 0x00,
  0x00, 0x1d, 0x00, 0x00, 0x00, 0x1d, 0x00, 0x00, 0x00, 0x1d, 0x00, 0x00, 0x00, 0x1d, 0x00, 0x00,
  0x00, 0x1d, 0x00, 0x00, 0x00, 0x1d, 0x00, 0x00, 0x00, 0x1d, 0x00, 0x00, 0x00, 0x1d, 0x00, 0x00,
  0x00, 0x1d, 0x00, 0x00, 0x00, 0x1d, 0x00, 0x00, 0x00, 0x1d, 0x00, 0x00, 0x00, 0x1d, 0x00, 0x00,
  0x00, 0xff, 0xff, 0xff, 0xff, 0xff, 0xff, 0xff, 0xff, 0xff, 0xff, 0xff, 0xff, 0xff, 0xff, 0xff,
  0xff, 0xff, 0xff, 0xff, 0xff, 0xff, 0xff, 0xff, 0xff, 0xff, 0xff, 0xff, 0xff, 0xff, 0xff, 0xff,
  0xff, 0xff, 0xff, 0xff, 0xff, 0xff, 0xff, 0xff, 0xff, 0xff, 0xff, 0xff, 0xff, 0xff, 0xff, 0xff,
  0xff, 0xff, 0xff, 0xff, 0xff, 0xff, 0xff, 0xff, 0xff, 0xff, 0xff, 0xff, 0xff, 0xff, 0xff, 0xff,
  0xff, 0xff, 0xff, 0xff, 0xff, 0xff, 0xff, 0xff, 0xff, 0xff, 0xff, 0xff, 0xff, 0xff, 0xff, 0xff,
  0xff, 0xff, 0xff, 0xff, 0xff, 0xff, 0xff, 0xff, 0xff, 0xff, 0xff, 0xff, 0xff, 0xff, 0xff, 0xff,
  0xff, 0xff, 0xff, 0xff, 0xff, 0xff, 0xff, 0xff, 0xff, 0xff, 0xff, 0xff, 0xff, 0xff, 0xff, 0xff,
  0xff, 0xff, 0xff, 0xff, 0xff, 0xff, 0xff, 0xff, 0xff, 0xff, 0xff, 0xff, 0xff, 0xff, 0xff, 0xff,
  0xff, 0xff, 0xff, 0xff, 0xff, 0xff, 0xff, 0xff, 0xff, 0xff, 0xff, 0xff, 0xff, 0xff, 0xff, 0xff,
  0xff, 0xff, 0xff, 0xff, 0xff, 0xff, 0xff, 0xff, 0xff, 0xff, 0xff, 0xff, 0xff, 0xff, 0xff, 0xff,
  0xff, 0xff, 0xff, 0xff, 0xff, 0xff, 0xff, 0xff, 0xff, 0xff, 0xff, 0xff, 0xff, 0xff, 0xff, 0xff,
  0xff, 0xff, 0xff, 0xff, 0xff, 0xff, 0xff, 0xff, 0xff, 0xff, 0xff, 0xff, 0xff, 0xff, 0xff, 0xff,
  0xff, 0xff, 0xff, 0xff, 0xff, 0xff, 0xff, 0xff, 0xff, 0xff, 0xff, 0xff, 0xff, 0xff, 0xff, 0xff,
  0xff, 0xff, 0xff, 0xff, 0xff, 0x1d, 0x00, 0x00, 0x00, 0x1d, 0x00, 0x00, 0x00, 0x1d, 0x00, 0x00,
  0x00, 0x1d, 0x00, 0x00, 0x00, 0x1d, 0x00, 0x00, 0x00, 0x1d, 0x00, 0x00, 0x00, 0x1d, 0x00, 0x00,
  0x00, 0x1d, 0x00, 0x00, 0x00, 0x1d, 0x00, 0x00, 0x00, 0x1d, 0x00, 0x00, 0x00, 0xff, 0xff, 0xff,
  0xff, 0xff, 0xff, 0xff, 0xff, 0xff, 0xff, 0xff, 0xff, 0xff, 0xff, 0xff, 0xff, 0xff, 0xff, 0xff,
  0xff, 0xff, 0xff, 0xff, 0xff, 0xff, 0xff, 0xff, 0xff, 0x1d, 0x00, 0x00, 0x00, 0x1d, 0x00, 0x00,
  0x00, 0x1d, 0x00, 0x00, 0x00, 0x1d, 0x00, 0x00, 0x00, 0x1d, 0x00, 0x00, 0x00, 0x1d, 0x00, 0x00,
  0x00, 0x1d, 0x00, 0x00, 0x00, 0x1d, 0x00, 0x00, 0x00, 0x1d, 0x00, 0x00, 0x00, 0x1d, 0x00, 0x00,
  0x00, 0x1d, 0x00, 0x00, 0x00, 0x1d, 0x00, 0x00, 0x00, 0x1d, 0x00, 0x00, 0x00, 0x1d, 0x00, 0x00,
  0x00, 0x1d, 0x00, 0x00, 0x00, 0x1d, 0x00, 0x00, 0x00, 0x1d, 0x00, 0x00, 0x00, 0x1d, 0x00, 0x00,
  0x00, 0x1d, 0x00, 0x00, 0x00, 0x1d, 0x00, 0x00, 0x00, 0x1d, 0x00, 0x00, 0x00, 0x1d, 0x00, 0x00,
  0x00, 0x1d, 0x00, 0x00, 0x00, 0x1d, 0x00, 0x00, 0x00, 0x1d, 0x00, 0x00, 0x00, 0x1d, 0x00, 0x00,
  0x00, 0xff, 0xff, 0xff, 0xff, 0xff, 0xff, 0xff, 0xff, 0xff, 0xff, 0xff, 0xff, 0xff, 0xff, 0xff,
  0xff, 0x1d, 0x00, 0x00, 0x00, 0xff, 0xff, 0xff, 0xff, 0x1d, 0x00, 0x00, 0x00, 0x1d, 0x00, 0x00,
  0x00, 0x1d, 0x00, 0x00, 0x00, 0x1d, 0x00, 0x00, 0x00, 0x1d, 0x00, 0x00, 0x00, 0x1d, 0x00, 0x00,
  0x00, 0x1d, 0x00, 0x00, 0x00, 0x1d, 0x00, 0x00, 0x00, 0x1d, 0x00, 0x00, 0x00, 0x1d, 0x00, 0x00,
  0x00, 0x1d, 0x00, 0x00, 0x00, 0x1d, 0x00, 0x00, 0x00, 0x1d, 0x00, 0x00, 0x00, 0x1d, 0x00, 0x00,
  0x00, 0x1d, 0x00, 0x00, 0x00, 0x1d, 0x00, 0x00, 0x00, 0x1d, 0x00, 0x00, 0x00, 0x1d, 0x00, 0x00,
  0x00, 0x1d, 0x00, 0x00, 0x00, 0x1d, 0x00, 0x00, 0x00, 0x1d, 0x00, 0x00, 0x00, 0x1d, 0x00, 0x00,
  0x00, 0x1d, 0x00, 0x00, 0x00, 0x1d, 0x00, 0x00, 0x00, 0x1d, 0x00, 0x00, 0x00, 0x1d, 0x00, 0x00,
  0x00, 0xff, 0xff, 0xff, 0xff, 0xff, 0xff, 0xff, 0xff, 0xff, 0xff, 0xff, 0xff, 0xff, 0xff, 0xff,
  0xff, 0xff, 0xff, 0xff, 0xff, 0xff, 0xff, 0xff, 0xff, 0xff, 0xff, 0xff, 0xff, 0xff, 0xff, 0xff,
  0xff, 0xff, 0xff, 0xff, 0xff, 0xff, 0xff, 0xff, 0xff, 0xff, 0xff, 0xff, 0xff, 0xff, 0xff, 0xff,
  0xff, 0xff, 0xff, 0xff, 0xff, 0xff, 0xff, 0xff, 0xff, 0xff, 0xff, 0xff, 0xff, 0xff, 0xff, 0xff,
  0xff, 0xff, 0xff, 0xff, 0xff, 0xff, 0xff, 0xff, 0xff, 0xff, 0xff, 0xff, 0xff, 0xff, 0xff, 0xff,
  0xff, 0xff, 0xff, 0xff, 0xff, 0xff, 0xff, 0xff, 0xff, 0xff, 0xff, 0xff, 0xff, 0xff, 0xff, 0xff,
  0xff, 0xff, 0xff, 0xff, 0xff, 0xff, 0xff, 0xff, 0xff, 0xff, 0xff, 0xff, 0xff, 0xff, 0xff, 0xff,
  0xff, 0xff, 0xff, 0xff, 0xff, 0xff, 0xff, 0xff, 0xff, 0xff, 0xff, 0xff, 0xff, 0xff, 0xff, 0xff,
  0xff, 0xff, 0xff, 0xff, 0xff, 0xff, 0xff, 0xff, 0xff, 0xff, 0xff, 0xff, 0xff, 0xff, 0xff, 0xff,
  0xff, 0xff, 0xff, 0xff, 0xff, 0xff, 0xff, 0xff, 0xff, 0xff, 0xff, 0xff, 0xff, 0xff, 0xff, 0xff,
  0xff, 0xff, 0xff, 0xff, 0xff, 0xff, 0xff, 0xff, 0xff, 0xff, 0xff, 0xff, 0xff, 0xff, 0xff, 0xff,
  0xff, 0xff, 0xff, 0xff, 0xff, 0xff, 0xff, 0xff, 0xff, 0xff, 0xff, 0xff, 0xff, 0xff, 0xff, 0xff,
  0xff, 0xff, 0xff, 0xff, 0xff, 0xff, 0xff, 0xff, 0xff, 0xff, 0xff, 0xff, 0xff, 0xff, 0xff, 0xff,
  0xff, 0xff, 0xff, 0xff, 0xff, 0x1d, 0x00, 0x00, 0x00, 0x1d, 0x00, 0x00, 0x00, 0x1d, 0x00, 0x00,
  0x00, 0x1d, 0x00, 0x00, 0x00, 0x1d, 0x00, 0x00, 0x00, 0x1d, 0x00, 0x00, 0x00, 0x1d, 0x00, 0x00,
  0x00, 0x1d, 0x00, 0x00, 0x00, 0x1d, 0x00, 0x00, 0x00, 0x1d, 0x00, 0x00, 0x00, 0xff, 0xff, 0xff,
  0xff, 0xff, 0xff, 0xff, 0xff, 0xff, 0xff, 0xff, 0xff, 0xff, 0xff, 0xff, 0xff, 0xff, 0xff, 0xff,
  0xff, 0xff, 0xff, 0xff, 0xff, 0xff, 0xff, 0xff, 0xff, 0x1d, 0x00, 0x00, 0x00, 0x1d, 0x00, 0x00,
  0x00, 0x1d, 0x00, 0x00, 0x00, 0x1d, 0x00, 0x00, 0x00, 0x1d, 0x00, 0x00, 0x00, 0x1d, 0x00, 0x00,
  0x00, 0x1d, 0x00, 0x00, 0x00, 0x1d, 0x00, 0x00, 0x00, 0x1d, 0x00, 0x00, 0x00, 0x1d, 0x00, 0x00,
  0x00, 0x1d, 0x00, 0x00, 0x00, 0x1d, 0x00, 0x00, 0x00, 0x1d, 0x00, 0x00, 0x00, 0x1d, 0x00, 0x00,
  0x00, 0x1d, 0x00, 0x00, 0x00, 0x1d, 0x00, 0x00, 0x00, 0x1d, 0x00, 0x00, 0x00, 0x1d, 0x00, 0x00,
  0x00, 0x1d, 0x00, 0x00, 0x00, 0x1d, 0x00, 0x00, 0x00, 0x1d, 0x00, 0x00, 0x00, 0x1d, 0x00, 0x00,
  0x00, 0x1d, 0x00, 0x00, 0x00, 0x1d, 0x00, 0x00, 0x00, 0x1d, 0x00, 0x00, 0x00, 0x1d, 0x00, 0x00,
  0x00, 0xff, 0xff, 0xff, 0xff, 0xff, 0xff, 0xff, 0xff, 0xff, 0xff, 0xff, 0xff, 0xff, 0xff, 0xff,
  0xff, 0x1d, 0x00, 0x00, 0x00, 0xff, 0xff, 0xff, 0xff, 0x1d, 0x00, 0x00, 0x00, 0x1d, 0x00, 0x00,
  0x00, 0x1d, 0x00, 0x00, 0x00, 0x43, 0x00, 0x00, 0x00, 0x1d, 0x00, 0x00, 0x00, 0x1d, 0x00, 0x00,
  0x00, 0x1d, 0x00, 0x00, 0x00, 0x1d, 0x00, 0x00, 0x00, 0x1d, 0x00, 0x00, 0x00, 0x1d, 0x00, 0x00,
  0x00, 0x1d, 0x00, 0x00, 0x00, 0x1d, 0x00, 0x00, 0x00, 0x1d, 0x00, 0x00, 0x00, 0x1d, 0x00, 0x00,
  0x00, 0x1d, 0x00, 0x00, 0x00, 0x1d, 0x00, 0x00, 0x00, 0x1d, 0x00, 0x00, 0x00, 0x1d, 0x00, 0x00,
  0x00, 0x1d, 0x00, 0x00, 0x00, 0x1d, 0x00, 0x00, 0x00, 0x1d, 0x00, 0x00, 0x00, 0x1d, 0x00, 0x00,
  0x00, 0x1d, 0x00, 0x00, 0x00, 0x1d, 0x00, 0x00, 0x00, 0x1d, 0x00, 0x00, 0x00, 0x1d, 0x00, 0x00,
  0x00, 0xff, 0xff, 0xff, 0xff, 0xff, 0xff, 0xff, 0xff, 0xff, 0xff, 0xff, 0xff, 0xff, 0xff, 0xff,
  0xff, 0xff, 0xff, 0xff, 0xff, 0xff, 0xff, 0xff, 0xff, 0xff, 0xff, 0xff, 0xff, 0xff, 0xff, 0xff,
  0xff, 0xff, 0xff, 0xff, 0xff, 0xff, 0xff, 0xff, 0xff, 0xff, 0xff, 0xff, 0xff, 0xff, 0xff, 0xff,
  0xff, 0xff, 0xff, 0xff, 0xff, 0xff, 0xff, 0xff, 0xff, 0xff, 0xff, 0xff, 0xff, 0xff, 0xff, 0xff,
  0xff, 0xff, 0xff, 0xff, 0xff, 0xff, 0xff, 0xff, 0xff, 0xff, 0xff, 0xff, 0xff, 0xff, 0xff, 0xff,
  0xff, 0xff, 0xff, 0xff, 0xff, 0xff, 0xff, 0xff, 0xff, 0xff, 0xff, 0xff, 0xff, 0xff, 0xff, 0xff,
  0xff, 0xff, 0xff, 0xff, 0xff, 0xff, 0xff, 0xff, 0xff, 0xff, 0xff, 0xff, 0xff, 0xff, 0xff, 0xff,
  0xff, 0xff, 0xff, 0xff, 0xff, 0xff, 0xff, 0xff, 0xff, 0xff, 0xff, 0xff, 0xff, 0xff, 0xff, 0xff,
  0xff, 0xff, 0xff, 0xff, 0xff, 0xff, 0xff, 0xff, 0xff, 0xff, 0xff, 0xff, 0xff, 0xff, 0xff, 0xff,
  0xff, 0xff, 0xff, 0xff, 0xff, 0xff, 0xff, 0xff, 0xff, 0xff, 0xff, 0xff, 0xff, 0xff, 0xff, 0xff,
  0xff, 0xff, 0xff, 0xff, 0xff, 0xff, 0xff, 0xff, 0xff, 0xff, 0xff, 0xff, 0xff, 0xff, 0xff, 0xff,
  0xff, 0xff, 0xff, 0xff, 0xff, 0xff, 0xff, 0xff, 0xff, 0xff, 0xff, 0xff, 0xff, 0xff, 0xff, 0xff,
  0xff, 0xff, 0xff, 0xff, 0xff, 0xff, 0xff, 0xff, 0xff, 0xff, 0xff, 0xff, 0xff, 0xff, 0xff, 0xff,
  0xff, 0xff, 0xff, 0xff, 0xff, 0x1d, 0x00, 0x00, 0x00, 0x1d, 0x00, 0x00, 0x00, 0x1d, 0x00, 0x00,
  0x00, 0x1d, 0x00, 0x00, 0x00, 0x1d, 0x00, 0x00, 0x00, 0x1d, 0x00, 0x00, 0x00, 0x1d, 0x00, 0x00,
  0x00, 0x1d, 0x00, 0x00, 0x00, 0x1d, 0x00, 0x00, 0x00, 0x1d, 0x00, 0x00, 0x00, 0xff, 0xff, 0xff,
  0xff, 0xff, 0xff, 0xff, 0xff, 0xff, 0xff, 0xff, 0xff, 0xff, 0xff, 0xff, 0xff, 0xff, 0xff, 0xff,
  0xff, 0xff, 0xff, 0xff, 0xff, 0xff, 0xff, 0xff, 0xff, 0x1d, 0x00, 0x00, 0x00, 0x1d, 0x00, 0x00,
  0x00, 0x1d, 0x00, 0x00, 0x00, 0x1d, 0x00, 0x00, 0x00, 0x1d, 0x00, 0x00, 0x00, 0x1d, 0x00, 0x00,
  0x00, 0x1d, 0x00, 0x00, 0x00, 0x1d, 0x00, 0x00, 0x00, 0x1d, 0x00, 0x00, 0x00, 0x1d, 0x00, 0x00,
  0x00, 0x1d, 0x00, 0x00, 0x00, 0x1d, 0x00, 0x00, 0x00, 0x1d, 0x00, 0x00, 0x00, 0x1d, 0x00, 0x00,
  0x00, 0x1d, 0x00, 0x00, 0x00, 0x1d, 0x00, 0x00, 0x00, 0x1d, 0x00, 0x00, 0x00, 0x1d, 0x00, 0x00,
  0x00, 0x1d, 0x00, 0x00, 0x00, 0x1d, 0x00, 0x00, 0x00, 0x1d, 0x00, 0x00, 0x00, 0x1d, 0x00, 0x00,
  0x00, 0x1d, 0x00, 0x00, 0x00, 0x1d, 0x00, 0x00, 0x00, 0x1d, 0x00, 0x00, 0x00, 0x1d, 0x00, 0x00,
  0x00, 0xff, 0xff, 0xff, 0xff, 0xff, 0xff, 0xff, 0xff, 0xff, 0xff, 0xff, 0xff, 0xff, 0xff, 0xff,
  0xff, 0x1d, 0x00, 0x00, 0x00, 0xff, 0xff, 0xff, 0xff, 0x1d, 0x00, 0x00, 0x00, 0x1d, 0x00, 0x00,
  0x00, 0x1d, 0x00, 0x00, 0x00, 0x1d, 0x00, 0x00, 0x00, 0x44, 0x00, 0x00, 0x00, 0x1d, 0x00, 0x00,
  0x00, 0x1d, 0x00, 0x00, 0x00, 0x1d, 0x00, 0x00, 0x00, 0x1d, 0x00, 0x00, 0x00, 0x1d, 0x00, 0x00,
  0x00, 0x1d, 0x00, 0x00, 0x00, 0x1d, 0x00, 0x00, 0x00, 0x1d, 0x00, 0x00, 0x00, 0x1d, 0x00, 0x00,
  0x00, 0x1d, 0x00, 0x00, 0x00, 0x1d, 0x00, 0x00, 0x00, 0x1d, 0x00, 0x00, 0x00, 0x1d, 0x00, 0x00,
  0x00, 0x1d, 0x00, 0x00, 0x00, 0x1d, 0x00, 0x00, 0x00, 0x1d, 0x00, 0x00, 0x00, 0x1d, 0x00, 0x00,
  0x00, 0x1d, 0x00, 0x00, 0x00, 0x1d, 0x00, 0x00, 0x00, 0x1d, 0x00, 0x00, 0x00, 0x1d, 0x00, 0x00,
  0x00, 0xff, 0xff, 0xff, 0xff, 0xff, 0xff, 0xff, 0xff, 0xff, 0xff, 0xff, 0xff, 0xff, 0xff, 0xff,
  0xff, 0xff, 0xff, 0xff, 0xff, 0xff, 0xff, 0xff, 0xff, 0xff, 0xff, 0xff, 0xff, 0xff, 0xff, 0xff,
  0xff, 0xff, 0xff, 0xff, 0xff, 0xff, 0xff, 0xff, 0xff, 0xff, 0xff, 0xff, 0xff, 0xff, 0xff, 0xff,
  0xff, 0xff, 0xff, 0xff, 0xff, 0xff, 0xff, 0xff, 0xff, 0xff, 0xff, 0xff, 0xff, 0xff, 0xff, 0xff,
  0xff, 0xff, 0xff, 0xff, 0xff, 0xff, 0xff, 0xff, 0xff, 0xff, 0xff, 0xff, 0xff, 0xff, 0xff, 0xff,
  0xff, 0xff, 0xff, 0xff, 0xff, 0xff, 0xff, 0xff, 0xff, 0xff, 0xff, 0xff, 0xff, 0xff, 0xff, 0xff,
  0xff, 0xff, 0xff, 0xff, 0xff, 0xff, 0xff, 0xff, 0xff, 0xff, 0xff, 0xff, 0xff, 0xff, 0xff, 0xff,
  0xff, 0xff, 0xff, 0xff, 0xff, 0xff, 0xff, 0xff, 0xff, 0xff, 0xff, 0xff, 0xff, 0xff, 0xff, 0xff,
  0xff, 0xff, 0xff, 0xff, 0xff, 0xff, 0xff, 0xff, 0xff, 0xff, 0xff, 0xff, 0xff, 0xff, 0xff, 0xff,
  0xff, 0xff, 0xff, 0xff, 0xff, 0xff, 0xff, 0xff, 0xff, 0xff, 0xff, 0xff, 0xff, 0xff, 0xff, 0xff,
  0xff, 0xff, 0xff, 0xff, 0xff, 0xff, 0xff, 0xff, 0xff, 0xff, 0xff, 0xff, 0xff, 0xff, 0xff, 0xff,
  0xff, 0xff, 0xff, 0xff, 0xff, 0xff, 0xff, 0xff, 0xff, 0xff, 0xff, 0xff, 0xff, 0xff, 0xff, 0xff,
  0xff, 0xff, 0xff, 0xff, 0xff, 0xff, 0xff, 0xff, 0xff, 0xff, 0xff, 0xff, 0xff, 0xff, 0xff, 0xff,
  0xff, 0xff, 0xff, 0xff, 0xff, 0x1d, 0x00, 0x00, 0x00, 0x1d, 0x00, 0x00, 0x00, 0x1d, 0x00, 0x00,
  0x00, 0x1d, 0x00, 0x00, 0x00, 0x1d, 0x00, 0x00, 0x00, 0x1d, 0x00, 0x00, 0x00, 0x1d, 0x00, 0x00,
  0x00, 0x1d, 0x00, 0x00, 0x00, 0x1d, 0x00, 0x00, 0x00, 0x1d, 0x00, 0x00, 0x00, 0xff, 0xff, 0xff,
  0xff, 0xff, 0xff, 0xff, 0xff, 0xff, 0xff, 0xff, 0xff, 0xff, 0xff, 0xff, 0xff, 0xff, 0xff, 0xff,
  0xff, 0xff, 0xff, 0xff, 0xff, 0xff, 0xff, 0xff, 0xff, 0x1d, 0x00, 0x00, 0x00, 0x1d, 0x00, 0x00,
  0x00, 0x1d, 0x00, 0x00, 0x00, 0x1d, 0x00, 0x00, 0x00, 0x1d, 0x00, 0x00, 0x00, 0x1d, 0x00, 0x00,
  0x00, 0x1d, 0x00, 0x00, 0x00, 0x1d, 0x00, 0x00, 0x00, 0x1d, 0x00, 0x00, 0x00, 0x1d, 0x00, 0x00,
  0x00, 0x1d, 0x00, 0x00, 0x00, 0x1d, 0x00, 0x00, 0x00, 0x1d, 0x00, 0x00, 0x00, 0x1d, 0x00, 0x00,
  0x00, 0x1d, 0x00, 0x00, 0x00, 0x1d, 0x00, 0x00, 0x00, 0x1d, 0x00, 0x00, 0x00, 0x1d, 0x00, 0x00,
  0x00, 0x1d, 0x00, 0x00, 0x00, 0x1d, 0x00, 0x00, 0x00, 0x1d, 0x00, 0x00, 0x00, 0x1d, 0x00, 0x00,
  0x00, 0x1d, 0x00, 0x00, 0x00, 0x1d, 0x00, 0x00, 0x00, 0x1d, 0x00, 0x00, 0x00, 0x1d, 0x00, 0x00,
  0x00, 0xff, 0xff, 0xff, 0xff, 0xff, 0xff, 0xff, 0xff, 0xff, 0xff, 0xff, 0xff, 0xff, 0xff, 0xff,
  0xff, 0x1d, 0x00, 0x00, 0x00, 0xff, 0xff, 0xff, 0xff, 0x45, 0x00, 0x00, 0x00, 0x1d, 0x00, 0x00,
  0x00, 0x1d, 0x00, 0x00, 0x00, 0x1d, 0x00, 0x00, 0x00, 0x1d, 0x00, 0x00, 0x00, 0x1d, 0x00, 0x00,
  0x00, 0x1d, 0x00, 0x00, 0x00, 0x1d, 0x00, 0x00, 0x00, 0x1d, 0x00, 0x00, 0x00, 0x1d, 0x00, 0x00,
  0x00, 0x1d, 0x00, 0x00, 0x00, 0x1d, 0x00, 0x00, 0x00, 0x1d, 0x00, 0x00, 0x00, 0x1d, 0x00, 0x00,
  0x00, 0x1d, 0x00, 0x00, 0x00, 0x1d, 0x00, 0x00, 0x00, 0x1d, 0x00, 0x00, 0x00, 0x1d, 0x00, 0x00,
  0x00, 0x1d, 0x00, 0x00, 0x00, 0x1d, 0x00, 0x00, 0x00, 0x1d, 0x00, 0x00, 0x00, 0x1d, 0x00, 0x00,
  0x00, 0x1d, 0x00, 0x00, 0x00, 0x1d, 0x00, 0x00, 0x00, 0x1d, 0x00, 0x00, 0x00, 0x1d, 0x00, 0x00,
  0x00, 0xff, 0xff, 0xff, 0xff, 0xff, 0xff, 0xff, 0xff, 0xff, 0xff, 0xff, 0xff, 0xff, 0xff, 0xff,
  0xff, 0xff, 0xff, 0xff, 0xff, 0xff, 0xff, 0xff, 0xff, 0xff, 0xff, 0xff, 0xff, 0xff, 0xff, 0xff,
  0xff, 0xff, 0xff, 0xff, 0xff, 0xff, 0xff, 0xff, 0xff, 0xff, 0xff, 0xff, 0xff, 0xff, 0xff, 0xff,
  0xff, 0xff, 0xff, 0xff, 0xff, 0xff, 0xff, 0xff, 0xff, 0xff, 0xff, 0xff, 0xff, 0xff, 0xff, 0xff,
  0xff, 0xff, 0xff, 0xff, 0xff, 0xff, 0xff, 0xff, 0xff, 0xff, 0xff, 0xff, 0xff, 0xff, 0xff, 0xff,
  0xff, 0xff, 0xff, 0xff, 0xff, 0xff, 0xff, 0xff, 0xff, 0xff, 0xff, 0xff, 0xff, 0xff, 0xff, 0xff,
  0xff, 0xff, 0xff, 0xff, 0xff, 0xff, 0xff, 0xff, 0xff, 0xff, 0xff, 0xff, 0xff, 0xff, 0xff, 0xff,
  0xff, 0xff, 0xff, 0xff, 0xff, 0xff, 0xff, 0xff, 0xff, 0xff, 0xff, 0xff, 0xff, 0xff, 0xff, 0xff,
  0xff, 0xff, 0xff, 0xff, 0xff, 0xff, 0xff, 0xff, 0xff, 0xff, 0xff, 0xff, 0xff, 0xff, 0xff, 0xff,
  0xff, 0xff, 0xff, 0xff, 0xff, 0xff, 0xff, 0xff, 0xff, 0xff, 0xff, 0xff, 0xff, 0xff, 0xff, 0xff,
  0xff, 0xff, 0xff, 0xff, 0xff, 0xff, 0xff, 0xff, 0xff, 0xff, 0xff, 0xff, 0xff, 0xff, 0xff, 0xff,
  0xff, 0xff, 0xff, 0xff, 0xff, 0xff, 0xff, 0xff, 0xff, 0xff, 0xff, 0xff, 0xff, 0xff, 0xff, 0xff,
  0xff, 0xff, 0xff, 0xff, 0xff, 0xff, 0xff, 0xff, 0xff, 0xff, 0xff, 0xff, 0xff, 0xff, 0xff, 0xff,
  0xff, 0xff, 0xff, 0xff, 0xff, 0x1d, 0x00, 0x00, 0x00, 0x1d, 0x00, 0x00, 0x00, 0x1d, 0x00, 0x00,
  0x00, 0x1d, 0x00, 0x00, 0x00, 0x1d, 0x00, 0x00, 0x00, 0x1d, 0x00, 0x00, 0x00, 0x1d, 0x00, 0x00,
  0x00, 0x1d, 0x00, 0x00, 0x00, 0x1d, 0x00, 0x00, 0x00, 0x1d, 0x00, 0x00, 0x00, 0xff, 0xff, 0xff,
  0xff, 0xff, 0xff, 0xff, 0xff, 0xff, 0xff, 0xff, 0xff, 0xff, 0xff, 0xff, 0xff, 0xff, 0xff, 0xff,
  0xff, 0xff, 0xff, 0xff, 0xff, 0xff, 0xff, 0xff, 0xff, 0x1d, 0x00, 0x00, 0x00, 0x1d, 0x00, 0x00,
  0x00, 0x1d, 0x00, 0x00, 0x00, 0x1d, 0x00, 0x00, 0x00, 0x1d, 0x00, 0x00, 0x00, 0x1d, 0x00, 0x00,
  0x00, 0x1d, 0x00, 0x00, 0x00, 0x1d, 0x00, 0x00, 0x00, 0x1d, 0x00, 0x00, 0x00, 0x1d, 0x00, 0x00,
  0x00, 0x1d, 0x00, 0x00, 0x00, 0x1d, 0x00, 0x00, 0x00, 0x1d, 0x00, 0x00, 0x00, 0x1d, 0x00, 0x00,
  0x00, 0x1d, 0x00, 0x00, 0x00, 0x1d, 0x00, 0x00, 0x00, 0x1d, 0x00, 0x00, 0x00, 0x1d, 0x00, 0x00,
  0x00, 0x1d, 0x00, 0x00, 0x00, 0x1d, 0x00, 0x00, 0x00, 0x1d, 0x00, 0x00, 0x00, 0x1d, 0x00, 0x00,
  0x00, 0x1d, 0x00, 0x00, 0x00, 0x1d, 0x00, 0x00, 0x00, 0x1d, 0x00, 0x00, 0x00, 0x1d, 0x00, 0x00,
  0x00, 0xff, 0xff, 0xff, 0xff, 0xff, 0xff, 0xff, 0xff, 0xff, 0xff, 0xff, 0xff, 0xff, 0xff, 0xff,
  0xff, 0x1d, 0x00, 0x00, 0x00, 0xff, 0xff, 0xff, 0xff, 0x1d, 0x00, 0x00, 0x00, 0x1d, 0x00, 0x00,
  0x00, 0x1d, 0x00, 0x00, 0x00, 0x1d, 0x00, 0x00, 0x00, 0x1d, 0x00, 0x00, 0x00, 0x1d, 0x00, 0x00,
  0x00, 0x1d, 0x00, 0x00, 0x00, 0x1d, 0x00, 0x00, 0x00, 0x1d, 0x00, 0x00, 0x00, 0x1d, 0x00, 0x00,
  0x00, 0x1d, 0x00, 0x00, 0x00, 0x1d, 0x00, 0x00, 0x00, 0x1d, 0x00, 0x00, 0x00, 0x1d, 0x00, 0x00,
  0x00, 0x1d, 0x00, 0x00, 0x00, 0x1d, 0x00, 0x00, 0x00, 0x1d, 0x00, 0x00, 0x00, 0x1d, 0x00, 0x00,
  0x00, 0x1d, 0x00, 0x00, 0x00, 0x1d, 0x00, 0x00, 0x00, 0x1d, 0x00, 0x00, 0x00, 0x1d, 0x00, 0x00,
  0x00, 0x1d, 0x00, 0x00, 0x00, 0x1d, 0x00, 0x00, 0x00, 0x1d, 0x00, 0x00, 0x00, 0x1d, 0x00, 0x00,
  0x00, 0xff, 0xff, 0xff, 0xff, 0xff, 0xff, 0xff, 0xff, 0xff, 0xff, 0xff, 0xff, 0xff, 0xff, 0xff,
  0xff, 0xff, 0xff, 0xff, 0xff, 0xff, 0xff, 0xff, 0xff, 0xff, 0xff, 0xff, 0xff, 0xff, 0xff, 0xff,
  0xff, 0xff, 0xff, 0xff, 0xff, 0xff, 0xff, 0xff, 0xff, 0xff, 0xff, 0xff, 0xff, 0xff, 0xff, 0xff,
  0xff, 0xff, 0xff, 0xff, 0xff, 0xff, 0xff, 0xff, 0xff, 0xff, 0xff, 0xff, 0xff, 0xff, 0xff, 0xff,
  0xff, 0xff, 0xff, 0xff, 0xff, 0xff, 0xff, 0xff, 0xff, 0xff, 0xff, 0xff, 0xff, 0xff, 0xff, 0xff,
  0xff, 0xff, 0xff, 0xff, 0xff, 0xff, 0xff, 0xff, 0xff, 0xff, 0xff, 0xff, 0xff, 0xff, 0xff, 0xff,
  0xff, 0xff, 0xff, 0xff, 0xff, 0xff, 0xff, 0xff, 0xff, 0xff, 0xff, 0xff, 0xff, 0xff, 0xff, 0xff,
  0xff, 0xff, 0xff, 0xff, 0xff, 0xff, 0xff, 0xff, 0xff, 0xff, 0xff, 0xff, 0xff, 0xff, 0xff, 0xff,
  0xff, 0xff, 0xff, 0xff, 0xff, 0xff, 0xff, 0xff, 0xff, 0xff, 0xff, 0xff, 0xff, 0xff, 0xff, 0xff,
  0xff, 0xff, 0xff, 0xff, 0xff, 0xff, 0xff, 0xff, 0xff, 0xff, 0xff, 0xff, 0xff, 0xff, 0xff, 0xff,
  0xff, 0xff, 0xff, 0xff, 0xff, 0xff, 0xff, 0xff, 0xff, 0xff, 0xff, 0xff, 0xff, 0xff, 0xff, 0xff,
  0xff, 0xff, 0xff, 0xff, 0xff, 0xff, 0xff, 0xff, 0xff, 0xff, 0xff, 0xff, 0xff, 0xff, 0xff, 0xff,
  0xff, 0xff, 0xff, 0xff, 0xff, 0xff, 0xff, 0xff, 0xff, 0xff, 0xff, 0xff, 0xff, 0xff, 0xff, 0xff,
  0xff, 0xff, 0xff, 0xff, 0xff, 0x1d, 0x00, 0x00, 0x00, 0x1d, 0x00, 0x00, 0x00, 0x1d, 0x00, 0x00,
  0x00, 0x1d, 0x00, 0x00, 0x00, 0x1d, 0x00, 0x00, 0x00, 0x1d, 0x00, 0x00, 0x00, 0x1d, 0x00, 0x00,
  0x00, 0x1d, 0x00, 0x00, 0x00, 0x1d, 0x00, 0x00, 0x00, 0x1d, 0x00, 0x00, 0x00, 0xff, 0xff, 0xff,
  0xff, 0xff, 0xff, 0xff, 0xff, 0xff, 0xff, 0xff, 0xff, 0xff, 0xff, 0xff, 0xff, 0xff, 0xff, 0xff,
  0xff, 0xff, 0xff, 0xff, 0xff, 0xff, 0xff, 0xff, 0xff, 0x1d, 0x00, 0x00, 0x00, 0x1d, 0x00, 0x00,
  0x00, 0x1d, 0x00, 0x00, 0x00, 0x1d, 0x00, 0x00, 0x00, 0x1d, 0x00, 0x00, 0x00, 0x1d, 0x00, 0x00,
  0x00, 0x1d, 0x00, 0x00, 0x00, 0x1d, 0x00, 0x00, 0x00, 0x1d, 0x00, 0x00, 0x00, 0x1d, 0x00, 0x00,
  0x00, 0x1d, 0x00, 0x00, 0x00, 0x1d, 0x00, 0x00, 0x00, 0x1d, 0x00, 0x00, 0x00, 0x1d, 0x00, 0x00,
  0x00, 0x1d, 0x00, 0x00, 0x00, 0x1d, 0x00, 0x00, 0x00, 0x1d, 0x00, 0x00, 0x00, 0x1d, 0x00, 0x00,
  0x00, 0x1d, 0x00, 0x00, 0x00, 0x1d, 0x00, 0x00, 0x00, 0x1d, 0x00, 0x00, 0x00, 0x1d, 0x00, 0x00,
  0x00, 0x1d, 0x00, 0x00, 0x00, 0x1d, 0x00, 0x00, 0x00, 0x1d, 0x00, 0x00, 0x00, 0x1d, 0x00, 0x00,
  0x00, 0xff, 0xff, 0xff, 0xff, 0xff, 0xff, 0xff, 0xff, 0xff, 0xff, 0xff, 0xff, 0xff, 0xff, 0xff,
  0xff, 0x1d, 0x00, 0x00, 0x00, 0xff, 0xff, 0xff, 0xff, 0x1d, 0x00, 0x00, 0x00, 0x1d, 0x00, 0x00,
  0x00, 0x1d, 0x00, 0x00, 0x00, 0x1d, 0x00, 0x00, 0x00, 0x46, 0x00, 0x00, 0x00, 0x1d, 0x00, 0x00,
  0x00, 0x1d, 0x00, 0x00, 0x00, 0x1d, 0x00, 0x00, 0x00, 0x1d, 0x00, 0x00, 0x00, 0x1d, 0x00, 0x00,
  0x00, 0x1d, 0x00, 0x00, 0x00, 0x1d, 0x00, 0x00, 0x00, 0x1d, 0x00, 0x00, 0x00, 0x1d, 0x00, 0x00,
  0x00, 0x1d, 0x00, 0x00, 0x00, 0x1d, 0x00, 0x00, 0x00, 0x1d, 0x00, 0x00, 0x00, 0x1d, 0x00, 0x00,
  0x00, 0x1d, 0x00, 0x00, 0x00, 0x1d, 0x00, 0x00, 0x00, 0x1d, 0x00, 0x00, 0x00, 0x1d, 0x00, 0x00,
  0x00, 0x1d, 0x00, 0x00, 0x00, 0x1d, 0x00, 0x00, 0x00, 0x1d, 0x00, 0x00, 0x00, 0x1d, 0x00, 0x00,
  0x00, 0xff, 0xff, 0xff, 0xff, 0xff, 0xff, 0xff, 0xff, 0xff, 0xff, 0xff, 0xff, 0xff, 0xff, 0xff,
  0xff, 0xff, 0xff, 0xff, 0xff, 0xff, 0xff, 0xff, 0xff, 0xff, 0xff, 0xff, 0xff, 0xff, 0xff, 0xff,
  0xff, 0xff, 0xff, 0xff, 0xff, 0xff, 0xff, 0xff, 0xff, 0xff, 0xff, 0xff, 0xff, 0xff, 0xff, 0xff,
  0xff, 0xff, 0xff, 0xff, 0xff, 0xff, 0xff, 0xff, 0xff, 0xff, 0xff, 0xff, 0xff, 0xff, 0xff, 0xff,
  0xff, 0xff, 0xff, 0xff, 0xff, 0xff, 0xff, 0xff, 0xff, 0xff, 0xff, 0xff, 0xff, 0xff, 0xff, 0xff,
  0xff, 0xff, 0xff, 0xff, 0xff, 0xff, 0xff, 0xff, 0xff, 0xff, 0xff, 0xff, 0xff, 0xff, 0xff, 0xff,
  0xff, 0xff, 0xff, 0xff, 0xff, 0xff, 0xff, 0xff, 0xff, 0xff, 0xff, 0xff, 0xff, 0xff, 0xff, 0xff,
  0xff, 0xff, 0xff, 0xff, 0xff, 0xff, 0xff, 0xff, 0xff, 0xff, 0xff, 0xff, 0xff, 0xff, 0xff, 0xff,
  0xff, 0xff, 0xff, 0xff, 0xff, 0xff, 0xff, 0xff, 0xff, 0xff, 0xff, 0xff, 0xff, 0xff, 0xff, 0xff,
  0xff, 0xff, 0xff, 0xff, 0xff, 0xff, 0xff, 0xff, 0xff, 0xff, 0xff, 0xff, 0xff, 0xff, 0xff, 0xff,
  0xff, 0xff, 0xff, 0xff, 0xff, 0xff, 0xff, 0xff, 0xff, 0xff, 0xff, 0xff, 0xff, 0xff, 0xff, 0xff,
  0xff, 0xff, 0xff, 0xff, 0xff, 0xff, 0xff, 0xff, 0xff, 0xff, 0xff, 0xff, 0xff, 0xff, 0xff, 0xff,
  0xff, 0xff, 0xff, 0xff, 0xff, 0xff, 0xff, 0xff, 0xff, 0xff, 0xff, 0xff, 0xff, 0xff, 0xff, 0xff,
  0xff, 0xff, 0xff, 0xff, 0xff, 0x1d, 0x00, 0x00, 0x00, 0x1d, 0x00, 0x00, 0x00, 0x1d, 0x00, 0x00,
  0x00, 0x1d, 0x00, 0x00, 0x00, 0x1d, 0x00, 0x00, 0x00, 0x1d, 0x00, 0x00, 0x00, 0x1d, 0x00, 0x00,
  0x00, 0x1d, 0x00, 0x00, 0x00, 0x1d, 0x00, 0x00, 0x00, 0x1d, 0x00, 0x00, 0x00, 0xff, 0xff, 0xff,
  0xff, 0xff, 0xff, 0xff, 0xff, 0xff, 0xff, 0xff, 0xff, 0xff, 0xff, 0xff, 0xff, 0xff, 0xff, 0xff,
  0xff, 0xff, 0xff, 0xff, 0xff, 0xff, 0xff, 0xff, 0xff, 0x1d, 0x00, 0x00, 0x00, 0x1d, 0x00, 0x00,
  0x00, 0x1d, 0x00, 0x00, 0x00, 0x1d, 0x00, 0x00, 0x00, 0x1d, 0x00, 0x00, 0x00, 0x1d, 0x00, 0x00,
  0x00, 0x1d, 0x00, 0x00, 0x00, 0x1d, 0x00, 0x00, 0x00, 0x1d, 0x00, 0x00, 0x00, 0x1d, 0x00, 0x00,
  0x00, 0x1d, 0x00, 0x00, 0x00, 0x1d, 0x00, 0x00, 0x00, 0x1d, 0x00, 0x00, 0x00, 0x1d, 0x00, 0x00,
  0x00, 0x1d, 0x00, 0x00, 0x00, 0x1d, 0x00, 0x00, 0x00, 0x1d, 0x00, 0x00, 0x00, 0x1d, 0x00, 0x00,
  0x00, 0x1d, 0x00, 0x00, 0x00, 0x1d, 0x00, 0x00, 0x00, 0x1d, 0x00, 0x00, 0x00, 0x1d, 0x00, 0x00,
  0x00, 0x1d, 0x00, 0x00, 0x00, 0x1d, 0x00, 0x00, 0x00, 0x1d, 0x00, 0x00, 0x00, 0x1d, 0x00, 0x00,
  0x00, 0xff, 0xff, 0xff, 0xff, 0xff, 0xff, 0xff, 0xff, 0xff, 0xff, 0xff, 0xff, 0xff, 0xff, 0xff,
  0xff, 0x1d, 0x00, 0x00, 0x00, 0xff, 0xff, 0xff, 0xff, 0x1d, 0x00, 0x00, 0x00, 0x1d, 0x00, 0x00,
  0x00, 0x1d, 0x00, 0x00, 0x00, 0x1d, 0x00, 0x00, 0x00, 0x1d, 0x00, 0x00, 0x00, 0x1d, 0x00, 0x00,
  0x00, 0x1d, 0x00, 0x00, 0x00, 0x1d, 0x00, 0x00, 0x00, 0x1d, 0x00, 0x00, 0x00, 0x1d, 0x00, 0x00,
  0x00, 0x1d, 0x00, 0x00, 0x00, 0x47, 0x00, 0x00, 0x00, 0x1d, 0x00, 0x00, 0x00, 0x1d, 0x00, 0x00,
  0x00, 0x1d, 0x00, 0x00, 0x00, 0x1d, 0x00, 0x00, 0x00, 0x1d, 0x00, 0x00, 0x00, 0x1d, 0x00, 0x00,
  0x00, 0x1d, 0x00, 0x00, 0x00, 0x1d, 0x00, 0x00, 0x00, 0x1d, 0x00, 0x00, 0x00, 0x1d, 0x00, 0x00,
  0x00, 0x1d, 0x00, 0x00, 0x00, 0x1d, 0x00, 0x00, 0x00, 0x1d, 0x00, 0x00, 0x00, 0x1d, 0x00, 0x00,
  0x00, 0xff, 0xff, 0xff, 0xff, 0xff, 0xff, 0xff, 0xff, 0xff, 0xff, 0xff, 0xff, 0xff, 0xff, 0xff,
  0xff, 0xff, 0xff, 0xff, 0xff, 0xff, 0xff, 0xff, 0xff, 0xff, 0xff, 0xff, 0xff, 0xff, 0xff, 0xff,
  0xff, 0xff, 0xff, 0xff, 0xff, 0xff, 0xff, 0xff, 0xff, 0xff, 0xff, 0xff, 0xff, 0xff, 0xff, 0xff,
  0xff, 0xff, 0xff, 0xff, 0xff, 0xff, 0xff, 0xff, 0xff, 0xff, 0xff, 0xff, 0xff, 0xff, 0xff, 0xff,
  0xff, 0xff, 0xff, 0xff, 0xff, 0xff, 0xff, 0xff, 0xff, 0xff, 0xff, 0xff, 0xff, 0xff, 0xff, 0xff,
  0xff, 0xff, 0xff, 0xff, 0xff, 0xff, 0xff, 0xff, 0xff, 0xff, 0xff, 0xff, 0xff, 0xff, 0xff, 0xff,
  0xff, 0xff, 0xff, 0xff, 0xff, 0xff, 0xff, 0xff, 0xff, 0xff, 0xff, 0xff, 0xff, 0xff, 0xff, 0xff,
  0xff, 0xff, 0xff, 0xff, 0xff, 0xff, 0xff, 0xff, 0xff, 0xff, 0xff, 0xff, 0xff, 0xff, 0xff, 0xff,
  0xff, 0xff, 0xff, 0xff, 0xff, 0xff, 0xff, 0xff, 0xff, 0xff, 0xff, 0xff, 0xff, 0xff, 0xff, 0xff,
  0xff, 0xff, 0xff, 0xff, 0xff, 0xff, 0xff, 0xff, 0xff, 0xff, 0xff, 0xff, 0xff, 0xff, 0xff, 0xff,
  0xff, 0xff, 0xff, 0xff, 0xff, 0xff, 0xff, 0xff, 0xff, 0xff, 0xff, 0xff, 0xff, 0xff, 0xff, 0xff,
  0xff, 0xff, 0xff, 0xff, 0xff, 0xff, 0xff, 0xff, 0xff, 0xff, 0xff, 0xff, 0xff, 0xff, 0xff, 0xff,
  0xff, 0xff, 0xff, 0xff, 0xff, 0xff, 0xff, 0xff, 0xff, 0xff, 0xff, 0xff, 0xff, 0xff, 0xff, 0xff,
  0xff, 0xff, 0xff, 0xff, 0xff, 0x1d, 0x00, 0x00, 0x00, 0x1d, 0x00, 0x00, 0x00, 0x1d, 0x00, 0x00,
  0x00, 0x1d, 0x00, 0x00, 0x00, 0x1d, 0x00, 0x00, 0x00, 0x1d, 0x00, 0x00, 0x00, 0x1d, 0x00, 0x00,
  0x00, 0x1d, 0x00, 0x00, 0x00, 0x1d, 0x00, 0x00, 0x00, 0x1d, 0x00, 0x00, 0x00, 0xff, 0xff, 0xff,
  0xff, 0xff, 0xff, 0xff, 0xff, 0xff, 0xff, 0xff, 0xff, 0xff, 0xff, 0xff, 0xff, 0xff, 0xff, 0xff,
  0xff, 0xff, 0xff, 0xff, 0xff, 0xff, 0xff, 0xff, 0xff, 0x1d, 0x00, 0x00, 0x00, 0x1d, 0x00, 0x00,
  0x00, 0x1d, 0x00, 0x00, 0x00, 0x1d, 0x00, 0x00, 0x00, 0x1d, 0x00, 0x00, 0x00, 0x1d, 0x00, 0x00,
  0x00, 0x1d, 0x00, 0x00, 0x00, 0x1d, 0x00, 0x00, 0x00, 0x1d, 0x00, 0x00, 0x00, 0x1d, 0x00, 0x00,
  0x00, 0x1d, 0x00, 0x00, 0x00, 0x1d, 0x00, 0x00, 0x00, 0x1d, 0x00, 0x00, 0x00, 0x1d, 0x00, 0x00,
  0x00, 0x1d, 0x00, 0x00, 0x00, 0x1d, 0x00, 0x00, 0x00, 0x1d, 0x00, 0x00, 0x00, 0x1d, 0x00, 0x00,
  0x00, 0x1d, 0x00, 0x00, 0x00, 0x1d, 0x00, 0x00, 0x00, 0x1d, 0x00, 0x00, 0x00, 0x1d, 0x00, 0x00,
  0x00, 0x1d, 0x00, 0x00, 0x00, 0x1d, 0x00, 0x00, 0x00, 0x1d, 0x00, 0x00, 0x00, 0x1d, 0x00, 0x00,
  0x00, 0xff, 0xff, 0xff, 0xff, 0xff, 0xff, 0xff, 0xff, 0xff, 0xff, 0xff, 0xff, 0xff, 0xff, 0xff,
  0xff, 0x1d, 0x00, 0x00, 0x00, 0xff, 0xff, 0xff, 0xff, 0x1d, 0x00, 0x00, 0x00, 0x1d, 0x00, 0x00,
  0x00, 0x1d, 0x00, 0x00, 0x00, 0x1d, 0x00, 0x00, 0x00, 0x1d, 0x00, 0x00, 0x00, 0x1d, 0x00, 0x00,
  0x00, 0x1d, 0x00, 0x00, 0x00, 0x1d, 0x00, 0x00, 0x00, 0x1d, 0x00, 0x00, 0x00, 0x1d, 0x00, 0x00,
  0x00, 0x1d, 0x00, 0x00, 0x00, 0x1d, 0x00, 0x00, 0x00, 0x1d, 0x00, 0x00, 0x00, 0x1d, 0x00, 0x00,
  0x00, 0x1d, 0x00, 0x00, 0x00, 0x1d, 0x00, 0x00, 0x00, 0x1d, 0x00, 0x00, 0x00, 0x1d, 0x00, 0x00,
  0x00, 0x1d, 0x00, 0x00, 0x00, 0x1d, 0x00, 0x00, 0x00, 0x1d, 0x00, 0x00, 0x00, 0x1d, 0x00, 0x00,
  0x00, 0x1d, 0x00, 0x00, 0x00, 0x1d, 0x00, 0x00, 0x00, 0x1d, 0x00, 0x00, 0x00, 0x1d, 0x00, 0x00,
  0x00, 0xff, 0xff, 0xff, 0xff, 0xff, 0xff, 0xff, 0xff, 0xff, 0xff, 0xff, 0xff, 0xff, 0xff, 0xff,
  0xff, 0xff, 0xff, 0xff, 0xff, 0xff, 0xff, 0xff, 0xff, 0xff, 0xff, 0xff, 0xff, 0xff, 0xff, 0xff,
  0xff, 0xff, 0xff, 0xff, 0xff, 0xff, 0xff, 0xff, 0xff, 0xff, 0xff, 0xff, 0xff, 0xff, 0xff, 0xff,
  0xff, 0xff, 0xff, 0xff, 0xff, 0xff, 0xff, 0xff, 0xff, 0xff, 0xff, 0xff, 0xff, 0xff, 0xff, 0xff,
  0xff, 0xff, 0xff, 0xff, 0xff, 0xff, 0xff, 0xff, 0xff, 0xff, 0xff, 0xff, 0xff, 0xff, 0xff, 0xff,
  0xff, 0xff, 0xff, 0xff, 0xff, 0xff, 0xff, 0xff, 0xff, 0xff, 0xff, 0xff, 0xff, 0xff, 0xff, 0xff,
  0xff, 0xff, 0xff, 0xff, 0xff, 0xff, 0xff, 0xff, 0xff, 0xff, 0xff, 0xff, 0xff, 0xff, 0xff, 0xff,
  0xff, 0xff, 0xff, 0xff, 0xff, 0xff, 0xff, 0xff, 0xff, 0xff, 0xff, 0xff, 0xff, 0xff, 0xff, 0xff,
  0xff, 0xff, 0xff, 0xff, 0xff, 0xff, 0xff, 0xff, 0xff, 0xff, 0xff, 0xff, 0xff, 0xff, 0xff, 0xff,
  0xff, 0xff, 0xff, 0xff, 0xff, 0xff, 0xff, 0xff, 0xff, 0xff, 0xff, 0xff, 0xff, 0xff, 0xff, 0xff,
  0xff, 0xff, 0xff, 0xff, 0xff, 0xff, 0xff, 0xff, 0xff, 0xff, 0xff, 0xff, 0xff, 0xff, 0xff, 0xff,
  0xff, 0xff, 0xff, 0xff, 0xff, 0xff, 0xff, 0xff, 0xff, 0xff, 0xff, 0xff, 0xff, 0xff, 0xff, 0xff,
  0xff, 0xff, 0xff, 0xff, 0xff, 0xff, 0xff, 0xff, 0xff, 0xff, 0xff, 0xff, 0xff, 0xff, 0xff, 0xff,
  0xff, 0xff, 0xff, 0xff, 0xff, 0x1d, 0x00, 0x00, 0x00, 0x1d, 0x00, 0x00, 0x00, 0x1d, 0x00, 0x00,
  0x00, 0x1d, 0x00, 0x00, 0x00, 0x1d, 0x00, 0x00, 0x00, 0x1d, 0x00, 0x00, 0x00, 0x1d, 0x00, 0x00,
  0x00, 0x1d, 0x00, 0x00, 0x00, 0x1d, 0x00, 0x00, 0x00, 0x1d, 0x00, 0x00, 0x00, 0xff, 0xff, 0xff,
  0xff, 0xff, 0xff, 0xff, 0xff, 0xff, 0xff, 0xff, 0xff, 0xff, 0xff, 0xff, 0xff, 0xff, 0xff, 0xff,
  0xff, 0xff, 0xff, 0xff, 0xff, 0xff, 0xff, 0xff, 0xff, 0x1d, 0x00, 0x00, 0x00, 0x1d, 0x00, 0x00,
  0x00, 0x1d, 0x00, 0x00, 0x00, 0x1d, 0x00, 0x00, 0x00, 0x1d, 0x00, 0x00, 0x00, 0x1d, 0x00, 0x00,
  0x00, 0x1d, 0x00, 0x00, 0x00, 0x1d, 0x00, 0x00, 0x00, 0x1d, 0x00, 0x00, 0x00, 0x1d, 0x00, 0x00,
  0x00, 0x1d, 0x00, 0x00, 0x00, 0x1d, 0x00, 0x00, 0x00, 0x1d, 0x00, 0x00, 0x00, 0x1d, 0x00, 0x00,
  0x00, 0x1d, 0x00, 0x00, 0x00, 0x1d, 0x00, 0x00, 0x00, 0x1d, 0x00, 0x00, 0x00, 0x1d, 0x00, 0x00,
  0x00, 0x1d, 0x00, 0x00, 0x00, 0x1d, 0x00, 0x00, 0x00, 0x1d, 0x00, 0x00, 0x00, 0x1d, 0x00, 0x00,
  0x00, 0x1d, 0x00, 0x00, 0x00, 0x1d, 0x00, 0x00, 0x00, 0x1d, 0x00, 0x00, 0x00, 0x1d, 0x00, 0x00,
  0x00, 0xff, 0xff, 0xff, 0xff, 0xff, 0xff, 0xff, 0xff, 0xff, 0xff, 0xff, 0xff, 0xff, 0xff, 0xff,
  0xff, 0x1d, 0x00, 0x00, 0x00, 0xff, 0xff, 0xff, 0xff, 0x1d, 0x00, 0x00, 0x00, 0x1d, 0x00, 0x00,
  0x00, 0x1d, 0x00, 0x00, 0x00, 0x1d, 0x00, 0x00, 0x00, 0x1d, 0x00, 0x00, 0x00, 0x1d, 0x00, 0x00,
  0x00, 0x1d, 0x00, 0x00, 0x00, 0x1d, 0x00, 0x00, 0x00, 0x1d, 0x00, 0x00, 0x00, 0x1d, 0x00, 0x00,
  0x00, 0x1d, 0x00, 0x00, 0x00, 0x1d, 0x00, 0x00, 0x00, 0x1d, 0x00, 0x00, 0x00, 0x1d, 0x00, 0x00,
  0x00, 0x1d, 0x00, 0x00, 0x00, 0x1d, 0x00, 0x00, 0x00, 0x1d, 0x00, 0x00, 0x00, 0x1d, 0x00, 0x00,
  0x00, 0x1d, 0x00, 0x00, 0x00, 0x1d, 0x00, 0x00, 0x00, 0x1d, 0x00, 0x00, 0x00, 0x1d, 0x00, 0x00,
  0x00, 0x1d, 0x00, 0x00, 0x00, 0x1d, 0x00, 0x00, 0x00, 0x1d, 0x00, 0x00, 0x00, 0x1d, 0x00, 0x00,
  0x00, 0xff, 0xff, 0xff, 0xff, 0xff, 0xff, 0xff, 0xff, 0xff, 0xff, 0xff, 0xff, 0xff, 0xff, 0xff,
  0xff, 0xff, 0xff, 0xff, 0xff, 0xff, 0xff, 0xff, 0xff, 0xff, 0xff, 0xff, 0xff, 0xff, 0xff, 0xff,
  0xff, 0xff, 0xff, 0xff, 0xff, 0xff, 0xff, 0xff, 0xff, 0xff, 0xff, 0xff, 0xff, 0xff, 0xff, 0xff,
  0xff, 0xff, 0xff, 0xff, 0xff, 0xff, 0xff, 0xff, 0xff, 0xff, 0xff, 0xff, 0xff, 0xff, 0xff, 0xff,
  0xff, 0xff, 0xff, 0xff, 0xff, 0xff, 0xff, 0xff, 0xff, 0xff, 0xff, 0xff, 0xff, 0xff, 0xff, 0xff,
  0xff, 0xff, 0xff, 0xff, 0xff, 0xff, 0xff, 0xff, 0xff, 0xff, 0xff, 0xff, 0xff, 0xff, 0xff, 0xff,
  0xff, 0xff, 0xff, 0xff, 0xff, 0xff, 0xff, 0xff, 0xff, 0xff, 0xff, 0xff, 0xff, 0xff, 0xff, 0xff,
  0xff, 0xff, 0xff, 0xff, 0xff, 0xff, 0xff, 0xff, 0xff, 0xff, 0xff, 0xff, 0xff, 0xff, 0xff, 0xff,
  0xff, 0xff, 0xff, 0xff, 0xff, 0xff, 0xff, 0xff, 0xff, 0xff, 0xff, 0xff, 0xff, 0xff, 0xff, 0xff,
  0xff, 0xff, 0xff, 0xff, 0xff, 0xff, 0xff, 0xff, 0xff, 0xff, 0xff, 0xff, 0xff, 0xff, 0xff, 0xff,
  0xff, 0xff, 0xff, 0xff, 0xff, 0xff, 0xff, 0xff, 0xff, 0xff, 0xff, 0xff, 0xff, 0xff, 0xff, 0xff,
  0xff, 0xff, 0xff, 0xff, 0xff, 0xff, 0xff, 0xff, 0xff, 0xff, 0xff, 0xff, 0xff, 0xff, 0xff, 0xff,
  0xff, 0xff, 0xff, 0xff, 0xff, 0xff, 0xff, 0xff, 0xff, 0xff, 0xff, 0xff, 0xff, 0xff, 0xff, 0xff,
  0xff, 0xff, 0xff, 0xff, 0xff, 0x1d, 0x00, 0x00, 0x00, 0x1d, 0x00, 0x00, 0x00, 0x1d, 0x00, 0x00,
  0x00, 0x1d, 0x00, 0x00, 0x00, 0x1d, 0x00, 0x00, 0x00, 0x1d, 0x00, 0x00, 0x00, 0x1d, 0x00, 0x00,
  0x00, 0x1d, 0x00, 0x00, 0x00, 0x1d, 0x00, 0x00, 0x00, 0x1d, 0x00, 0x00, 0x00, 0xff, 0xff, 0xff,
  0xff, 0xff, 0xff, 0xff, 0xff, 0xff, 0xff, 0xff, 0xff, 0xff, 0xff, 0xff, 0xff, 0xff, 0xff, 0xff,
  0xff, 0xff, 0xff, 0xff, 0xff, 0xff, 0xff, 0xff, 0xff, 0x1d, 0x00, 0x00, 0x00, 0x1d, 0x00, 0x00,
  0x00, 0x1d, 0x00, 0x00, 0x00, 0x1d, 0x00, 0x00, 0x00, 0x1d, 0x00, 0x00, 0x00, 0x1d, 0x00, 0x00,
  0x00, 0x1d, 0x00, 0x00, 0x00, 0x1d, 0x00, 0x00, 0x00, 0x1d, 0x00, 0x00, 0x00, 0x1d, 0x00, 0x00,
  0x00, 0x1d, 0x00, 0x00, 0x00, 0x1d, 0x00, 0x00, 0x00, 0x1d, 0x00, 0x00, 0x00, 0x1d, 0x00, 0x00,
  0x00, 0x1d, 0x00, 0x00, 0x00, 0x1d, 0x00, 0x00, 0x00, 0x1d, 0x00, 0x00, 0x00, 0x1d, 0x00, 0x00,
  0x00, 0x1d, 0x00, 0x00, 0x00, 0x1d, 0x00, 0x00, 0x00, 0x1d, 0x00, 0x00, 0x00, 0x1d, 0x00, 0x00,
  0x00, 0x1d, 0x00, 0x00, 0x00, 0x1d, 0x00, 0x00, 0x00, 0x1d, 0x00, 0x00, 0x00, 0x1d, 0x00, 0x00,
  0x00, 0xff, 0xff, 0xff, 0xff, 0xff, 0xff, 0xff, 0xff, 0xff, 0xff, 0xff, 0xff, 0xff, 0xff, 0xff,
  0xff, 0x1d, 0x00, 0x00, 0x00, 0xff, 0xff, 0xff, 0xff, 0x1d, 0x00, 0x00, 0x00, 0x1d, 0x00, 0x00,
  0x00, 0x1d, 0x00, 0x00, 0x00, 0x1d, 0x00, 0x00, 0x00, 0x1d, 0x00, 0x00, 0x00, 0x1d, 0x00, 0x00,
  0x00, 0x1d, 0x00, 0x00, 0x00, 0x1d, 0x00, 0x00, 0x00, 0x1d, 0x00, 0x00, 0x00, 0x1d, 0x00, 0x00,
  0x00, 0x1d, 0x00, 0x00, 0x00, 0x1d, 0x00, 0x00, 0x00, 0x1d, 0x00, 0x00, 0x00, 0x1d, 0x00, 0x00,
  0x00, 0x1d, 0x00, 0x00, 0x00, 0x1d, 0x00, 0x00, 0x00, 0x1d, 0x00, 0x00, 0x00, 0x1d, 0x00, 0x00,
  0x00, 0x1d, 0x00, 0x00, 0x00, 0x48, 0x00, 0x00, 0x00, 0x1d, 0x00, 0x00, 0x00, 0x1d, 0x00, 0x00,
  0x00, 0x1d, 0x00, 0x00, 0x00, 0x1d, 0x00, 0x00, 0x00, 0x1d, 0x00, 0x00, 0x00, 0x1d, 0x00, 0x00,
  0x00, 0xff, 0xff, 0xff, 0xff, 0xff, 0xff, 0xff, 0xff, 0xff, 0xff, 0xff, 0xff, 0xff, 0xff, 0xff,
  0xff, 0xff, 0xff, 0xff, 0xff, 0xff, 0xff, 0xff, 0xff, 0xff, 0xff, 0xff, 0xff, 0xff, 0xff, 0xff,
  0xff, 0xff, 0xff, 0xff, 0xff, 0xff, 0xff, 0xff, 0xff, 0xff, 0xff, 0xff, 0xff, 0xff, 0xff, 0xff,
  0xff, 0xff, 0xff, 0xff, 0xff, 0xff, 0xff, 0xff, 0xff, 0xff, 0xff, 0xff, 0xff, 0xff, 0xff, 0xff,
  0xff, 0xff, 0xff, 0xff, 0xff, 0xff, 0xff, 0xff, 0xff, 0xff, 0xff, 0xff, 0xff, 0xff, 0xff, 0xff,
  0xff, 0xff, 0xff, 0xff, 0xff, 0xff, 0xff, 0xff, 0xff, 0xff, 0xff, 0xff, 0xff, 0xff, 0xff, 0xff,
  0xff, 0xff, 0xff, 0xff, 0xff, 0xff, 0xff, 0xff, 0xff, 0xff, 0xff, 0xff, 0xff, 0xff, 0xff, 0xff,
  0xff, 0xff, 0xff, 0xff, 0xff, 0xff, 0xff, 0xff, 0xff, 0xff, 0xff, 0xff, 0xff, 0xff, 0xff, 0xff,
  0xff, 0xff, 0xff, 0xff, 0xff, 0xff, 0xff, 0xff, 0xff, 0xff, 0xff, 0xff, 0xff, 0xff, 0xff, 0xff,
  0xff, 0xff, 0xff, 0xff, 0xff, 0xff, 0xff, 0xff, 0xff, 0xff, 0xff, 0xff, 0xff, 0xff, 0xff, 0xff,
  0xff, 0xff, 0xff, 0xff, 0xff, 0xff, 0xff, 0xff, 0xff, 0xff, 0xff, 0xff, 0xff, 0xff, 0xff, 0xff,
  0xff, 0xff, 0xff, 0xff, 0xff, 0xff, 0xff, 0xff, 0xff, 0xff, 0xff, 0xff, 0xff, 0xff, 0xff, 0xff,
  0xff, 0xff, 0xff, 0xff, 0xff, 0xff, 0xff, 0xff, 0xff, 0xff, 0xff, 0xff, 0xff, 0xff, 0xff, 0xff,
  0xff, 0xff, 0xff, 0xff, 0xff, 0x1d, 0x00, 0x00, 0x00, 0x1d, 0x00, 0x00, 0x00, 0x1d, 0x00, 0x00,
  0x00, 0x1d, 0x00, 0x00, 0x00, 0x1d, 0x00, 0x00, 0x00, 0x1d, 0x00, 0x00, 0x00, 0x1d, 0x00, 0x00,
  0x00, 0x1d, 0x00, 0x00, 0x00, 0x1d, 0x00, 0x00, 0x00, 0x1d, 0x00, 0x00, 0x00, 0xff, 0xff, 0xff,
  0xff, 0xff, 0xff, 0xff, 0xff, 0xff, 0xff, 0xff, 0xff, 0xff, 0xff, 0xff, 0xff, 0xff, 0xff, 0xff,
  0xff, 0xff, 0xff, 0xff, 0xff, 0xff, 0xff, 0xff, 0xff, 0x1d, 0x00, 0x00, 0x00, 0x1d, 0x00, 0x00,
  0x00, 0x1d, 0x00, 0x00, 0x00, 0x1d, 0x00, 0x00, 0x00, 0x1d, 0x00, 0x00, 0x00, 0x1d, 0x00, 0x00,
  0x00, 0x1d, 0x00, 0x00, 0x00, 0x1d, 0x00, 0x00, 0x00, 0x1d, 0x00, 0x00, 0x00, 0x1d, 0x00, 0x00,
  0x00, 0x1d, 0x00, 0x00, 0x00, 0x1d, 0x00, 0x00, 0x00, 0x1d, 0x00, 0x00, 0x00, 0x1d, 0x00, 0x00,
  0x00, 0x1d, 0x00, 0x00, 0x00, 0x1d, 0x00, 0x00, 0x00, 0x1d, 0x00, 0x00, 0x00, 0x1d, 0x00, 0x00,
  0x00, 0x1d, 0x00, 0x00, 0x00, 0x1d, 0x00, 0x00, 0x00, 0x1d, 0x00, 0x00, 0x00, 0x1d, 0x00, 0x00,
  0x00, 0x1d, 0x00, 0x00, 0x00, 0x1d, 0x00, 0x00, 0x00, 0x1d, 0x00, 0x00, 0x00, 0x1d, 0x00, 0x00,
  0x00, 0xff, 0xff, 0xff, 0xff, 0xff, 0xff, 0xff, 0xff, 0xff, 0xff, 0xff, 0xff, 0xff, 0xff, 0xff,
  0xff, 0x1d, 0x00, 0x00, 0x00, 0xff, 0xff, 0xff, 0xff, 0x1d, 0x00, 0x00, 0x00, 0x1d, 0x00, 0x00,
  0x00, 0x1d, 0x00, 0x00, 0x00, 0x1d, 0x00, 0x00, 0x00, 0x1d, 0x00, 0x00, 0x00, 0x1d, 0x00, 0x00,
  0x00, 0x1d, 0x00, 0x00, 0x00, 0x1d, 0x00, 0x00, 0x00, 0x1d, 0x00, 0x00, 0x00, 0x1d, 0x00, 0x00,
  0x00, 0x1d, 0x00, 0x00, 0x00, 0x1d, 0x00, 0x00, 0x00, 0x1d, 0x00, 0x00, 0x00, 0x1d, 0x00, 0x00,
  0x00, 0x1d, 0x00, 0x00, 0x00, 0x1d, 0x00, 0x00, 0x00, 0x1d, 0x00, 0x00, 0x00, 0x1d, 0x00, 0x00,
  0x00, 0x1d, 0x00, 0x00, 0x00, 0x1d, 0x00, 0x00, 0x00, 0x1d, 0x00, 0x00, 0x00, 0x1d, 0x00, 0x00,
  0x00, 0x1d, 0x00, 0x00, 0x00, 0x1d, 0x00, 0x00, 0x00, 0x1d, 0x00, 0x00, 0x00, 0x1d, 0x00, 0x00,
  0x00, 0xff, 0xff, 0xff, 0xff, 0xff, 0xff, 0xff, 0xff, 0xff, 0xff, 0xff, 0xff, 0xff, 0xff, 0xff,
  0xff, 0xff, 0xff, 0xff, 0xff, 0xff, 0xff, 0xff, 0xff, 0xff, 0xff, 0xff, 0xff, 0xff, 0xff, 0xff,
  0xff, 0xff, 0xff, 0xff, 0xff, 0xff, 0xff, 0xff, 0xff, 0xff, 0xff, 0xff, 0xff, 0xff, 0xff, 0xff,
  0xff, 0xff, 0xff, 0xff, 0xff, 0xff, 0xff, 0xff, 0xff, 0xff, 0xff, 0xff, 0xff, 0xff, 0xff, 0xff,
  0xff, 0xff, 0xff, 0xff, 0xff, 0xff, 0xff, 0xff, 0xff, 0xff, 0xff, 0xff, 0xff, 0xff, 0xff, 0xff,
  0xff, 0xff, 0xff, 0xff, 0xff, 0xff, 0xff, 0xff, 0xff, 0xff, 0xff, 0xff, 0xff, 0xff, 0xff, 0xff,
  0xff, 0xff, 0xff, 0xff, 0xff, 0xff, 0xff, 0xff, 0xff, 0xff, 0xff, 0xff, 0xff, 0xff, 0xff, 0xff,
  0xff, 0xff, 0xff, 0xff, 0xff, 0xff, 0xff, 0xff, 0xff, 0xff, 0xff, 0xff, 0xff, 0xff, 0xff, 0xff,
  0xff, 0xff, 0xff, 0xff, 0xff, 0xff, 0xff, 0xff, 0xff, 0xff, 0xff, 0xff, 0xff, 0xff, 0xff, 0xff,
  0xff, 0xff, 0xff, 0xff, 0xff, 0xff, 0xff, 0xff, 0xff, 0xff, 0xff, 0xff, 0xff, 0xff, 0xff, 0xff,
  0xff, 0xff, 0xff, 0xff, 0xff, 0xff, 0xff, 0xff, 0xff, 0xff, 0xff, 0xff, 0xff, 0xff, 0xff, 0xff,
  0xff, 0xff, 0xff, 0xff, 0xff, 0xff, 0xff, 0xff, 0xff, 0xff, 0xff, 0xff, 0xff, 0xff, 0xff, 0xff,
  0xff, 0xff, 0xff, 0xff, 0xff, 0xff, 0xff, 0xff, 0xff, 0xff, 0xff, 0xff, 0xff, 0xff, 0xff, 0xff,
  0xff, 0xff, 0xff, 0xff, 0xff, 0x1d, 0x00, 0x00, 0x00, 0x1d, 0x00, 0x00, 0x00, 0x1d, 0x00, 0x00,
  0x00, 0x1d, 0x00, 0x00, 0x00, 0x1d, 0x00, 0x00, 0x00, 0x1d, 0x00, 0x00, 0x00, 0x1d, 0x00, 0x00,
  0x00, 0x1d, 0x00, 0x00, 0x00, 0x1d, 0x00, 0x00, 0x00, 0x1d, 0x00, 0x00, 0x00, 0xff, 0xff, 0xff,
  0xff, 0xff, 0xff, 0xff, 0xff, 0xff, 0xff, 0xff, 0xff, 0xff, 0xff, 0xff, 0xff, 0xff, 0xff, 0xff,
  0xff, 0xff, 0xff, 0xff, 0xff, 0xff, 0xff, 0xff, 0xff, 0x1d, 0x00, 0x00, 0x00, 0x1d, 0x00, 0x00,
  0x00, 0x1d, 0x00, 0x00, 0x00, 0x1d, 0x00, 0x00, 0x00, 0x1d, 0x00, 0x00, 0x00, 0x1d, 0x00, 0x00,
  0x00, 0x1d, 0x00, 0x00, 0x00, 0x1d, 0x00, 0x00, 0x00, 0x1d, 0x00, 0x00, 0x00, 0x1d, 0x00, 0x00,
  0x00, 0x1d, 0x00, 0x00, 0x00, 0x1d, 0x00, 0x00, 0x00, 0x1d, 0x00, 0x00, 0x00, 0x1d, 0x00, 0x00,
  0x00, 0x1d, 0x00, 0x00, 0x00, 0x1d, 0x00, 0x00, 0x00, 0x1d, 0x00, 0x00, 0x00, 0x1d, 0x00, 0x00,
  0x00, 0x1d, 0x00, 0x00, 0x00, 0x1d, 0x00, 0x00, 0x00, 0x1d, 0x00, 0x00, 0x00, 0x1d, 0x00, 0x00,
  0x00, 0x1d, 0x00, 0x00, 0x00, 0x1d, 0x00, 0x00, 0x00, 0x1d, 0x00, 0x00, 0x00, 0x1d, 0x00, 0x00,
  0x00, 0xff, 0xff, 0xff, 0xff, 0xff, 0xff, 0xff, 0xff, 0xff, 0xff, 0xff, 0xff, 0xff, 0xff, 0xff,
  0xff, 0x1d, 0x00, 0x00, 0x00, 0xff, 0xff, 0xff, 0xff, 0x1d, 0x00, 0x00, 0x00, 0x1d, 0x00, 0x00,
  0x00, 0x1d, 0x00, 0x00, 0x00, 0x1d, 0x00, 0x00, 0x00, 0x1d, 0x00, 0x00, 0x00, 0x1d, 0x00, 0x00,
  0x00, 0x1d, 0x00, 0x00, 0x00, 0x1d, 0x00, 0x00, 0x00, 0x1d, 0x00, 0x00, 0x00, 0x1d, 0x00, 0x00,
  0x00, 0x1d, 0x00, 0x00, 0x00, 0x1d, 0x00, 0x00, 0x00, 0x1d, 0x00, 0x00, 0x00, 0x1d, 0x00, 0x00,
  0x00, 0x1d, 0x00, 0x00, 0x00, 0x1d, 0x00, 0x00, 0x00, 0x1d, 0x00, 0x00, 0x00, 0x1d, 0x00, 0x00,
  0x00, 0x1d, 0x00, 0x00, 0x00, 0x1d, 0x00, 0x00, 0x00, 0x49, 0x00, 0x00, 0x00, 0x1d, 0x00, 0x00,
  0x00, 0x1d, 0x00, 0x00, 0x00, 0x1d, 0x00, 0x00, 0x00, 0x1d, 0x00, 0x00, 0x00, 0x1d, 0x00, 0x00,
  0x00, 0xff, 0xff, 0xff, 0xff, 0xff, 0xff, 0xff, 0xff, 0xff, 0xff, 0xff, 0xff, 0xff, 0xff, 0xff,
  0xff, 0xff, 0xff, 0xff, 0xff, 0xff, 0xff, 0xff, 0xff, 0xff, 0xff, 0xff, 0xff, 0xff, 0xff, 0xff,
  0xff, 0xff, 0xff, 0xff, 0xff, 0xff, 0xff, 0xff, 0xff, 0xff, 0xff, 0xff, 0xff, 0xff, 0xff, 0xff,
  0xff, 0xff, 0xff, 0xff, 0xff, 0xff, 0xff, 0xff, 0xff, 0xff, 0xff, 0xff, 0xff, 0xff, 0xff, 0xff,
  0xff, 0xff, 0xff, 0xff, 0xff, 0xff, 0xff, 0xff, 0xff, 0xff, 0xff, 0xff, 0xff, 0xff, 0xff, 0xff,
  0xff, 0xff, 0xff, 0xff, 0xff, 0xff, 0xff, 0xff, 0xff, 0xff, 0xff, 0xff, 0xff, 0xff, 0xff, 0xff,
  0xff, 0xff, 0xff, 0xff, 0xff, 0xff, 0xff, 0xff, 0xff, 0xff, 0xff, 0xff, 0xff, 0xff, 0xff, 0xff,
  0xff, 0xff, 0xff, 0xff, 0xff, 0xff, 0xff, 0xff, 0xff, 0xff, 0xff, 0xff, 0xff, 0xff, 0xff, 0xff,
  0xff, 0xff, 0xff, 0xff, 0xff, 0xff, 0xff, 0xff, 0xff, 0xff, 0xff, 0xff, 0xff, 0xff, 0xff, 0xff,
  0xff, 0xff, 0xff, 0xff, 0xff, 0xff, 0xff, 0xff, 0xff, 0xff, 0xff, 0xff, 0xff, 0xff, 0xff, 0xff,
  0xff, 0xff, 0xff, 0xff, 0xff, 0xff, 0xff, 0xff, 0xff, 0xff, 0xff, 0xff, 0xff, 0xff, 0xff, 0xff,
  0xff, 0xff, 0xff, 0xff, 0xff, 0xff, 0xff, 0xff, 0xff, 0xff, 0xff, 0xff, 0xff, 0xff, 0xff, 0xff,
  0xff, 0xff, 0xff, 0xff, 0xff, 0xff, 0xff, 0xff, 0xff, 0xff, 0xff, 0xff, 0xff, 0xff, 0xff, 0xff,
  0xff, 0xff, 0xff, 0xff, 0xff, 0x1d, 0x00, 0x00, 0x00, 0x1d, 0x00, 0x00, 0x00, 0x1d, 0x00, 0x00,
  0x00, 0x1d, 0x00, 0x00, 0x00, 0x1d, 0x00, 0x00, 0x00, 0x1d, 0x00, 0x00, 0x00, 0x1d, 0x00, 0x00,
  0x00, 0x1d, 0x00, 0x00, 0x00, 0x1d, 0x00, 0x00, 0x00, 0x1d, 0x00, 0x00, 0x00, 0xff, 0xff, 0xff,
  0xff, 0xff, 0xff, 0xff, 0xff, 0xff, 0xff, 0xff, 0xff, 0xff, 0xff, 0xff, 0xff, 0xff, 0xff, 0xff,
  0xff, 0xff, 0xff, 0xff, 0xff, 0xff, 0xff, 0xff, 0xff, 0x1d, 0x00, 0x00, 0x00, 0x1d, 0x00, 0x00,
  0x00, 0x1d, 0x00, 0x00, 0x00, 0x1d, 0x00, 0x00, 0x00, 0x1d, 0x00, 0x00, 0x00, 0x1d, 0x00, 0x00,
  0x00, 0x1d, 0x00, 0x00, 0x00, 0x1d, 0x00, 0x00, 0x00, 0x1d, 0x00, 0x00, 0x00, 0x1d, 0x00, 0x00,
  0x00, 0x1d, 0x00, 0x00, 0x00, 0x1d, 0x00, 0x00, 0x00, 0x1d, 0x00, 0x00, 0x00, 0x1d, 0x00, 0x00,
  0x00, 0x1d, 0x00, 0x00, 0x00, 0x1d, 0x00, 0x00, 0x00, 0x1d, 0x00, 0x00, 0x00, 0x1d, 0x00, 0x00,
  0x00, 0x1d, 0x00, 0x00, 0x00, 0x1d, 0x00, 0x00, 0x00, 0x1d, 0x00, 0x00, 0x00, 0x1d, 0x00, 0x00,
  0x00, 0x1d, 0x00, 0x00, 0x00, 0x1d, 0x00, 0x00, 0x00, 0x1d, 0x00, 0x00, 0x00, 0x1d, 0x00, 0x00,
  0x00, 0xff, 0xff, 0xff, 0xff, 0xff, 0xff, 0xff, 0xff, 0xff, 0xff, 0xff, 0xff, 0xff, 0xff, 0xff,
  0xff, 0x1d, 0x00, 0x00, 0x00, 0xff, 0xff, 0xff, 0xff, 0x4a, 0x00, 0x00, 0x00, 0x1d, 0x00, 0x00,
  0x00, 0x1d, 0x00, 0x00, 0x00, 0x1d, 0x00, 0x00, 0x00, 0x1d, 0x00, 0x00, 0x00, 0x1d, 0x00, 0x00,
  0x00, 0x1d, 0x00, 0x00, 0x00, 0x1d, 0x00, 0x00, 0x00, 0x1d, 0x00, 0x00, 0x00, 0x1d, 0x00, 0x00,
  0x00, 0x1d, 0x00, 0x00, 0x00, 0x1d, 0x00, 0x00, 0x00, 0x1d, 0x00, 0x00, 0x00, 0x1d, 0x00, 0x00,
  0x00, 0x1d, 0x00, 0x00, 0x00, 0x1d, 0x00, 0x00, 0x00, 0x1d, 0x00, 0x00, 0x00, 0x1d, 0x00, 0x00,
  0x00, 0x1d, 0x00, 0x00, 0x00, 0x1d, 0x00, 0x00, 0x00, 0x1d, 0x00, 0x00, 0x00, 0x1d, 0x00, 0x00,
  0x00, 0x1d, 0x00, 0x00, 0x00, 0x1d, 0x00, 0x00, 0x00, 0x1d, 0x00, 0x00, 0x00, 0x1d, 0x00, 0x00,
  0x00, 0xff, 0xff, 0xff, 0xff, 0xff, 0xff, 0xff, 0xff, 0xff, 0xff, 0xff, 0xff, 0xff, 0xff, 0xff,
  0xff, 0xff, 0xff, 0xff, 0xff, 0xff, 0xff, 0xff, 0xff, 0xff, 0xff, 0xff, 0xff, 0xff, 0xff, 0xff,
  0xff, 0xff, 0xff, 0xff, 0xff, 0xff, 0xff, 0xff, 0xff, 0xff, 0xff, 0xff, 0xff, 0xff, 0xff, 0xff,
  0xff, 0xff, 0xff, 0xff, 0xff, 0xff, 0xff, 0xff, 0xff, 0xff, 0xff, 0xff, 0xff, 0xff, 0xff, 0xff,
  0xff, 0xff, 0xff, 0xff, 0xff, 0xff, 0xff, 0xff, 0xff, 0xff, 0xff, 0xff, 0xff, 0xff, 0xff, 0xff,
  0xff, 0xff, 0xff, 0xff, 0xff, 0xff, 0xff, 0xff, 0xff, 0xff, 0xff, 0xff, 0xff, 0xff, 0xff, 0xff,
  0xff, 0xff, 0xff, 0xff, 0xff, 0xff, 0xff, 0xff, 0xff, 0xff, 0xff, 0xff, 0xff, 0xff, 0xff, 0xff,
  0xff, 0xff, 0xff, 0xff, 0xff, 0xff, 0xff, 0xff, 0xff, 0xff, 0xff, 0xff, 0xff, 0xff, 0xff, 0xff,
  0xff, 0xff, 0xff, 0xff, 0xff, 0xff, 0xff, 0xff, 0xff, 0xff, 0xff, 0xff, 0xff, 0xff, 0xff, 0xff,
  0xff, 0xff, 0xff, 0xff, 0xff, 0xff, 0xff, 0xff, 0xff, 0xff, 0xff, 0xff, 0xff, 0xff, 0xff, 0xff,
  0xff, 0xff, 0xff, 0xff, 0xff, 0xff, 0xff, 0xff, 0xff, 0xff, 0xff, 0xff, 0xff, 0xff, 0xff, 0xff,
  0xff, 0xff, 0xff, 0xff, 0xff, 0xff, 0xff, 0xff, 0xff, 0xff, 0xff, 0xff, 0xff, 0xff, 0xff, 0xff,
  0xff, 0xff, 0xff, 0xff, 0xff, 0xff, 0xff, 0xff, 0xff, 0xff, 0xff, 0xff, 0xff, 0xff, 0xff, 0xff,
  0xff, 0xff, 0xff, 0xff, 0xff, 0x1d, 0x00, 0x00, 0x00, 0x1d, 0x00, 0x00, 0x00, 0x1d, 0x00, 0x00,
  0x00, 0x1d, 0x00, 0x00, 0x00, 0x1d, 0x00, 0x00, 0x00, 0x1d, 0x00, 0x00, 0x00, 0x1d, 0x00, 0x00,
  0x00, 0x1d, 0x00, 0x00, 0x00, 0x1d, 0x00, 0x00, 0x00, 0x1d, 0x00, 0x00, 0x00, 0xff, 0xff, 0xff,
  0xff, 0xff, 0xff, 0xff, 0xff, 0xff, 0xff, 0xff, 0xff, 0xff, 0xff, 0xff, 0xff, 0xff, 0xff, 0xff,
  0xff, 0xff, 0xff, 0xff, 0xff, 0xff, 0xff, 0xff, 0xff, 0x1d, 0x00, 0x00, 0x00, 0x1d, 0x00, 0x00,
  0x00, 0x1d, 0x00, 0x00, 0x00, 0x1d, 0x00, 0x00, 0x00, 0x1d, 0x00, 0x00, 0x00, 0x1d, 0x00, 0x00,
  0x00, 0x1d, 0x00, 0x00, 0x00, 0x1d, 0x00, 0x00, 0x00, 0x1d, 0x00, 0x00, 0x00, 0x1d, 0x00, 0x00,
  0x00, 0x1d, 0x00, 0x00, 0x00, 0x1d, 0x00, 0x00, 0x00, 0x1d, 0x00, 0x00, 0x00, 0x1d, 0x00, 0x00,
  0x00, 0x1d, 0x00, 0x00, 0x00, 0x1d, 0x00, 0x00, 0x00, 0x1d, 0x00, 0x00, 0x00, 0x1d, 0x00, 0x00,
  0x00, 0x1d, 0x00, 0x00, 0x00, 0x1d, 0x00, 0x00, 0x00, 0x1d, 0x00, 0x00, 0x00, 0x1d, 0x00, 0x00,
  0x00, 0x1d, 0x00, 0x00, 0x00, 0x1d, 0x00, 0x00, 0x00, 0x1d, 0x00, 0x00, 0x00, 0x1d, 0x00, 0x00,
  0x00, 0xff, 0xff, 0xff, 0xff, 0xff, 0xff, 0xff, 0xff, 0xff, 0xff, 0xff, 0xff, 0xff, 0xff, 0xff,
  0xff, 0x1d, 0x00, 0x00, 0x00, 0xff, 0xff, 0xff, 0xff, 0x1d, 0x00, 0x00, 0x00, 0x1d, 0x00, 0x00,
  0x00, 0x1d, 0x00, 0x00, 0x00, 0x1d, 0x00, 0x00, 0x00, 0x1d, 0x00, 0x00, 0x00, 0x1d, 0x00, 0x00,
  0x00, 0x1d, 0x00, 0x00, 0x00, 0x1d, 0x00, 0x00, 0x00, 0x1d, 0x00, 0x00, 0x00, 0x1d, 0x00, 0x00,
  0x00, 0x1d, 0x00, 0x00, 0x00, 0x1d, 0x00, 0x00, 0x00, 0x1d, 0x00, 0x00, 0x00, 0x1d, 0x00, 0x00,
  0x00, 0x1d, 0x00, 0x00, 0x00, 0x1d, 0x00, 0x00, 0x00, 0x1d, 0x00, 0x00, 0x00, 0x4b, 0x00, 0x00,
  0x00, 0x1d, 0x00, 0x00, 0x00, 0x1d, 0x00, 0x00, 0x00, 0x1d, 0x00, 0x00, 0x00, 0x1d, 0x00, 0x00,
  0x00, 0x1d, 0x00, 0x00, 0x00, 0x1d, 0x00, 0x00, 0x00, 0x1d, 0x00, 0x00, 0x00, 0x1d, 0x00, 0x00,
  0x00, 0xff, 0xff, 0xff, 0xff, 0xff, 0xff, 0xff, 0xff, 0xff, 0xff, 0xff, 0xff, 0xff, 0xff, 0xff,
  0xff, 0xff, 0xff, 0xff, 0xff, 0xff, 0xff, 0xff, 0xff, 0xff, 0xff, 0xff, 0xff, 0xff, 0xff, 0xff,
  0xff, 0xff, 0xff, 0xff, 0xff, 0xff, 0xff, 0xff, 0xff, 0xff, 0xff, 0xff, 0xff, 0xff, 0xff, 0xff,
  0xff, 0xff, 0xff, 0xff, 0xff, 0xff, 0xff, 0xff, 0xff, 0xff, 0xff, 0xff, 0xff, 0xff, 0xff, 0xff,
  0xff, 0xff, 0xff, 0xff, 0xff, 0xff, 0xff, 0xff, 0xff, 0xff, 0xff, 0xff, 0xff, 0xff, 0xff, 0xff,
  0xff, 0xff, 0xff, 0xff, 0xff, 0xff, 0xff, 0xff, 0xff, 0xff, 0xff, 0xff, 0xff, 0xff, 0xff, 0xff,
  0xff, 0xff, 0xff, 0xff, 0xff, 0xff, 0xff, 0xff, 0xff, 0xff, 0xff, 0xff, 0xff, 0xff, 0xff, 0xff,
  0xff, 0xff, 0xff, 0xff, 0xff, 0xff, 0xff, 0xff, 0xff, 0xff, 0xff, 0xff, 0xff, 0xff, 0xff, 0xff,
  0xff, 0xff, 0xff, 0xff, 0xff, 0xff, 0xff, 0xff, 0xff, 0xff, 0xff, 0xff, 0xff, 0xff, 0xff, 0xff,
  0xff, 0xff, 0xff, 0xff, 0xff, 0xff, 0xff, 0xff, 0xff, 0xff, 0xff, 0xff, 0xff, 0xff, 0xff, 0xff,
  0xff, 0xff, 0xff, 0xff, 0xff, 0xff, 0xff, 0xff, 0xff, 0xff, 0xff, 0xff, 0xff, 0xff, 0xff, 0xff,
  0xff, 0xff, 0xff, 0xff, 0xff, 0xff, 0xff, 0xff, 0xff, 0xff, 0xff, 0xff, 0xff, 0xff, 0xff, 0xff,
  0xff, 0xff, 0xff, 0xff, 0xff, 0xff, 0xff, 0xff, 0xff, 0xff, 0xff, 0xff, 0xff, 0xff, 0xff, 0xff,
  0xff, 0xff, 0xff, 0xff, 0xff, 0x1d, 0x00, 0x00, 0x00, 0x1d, 0x00, 0x00, 0x00, 0x1d, 0x00, 0x00,
  0x00, 0x1d, 0x00, 0x00, 0x00, 0x1d, 0x00, 0x00, 0x00, 0x1d, 0x00, 0x00, 0x00, 0x1d, 0x00, 0x00,
  0x00, 0x1d, 0x00, 0x00, 0x00, 0x1d, 0x00, 0x00, 0x00, 0x1d, 0x00, 0x00, 0x00, 0xff, 0xff, 0xff,
  0xff, 0xff, 0xff, 0xff, 0xff, 0xff, 0xff, 0xff, 0xff, 0xff, 0xff, 0xff, 0xff, 0xff, 0xff, 0xff,
  0xff, 0xff, 0xff, 0xff, 0xff, 0xff, 0xff, 0xff, 0xff, 0x1d, 0x00, 0x00, 0x00, 0x1d, 0x00, 0x00,
  0x00, 0x1d, 0x00, 0x00, 0x00, 0x1d, 0x00, 0x00, 0x00, 0x1d, 0x00, 0x00, 0x00, 0x1d, 0x00, 0x00,
  0x00, 0x1d, 0x00, 0x00, 0x00, 0x1d, 0x00, 0x00, 0x00, 0x1d, 0x00, 0x00, 0x00, 0x1d, 0x00, 0x00,
  0x00, 0x1d, 0x00, 0x00, 0x00, 0x1d, 0x00, 0x00, 0x00, 0x1d, 0x00, 0x00, 0x00, 0x1d, 0x00, 0x00,
  0x00, 0x1d, 0x00, 0x00, 0x00, 0x1d, 0x00, 0x00, 0x00, 0x1d, 0x00, 0x00, 0x00, 0x1d, 0x00, 0x00,
  0x00, 0x1d, 0x00, 0x00, 0x00, 0x1d, 0x00, 0x00, 0x00, 0x1d, 0x00, 0x00, 0x00, 0x1d, 0x00, 0x00,
  0x00, 0x1d, 0x00, 0x00, 0x00, 0x1d, 0x00, 0x00, 0x00, 0x1d, 0x00, 0x00, 0x00, 0x1d, 0x00, 0x00,
  0x00, 0xff, 0xff, 0xff, 0xff, 0xff, 0xff, 0xff, 0xff, 0xff, 0xff, 0xff, 0xff, 0xff, 0xff, 0xff,
  0xff, 0x1d, 0x00, 0x00, 0x00, 0xff, 0xff, 0xff, 0xff, 0x1d, 0x00, 0x00, 0x00, 0x1d, 0x00, 0x00,
  0x00, 0x1d, 0x00, 0x00, 0x00, 0x1d, 0x00, 0x00, 0x00, 0x1d, 0x00, 0x00, 0x00, 0x1d, 0x00, 0x00,
  0x00, 0x1d, 0x00, 0x00, 0x00, 0x1d, 0x00, 0x00, 0x00, 0x1d, 0x00, 0x00, 0x00, 0x1d, 0x00, 0x00,
  0x00, 0x1d, 0x00, 0x00, 0x00, 0x1d, 0x00, 0x00, 0x00, 0x1d, 0x00, 0x00, 0x00, 0x1d, 0x00, 0x00,
  0x00, 0x1d, 0x00, 0x00, 0x00, 0x1d, 0x00, 0x00, 0x00, 0x1d, 0x00, 0x00, 0x00, 0x1d, 0x00, 0x00,
  0x00, 0x1d, 0x00, 0x00, 0x00, 0x1d, 0x00, 0x00, 0x00, 0x1d, 0x00, 0x00, 0x00, 0x1d, 0x00, 0x00,
  0x00, 0x1d, 0x00, 0x00, 0x00, 0x1d, 0x00, 0x00, 0x00, 0x1d, 0x00, 0x00, 0x00, 0x1d, 0x00, 0x00,
  0x00, 0xff, 0xff, 0xff, 0xff, 0xff, 0xff, 0xff, 0xff, 0xff, 0xff, 0xff, 0xff, 0xff, 0xff, 0xff,
  0xff, 0xff, 0xff, 0xff, 0xff, 0xff, 0xff, 0xff, 0xff, 0xff, 0xff, 0xff, 0xff, 0xff, 0xff, 0xff,
  0xff, 0xff, 0xff, 0xff, 0xff, 0xff, 0xff, 0xff, 0xff, 0xff, 0xff, 0xff, 0xff, 0xff, 0xff, 0xff,
  0xff, 0xff, 0xff, 0xff, 0xff, 0xff, 0xff, 0xff, 0xff, 0xff, 0xff, 0xff, 0xff, 0xff, 0xff, 0xff,
  0xff, 0xff, 0xff, 0xff, 0xff, 0xff, 0xff, 0xff, 0xff, 0xff, 0xff, 0xff, 0xff, 0xff, 0xff, 0xff,
  0xff, 0xff, 0xff, 0xff, 0xff, 0xff, 0xff, 0xff, 0xff, 0xff, 0xff, 0xff, 0xff, 0xff, 0xff, 0xff,
  0xff, 0xff, 0xff, 0xff, 0xff, 0xff, 0xff, 0xff, 0xff, 0xff, 0xff, 0xff, 0xff, 0xff, 0xff, 0xff,
  0xff, 0xff, 0xff, 0xff, 0xff, 0xff, 0xff, 0xff, 0xff, 0xff, 0xff, 0xff, 0xff, 0xff, 0xff, 0xff,
  0xff, 0xff, 0xff, 0xff, 0xff, 0xff, 0xff, 0xff, 0xff, 0xff, 0xff, 0xff, 0xff, 0xff, 0xff, 0xff,
  0xff, 0xff, 0xff, 0xff, 0xff, 0xff, 0xff, 0xff, 0xff, 0xff, 0xff, 0xff, 0xff, 0xff, 0xff, 0xff,
  0xff, 0xff, 0xff, 0xff, 0xff, 0xff, 0xff, 0xff, 0xff, 0xff, 0xff, 0xff, 0xff, 0xff, 0xff, 0xff,
  0xff, 0xff, 0xff, 0xff, 0xff, 0xff, 0xff, 0xff, 0xff, 0xff, 0xff, 0xff, 0xff, 0xff, 0xff, 0xff,
  0xff, 0xff, 0xff, 0xff, 0xff, 0xff, 0xff, 0xff, 0xff, 0xff, 0xff, 0xff, 0xff, 0xff, 0xff, 0xff,
  0xff, 0xff, 0xff, 0xff, 0xff, 0x1d, 0x00, 0x00, 0x00, 0x1d, 0x00, 0x00, 0x00, 0x1d, 0x00, 0x00,
  0x00, 0x1d, 0x00, 0x00, 0x00, 0x1d, 0x00, 0x00, 0x00, 0x1d, 0x00, 0x00, 0x00, 0x1d, 0x00, 0x00,
  0x00, 0x1d, 0x00, 0x00, 0x00, 0x1d, 0x00, 0x00, 0x00, 0x1d, 0x00, 0x00, 0x00, 0xff, 0xff, 0xff,
  0xff, 0xff, 0xff, 0xff, 0xff, 0xff, 0xff, 0xff, 0xff, 0xff, 0xff, 0xff, 0xff, 0xff, 0xff, 0xff,
  0xff, 0xff, 0xff, 0xff, 0xff, 0xff, 0xff, 0xff, 0xff, 0x1d, 0x00, 0x00, 0x00, 0x1d, 0x00, 0x00,
  0x00, 0x1d, 0x00, 0x00, 0x00, 0x1d, 0x00, 0x00, 0x00, 0x1d, 0x00, 0x00, 0x00, 0x1d, 0x00, 0x00,
  0x00, 0x1d, 0x00, 0x00, 0x00, 0x1d, 0x00, 0x00, 0x00, 0x1d, 0x00, 0x00, 0x00, 0x1d, 0x00, 0x00,
  0x00, 0x1d, 0x00, 0x00, 0x00, 0x1d, 0x00, 0x00, 0x00, 0x1d, 0x00, 0x00, 0x00, 0x1d, 0x00, 0x00,
  0x00, 0x1d, 0x00, 0x00, 0x00, 0x1d, 0x00, 0x00, 0x00, 0x1d, 0x00, 0x00, 0x00, 0x1d, 0x00, 0x00,
  0x00, 0x1d, 0x00, 0x00, 0x00, 0x1d, 0x00, 0x00, 0x00, 0x1d, 0x00, 0x00, 0x00, 0x1d, 0x00, 0x00,
  0x00, 0x1d, 0x00, 0x00, 0x00, 0x1d, 0x00, 0x00, 0x00, 0x1d, 0x00, 0x00, 0x00, 0x1d, 0x00, 0x00,
  0x00, 0xff, 0xff, 0xff, 0xff, 0xff, 0xff, 0xff, 0xff, 0xff, 0xff, 0xff, 0xff, 0xff, 0xff, 0xff,
  0xff, 0x1d, 0x00, 0x00, 0x00, 0xff, 0xff, 0xff, 0xff, 0x1d, 0x00, 0x00, 0x00, 0x1d, 0x00, 0x00,
  0x00, 0x1d, 0x00, 0x00, 0x00, 0x1d, 0x00, 0x00, 0x00, 0x4c, 0x00, 0x00, 0x00, 0x1d, 0x00, 0x00,
  0x00, 0x1d, 0x00, 0x00, 0x00, 0x1d, 0x00, 0x00, 0x00, 0x1d, 0x00, 0x00, 0x00, 0x1d, 0x00, 0x00,
  0x00, 0x1d, 0x00, 0x00, 0x00, 0x1d, 0x00, 0x00, 0x00, 0x1d, 0x00, 0x00, 0x00, 0x1d, 0x00, 0x00,
  0x00, 0x1d, 0x00, 0x00, 0x00, 0x1d, 0x00, 0x00, 0x00, 0x1d, 0x00, 0x00, 0x00, 0x1d, 0x00, 0x00,
  0x00, 0x1d, 0x00, 0x00, 0x00, 0x1d, 0x00, 0x00, 0x00, 0x1d, 0x00, 0x00, 0x00, 0x1d, 0x00, 0x00,
  0x00, 0x1d, 0x00, 0x00, 0x00, 0x1d, 0x00, 0x00, 0x00, 0x1d, 0x00, 0x00, 0x00, 0x1d, 0x00, 0x00,
  0x00, 0xff, 0xff, 0xff, 0xff, 0xff, 0xff, 0xff, 0xff, 0xff, 0xff, 0xff, 0xff, 0xff, 0xff, 0xff,
  0xff, 0xff, 0xff, 0xff, 0xff, 0xff, 0xff, 0xff, 0xff, 0xff, 0xff, 0xff, 0xff, 0xff, 0xff, 0xff,
  0xff, 0xff, 0xff, 0xff, 0xff, 0xff, 0xff, 0xff, 0xff, 0xff, 0xff, 0xff, 0xff, 0xff, 0xff, 0xff,
  0xff, 0xff, 0xff, 0xff, 0xff, 0xff, 0xff, 0xff, 0xff, 0xff, 0xff, 0xff, 0xff, 0xff, 0xff, 0xff,
  0xff, 0xff, 0xff, 0xff, 0xff, 0xff, 0xff, 0xff, 0xff, 0xff, 0xff, 0xff, 0xff, 0xff, 0xff, 0xff,
  0xff, 0xff, 0xff, 0xff, 0xff, 0xff, 0xff, 0xff, 0xff, 0xff, 0xff, 0xff, 0xff, 0xff, 0xff, 0xff,
  0xff, 0xff, 0xff, 0xff, 0xff, 0xff, 0xff, 0xff, 0xff, 0xff, 0xff, 0xff, 0xff, 0xff, 0xff, 0xff,
  0xff, 0xff, 0xff, 0xff, 0xff, 0xff, 0xff, 0xff, 0xff, 0xff, 0xff, 0xff, 0xff, 0xff, 0xff, 0xff,
  0xff, 0xff, 0xff, 0xff, 0xff, 0xff, 0xff, 0xff, 0xff, 0xff, 0xff, 0xff, 0xff, 0xff, 0xff, 0xff,
  0xff, 0xff, 0xff, 0xff, 0xff, 0xff, 0xff, 0xff, 0xff, 0xff, 0xff, 0xff, 0xff, 0xff, 0xff, 0xff,
  0xff, 0xff, 0xff, 0xff, 0xff, 0xff, 0xff, 0xff, 0xff, 0xff, 0xff, 0xff, 0xff, 0xff, 0xff, 0xff,
  0xff, 0xff, 0xff, 0xff, 0xff, 0xff, 0xff, 0xff, 0xff, 0xff, 0xff, 0xff, 0xff, 0xff, 0xff, 0xff,
  0xff, 0xff, 0xff, 0xff, 0xff, 0xff, 0xff, 0xff, 0xff, 0xff, 0xff, 0xff, 0xff, 0xff, 0xff, 0xff,
  0xff, 0xff, 0xff, 0xff, 0xff, 0x1d, 0x00, 0x00, 0x00, 0x1d, 0x00, 0x00, 0x00, 0x1d, 0x00, 0x00,
  0x00, 0x1d, 0x00, 0x00, 0x00, 0x1d, 0x00, 0x00, 0x00, 0x1d, 0x00, 0x00, 0x00, 0x1d, 0x00, 0x00,
  0x00, 0x1d, 0x00, 0x00, 0x00, 0x1d, 0x00, 0x00, 0x00, 0x1d, 0x00, 0x00, 0x00, 0xff, 0xff, 0xff,
  0xff, 0xff, 0xff, 0xff, 0xff, 0xff, 0xff, 0xff, 0xff, 0xff, 0xff, 0xff, 0xff, 0xff, 0xff, 0xff,
  0xff, 0xff, 0xff, 0xff, 0xff, 0xff, 0xff, 0xff, 0xff, 0x1d, 0x00, 0x00, 0x00, 0x1d, 0x00, 0x00,
  0x00, 0x1d, 0x00, 0x00, 0x00, 0x1d, 0x00, 0x00, 0x00, 0x1d, 0x00, 0x00, 0x00, 0x1d, 0x00, 0x00,
  0x00, 0x1d, 0x00, 0x00, 0x00, 0x1d, 0x00, 0x00, 0x00, 0x1d, 0x00, 0x00, 0x00, 0x1d, 0x00, 0x00,
  0x00, 0x1d, 0x00, 0x00, 0x00, 0x1d, 0x00, 0x00, 0x00, 0x1d, 0x00, 0x00, 0x00, 0x1d, 0x00, 0x00,
  0x00, 0x1d, 0x00, 0x00, 0x00, 0x1d, 0x00, 0x00, 0x00, 0x1d, 0x00, 0x00, 0x00, 0x1d, 0x00, 0x00,
  0x00, 0x1d, 0x00, 0x00, 0x00, 0x1d, 0x00, 0x00, 0x00, 0x1d, 0x00, 0x00, 0x00, 0x1d, 0x00, 0x00,
  0x00, 0x1d, 0x00, 0x00, 0x00, 0x1d, 0x00, 0x00, 0x00, 0x1d, 0x00, 0x00, 0x00, 0x1d, 0x00, 0x00,
  0x00, 0xff, 0xff, 0xff, 0xff, 0xff, 0xff, 0xff, 0xff, 0xff, 0xff, 0xff, 0xff, 0xff, 0xff, 0xff,
  0xff, 0x1d, 0x00, 0x00, 0x00, 0xff, 0xff, 0xff, 0xff, 0x1d, 0x00, 0x00, 0x00, 0x1d, 0x00, 0x00,
  0x00, 0x1d, 0x00, 0x00, 0x00, 0x1d, 0x00, 0x00, 0x00, 0x1d, 0x00, 0x00, 0x00, 0x1d, 0x00, 0x00,
  0x00, 0x1d, 0x00, 0x00, 0x00, 0x1d, 0x00, 0x00, 0x00, 0x1d, 0x00, 0x00, 0x00, 0x1d, 0x00, 0x00,
  0x00, 0x1d, 0x00, 0x00, 0x00, 0x1d, 0x00, 0x00, 0x00, 0x1d, 0x00, 0x00, 0x00, 0x1d, 0x00, 0x00,
  0x00, 0x1d, 0x00, 0x00, 0x00, 0x1d, 0x00, 0x00, 0x00, 0x1d, 0x00, 0x00, 0x00, 0x1d, 0x00, 0x00,
  0x00, 0x1d, 0x00, 0x00, 0x00, 0x1d, 0x00, 0x00, 0x00, 0x1d, 0x00, 0x00, 0x00, 0x1d, 0x00, 0x00,
  0x00, 0x1d, 0x00, 0x00, 0x00, 0x1d, 0x00, 0x00, 0x00, 0x1d, 0x00, 0x00, 0x00, 0x1d, 0x00, 0x00,
  0x00, 0xff, 0xff, 0xff, 0xff, 0xff, 0xff, 0xff, 0xff, 0xff, 0xff, 0xff, 0xff, 0xff, 0xff, 0xff,
  0xff, 0xff, 0xff, 0xff, 0xff, 0xff, 0xff, 0xff, 0xff, 0xff, 0xff, 0xff, 0xff, 0xff, 0xff, 0xff,
  0xff, 0xff, 0xff, 0xff, 0xff, 0xff, 0xff, 0xff, 0xff, 0xff, 0xff, 0xff, 0xff, 0xff, 0xff, 0xff,
  0xff, 0xff, 0xff, 0xff, 0xff, 0xff, 0xff, 0xff, 0xff, 0xff, 0xff, 0xff, 0xff, 0xff, 0xff, 0xff,
  0xff, 0xff, 0xff, 0xff, 0xff, 0xff, 0xff, 0xff, 0xff, 0xff, 0xff, 0xff, 0xff, 0xff, 0xff, 0xff,
  0xff, 0xff, 0xff, 0xff, 0xff, 0xff, 0xff, 0xff, 0xff, 0xff, 0xff, 0xff, 0xff, 0xff, 0xff, 0xff,
  0xff, 0xff, 0xff, 0xff, 0xff, 0xff, 0xff, 0xff, 0xff, 0xff, 0xff, 0xff, 0xff, 0xff, 0xff, 0xff,
  0xff, 0xff, 0xff, 0xff, 0xff, 0xff, 0xff, 0xff, 0xff, 0xff, 0xff, 0xff, 0xff, 0xff, 0xff, 0xff,
  0xff, 0xff, 0xff, 0xff, 0xff, 0xff, 0xff, 0xff, 0xff, 0xff, 0xff, 0xff, 0xff, 0xff, 0xff, 0xff,
  0xff, 0xff, 0xff, 0xff, 0xff, 0xff, 0xff, 0xff, 0xff, 0xff, 0xff, 0xff, 0xff, 0xff, 0xff, 0xff,
  0xff, 0xff, 0xff, 0xff, 0xff, 0xff, 0xff, 0xff, 0xff, 0xff, 0xff, 0xff, 0xff, 0xff, 0xff, 0xff,
  0xff, 0xff, 0xff, 0xff, 0xff, 0xff, 0xff, 0xff, 0xff, 0xff, 0xff, 0xff, 0xff, 0xff, 0xff, 0xff,
  0xff, 0xff, 0xff, 0xff, 0xff, 0xff, 0xff, 0xff, 0xff, 0xff, 0xff, 0xff, 0xff, 0xff, 0xff, 0xff,
  0xff, 0xff, 0xff, 0xff, 0xff, 0x1d, 0x00, 0x00, 0x00, 0x1d, 0x00, 0x00, 0x00, 0x1d, 0x00, 0x00,
  0x00, 0x1d, 0x00, 0x00, 0x00, 0x1d, 0x00, 0x00, 0x00, 0x1d, 0x00, 0x00, 0x00, 0x1d, 0x00, 0x00,
  0x00, 0x1d, 0x00, 0x00, 0x00, 0x1d, 0x00, 0x00, 0x00, 0x1d, 0x00, 0x00, 0x00, 0xff, 0xff, 0xff,
  0xff, 0xff, 0xff, 0xff, 0xff, 0xff, 0xff, 0xff, 0xff, 0xff, 0xff, 0xff, 0xff, 0xff, 0xff, 0xff,
  0xff, 0xff, 0xff, 0xff, 0xff, 0xff, 0xff, 0xff, 0xff, 0x1d, 0x00, 0x00, 0x00, 0x1d, 0x00, 0x00,
  0x00, 0x1d, 0x00, 0x00, 0x00, 0x1d, 0x00, 0x00, 0x00, 0x1d, 0x00, 0x00, 0x00, 0x1d, 0x00, 0x00,
  0x00, 0x1d, 0x00, 0x00, 0x00, 0x1d, 0x00, 0x00, 0x00, 0x1d, 0x00, 0x00, 0x00, 0x1d, 0x00, 0x00,
  0x00, 0x1d, 0x00, 0x00, 0x00, 0x1d, 0x00, 0x00, 0x00, 0x1d, 0x00, 0x00, 0x00, 0x1d, 0x00, 0x00,
  0x00, 0x1d, 0x00, 0x00, 0x00, 0x1d, 0x00, 0x00, 0x00, 0x1d, 0x00, 0x00, 0x00, 0x1d, 0x00, 0x00,
  0x00, 0x1d, 0x00, 0x00, 0x00, 0x1d, 0x00, 0x00, 0x00, 0x1d, 0x00, 0x00, 0x00, 0x1d, 0x00, 0x00,
  0x00, 0x1d, 0x00, 0x00, 0x00, 0x1d, 0x00, 0x00, 0x00, 0x1d, 0x00, 0x00, 0x00, 0x1d, 0x00, 0x00,
  0x00, 0xff, 0xff, 0xff, 0xff, 0xff, 0xff, 0xff, 0xff, 0xff, 0xff, 0xff, 0xff, 0xff, 0xff, 0xff,
  0xff, 0x1d, 0x00, 0x00, 0x00, 0xff, 0xff, 0xff, 0xff, 0x1d, 0x00, 0x00, 0x00, 0x1d, 0x00, 0x00,
  0x00, 0x4d, 0x00, 0x00, 0x00, 0x1d, 0x00, 0x00, 0x00, 0x1d, 0x00, 0x00, 0x00, 0x1d, 0x00, 0x00,
  0x00, 0x1d, 0x00, 0x00, 0x00, 0x1d, 0x00, 0x00, 0x00, 0x1d, 0x00, 0x00, 0x00, 0x1d, 0x00, 0x00,
  0x00, 0x1d, 0x00, 0x00, 0x00, 0x1d, 0x00, 0x00, 0x00, 0x1d, 0x00, 0x00, 0x00, 0x1d, 0x00, 0x00,
  0x00, 0x1d, 0x00, 0x00, 0x00, 0x1d, 0x00, 0x00, 0x00, 0x1d, 0x00, 0x00, 0x00, 0x1d, 0x00, 0x00,
  0x00, 0x1d, 0x00, 0x00, 0x00, 0x1d, 0x00, 0x00, 0x00, 0x1d, 0x00, 0x00, 0x00, 0x1d, 0x00, 0x00,
  0x00, 0x1d, 0x00, 0x00, 0x00, 0x1d, 0x00, 0x00, 0x00, 0x1d, 0x00, 0x00, 0x00, 0x1d, 0x00, 0x00,
  0x00, 0xff, 0xff, 0xff, 0xff, 0xff, 0xff, 0xff, 0xff, 0xff, 0xff, 0xff, 0xff, 0xff, 0xff, 0xff,
  0xff, 0xff, 0xff, 0xff, 0xff, 0xff, 0xff, 0xff, 0xff, 0xff, 0xff, 0xff, 0xff, 0xff, 0xff, 0xff,
  0xff, 0xff, 0xff, 0xff, 0xff, 0xff, 0xff, 0xff, 0xff, 0xff, 0xff, 0xff, 0xff, 0xff, 0xff, 0xff,
  0xff, 0xff, 0xff, 0xff, 0xff, 0xff, 0xff, 0xff, 0xff, 0xff, 0xff, 0xff, 0xff, 0xff, 0xff, 0xff,
  0xff, 0xff, 0xff, 0xff, 0xff, 0xff, 0xff, 0xff, 0xff, 0xff, 0xff, 0xff, 0xff, 0xff, 0xff, 0xff,
  0xff, 0xff, 0xff, 0xff, 0xff, 0xff, 0xff, 0xff, 0xff, 0xff, 0xff, 0xff, 0xff, 0xff, 0xff, 0xff,
  0xff, 0xff, 0xff, 0xff, 0xff, 0xff, 0xff, 0xff, 0xff, 0xff, 0xff, 0xff, 0xff, 0xff, 0xff, 0xff,
  0xff, 0xff, 0xff, 0xff, 0xff, 0xff, 0xff, 0xff, 0xff, 0xff, 0xff, 0xff, 0xff, 0xff, 0xff, 0xff,
  0xff, 0xff, 0xff, 0xff, 0xff, 0xff, 0xff, 0xff, 0xff, 0xff, 0xff, 0xff, 0xff, 0xff, 0xff, 0xff,
  0xff, 0xff, 0xff, 0xff, 0xff, 0xff, 0xff, 0xff, 0xff, 0xff, 0xff, 0xff, 0xff, 0xff, 0xff, 0xff,
  0xff, 0xff, 0xff, 0xff, 0xff, 0xff, 0xff, 0xff, 0xff, 0xff, 0xff, 0xff, 0xff, 0xff, 0xff, 0xff,
  0xff, 0xff, 0xff, 0xff, 0xff, 0xff, 0xff, 0xff, 0xff, 0xff, 0xff, 0xff, 0xff, 0xff, 0xff, 0xff,
  0xff, 0xff, 0xff, 0xff, 0xff, 0xff, 0xff, 0xff, 0xff, 0xff, 0xff, 0xff, 0xff, 0xff, 0xff, 0xff,
  0xff, 0xff, 0xff, 0xff, 0xff, 0x1d, 0x00, 0x00, 0x00, 0x1d, 0x00, 0x00, 0x00, 0x1d, 0x00, 0x00,
  0x00, 0x1d, 0x00, 0x00, 0x00, 0x1d, 0x00, 0x00, 0x00, 0x1d, 0x00, 0x00, 0x00, 0x1d, 0x00, 0x00,
  0x00, 0x1d, 0x00, 0x00, 0x00, 0x1d, 0x00, 0x00, 0x00, 0x1d, 0x00, 0x00, 0x00, 0xff, 0xff, 0xff,
  0xff, 0xff, 0xff, 0xff, 0xff, 0xff, 0xff, 0xff, 0xff, 0xff, 0xff, 0xff, 0xff, 0xff, 0xff, 0xff,
  0xff, 0xff, 0xff, 0xff, 0xff, 0xff, 0xff, 0xff, 0xff, 0x1d, 0x00, 0x00, 0x00, 0x1d, 0x00, 0x00,
  0x00, 0x1d, 0x00, 0x00, 0x00, 0x1d, 0x00, 0x00, 0x00, 0x1d, 0x00, 0x00, 0x00, 0x1d, 0x00, 0x00,
  0x00, 0x1d, 0x00, 0x00, 0x00, 0x1d, 0x00, 0x00, 0x00, 0x1d, 0x00, 0x00, 0x00, 0x1d, 0x00, 0x00,
  0x00, 0x1d, 0x00, 0x00, 0x00, 0x1d, 0x00, 0x00, 0x00, 0x1d, 0x00, 0x00, 0x00, 0x1d, 0x00, 0x00,
  0x00, 0x1d, 0x00, 0x00, 0x00, 0x1d, 0x00, 0x00, 0x00, 0x1d, 0x00, 0x00, 0x00, 0x1d, 0x00, 0x00,
  0x00, 0x1d, 0x00, 0x00, 0x00, 0x1d, 0x00, 0x00, 0x00, 0x1d, 0x00, 0x00, 0x00, 0x1d, 0x00, 0x00,
  0x00, 0x1d, 0x00, 0x00, 0x00, 0x1d, 0x00, 0x00, 0x00, 0x1d, 0x00, 0x00, 0x00, 0x1d, 0x00, 0x00,
  0x00, 0xff, 0xff, 0xff, 0xff, 0xff, 0xff, 0xff, 0xff, 0xff, 0xff, 0xff, 0xff, 0xff, 0xff, 0xff,
  0xff, 0x1d, 0x00, 0x00, 0x00, 0xff, 0xff, 0xff, 0xff, 0x1d, 0x00, 0x00, 0x00, 0x1d, 0x00, 0x00,
  0x00, 0x1d, 0x00, 0x00, 0x00, 0x1d, 0x00, 0x00, 0x00, 0x1d, 0x00, 0x00, 0x00, 0x1d, 0x00, 0x00,
  0x00, 0x1d, 0x00, 0x00, 0x00, 0x1d, 0x00, 0x00, 0x00, 0x1d, 0x00, 0x00, 0x00, 0x1d, 0x00, 0x00,
  0x00, 0x1d, 0x00, 0x00, 0x00, 0x1d, 0x00, 0x00, 0x00, 0x1d, 0x00, 0x00, 0x00, 0x1d, 0x00, 0x00,
  0x00, 0x1d, 0x00, 0x00, 0x00, 0x1d, 0x00, 0x00, 0x00, 0x1d, 0x00, 0x00, 0x00, 0x1d, 0x00, 0x00,
  0x00, 0x1d, 0x00, 0x00, 0x00, 0x4e, 0x00, 0x00, 0x00, 0x1d, 0x00, 0x00, 0x00, 0x1d, 0x00, 0x00,
  0x00, 0x1d, 0x00, 0x00, 0x00, 0x1d, 0x00, 0x00, 0x00, 0x1d, 0x00, 0x00, 0x00, 0x1d, 0x00, 0x00,
  0x00, 0xff, 0xff, 0xff, 0xff, 0xff, 0xff, 0xff, 0xff, 0xff, 0xff, 0xff, 0xff, 0xff, 0xff, 0xff,
  0xff, 0xff, 0xff, 0xff, 0xff, 0xff, 0xff, 0xff, 0xff, 0xff, 0xff, 0xff, 0xff, 0xff, 0xff, 0xff,
  0xff, 0xff, 0xff, 0xff, 0xff, 0xff, 0xff, 0xff, 0xff, 0xff, 0xff, 0xff, 0xff, 0xff, 0xff, 0xff,
  0xff, 0xff, 0xff, 0xff, 0xff, 0xff, 0xff, 0xff, 0xff, 0xff, 0xff, 0xff, 0xff, 0xff, 0xff, 0xff,
  0xff, 0xff, 0xff, 0xff, 0xff, 0xff, 0xff, 0xff, 0xff, 0xff, 0xff, 0xff, 0xff, 0xff, 0xff, 0xff,
  0xff, 0xff, 0xff, 0xff, 0xff, 0xff, 0xff, 0xff, 0xff, 0xff, 0xff, 0xff, 0xff, 0xff, 0xff, 0xff,
  0xff, 0xff, 0xff, 0xff, 0xff, 0xff, 0xff, 0xff, 0xff, 0xff, 0xff, 0xff, 0xff, 0xff, 0xff, 0xff,
  0xff, 0xff, 0xff, 0xff, 0xff, 0xff, 0xff, 0xff, 0xff, 0xff, 0xff, 0xff, 0xff, 0xff, 0xff, 0xff,
  0xff, 0xff, 0xff, 0xff, 0xff, 0xff, 0xff, 0xff, 0xff, 0xff, 0xff, 0xff, 0xff, 0xff, 0xff, 0xff,
  0xff, 0xff, 0xff, 0xff, 0xff, 0xff, 0xff, 0xff, 0xff, 0xff, 0xff, 0xff, 0xff, 0xff, 0xff, 0xff,
  0xff, 0xff, 0xff, 0xff, 0xff, 0xff, 0xff, 0xff, 0xff, 0xff, 0xff, 0xff, 0xff, 0xff, 0xff, 0xff,
  0xff, 0xff, 0xff, 0xff, 0xff, 0xff, 0xff, 0xff, 0xff, 0xff, 0xff, 0xff, 0xff, 0xff, 0xff, 0xff,
  0xff, 0xff, 0xff, 0xff, 0xff, 0xff, 0xff, 0xff, 0xff, 0xff, 0xff, 0xff, 0xff, 0xff, 0xff, 0xff,
  0xff, 0xff, 0xff, 0xff, 0xff, 0x1d, 0x00, 0x00, 0x00, 0x1d, 0x00, 0x00, 0x00, 0x1d, 0x00, 0x00,
  0x00, 0x1d, 0x00, 0x00, 0x00, 0x1d, 0x00, 0x00, 0x00, 0x1d, 0x00, 0x00, 0x00, 0x1d, 0x00, 0x00,
  0x00, 0x1d, 0x00, 0x00, 0x00, 0x1d, 0x00, 0x00, 0x00, 0x1d, 0x00, 0x00, 0x00, 0xff, 0xff, 0xff,
  0xff, 0xff, 0xff, 0xff, 0xff, 0xff, 0xff, 0xff, 0xff, 0xff, 0xff, 0xff, 0xff, 0xff, 0xff, 0xff,
  0xff, 0xff, 0xff, 0xff, 0xff, 0xff, 0xff, 0xff, 0xff, 0x1d, 0x00, 0x00, 0x00, 0x1d, 0x00, 0x00,
  0x00, 0x1d, 0x00, 0x00, 0x00, 0x1d, 0x00, 0x00, 0x00, 0x1d, 0x00, 0x00, 0x00, 0x1d, 0x00, 0x00,
  0x00, 0x1d, 0x00, 0x00, 0x00, 0x1d, 0x00, 0x00, 0x00, 0x1d, 0x00, 0x00, 0x00, 0x1d, 0x00, 0x00,
  0x00, 0x1d, 0x00, 0x00, 0x00, 0x1d, 0x00, 0x00, 0x00, 0x1d, 0x00, 0x00, 0x00, 0x1d, 0x00, 0x00,
  0x00, 0x1d, 0x00, 0x00, 0x00, 0x1d, 0x00, 0x00, 0x00, 0x1d, 0x00, 0x00, 0x00, 0x1d, 0x00, 0x00,
  0x00, 0x1d, 0x00, 0x00, 0x00, 0x1d, 0x00, 0x00, 0x00, 0x1d, 0x00, 0x00, 0x00, 0x1d, 0x00, 0x00,
  0x00, 0x1d, 0x00, 0x00, 0x00, 0x1d, 0x00, 0x00, 0x00, 0x1d, 0x00, 0x00, 0x00, 0x1d, 0x00, 0x00,
  0x00, 0xff, 0xff, 0xff, 0xff, 0xff, 0xff, 0xff, 0xff, 0xff, 0xff, 0xff, 0xff, 0xff, 0xff, 0xff,
  0xff, 0x1d, 0x00, 0x00, 0x00, 0xff, 0xff, 0xff, 0xff, 0x1d, 0x00, 0x00, 0x00, 0x1d, 0x00, 0x00,
  0x00, 0x1d, 0x00, 0x00, 0x00, 0x1d, 0x00, 0x00, 0x00, 0x4f, 0x00, 0x00, 0x00, 0x1d, 0x00, 0x00,
  0x00, 0x1d, 0x00, 0x00, 0x00, 0x1d, 0x00, 0x00, 0x00, 0x1d, 0x00, 0x00, 0x00, 0x1d, 0x00, 0x00,
  0x00, 0x1d, 0x00, 0x00, 0x00, 0x1d, 0x00, 0x00, 0x00, 0x1d, 0x00, 0x00, 0x00, 0x1d, 0x00, 0x00,
  0x00, 0x1d, 0x00, 0x00, 0x00, 0x1d, 0x00, 0x00, 0x00, 0x1d, 0x00, 0x00, 0x00, 0x1d, 0x00, 0x00,
  0x00, 0x1d, 0x00, 0x00, 0x00, 0x1d, 0x00, 0x00, 0x00, 0x1d, 0x00, 0x00, 0x00, 0x1d, 0x00, 0x00,
  0x00, 0x1d, 0x00, 0x00, 0x00, 0x1d, 0x00, 0x00, 0x00, 0x1d, 0x00, 0x00, 0x00, 0x1d, 0x00, 0x00,
  0x00, 0xff, 0xff, 0xff, 0xff, 0xff, 0xff, 0xff, 0xff, 0xff, 0xff, 0xff, 0xff, 0xff, 0xff, 0xff,
  0xff, 0xff, 0xff, 0xff, 0xff, 0xff, 0xff, 0xff, 0xff, 0xff, 0xff, 0xff, 0xff, 0xff, 0xff, 0xff,
  0xff, 0xff, 0xff, 0xff, 0xff, 0xff, 0xff, 0xff, 0xff, 0xff, 0xff, 0xff, 0xff, 0xff, 0xff, 0xff,
  0xff, 0xff, 0xff, 0xff, 0xff, 0xff, 0xff, 0xff, 0xff, 0xff, 0xff, 0xff, 0xff, 0xff, 0xff, 0xff,
  0xff, 0xff, 0xff, 0xff, 0xff, 0xff, 0xff, 0xff, 0xff, 0xff, 0xff, 0xff, 0xff, 0xff, 0xff, 0xff,
  0xff, 0xff, 0xff, 0xff, 0xff, 0xff, 0xff, 0xff, 0xff, 0xff, 0xff, 0xff, 0xff, 0xff, 0xff, 0xff,
  0xff, 0xff, 0xff, 0xff, 0xff, 0xff, 0xff, 0xff, 0xff, 0xff, 0xff, 0xff, 0xff, 0xff, 0xff, 0xff,
  0xff, 0xff, 0xff, 0xff, 0xff, 0xff, 0xff, 0xff, 0xff, 0xff, 0xff, 0xff, 0xff, 0xff, 0xff, 0xff,
  0xff, 0xff, 0xff, 0xff, 0xff, 0xff, 0xff, 0xff, 0xff, 0xff, 0xff, 0xff, 0xff, 0xff, 0xff, 0xff,
  0xff, 0xff, 0xff, 0xff, 0xff, 0xff, 0xff, 0xff, 0xff, 0xff, 0xff, 0xff, 0xff, 0xff, 0xff, 0xff,
  0xff, 0xff, 0xff, 0xff, 0xff, 0xff, 0xff, 0xff, 0xff, 0xff, 0xff, 0xff, 0xff, 0xff, 0xff, 0xff,
  0xff, 0xff, 0xff, 0xff, 0xff, 0xff, 0xff, 0xff, 0xff, 0xff, 0xff, 0xff, 0xff, 0xff, 0xff, 0xff,
  0xff, 0xff, 0xff, 0xff, 0xff, 0xff, 0xff, 0xff, 0xff, 0xff, 0xff, 0xff, 0xff, 0xff, 0xff, 0xff,
  0xff, 0xff, 0xff, 0xff, 0xff, 0x1d, 0x00, 0x00, 0x00, 0x1d, 0x00, 0x00, 0x00, 0x1d, 0x00, 0x00,
  0x00, 0x1d, 0x00, 0x00, 0x00, 0x1d, 0x00, 0x00, 0x00, 0x1d, 0x00, 0x00, 0x00, 0x1d, 0x00, 0x00,
  0x00, 0x1d, 0x00, 0x00, 0x00, 0x1d, 0x00, 0x00, 0x00, 0x1d, 0x00, 0x00, 0x00, 0xff, 0xff, 0xff,
  0xff, 0xff, 0xff, 0xff, 0xff, 0xff, 0xff, 0xff, 0xff, 0xff, 0xff, 0xff, 0xff, 0xff, 0xff, 0xff,
  0xff, 0xff, 0xff, 0xff, 0xff, 0xff, 0xff, 0xff, 0xff, 0x1d, 0x00, 0x00, 0x00, 0x1d, 0x00, 0x00,
  0x00, 0x1d, 0x00, 0x00, 0x00, 0x1d, 0x00, 0x00, 0x00, 0x1d, 0x00, 0x00, 0x00, 0x1d, 0x00, 0x00,
  0x00, 0x1d, 0x00, 0x00, 0x00, 0x1d, 0x00, 0x00, 0x00, 0x1d, 0x00, 0x00, 0x00, 0x1d, 0x00, 0x00,
  0x00, 0x1d, 0x00, 0x00, 0x00, 0x1d, 0x00, 0x00, 0x00, 0x1d, 0x00, 0x00, 0x00, 0x1d, 0x00, 0x00,
  0x00, 0x1d, 0x00, 0x00, 0x00, 0x1d, 0x00, 0x00, 0x00, 0x1d, 0x00, 0x00, 0x00, 0x1d, 0x00, 0x00,
  0x00, 0x1d, 0x00, 0x00, 0x00, 0x1d, 0x00, 0x00, 0x00, 0x1d, 0x00, 0x00, 0x00, 0x1d, 0x00, 0x00,
  0x00, 0x1d, 0x00, 0x00, 0x00, 0x1d, 0x00, 0x00, 0x00, 0x1d, 0x00, 0x00, 0x00, 0x1d, 0x00, 0x00,
  0x00, 0xff, 0xff, 0xff, 0xff, 0xff, 0xff, 0xff, 0xff, 0xff, 0xff, 0xff, 0xff, 0xff, 0xff, 0xff,
  0xff, 0x1d, 0x00, 0x00, 0x00, 0xff, 0xff, 0xff, 0xff, 0x1d, 0x00, 0x00, 0x00, 0x1d, 0x00, 0x00,
  0x00, 0x1d, 0x00, 0x00, 0x00, 0x1d, 0x00, 0x00, 0x00, 0x1d, 0x00, 0x00, 0x00, 0x1d, 0x00, 0x00,
  0x00, 0x1d, 0x00, 0x00, 0x00, 0x1d, 0x00, 0x00, 0x00, 0x1d, 0x00, 0x00, 0x00, 0x1d, 0x00, 0x00,
  0x00, 0x1d, 0x00, 0x00, 0x00, 0x1d, 0x00, 0x00, 0x00, 0x1d, 0x00, 0x00, 0x00, 0x1d, 0x00, 0x00,
  0x00, 0x1d, 0x00, 0x00, 0x00, 0x1d, 0x00, 0x00, 0x00, 0x1d, 0x00, 0x00, 0x00, 0x1d, 0x00, 0x00,
  0x00, 0x1d, 0x00, 0x00, 0x00, 0x1d, 0x00, 0x00, 0x00, 0x1d, 0x00, 0x00, 0x00, 0x1d, 0x00, 0x00,
  0x00, 0x1d, 0x00, 0x00, 0x00, 0x1d, 0x00, 0x00, 0x00, 0x1d, 0x00, 0x00, 0x00, 0x1d, 0x00, 0x00,
  0x00, 0xff, 0xff, 0xff, 0xff, 0xff, 0xff, 0xff, 0xff, 0xff, 0xff, 0xff, 0xff, 0xff, 0xff, 0xff,
  0xff, 0xff, 0xff, 0xff, 0xff, 0xff, 0xff, 0xff, 0xff, 0xff, 0xff, 0xff, 0xff, 0xff, 0xff, 0xff,
  0xff, 0xff, 0xff, 0xff, 0xff, 0xff, 0xff, 0xff, 0xff, 0xff, 0xff, 0xff, 0xff, 0xff, 0xff, 0xff,
  0xff, 0xff, 0xff, 0xff, 0xff, 0xff, 0xff, 0xff, 0xff, 0xff, 0xff, 0xff, 0xff, 0xff, 0xff, 0xff,
  0xff, 0xff, 0xff, 0xff, 0xff, 0xff, 0xff, 0xff, 0xff, 0xff, 0xff, 0xff, 0xff, 0xff, 0xff, 0xff,
  0xff, 0xff, 0xff, 0xff, 0xff, 0xff, 0xff, 0xff, 0xff, 0xff, 0xff, 0xff, 0xff, 0xff, 0xff, 0xff,
  0xff, 0xff, 0xff, 0xff, 0xff, 0xff, 0xff, 0xff, 0xff, 0xff, 0xff, 0xff, 0xff, 0xff, 0xff, 0xff,
  0xff, 0xff, 0xff, 0xff, 0xff, 0xff, 0xff, 0xff, 0xff, 0xff, 0xff, 0xff, 0xff, 0xff, 0xff, 0xff,
  0xff, 0xff, 0xff, 0xff, 0xff, 0xff, 0xff, 0xff, 0xff, 0xff, 0xff, 0xff, 0xff, 0xff, 0xff, 0xff,
  0xff, 0xff, 0xff, 0xff, 0xff, 0xff, 0xff, 0xff, 0xff, 0xff, 0xff, 0xff, 0xff, 0xff, 0xff, 0xff,
  0xff, 0xff, 0xff, 0xff, 0xff, 0xff, 0xff, 0xff, 0xff, 0xff, 0xff, 0xff, 0xff, 0xff, 0xff, 0xff,
  0xff, 0xff, 0xff, 0xff, 0xff, 0xff, 0xff, 0xff, 0xff, 0xff, 0xff, 0xff, 0xff, 0xff, 0xff, 0xff,
  0xff, 0xff, 0xff, 0xff, 0xff, 0xff, 0xff, 0xff, 0xff, 0xff, 0xff, 0xff, 0xff, 0xff, 0xff, 0xff,
  0xff, 0xff, 0xff, 0xff, 0xff, 0x1d, 0x00, 0x00, 0x00, 0x1d, 0x00, 0x00, 0x00, 0x1d, 0x00, 0x00,
  0x00, 0x1d, 0x00, 0x00, 0x00, 0x1d, 0x00, 0x00, 0x00, 0x1d, 0x00, 0x00, 0x00, 0x1d, 0x00, 0x00,
  0x00, 0x1d, 0x00, 0x00, 0x00, 0x1d, 0x00, 0x00, 0x00, 0x1d, 0x00, 0x00, 0x00, 0xff, 0xff, 0xff,
  0xff, 0xff, 0xff, 0xff, 0xff, 0xff, 0xff, 0xff, 0xff, 0xff, 0xff, 0xff, 0xff, 0xff, 0xff, 0xff,
  0xff, 0xff, 0xff, 0xff, 0xff, 0xff, 0xff, 0xff, 0xff, 0x1d, 0x00, 0x00, 0x00, 0x1d, 0x00, 0x00,
  0x00, 0x1d, 0x00, 0x00, 0x00, 0x1d, 0x00, 0x00, 0x00, 0x1d, 0x00, 0x00, 0x00, 0x1d, 0x00, 0x00,
  0x00, 0x1d, 0x00, 0x00, 0x00, 0x1d, 0x00, 0x00, 0x00, 0x1d, 0x00, 0x00, 0x00, 0x1d, 0x00, 0x00,
  0x00, 0x1d, 0x00, 0x00, 0x00, 0x1d, 0x00, 0x00, 0x00, 0x1d, 0x00, 0x00, 0x00, 0x1d, 0x00, 0x00,
  0x00, 0x1d, 0x00, 0x00, 0x00, 0x1d, 0x00, 0x00, 0x00, 0x1d, 0x00, 0x00, 0x00, 0x1d, 0x00, 0x00,
  0x00, 0x1d, 0x00, 0x00, 0x00, 0x1d, 0x00, 0x00, 0x00, 0x1d, 0x00, 0x00, 0x00, 0x1d, 0x00, 0x00,
  0x00, 0x1d, 0x00, 0x00, 0x00, 0x1d, 0x00, 0x00, 0x00, 0x1d, 0x00, 0x00, 0x00, 0x1d, 0x00, 0x00,
  0x00, 0xff, 0xff, 0xff, 0xff, 0xff, 0xff, 0xff, 0xff, 0xff, 0xff, 0xff, 0xff, 0xff, 0xff, 0xff,
  0xff, 0x1d, 0x00, 0x00, 0x00, 0xff, 0xff, 0xff, 0xff, 0x1d, 0x00, 0x00, 0x00, 0x1d, 0x00, 0x00,
  0x00, 0x1d, 0x00, 0x00, 0x00, 0x1d, 0x00, 0x00, 0x00, 0x1d, 0x00, 0x00, 0x00, 0x1d, 0x00, 0x00,
  0x00, 0x1d, 0x00, 0x00, 0x00, 0x1d, 0x00, 0x00, 0x00, 0x1d, 0x00, 0x00, 0x00, 0x1d, 0x00, 0x00,
  0x00, 0x1d, 0x00, 0x00, 0x00, 0x1d, 0x00, 0x00, 0x00, 0x1d, 0x00, 0x00, 0x00, 0x1d, 0x00, 0x00,
  0x00, 0x1d, 0x00, 0x00, 0x00, 0x1d, 0x00, 0x00, 0x00, 0x1d, 0x00, 0x00, 0x00, 0x1d, 0x00, 0x00,
  0x00, 0x1d, 0x00, 0x00, 0x00, 0x50, 0x00, 0x00, 0x00, 0x1d, 0x00, 0x00, 0x00, 0x1d, 0x00, 0x00,
  0x00, 0x1d, 0x00, 0x00, 0x00, 0x1d, 0x00, 0x00, 0x00, 0x1d, 0x00, 0x00, 0x00, 0x1d, 0x00, 0x00,
  0x00, 0xff, 0xff, 0xff, 0xff, 0xff, 0xff, 0xff, 0xff, 0xff, 0xff, 0xff, 0xff, 0xff, 0xff, 0xff,
  0xff, 0xff, 0xff, 0xff, 0xff, 0xff, 0xff, 0xff, 0xff, 0xff, 0xff, 0xff, 0xff, 0xff, 0xff, 0xff,
  0xff, 0xff, 0xff, 0xff, 0xff, 0xff, 0xff, 0xff, 0xff, 0xff, 0xff, 0xff, 0xff, 0xff, 0xff, 0xff,
  0xff, 0xff, 0xff, 0xff, 0xff, 0xff, 0xff, 0xff, 0xff, 0xff, 0xff, 0xff, 0xff, 0xff, 0xff, 0xff,
  0xff, 0xff, 0xff, 0xff, 0xff, 0xff, 0xff, 0xff, 0xff, 0xff, 0xff, 0xff, 0xff, 0xff, 0xff, 0xff,
  0xff, 0xff, 0xff, 0xff, 0xff, 0xff, 0xff, 0xff, 0xff, 0xff, 0xff, 0xff, 0xff, 0xff, 0xff, 0xff,
  0xff, 0xff, 0xff, 0xff, 0xff, 0xff, 0xff, 0xff, 0xff, 0xff, 0xff, 0xff, 0xff, 0xff, 0xff, 0xff,
  0xff, 0xff, 0xff, 0xff, 0xff, 0xff, 0xff, 0xff, 0xff, 0xff, 0xff, 0xff, 0xff, 0xff, 0xff, 0xff,
  0xff, 0xff, 0xff, 0xff, 0xff, 0xff, 0xff, 0xff, 0xff, 0xff, 0xff, 0xff, 0xff, 0xff, 0xff, 0xff,
  0xff, 0xff, 0xff, 0xff, 0xff, 0xff, 0xff, 0xff, 0xff, 0xff, 0xff, 0xff, 0xff, 0xff, 0xff, 0xff,
  0xff, 0xff, 0xff, 0xff, 0xff, 0xff, 0xff, 0xff, 0xff, 0xff, 0xff, 0xff, 0xff, 0xff, 0xff, 0xff,
  0xff, 0xff, 0xff, 0xff, 0xff, 0xff, 0xff, 0xff, 0xff, 0xff, 0xff, 0xff, 0xff, 0xff, 0xff, 0xff,
  0xff, 0xff, 0xff, 0xff, 0xff, 0xff, 0xff, 0xff, 0xff, 0xff, 0xff, 0xff, 0xff, 0xff, 0xff, 0xff,
  0xff, 0xff, 0xff, 0xff, 0xff, 0x1d, 0x00, 0x00, 0x00, 0x1d, 0x00, 0x00, 0x00, 0x1d, 0x00, 0x00,
  0x00, 0x1d, 0x00, 0x00, 0x00, 0x1d, 0x00, 0x00, 0x00, 0x1d, 0x00, 0x00, 0x00, 0x1d, 0x00, 0x00,
  0x00, 0x1d, 0x00, 0x00, 0x00, 0x1d, 0x00, 0x00, 0x00, 0x1d, 0x00, 0x00, 0x00, 0xff, 0xff, 0xff,
  0xff, 0xff, 0xff, 0xff, 0xff, 0xff, 0xff, 0xff, 0xff, 0xff, 0xff, 0xff, 0xff, 0xff, 0xff, 0xff,
  0xff, 0xff, 0xff, 0xff, 0xff, 0xff, 0xff, 0xff, 0xff, 0x1d, 0x00, 0x00, 0x00, 0x1d, 0x00, 0x00,
  0x00, 0x1d, 0x00, 0x00, 0x00, 0x1d, 0x00, 0x00, 0x00, 0x1d, 0x00, 0x00, 0x00, 0x1d, 0x00, 0x00,
  0x00, 0x1d, 0x00, 0x00, 0x00, 0x1d, 0x00, 0x00, 0x00, 0x1d, 0x00, 0x00, 0x00, 0x1d, 0x00, 0x00,
  0x00, 0x1d, 0x00, 0x00, 0x00, 0x1d, 0x00, 0x00, 0x00, 0x1d, 0x00, 0x00, 0x00, 0x1d, 0x00, 0x00,
  0x00, 0x1d, 0x00, 0x00, 0x00, 0x1d, 0x00, 0x00, 0x00, 0x1d, 0x00, 0x00, 0x00, 0x1d, 0x00, 0x00,
  0x00, 0x1d, 0x00, 0x00, 0x00, 0x1d, 0x00, 0x00, 0x00, 0x1d, 0x00, 0x00, 0x00, 0x1d, 0x00, 0x00,
  0x00, 0x1d, 0x00, 0x00, 0x00, 0x1d, 0x00, 0x00, 0x00, 0x1d, 0x00, 0x00, 0x00, 0x1d, 0x00, 0x00,
  0x00, 0xff, 0xff, 0xff, 0xff, 0xff, 0xff, 0xff, 0xff, 0xff, 0xff, 0xff, 0xff, 0xff, 0xff, 0xff,
  0xff, 0x1d, 0x00, 0x00, 0x00, 0xff, 0xff, 0xff, 0xff, 0x1d, 0x00, 0x00, 0x00, 0x1d, 0x00, 0x00,
  0x00, 0x1d, 0x00, 0x00, 0x00, 0x1d, 0x00, 0x00, 0x00, 0x1d, 0x00, 0x00, 0x00, 0x1d, 0x00, 0x00,
  0x00, 0x1d, 0x00, 0x00, 0x00, 0x1d, 0x00, 0x00, 0x00, 0x1d, 0x00, 0x00, 0x00, 0x1d, 0x00, 0x00,
  0x00, 0x1d, 0x00, 0x00, 0x00, 0x1d, 0x00, 0x00, 0x00, 0x1d, 0x00, 0x00, 0x00, 0x1d, 0x00, 0x00,
  0x00, 0x1d, 0x00, 0x00, 0x00, 0x1d, 0x00, 0x00, 0x00, 0x1d, 0x00, 0x00, 0x00, 0x1d, 0x00, 0x00,
  0x00, 0x1d, 0x00, 0x00, 0x00, 0x1d, 0x00, 0x00, 0x00, 0x1d, 0x00, 0x00, 0x00, 0x1d, 0x00, 0x00,
  0x00, 0x1d, 0x00, 0x00, 0x00, 0x1d, 0x00, 0x00, 0x00, 0x1d, 0x00, 0x00, 0x00, 0x1d, 0x00, 0x00,
  0x00, 0xff, 0xff, 0xff, 0xff, 0xff, 0xff, 0xff, 0xff, 0xff, 0xff, 0xff, 0xff, 0xff, 0xff, 0xff,
  0xff, 0xff, 0xff, 0xff, 0xff, 0xff, 0xff, 0xff, 0xff, 0xff, 0xff, 0xff, 0xff, 0xff, 0xff, 0xff,
  0xff, 0xff, 0xff, 0xff, 0xff, 0xff, 0xff, 0xff, 0xff, 0xff, 0xff, 0xff, 0xff, 0xff, 0xff, 0xff,
  0xff, 0xff, 0xff, 0xff, 0xff, 0xff, 0xff, 0xff, 0xff, 0xff, 0xff, 0xff, 0xff, 0xff, 0xff, 0xff,
  0xff, 0xff, 0xff, 0xff, 0xff, 0xff, 0xff, 0xff, 0xff, 0xff, 0xff, 0xff, 0xff, 0xff, 0xff, 0xff,
  0xff, 0xff, 0xff, 0xff, 0xff, 0xff, 0xff, 0xff, 0xff, 0xff, 0xff, 0xff, 0xff, 0xff, 0xff, 0xff,
  0xff, 0xff, 0xff, 0xff, 0xff, 0xff, 0xff, 0xff, 0xff, 0xff, 0xff, 0xff, 0xff, 0xff, 0xff, 0xff,
  0xff, 0xff, 0xff, 0xff, 0xff, 0xff, 0xff, 0xff, 0xff, 0xff, 0xff, 0xff, 0xff, 0xff, 0xff, 0xff,
  0xff, 0xff, 0xff, 0xff, 0xff, 0xff, 0xff, 0xff, 0xff, 0xff, 0xff, 0xff, 0xff, 0xff, 0xff, 0xff,
  0xff, 0xff, 0xff, 0xff, 0xff, 0xff, 0xff, 0xff, 0xff, 0xff, 0xff, 0xff, 0xff, 0xff, 0xff, 0xff,
  0xff, 0xff, 0xff, 0xff, 0xff, 0xff, 0xff, 0xff, 0xff, 0xff, 0xff, 0xff, 0xff, 0xff, 0xff, 0xff,
  0xff, 0xff, 0xff, 0xff, 0xff, 0xff, 0xff, 0xff, 0xff, 0xff, 0xff, 0xff, 0xff, 0xff, 0xff, 0xff,
  0xff, 0xff, 0xff, 0xff, 0xff, 0xff, 0xff, 0xff, 0xff, 0xff, 0xff, 0xff, 0xff, 0xff, 0xff, 0xff,
  0xff, 0xff, 0xff, 0xff, 0xff, 0x1d, 0x00, 0x00, 0x00, 0x1d, 0x00, 0x00, 0x00, 0x1d, 0x00, 0x00,
  0x00, 0x1d, 0x00, 0x00, 0x00, 0x1d, 0x00, 0x00, 0x00, 0x1d, 0x00, 0x00, 0x00, 0x1d, 0x00, 0x00,
  0x00, 0x1d, 0x00, 0x00, 0x00, 0x1d, 0x00, 0x00, 0x00, 0x1d, 0x00, 0x00, 0x00, 0xff, 0xff, 0xff,
  0xff, 0xff, 0xff, 0xff, 0xff, 0xff, 0xff, 0xff, 0xff, 0xff, 0xff, 0xff, 0xff, 0xff, 0xff, 0xff,
  0xff, 0xff, 0xff, 0xff, 0xff, 0xff, 0xff, 0xff, 0xff, 0x1d, 0x00, 0x00, 0x00, 0x1d, 0x00, 0x00,
  0x00, 0x1d, 0x00, 0x00, 0x00, 0x1d, 0x00, 0x00, 0x00, 0x1d, 0x00, 0x00, 0x00, 0x1d, 0x00, 0x00,
  0x00, 0x1d, 0x00, 0x00, 0x00, 0x1d, 0x00, 0x00, 0x00, 0x1d, 0x00, 0x00, 0x00, 0x1d, 0x00, 0x00,
  0x00, 0x1d, 0x00, 0x00, 0x00, 0x1d, 0x00, 0x00, 0x00, 0x1d, 0x00, 0x00, 0x00, 0x1d, 0x00, 0x00,
  0x00, 0x1d, 0x00, 0x00, 0x00, 0x1d, 0x00, 0x00, 0x00, 0x1d, 0x00, 0x00, 0x00, 0x1d, 0x00, 0x00,
  0x00, 0x1d, 0x00, 0x00, 0x00, 0x1d, 0x00, 0x00, 0x00, 0x1d, 0x00, 0x00, 0x00, 0x1d, 0x00, 0x00,
  0x00, 0x1d, 0x00, 0x00, 0x00, 0x1d, 0x00, 0x00, 0x00, 0x1d, 0x00, 0x00, 0x00, 0x1d, 0x00, 0x00,
  0x00, 0xff, 0xff, 0xff, 0xff, 0xff, 0xff, 0xff, 0xff, 0xff, 0xff, 0xff, 0xff, 0xff, 0xff, 0xff,
  0xff, 0x1d, 0x00, 0x00, 0x00, 0xff, 0xff, 0xff, 0xff, 0x1d, 0x00, 0x00, 0x00, 0x1d, 0x00, 0x00,
  0x00, 0x1d, 0x00, 0x00, 0x00, 0x1d, 0x00, 0x00, 0x00, 0x1d, 0x00, 0x00, 0x00, 0x1d, 0x00, 0x00,
  0x00, 0x1d, 0x00, 0x00, 0x00, 0x1d, 0x00, 0x00, 0x00, 0x1d, 0x00, 0x00, 0x00, 0x1d, 0x00, 0x00,
  0x00, 0x1d, 0x00, 0x00, 0x00, 0x1d, 0x00, 0x00, 0x00, 0x1d, 0x00, 0x00, 0x00, 0x1d, 0x00, 0x00,
  0x00, 0x1d, 0x00, 0x00, 0x00, 0x1d, 0x00, 0x00, 0x00, 0x1d, 0x00, 0x00, 0x00, 0x1d, 0x00, 0x00,
  0x00, 0x1d, 0x00, 0x00, 0x00, 0x1d, 0x00, 0x00, 0x00, 0x1d, 0x00, 0x00, 0x00, 0x1d, 0x00, 0x00,
  0x00, 0x1d, 0x00, 0x00, 0x00, 0x1d, 0x00, 0x00, 0x00, 0x1d, 0x00, 0x00, 0x00, 0x1d, 0x00, 0x00,
  0x00, 0xff, 0xff, 0xff, 0xff, 0xff, 0xff, 0xff, 0xff, 0xff, 0xff, 0xff, 0xff, 0xff, 0xff, 0xff,
  0xff, 0xff, 0xff, 0xff, 0xff, 0xff, 0xff, 0xff, 0xff, 0xff, 0xff, 0xff, 0xff, 0xff, 0xff, 0xff,
  0xff, 0xff, 0xff, 0xff, 0xff, 0xff, 0xff, 0xff, 0xff, 0xff, 0xff, 0xff, 0xff, 0xff, 0xff, 0xff,
  0xff, 0xff, 0xff, 0xff, 0xff, 0xff, 0xff, 0xff, 0xff, 0xff, 0xff, 0xff, 0xff, 0xff, 0xff, 0xff,
  0xff, 0xff, 0xff, 0xff, 0xff, 0xff, 0xff, 0xff, 0xff, 0xff, 0xff, 0xff, 0xff, 0xff, 0xff, 0xff,
  0xff, 0xff, 0xff, 0xff, 0xff, 0xff, 0xff, 0xff, 0xff, 0xff, 0xff, 0xff, 0xff, 0xff, 0xff, 0xff,
  0xff, 0xff, 0xff, 0xff, 0xff, 0xff, 0xff, 0xff, 0xff, 0xff, 0xff, 0xff, 0xff, 0xff, 0xff, 0xff,
  0xff, 0xff, 0xff, 0xff, 0xff, 0xff, 0xff, 0xff, 0xff, 0xff, 0xff, 0xff, 0xff, 0xff, 0xff, 0xff,
  0xff, 0xff, 0xff, 0xff, 0xff, 0xff, 0xff, 0xff, 0xff, 0xff, 0xff, 0xff, 0xff, 0xff, 0xff, 0xff,
  0xff, 0xff, 0xff, 0xff, 0xff, 0xff, 0xff, 0xff, 0xff, 0xff, 0xff, 0xff, 0xff, 0xff, 0xff, 0xff,
  0xff, 0xff, 0xff, 0xff, 0xff, 0xff, 0xff, 0xff, 0xff, 0xff, 0xff, 0xff, 0xff, 0xff, 0xff, 0xff,
  0xff, 0xff, 0xff, 0xff, 0xff, 0xff, 0xff, 0xff, 0xff, 0xff, 0xff, 0xff, 0xff, 0xff, 0xff, 0xff,
  0xff, 0xff, 0xff, 0xff, 0xff, 0xff, 0xff, 0xff, 0xff, 0xff, 0xff, 0xff, 0xff, 0xff, 0xff, 0xff,
  0xff, 0xff, 0xff, 0xff, 0xff, 0x1d, 0x00, 0x00, 0x00, 0x1d, 0x00, 0x00, 0x00, 0x1d, 0x00, 0x00,
  0x00, 0x1d, 0x00, 0x00, 0x00, 0x1d, 0x00, 0x00, 0x00, 0x1d, 0x00, 0x00, 0x00, 0x1d, 0x00, 0x00,
  0x00, 0x1d, 0x00, 0x00, 0x00, 0x1d, 0x00, 0x00, 0x00, 0x1d, 0x00, 0x00, 0x00, 0xff, 0xff, 0xff,
  0xff, 0xff, 0xff, 0xff, 0xff, 0xff, 0xff, 0xff, 0xff, 0xff, 0xff, 0xff, 0xff, 0xff, 0xff, 0xff,
  0xff, 0xff, 0xff, 0xff, 0xff, 0xff, 0xff, 0xff, 0xff, 0x1d, 0x00, 0x00, 0x00, 0x1d, 0x00, 0x00,
  0x00, 0x1d, 0x00, 0x00, 0x00, 0x1d, 0x00, 0x00, 0x00, 0x1d, 0x00, 0x00, 0x00, 0x1d, 0x00, 0x00,
  0x00, 0x1d, 0x00, 0x00, 0x00, 0x1d, 0x00, 0x00, 0x00, 0x1d, 0x00, 0x00, 0x00, 0x1d, 0x00, 0x00,
  0x00, 0x1d, 0x00, 0x00, 0x00, 0x1d, 0x00, 0x00, 0x00, 0x1d, 0x00, 0x00, 0x00, 0x1d, 0x00, 0x00,
  0x00, 0x1d, 0x00, 0x00, 0x00, 0x1d, 0x00, 0x00, 0x00, 0x1d, 0x00, 0x00, 0x00, 0x1d, 0x00, 0x00,
  0x00, 0x1d, 0x00, 0x00, 0x00, 0x1d, 0x00, 0x00, 0x00, 0x1d, 0x00, 0x00, 0x00, 0x1d, 0x00, 0x00,
  0x00, 0x1d, 0x00, 0x00, 0x00, 0x1d, 0x00, 0x00, 0x00, 0x1d, 0x00, 0x00, 0x00, 0x1d, 0x00, 0x00,
  0x00, 0xff, 0xff, 0xff, 0xff, 0xff, 0xff, 0xff, 0xff, 0xff, 0xff, 0xff, 0xff, 0xff, 0xff, 0xff,
  0xff, 0x1d, 0x00, 0x00, 0x00, 0xff, 0xff, 0xff, 0xff, 0x1d, 0x00, 0x00, 0x00, 0x1d, 0x00, 0x00,
  0x00, 0x1d, 0x00, 0x00, 0x00, 0x1d, 0x00, 0x00, 0x00, 0x1d, 0x00, 0x00, 0x00, 0x1d, 0x00, 0x00,
  0x00, 0x1d, 0x00, 0x00, 0x00, 0x1d, 0x00, 0x00, 0x00, 0x1d, 0x00, 0x00, 0x00, 0x1d, 0x00, 0x00,
  0x00, 0x1d, 0x00, 0x00, 0x00, 0x1d, 0x00, 0x00, 0x00, 0x1d, 0x00, 0x00, 0x00, 0x1d, 0x00, 0x00,
  0x00, 0x1d, 0x00, 0x00, 0x00, 0x1d, 0x00, 0x00, 0x00, 0x1d, 0x00, 0x00, 0x00, 0x1d, 0x00, 0x00,
  0x00, 0x1d, 0x00, 0x00, 0x00, 0x1d, 0x00, 0x00, 0x00, 0x1d, 0x00, 0x00, 0x00, 0x1d, 0x00, 0x00,
  0x00, 0x1d, 0x00, 0x00, 0x00, 0x1d, 0x00, 0x00, 0x00, 0x1d, 0x00, 0x00, 0x00, 0x1d, 0x00, 0x00,
  0x00, 0xff, 0xff, 0xff, 0xff, 0xff, 0xff, 0xff, 0xff, 0xff, 0xff, 0xff, 0xff, 0xff, 0xff, 0xff,
  0xff, 0xff, 0xff, 0xff, 0xff, 0x00, 0x00, 0x00, 0x00, 0x21, 0x00, 0x00, 0x00, 0x24, 0x00, 0x00,
  0x00, 0x24, 0x00, 0x00, 0x00, 0x24, 0x00, 0x00, 0x00, 0x24, 0x00, 0x00, 0x00, 0x25, 0x00, 0x00,
  0x00, 0x26, 0x00, 0x00, 0x00, 0x26, 0x00, 0x00, 0x00, 0x27, 0x00, 0x00, 0x00, 0x28, 0x00, 0x00,
  0x00, 0x2c, 0x00, 0x00, 0x00, 0x2c, 0x00, 0x00, 0x00, 0x2c, 0x00, 0x00, 0x00, 0x32, 0x00, 0x00,
  0x00, 0x3c, 0x00, 0x00, 0x00, 0x42, 0x00, 0x00, 0x00, 0x48, 0x00, 0x00, 0x00, 0x50, 0x00, 0x00,
  0x00, 0x55, 0x00, 0x00, 0x00, 0x5b, 0x00, 0x00, 0x00, 0x61, 0x00, 0x00, 0x00, 0x67, 0x00, 0x00,
  0x00, 0x6d, 0x00, 0x00, 0x00, 0x75, 0x00, 0x00, 0x00, 0x7a, 0x00, 0x00, 0x00, 0x7d, 0x00, 0x00,
  0x00, 0x7e, 0x00, 0x00, 0x00, 0x7e, 0x00, 0x00, 0x00, 0x7e, 0x00, 0x00, 0x00, 0x82, 0x00, 0x00,
  0x00, 0x88, 0x00, 0x00, 0x00, 0x90, 0x00, 0x00, 0x00, 0x96, 0x00, 0x00, 0x00, 0x9c, 0x00, 0x00,
  0x00, 0xa2, 0x00, 0x00, 0x00, 0xa8, 0x00, 0x00, 0x00, 0xac, 0x00, 0x00, 0x00, 0xb2, 0x00, 0x00,
  0x00, 0xb8, 0x00, 0x00, 0x00, 0xbe, 0x00, 0x00, 0x00, 0xc4, 0x00, 0x00, 0x00, 0xca, 0x00, 0x00,
  0x00, 0xd0, 0x00, 0x00, 0x00, 0xd6, 0x00, 0x00, 0x00, 0xdc, 0x00, 0x00, 0x00, 0xe2, 0x00, 0x00,
  0x00, 0xe6, 0x00, 0x00, 0x00, 0xea, 0x00, 0x00, 0x00, 0xee, 0x00, 0x00, 0x00, 0xf4, 0x00, 0x00,
  0x00, 0xfa, 0x00, 0x00, 0x00, 0x00, 0x01, 0x00, 0x00, 0x06, 0x01, 0x00, 0x00, 0x0a, 0x01, 0x00,
  0x00, 0x10, 0x01, 0x00, 0x00, 0x14, 0x01, 0x00, 0x00, 0x18, 0x01, 0x00, 0x00, 0x1e, 0x01, 0x00,
  0x00, 0x24, 0x01, 0x00, 0x00, 0x29, 0x01, 0x00, 0x00, 0x2d, 0x01, 0x00, 0x00, 0x33, 0x01, 0x00,
  0x00, 0x39, 0x01, 0x00, 0x00, 0x3d, 0x01, 0x00, 0x00, 0x41, 0x01, 0x00, 0x00, 0x47, 0x01, 0x00,
  0x00, 0x4b, 0x01, 0x00, 0x00, 0x51, 0x01, 0x00, 0x00, 0x56, 0x01, 0x00, 0x00, 0x5c, 0x01, 0x00,
  0x00, 0x60, 0x01, 0x00, 0x00, 0x66, 0x01, 0x00, 0x00, 0x6a, 0x01, 0x00, 0x00, 0x70, 0x01, 0x00,
  0x00, 0x76, 0x01, 0x00, 0x00, 0x7c, 0x01, 0x00, 0x00, 0x80, 0x01, 0x00, 0x00, 0x86, 0x01, 0x00,
  0x00, 0x8a, 0x01, 0x00, 0x00, 0x8e, 0x01, 0x00, 0x00, 0x92, 0x01, 0x00, 0x00, 0x09, 0x00, 0x00,
  0x00, 0x0a, 0x00, 0x00, 0x00, 0x01, 0x00, 0x00, 0x00, 0x0d, 0x00, 0x00, 0x00, 0x0d, 0x00, 0x00,
  0x00, 0x01, 0x00, 0x00, 0x00, 0x20, 0x00, 0x00, 0x00, 0x20, 0x00, 0x00, 0x00, 0x01, 0x00, 0x00,
  0x00, 0x28, 0x00, 0x00, 0x00, 0x28, 0x00, 0x00, 0x00, 0x02, 0x00, 0x00, 0x00, 0x29, 0x00, 0x00,
  0x00, 0x29, 0x00, 0x00, 0x00, 0x03, 0x00, 0x00, 0x00, 0x2c, 0x00, 0x00, 0x00, 0x2c, 0x00, 0x00,
  0x00, 0x04, 0x00, 0x00, 0x00, 0x2d, 0x00, 0x00, 0x00, 0x2d, 0x00, 0x00, 0x00, 0x05, 0x00, 0x00,
  0x00, 0x30, 0x00, 0x00, 0x00, 0x39, 0x00, 0x00, 0x00, 0x06, 0x00, 0x00, 0x00, 0x3b, 0x00, 0x00,
  0x00, 0x3b, 0x00, 0x00, 0x00, 0x07, 0x00, 0x00, 0x00, 0x3d, 0x00, 0x00, 0x00, 0x3d, 0x00, 0x00,
  0x00, 0x08, 0x00, 0x00, 0x00, 0x3e, 0x00, 0x00, 0x00, 0x3e, 0x00, 0x00, 0x00, 0x09, 0x00, 0x00,
  0x00, 0x41, 0x00, 0x00, 0x00, 0x5a, 0x00, 0x00, 0x00, 0x0a, 0x00, 0x00, 0x00, 0x5b, 0x00, 0x00,
  0x00, 0x5b, 0x00, 0x00, 0x00, 0x0b, 0x00, 0x00, 0x00, 0x5d, 0x00, 0x00, 0x00, 0x5d, 0x00, 0x00,
  0x00, 0x0c, 0x00, 0x00, 0x00, 0x5f, 0x00, 0x00, 0x00, 0x5f, 0x00, 0x00, 0x00, 0x0a, 0x00, 0x00,
  0x00, 0x61, 0x00, 0x00, 0x00, 0x61, 0x00, 0x00, 0x00, 0x0d, 0x00, 0x00, 0x00, 0x62, 0x00, 0x00,
  0x00, 0x63, 0x00, 0x00, 0x00, 0x0a, 0x00, 0x00, 0x00, 0x64, 0x00, 0x00, 0x00, 0x64, 0x00, 0x00,
  0x00, 0x0e, 0x00, 0x00, 0x00, 0x65, 0x00, 0x00, 0x00, 0x65, 0x00, 0x00, 0x00, 0x0f, 0x00, 0x00,
  0x00, 0x66, 0x00, 0x00, 0x00, 0x66, 0x00, 0x00, 0x00, 0x10, 0x00, 0x00, 0x00, 0x67, 0x00, 0x00,
  0x00, 0x68, 0x00, 0x00, 0x00, 0x0a, 0x00, 0x00, 0x00, 0x69, 0x00, 0x00, 0x00, 0x69, 0x00, 0x00,
  0x00, 0x11, 0x00, 0x00, 0x00, 0x6a, 0x00, 0x00, 0x00, 0x6b, 0x00, 0x00, 0x00, 0x0a, 0x00, 0x00,
  0x00, 0x6c, 0x00, 0x00, 0x00, 0x6c, 0x00, 0x00, 0x00, 0x12, 0x00, 0x00, 0x00, 0x6d, 0x00, 0x00,
  0x00, 0x6d, 0x00, 0x00, 0x00, 0x13, 0x00, 0x00, 0x00, 0x6e, 0x00, 0x00, 0x00, 0x6e, 0x00, 0x00,
  0x00, 0x14, 0x00, 0x00, 0x00, 0x6f, 0x00, 0x00, 0x00, 0x6f, 0x00, 0x00, 0x00, 0x0a, 0x00, 0x00,
  0x00, 0x70, 0x00, 0x00, 0x00, 0x70, 0x00, 0x00, 0x00, 0x15, 0x00, 0x00, 0x00, 0x71, 0x00, 0x00,
  0x00, 0x71, 0x00, 0x00, 0x00, 0x0a, 0x00, 0x00, 0x00, 0x72, 0x00, 0x00, 0x00, 0x72, 0x00, 0x00,
  0x00, 0x16, 0x00, 0x00, 0x00, 0x73, 0x00, 0x00, 0x00, 0x73, 0x00, 0x00, 0x00, 0x17, 0x00, 0x00,
  0x00, 0x74, 0x00, 0x00, 0x00, 0x74, 0x00, 0x00, 0x00, 0x18, 0x00, 0x00, 0x00, 0x75, 0x00, 0x00,
  0x00, 0x7a, 0x00, 0x00, 0x00, 0x0a, 0x00, 0x00, 0x00, 0x09, 0x00, 0x00, 0x00, 0x0a, 0x00, 0x00,
  0x00, 0x19, 0x00, 0x00, 0x00, 0x0d, 0x00, 0x00, 0x00, 0x0d, 0x00, 0x00, 0x00, 0x19, 0x00, 0x00,
  0x00, 0x20, 0x00, 0x00, 0x00, 0x20, 0x00, 0x00, 0x00, 0x19, 0x00, 0x00, 0x00, 0x30, 0x00, 0x00,
  0x00, 0x39, 0x00, 0x00, 0x00, 0x06, 0x00, 0x00, 0x00, 0x30, 0x00, 0x00, 0x00, 0x39, 0x00, 0x00,
  0x00, 0x1a, 0x00, 0x00, 0x00, 0x3e, 0x00, 0x00, 0x00, 0x3e, 0x00, 0x00, 0x00, 0x1b, 0x00, 0x00,
  0x00, 0x3e, 0x00, 0x00, 0x00, 0x3e, 0x00, 0x00, 0x00, 0x1c, 0x00, 0x00, 0x00, 0x30, 0x00, 0x00,
  0x00, 0x39, 0x00, 0x00, 0x00, 0x1d, 0x00, 0x00, 0x00, 0x41, 0x00, 0x00, 0x00, 0x5a, 0x00, 0x00,
  0x00, 0x1d, 0x00, 0x00, 0x00, 0x5f, 0x00, 0x00, 0x00, 0x5f, 0x00, 0x00, 0x00, 0x1d, 0x00, 0x00,
  0x00, 0x61, 0x00, 0x00, 0x00, 0x7a, 0x00, 0x00, 0x00, 0x1d, 0x00, 0x00, 0x00, 0x30, 0x00, 0x00,
  0x00, 0x39, 0x00, 0x00, 0x00, 0x1d, 0x00, 0x00, 0x00, 0x41, 0x00, 0x00, 0x00, 0x5a, 0x00, 0x00,
  0x00, 0x1d, 0x00, 0x00, 0x00, 0x5f, 0x00, 0x00, 0x00, 0x5f, 0x00, 0x00, 0x00, 0x1d, 0x00, 0x00,
  0x00, 0x61, 0x00, 0x00, 0x00, 0x63, 0x00, 0x00, 0x00, 0x1d, 0x00, 0x00, 0x00, 0x64, 0x00, 0x00,
  0x00, 0x64, 0x00, 0x00, 0x00, 0x1e, 0x00, 0x00, 0x00, 0x65, 0x00, 0x00, 0x00, 0x7a, 0x00, 0x00,
  0x00, 0x1d, 0x00, 0x00, 0x00, 0x30, 0x00, 0x00, 0x00, 0x39, 0x00, 0x00, 0x00, 0x1d, 0x00, 0x00,
  0x00, 0x41, 0x00, 0x00, 0x00, 0x5a, 0x00, 0x00, 0x00, 0x1d, 0x00, 0x00, 0x00, 0x5f, 0x00, 0x00,
  0x00, 0x5f, 0x00, 0x00, 0x00, 0x1d, 0x00, 0x00, 0x00, 0x61, 0x00, 0x00, 0x00, 0x64, 0x00, 0x00,
  0x00, 0x1d, 0x00, 0x00, 0x00, 0x65, 0x00, 0x00, 0x00, 0x65, 0x00, 0x00, 0x00, 0x1f, 0x00, 0x00,
  0x00, 0x66, 0x00, 0x00, 0x00, 0x6e, 0x00, 0x00, 0x00, 0x1d, 0x00, 0x00, 0x00, 0x6f, 0x00, 0x00,
  0x00, 0x6f, 0x00, 0x00, 0x00, 0x20, 0x00, 0x00, 0x00, 0x70, 0x00, 0x00, 0x00, 0x71, 0x00, 0x00,
  0x00, 0x1d, 0x00, 0x00, 0x00, 0x72, 0x00, 0x00, 0x00, 0x72, 0x00, 0x00, 0x00, 0x21, 0x00, 0x00,
  0x00, 0x73, 0x00, 0x00, 0x00, 0x7a, 0x00, 0x00, 0x00, 0x1d, 0x00, 0x00, 0x00, 0x30, 0x00, 0x00,
  0x00, 0x39, 0x00, 0x00, 0x00, 0x1d, 0x00, 0x00, 0x00, 0x41, 0x00, 0x00, 0x00, 0x5a, 0x00, 0x00,
  0x00, 0x1d, 0x00, 0x00, 0x00, 0x5f, 0x00, 0x00, 0x00, 0x5f, 0x00, 0x00, 0x00, 0x1d, 0x00, 0x00,
  0x00, 0x61, 0x00, 0x00, 0x00, 0x6c, 0x00, 0x00, 0x00, 0x1d, 0x00, 0x00, 0x00, 0x6d, 0x00, 0x00,
  0x00, 0x6d, 0x00, 0x00, 0x00, 0x22, 0x00, 0x00, 0x00, 0x6e, 0x00, 0x00, 0x00, 0x7a, 0x00, 0x00,
  0x00, 0x1d, 0x00, 0x00, 0x00, 0x30, 0x00, 0x00, 0x00, 0x39, 0x00, 0x00, 0x00, 0x1d, 0x00, 0x00,
  0x00, 0x41, 0x00, 0x00, 0x00, 0x5a, 0x00, 0x00, 0x00, 0x1d, 0x00, 0x00, 0x00, 0x5f, 0x00, 0x00,
  0x00, 0x5f, 0x00, 0x00, 0x00, 0x1d, 0x00, 0x00, 0x00, 0x61, 0x00, 0x00, 0x00, 0x68, 0x00, 0x00,
  0x00, 0x1d, 0x00, 0x00, 0x00, 0x69, 0x00, 0x00, 0x00, 0x69, 0x00, 0x00, 0x00, 0x23, 0x00, 0x00,
  0x00, 0x6a, 0x00, 0x00, 0x00, 0x7a, 0x00, 0x00, 0x00, 0x1d, 0x00, 0x00, 0x00, 0x30, 0x00, 0x00,
  0x00, 0x39, 0x00, 0x00, 0x00, 0x1d, 0x00, 0x00, 0x00, 0x41, 0x00, 0x00, 0x00, 0x5a, 0x00, 0x00,
  0x00, 0x1d, 0x00, 0x00, 0x00, 0x5f, 0x00, 0x00, 0x00, 0x5f, 0x00, 0x00, 0x00, 0x1d, 0x00, 0x00,
  0x00, 0x61, 0x00, 0x00, 0x00, 0x63, 0x00, 0x00, 0x00, 0x1d, 0x00, 0x00, 0x00, 0x64, 0x00, 0x00,
  0x00, 0x64, 0x00, 0x00, 0x00, 0x24, 0x00, 0x00, 0x00, 0x65, 0x00, 0x00, 0x00, 0x6d, 0x00, 0x00,
  0x00, 0x1d, 0x00, 0x00, 0x00, 0x6e, 0x00, 0x00, 0x00, 0x6e, 0x00, 0x00, 0x00, 0x25, 0x00, 0x00,
  0x00, 0x6f, 0x00, 0x00, 0x00, 0x7a, 0x00, 0x00, 0x00, 0x1d, 0x00, 0x00, 0x00, 0x30, 0x00, 0x00,
  0x00, 0x39, 0x00, 0x00, 0x00, 0x1d, 0x00, 0x00, 0x00, 0x41, 0x00, 0x00, 0x00, 0x5a, 0x00, 0x00,
  0x00, 0x1d, 0x00, 0x00, 0x00, 0x5f, 0x00, 0x00, 0x00, 0x5f, 0x00, 0x00, 0x00, 0x1d, 0x00, 0x00,
  0x00, 0x61, 0x00, 0x00, 0x00, 0x61, 0x00, 0x00, 0x00, 0x26, 0x00, 0x00, 0x00, 0x62, 0x00, 0x00,
  0x00, 0x7a, 0x00, 0x00, 0x00, 0x1d, 0x00, 0x00, 0x00, 0x30, 0x00, 0x00, 0x00, 0x39, 0x00, 0x00,
  0x00, 0x1d, 0x00, 0x00, 0x00, 0x41, 0x00, 0x00, 0x00, 0x5a, 0x00, 0x00, 0x00, 0x1d, 0x00, 0x00,
  0x00, 0x5f, 0x00, 0x00, 0x00, 0x5f, 0x00, 0x00, 0x00, 0x1d, 0x00, 0x00, 0x00, 0x61, 0x00, 0x00,
  0x00, 0x74, 0x00, 0x00, 0x00, 0x1d, 0x00, 0x00, 0x00, 0x75, 0x00, 0x00, 0x00, 0x75, 0x00, 0x00,
  0x00, 0x27, 0x00, 0x00, 0x00, 0x76, 0x00, 0x00, 0x00, 0x7a, 0x00, 0x00, 0x00, 0x1d, 0x00, 0x00,
  0x00, 0x30, 0x00, 0x00, 0x00, 0x39, 0x00, 0x00, 0x00, 0x1d, 0x00, 0x00, 0x00, 0x41, 0x00, 0x00,
  0x00, 0x5a, 0x00, 0x00, 0x00, 0x1d, 0x00, 0x00, 0x00, 0x5f, 0x00, 0x00, 0x00, 0x5f, 0x00, 0x00,
  0x00, 0x1d, 0x00, 0x00, 0x00, 0x61, 0x00, 0x00, 0x00, 0x64, 0x00, 0x00, 0x00, 0x1d, 0x00, 0x00,
  0x00, 0x65, 0x00, 0x00, 0x00, 0x65, 0x00, 0x00, 0x00, 0x28, 0x00, 0x00, 0x00, 0x66, 0x00, 0x00,
  0x00, 0x7a, 0x00, 0x00, 0x00, 0x1d, 0x00, 0x00, 0x00, 0x30, 0x00, 0x00, 0x00, 0x39, 0x00, 0x00,
  0x00, 0x1d, 0x00, 0x00, 0x00, 0x41, 0x00, 0x00, 0x00, 0x5a, 0x00, 0x00, 0x00, 0x1d, 0x00, 0x00,
  0x00, 0x5f, 0x00, 0x00, 0x00, 0x5f, 0x00, 0x00, 0x00, 0x1d, 0x00, 0x00, 0x00, 0x61, 0x00, 0x00,
  0x00, 0x71, 0x00, 0x00, 0x00, 0x1d, 0x00, 0x00, 0x00, 0x72, 0x00, 0x00, 0x00, 0x72, 0x00, 0x00,
  0x00, 0x29, 0x00, 0x00, 0x00, 0x73, 0x00, 0x00, 0x00, 0x7a, 0x00, 0x00, 0x00, 0x1d, 0x00, 0x00,
  0x00, 0x30, 0x00, 0x00, 0x00, 0x39, 0x00, 0x00, 0x00, 0x1d, 0x00, 0x00, 0x00, 0x41, 0x00, 0x00,
  0x00, 0x5a, 0x00, 0x00, 0x00, 0x1d, 0x00, 0x00, 0x00, 0x5f, 0x00, 0x00, 0x00, 0x5f, 0x00, 0x00,
  0x00, 0x1d, 0x00, 0x00, 0x00, 0x61, 0x00, 0x00, 0x00, 0x64, 0x00, 0x00, 0x00, 0x1d, 0x00, 0x00,
  0x00, 0x65, 0x00, 0x00, 0x00, 0x65, 0x00, 0x00, 0x00, 0x2a, 0x00, 0x00, 0x00, 0x66, 0x00, 0x00,
  0x00, 0x7a, 0x00, 0x00, 0x00, 0x1d, 0x00, 0x00, 0x00, 0x30, 0x00, 0x00, 0x00, 0x39, 0x00, 0x00,
  0x00, 0x1d, 0x00, 0x00, 0x00, 0x41, 0x00, 0x00, 0x00, 0x5a, 0x00, 0x00, 0x00, 0x1d, 0x00, 0x00,
  0x00, 0x5f, 0x00, 0x00, 0x00, 0x5f, 0x00, 0x00, 0x00, 0x1d, 0x00, 0x00, 0x00, 0x61, 0x00, 0x00,
  0x00, 0x70, 0x00, 0x00, 0x00, 0x1d, 0x00, 0x00, 0x00, 0x71, 0x00, 0x00, 0x00, 0x71, 0x00, 0x00,
  0x00, 0x2b, 0x00, 0x00, 0x00, 0x72, 0x00, 0x00, 0x00, 0x74, 0x00, 0x00, 0x00, 0x1d, 0x00, 0x00,
  0x00, 0x75, 0x00, 0x00, 0x00, 0x75, 0x00, 0x00, 0x00, 0x2c, 0x00, 0x00, 0x00, 0x76, 0x00, 0x00,
  0x00, 0x7a, 0x00, 0x00, 0x00, 0x1d, 0x00, 0x00, 0x00, 0x30, 0x00, 0x00, 0x00, 0x39, 0x00, 0x00,
  0x00, 0x1d, 0x00, 0x00, 0x00, 0x41, 0x00, 0x00, 0x00, 0x5a, 0x00, 0x00, 0x00, 0x1d, 0x00, 0x00,
  0x00, 0x5f, 0x00, 0x00, 0x00, 0x5f, 0x00, 0x00, 0x00, 0x1d, 0x00, 0x00, 0x00, 0x61, 0x00, 0x00,
  0x00, 0x61, 0x00, 0x00, 0x00, 0x2d, 0x00, 0x00, 0x00, 0x62, 0x00, 0x00, 0x00, 0x7a, 0x00, 0x00,
  0x00, 0x1d, 0x00, 0x00, 0x00, 0x09, 0x00, 0x00, 0x00, 0x0a, 0x00, 0x00, 0x00, 0x19, 0x00, 0x00,
  0x00, 0x0d, 0x00, 0x00, 0x00, 0x0d, 0x00, 0x00, 0x00, 0x19, 0x00, 0x00, 0x00, 0x20, 0x00, 0x00,
  0x00, 0x20, 0x00, 0x00, 0x00, 0x19, 0x00, 0x00, 0x00, 0x30, 0x00, 0x00, 0x00, 0x39, 0x00, 0x00,
  0x00, 0x1a, 0x00, 0x00, 0x00, 0x30, 0x00, 0x00, 0x00, 0x39, 0x00, 0x00, 0x00, 0x1d, 0x00, 0x00,
  0x00, 0x41, 0x00, 0x00, 0x00, 0x5a, 0x00, 0x00, 0x00, 0x1d, 0x00, 0x00, 0x00, 0x5f, 0x00, 0x00,
  0x00, 0x5f, 0x00, 0x00, 0x00, 0x1d, 0x00, 0x00, 0x00, 0x61, 0x00, 0x00, 0x00, 0x7a, 0x00, 0x00,
  0x00, 0x1d, 0x00, 0x00, 0x00, 0x30, 0x00, 0x00, 0x00, 0x39, 0x00, 0x00, 0x00, 0x1d, 0x00, 0x00,
  0x00, 0x41, 0x00, 0x00, 0x00, 0x5a, 0x00, 0x00, 0x00, 0x1d, 0x00, 0x00, 0x00, 0x5f, 0x00, 0x00,
  0x00, 0x5f, 0x00, 0x00, 0x00, 0x1d, 0x00, 0x00, 0x00, 0x61, 0x00, 0x00, 0x00, 0x63, 0x00, 0x00,
  0x00, 0x1d, 0x00, 0x00, 0x00, 0x64, 0x00, 0x00, 0x00, 0x64, 0x00, 0x00, 0x00, 0x2e, 0x00, 0x00,
  0x00, 0x65, 0x00, 0x00, 0x00, 0x7a, 0x00, 0x00, 0x00, 0x1d, 0x00, 0x00, 0x00, 0x30, 0x00, 0x00,
  0x00, 0x39, 0x00, 0x00, 0x00, 0x1d, 0x00, 0x00, 0x00, 0x41, 0x00, 0x00, 0x00, 0x5a, 0x00, 0x00,
  0x00, 0x1d, 0x00, 0x00, 0x00, 0x5f, 0x00, 0x00, 0x00, 0x5f, 0x00, 0x00, 0x00, 0x1d, 0x00, 0x00,
  0x00, 0x61, 0x00, 0x00, 0x00, 0x62, 0x00, 0x00, 0x00, 0x1d, 0x00, 0x00, 0x00, 0x63, 0x00, 0x00,
  0x00, 0x63, 0x00, 0x00, 0x00, 0x2f, 0x00, 0x00, 0x00, 0x64, 0x00, 0x00, 0x00, 0x65, 0x00, 0x00,
  0x00, 0x1d, 0x00, 0x00, 0x00, 0x66, 0x00, 0x00, 0x00, 0x66, 0x00, 0x00, 0x00, 0x30, 0x00, 0x00,
  0x00, 0x67, 0x00, 0x00, 0x00, 0x7a, 0x00, 0x00, 0x00, 0x1d, 0x00, 0x00, 0x00, 0x30, 0x00, 0x00,
  0x00, 0x39, 0x00, 0x00, 0x00, 0x1d, 0x00, 0x00, 0x00, 0x41, 0x00, 0x00, 0x00, 0x5a, 0x00, 0x00,
  0x00, 0x1d, 0x00, 0x00, 0x00, 0x5f, 0x00, 0x00, 0x00, 0x5f, 0x00, 0x00, 0x00, 0x1d, 0x00, 0x00,
  0x00, 0x61, 0x00, 0x00, 0x00, 0x74, 0x00, 0x00, 0x00, 0x1d, 0x00, 0x00, 0x00, 0x75, 0x00, 0x00,
  0x00, 0x75, 0x00, 0x00, 0x00, 0x31, 0x00, 0x00, 0x00, 0x76, 0x00, 0x00, 0x00, 0x7a, 0x00, 0x00,
  0x00, 0x1d, 0x00, 0x00, 0x00, 0x30, 0x00, 0x00, 0x00, 0x39, 0x00, 0x00, 0x00, 0x1d, 0x00, 0x00,
  0x00, 0x41, 0x00, 0x00, 0x00, 0x5a, 0x00, 0x00, 0x00, 0x1d, 0x00, 0x00, 0x00, 0x5f, 0x00, 0x00,
  0x00, 0x5f, 0x00, 0x00, 0x00, 0x1d, 0x00, 0x00, 0x00, 0x61, 0x00, 0x00, 0x00, 0x6e, 0x00, 0x00,
  0x00, 0x1d, 0x00, 0x00, 0x00, 0x6f, 0x00, 0x00, 0x00, 0x6f, 0x00, 0x00, 0x00, 0x32, 0x00, 0x00,
  0x00, 0x70, 0x00, 0x00, 0x00, 0x7a, 0x00, 0x00, 0x00, 0x1d, 0x00, 0x00, 0x00, 0x30, 0x00, 0x00,
  0x00, 0x39, 0x00, 0x00, 0x00, 0x1d, 0x00, 0x00, 0x00, 0x41, 0x00, 0x00, 0x00, 0x5a, 0x00, 0x00,
  0x00, 0x1d, 0x00, 0x00, 0x00, 0x5f, 0x00, 0x00, 0x00, 0x5f, 0x00, 0x00, 0x00, 0x1d, 0x00, 0x00,
  0x00, 0x61, 0x00, 0x00, 0x00, 0x68, 0x00, 0x00, 0x00, 0x1d, 0x00, 0x00, 0x00, 0x69, 0x00, 0x00,
  0x00, 0x69, 0x00, 0x00, 0x00, 0x33, 0x00, 0x00, 0x00, 0x6a, 0x00, 0x00, 0x00, 0x7a, 0x00, 0x00,
  0x00, 0x1d, 0x00, 0x00, 0x00, 0x30, 0x00, 0x00, 0x00, 0x39, 0x00, 0x00, 0x00, 0x1d, 0x00, 0x00,
  0x00, 0x41, 0x00, 0x00, 0x00, 0x5a, 0x00, 0x00, 0x00, 0x1d, 0x00, 0x00, 0x00, 0x5f, 0x00, 0x00,
  0x00, 0x5f, 0x00, 0x00, 0x00, 0x1d, 0x00, 0x00, 0x00, 0x61, 0x00, 0x00, 0x00, 0x71, 0x00, 0x00,
  0x00, 0x1d, 0x00, 0x00, 0x00, 0x72, 0x00, 0x00, 0x00, 0x72, 0x00, 0x00, 0x00, 0x34, 0x00, 0x00,
  0x00, 0x73, 0x00, 0x00, 0x00, 0x7a, 0x00, 0x00, 0x00, 0x1d, 0x00, 0x00, 0x00, 0x30, 0x00, 0x00,
  0x00, 0x39, 0x00, 0x00, 0x00, 0x1d, 0x00, 0x00, 0x00, 0x41, 0x00, 0x00, 0x00, 0x5a, 0x00, 0x00,
  0x00, 0x1d, 0x00, 0x00, 0x00, 0x5f, 0x00, 0x00, 0x00, 0x5f, 0x00, 0x00, 0x00, 0x1d, 0x00, 0x00,
  0x00, 0x61, 0x00, 0x00, 0x00, 0x7a, 0x00, 0x00, 0x00, 0x1d, 0x00, 0x00, 0x00, 0x30, 0x00, 0x00,
  0x00, 0x39, 0x00, 0x00, 0x00, 0x1d, 0x00, 0x00, 0x00, 0x41, 0x00, 0x00, 0x00, 0x5a, 0x00, 0x00,
  0x00, 0x1d, 0x00, 0x00, 0x00, 0x5f, 0x00, 0x00, 0x00, 0x5f, 0x00, 0x00, 0x00, 0x1d, 0x00, 0x00,
  0x00, 0x61, 0x00, 0x00, 0x00, 0x62, 0x00, 0x00, 0x00, 0x1d, 0x00, 0x00, 0x00, 0x63, 0x00, 0x00,
  0x00, 0x63, 0x00, 0x00, 0x00, 0x35, 0x00, 0x00, 0x00, 0x64, 0x00, 0x00, 0x00, 0x7a, 0x00, 0x00,
  0x00, 0x1d, 0x00, 0x00, 0x00, 0x30, 0x00, 0x00, 0x00, 0x39, 0x00, 0x00, 0x00, 0x1d, 0x00, 0x00,
  0x00, 0x41, 0x00, 0x00, 0x00, 0x5a, 0x00, 0x00, 0x00, 0x1d, 0x00, 0x00, 0x00, 0x5f, 0x00, 0x00,
  0x00, 0x5f, 0x00, 0x00, 0x00, 0x1d, 0x00, 0x00, 0x00, 0x61, 0x00, 0x00, 0x00, 0x72, 0x00, 0x00,
  0x00, 0x1d, 0x00, 0x00, 0x00, 0x73, 0x00, 0x00, 0x00, 0x73, 0x00, 0x00, 0x00, 0x36, 0x00, 0x00,
  0x00, 0x74, 0x00, 0x00, 0x00, 0x7a, 0x00, 0x00, 0x00, 0x1d, 0x00, 0x00, 0x00, 0x30, 0x00, 0x00,
  0x00, 0x39, 0x00, 0x00, 0x00, 0x1d, 0x00, 0x00, 0x00, 0x41, 0x00, 0x00, 0x00, 0x5a, 0x00, 0x00,
  0x00, 0x1d, 0x00, 0x00, 0x00, 0x5f, 0x00, 0x00, 0x00, 0x5f, 0x00, 0x00, 0x00, 0x1d, 0x00, 0x00,
  0x00, 0x61, 0x00, 0x00, 0x00, 0x6b, 0x00, 0x00, 0x00, 0x1d, 0x00, 0x00, 0x00, 0x6c, 0x00, 0x00,
  0x00, 0x6c, 0x00, 0x00, 0x00, 0x37, 0x00, 0x00, 0x00, 0x6d, 0x00, 0x00, 0x00, 0x7a, 0x00, 0x00,
  0x00, 0x1d, 0x00, 0x00, 0x00, 0x30, 0x00, 0x00, 0x00, 0x39, 0x00, 0x00, 0x00, 0x1d, 0x00, 0x00,
  0x00, 0x41, 0x00, 0x00, 0x00, 0x5a, 0x00, 0x00, 0x00, 0x1d, 0x00, 0x00, 0x00, 0x5f, 0x00, 0x00,
  0x00, 0x5f, 0x00, 0x00, 0x00, 0x1d, 0x00, 0x00, 0x00, 0x61, 0x00, 0x00, 0x00, 0x66, 0x00, 0x00,
  0x00, 0x1d, 0x00, 0x00, 0x00, 0x67, 0x00, 0x00, 0x00, 0x67, 0x00, 0x00, 0x00, 0x38, 0x00, 0x00,
  0x00, 0x68, 0x00, 0x00, 0x00, 0x7a, 0x00, 0x00, 0x00, 0x1d, 0x00, 0x00, 0x00, 0x30, 0x00, 0x00,
  0x00, 0x39, 0x00, 0x00, 0x00, 0x1d, 0x00, 0x00, 0x00, 0x41, 0x00, 0x00, 0x00, 0x5a, 0x00, 0x00,
  0x00, 0x1d, 0x00, 0x00, 0x00, 0x5f, 0x00, 0x00, 0x00, 0x5f, 0x00, 0x00, 0x00, 0x1d, 0x00, 0x00,
  0x00, 0x61, 0x00, 0x00, 0x00, 0x6e, 0x00, 0x00, 0x00, 0x1d, 0x00, 0x00, 0x00, 0x6f, 0x00, 0x00,
  0x00, 0x6f, 0x00, 0x00, 0x00, 0x39, 0x00, 0x00, 0x00, 0x70, 0x00, 0x00, 0x00, 0x7a, 0x00, 0x00,
  0x00, 0x1d, 0x00, 0x00, 0x00, 0x30, 0x00, 0x00, 0x00, 0x39, 0x00, 0x00, 0x00, 0x1d, 0x00, 0x00,
  0x00, 0x41, 0x00, 0x00, 0x00, 0x5a, 0x00, 0x00, 0x00, 0x1d, 0x00, 0x00, 0x00, 0x5f, 0x00, 0x00,
  0x00, 0x5f, 0x00, 0x00, 0x00, 0x1d, 0x00, 0x00, 0x00, 0x61, 0x00, 0x00, 0x00, 0x6f, 0x00, 0x00,
  0x00, 0x1d, 0x00, 0x00, 0x00, 0x70, 0x00, 0x00, 0x00, 0x70, 0x00, 0x00, 0x00, 0x3a, 0x00, 0x00,
  0x00, 0x71, 0x00, 0x00, 0x00, 0x7a, 0x00, 0x00, 0x00, 0x1d, 0x00, 0x00, 0x00, 0x30, 0x00, 0x00,
  0x00, 0x39, 0x00, 0x00, 0x00, 0x1d, 0x00, 0x00, 0x00, 0x41, 0x00, 0x00, 0x00, 0x5a, 0x00, 0x00,
  0x00, 0x1d, 0x00, 0x00, 0x00, 0x5f, 0x00, 0x00, 0x00, 0x5f, 0x00, 0x00, 0x00, 0x1d, 0x00, 0x00,
  0x00, 0x61, 0x00, 0x00, 0x00, 0x74, 0x00, 0x00, 0x00, 0x1d, 0x00, 0x00, 0x00, 0x75, 0x00, 0x00,
  0x00, 0x75, 0x00, 0x00, 0x00, 0x3b, 0x00, 0x00, 0x00, 0x76, 0x00, 0x00, 0x00, 0x7a, 0x00, 0x00,
  0x00, 0x1d, 0x00, 0x00, 0x00, 0x30, 0x00, 0x00, 0x00, 0x39, 0x00, 0x00, 0x00, 0x1d, 0x00, 0x00,
  0x00, 0x41, 0x00, 0x00, 0x00, 0x5a, 0x00, 0x00, 0x00, 0x1d, 0x00, 0x00, 0x00, 0x5f, 0x00, 0x00,
  0x00, 0x5f, 0x00, 0x00, 0x00, 0x1d, 0x00, 0x00, 0x00, 0x61, 0x00, 0x00, 0x00, 0x6c, 0x00, 0x00,
  0x00, 0x1d, 0x00, 0x00, 0x00, 0x6d, 0x00, 0x00, 0x00, 0x6d, 0x00, 0x00, 0x00, 0x3c, 0x00, 0x00,
  0x00, 0x6e, 0x00, 0x00, 0x00, 0x7a, 0x00, 0x00, 0x00, 0x1d, 0x00, 0x00, 0x00, 0x30, 0x00, 0x00,
  0x00, 0x39, 0x00, 0x00, 0x00, 0x1d, 0x00, 0x00, 0x00, 0x41, 0x00, 0x00, 0x00, 0x5a, 0x00, 0x00,
  0x00, 0x1d, 0x00, 0x00, 0x00, 0x5f, 0x00, 0x00, 0x00, 0x5f, 0x00, 0x00, 0x00, 0x1d, 0x00, 0x00,
  0x00, 0x61, 0x00, 0x00, 0x00, 0x6a, 0x00, 0x00, 0x00, 0x1d, 0x00, 0x00, 0x00, 0x6b, 0x00, 0x00,
  0x00, 0x6b, 0x00, 0x00, 0x00, 0x3d, 0x00, 0x00, 0x00, 0x6c, 0x00, 0x00, 0x00, 0x7a, 0x00, 0x00,
  0x00, 0x1d, 0x00, 0x00, 0x00, 0x30, 0x00, 0x00, 0x00, 0x39, 0x00, 0x00, 0x00, 0x1d, 0x00, 0x00,
  0x00, 0x41, 0x00, 0x00, 0x00, 0x5a, 0x00, 0x00, 0x00, 0x1d, 0x00, 0x00, 0x00, 0x5f, 0x00, 0x00,
  0x00, 0x5f, 0x00, 0x00, 0x00, 0x1d, 0x00, 0x00, 0x00, 0x61, 0x00, 0x00, 0x00, 0x7a, 0x00, 0x00,
  0x00, 0x1d, 0x00, 0x00, 0x00, 0x30, 0x00, 0x00, 0x00, 0x39, 0x00, 0x00, 0x00, 0x1d, 0x00, 0x00,
  0x00, 0x41, 0x00, 0x00, 0x00, 0x5a, 0x00, 0x00, 0x00, 0x1d, 0x00, 0x00, 0x00, 0x5f, 0x00, 0x00,
  0x00, 0x5f, 0x00, 0x00, 0x00, 0x1d, 0x00, 0x00, 0x00, 0x61, 0x00, 0x00, 0x00, 0x7a, 0x00, 0x00,
  0x00, 0x1d, 0x00, 0x00, 0x00, 0x30, 0x00, 0x00, 0x00, 0x39, 0x00, 0x00, 0x00, 0x1d, 0x00, 0x00,
  0x00, 0x41, 0x00, 0x00, 0x00, 0x5a, 0x00, 0x00, 0x00, 0x1d, 0x00, 0x00, 0x00, 0x5f, 0x00, 0x00,
  0x00, 0x5f, 0x00, 0x00, 0x00, 0x1d, 0x00, 0x00, 0x00, 0x61, 0x00, 0x00, 0x00, 0x7a, 0x00, 0x00,
  0x00, 0x1d, 0x00, 0x00, 0x00, 0x30, 0x00, 0x00, 0x00, 0x39, 0x00, 0x00, 0x00, 0x1d, 0x00, 0x00,
  0x00, 0x41, 0x00, 0x00, 0x00, 0x5a, 0x00, 0x00, 0x00, 0x1d, 0x00, 0x00, 0x00, 0x5f, 0x00, 0x00,
  0x00, 0x5f, 0x00, 0x00, 0x00, 0x1d, 0x00, 0x00, 0x00, 0x61, 0x00, 0x00, 0x00, 0x61, 0x00, 0x00,
  0x00, 0x1d, 0x00, 0x00, 0x00, 0x62, 0x00, 0x00, 0x00, 0x62, 0x00, 0x00, 0x00, 0x3e, 0x00, 0x00,
  0x00, 0x63, 0x00, 0x00, 0x00, 0x7a, 0x00, 0x00, 0x00, 0x1d, 0x00, 0x00, 0x00, 0x30, 0x00, 0x00,
  0x00, 0x39, 0x00, 0x00, 0x00, 0x1d, 0x00, 0x00, 0x00, 0x41, 0x00, 0x00, 0x00, 0x5a, 0x00, 0x00,
  0x00, 0x1d, 0x00, 0x00, 0x00, 0x5f, 0x00, 0x00, 0x00, 0x5f, 0x00, 0x00, 0x00, 0x1d, 0x00, 0x00,
  0x00, 0x61, 0x00, 0x00, 0x00, 0x6f, 0x00, 0x00, 0x00, 0x1d, 0x00, 0x00, 0x00, 0x70, 0x00, 0x00,
  0x00, 0x70, 0x00, 0x00, 0x00, 0x3f, 0x00, 0x00, 0x00, 0x71, 0x00, 0x00, 0x00, 0x7a, 0x00, 0x00,
  0x00, 0x1d, 0x00, 0x00, 0x00, 0x30, 0x00, 0x00, 0x00, 0x39, 0x00, 0x00, 0x00, 0x1d, 0x00, 0x00,
  0x00, 0x41, 0x00, 0x00, 0x00, 0x5a, 0x00, 0x00, 0x00, 0x1d, 0x00, 0x00, 0x00, 0x5f, 0x00, 0x00,
  0x00, 0x5f, 0x00, 0x00, 0x00, 0x1d, 0x00, 0x00, 0x00, 0x61, 0x00, 0x00, 0x00, 0x73, 0x00, 0x00,
  0x00, 0x1d, 0x00, 0x00, 0x00, 0x74, 0x00, 0x00, 0x00, 0x74, 0x00, 0x00, 0x00, 0x40, 0x00, 0x00,
  0x00, 0x75, 0x00, 0x00, 0x00, 0x7a, 0x00, 0x00, 0x00, 0x1d, 0x00, 0x00, 0x00, 0x30, 0x00, 0x00,
  0x00, 0x39, 0x00, 0x00, 0x00, 0x1d, 0x00, 0x00, 0x00, 0x41, 0x00, 0x00, 0x00, 0x5a, 0x00, 0x00,
  0x00, 0x1d, 0x00, 0x00, 0x00, 0x5f, 0x00, 0x00, 0x00, 0x5f, 0x00, 0x00, 0x00, 0x1d, 0x00, 0x00,
  0x00, 0x61, 0x00, 0x00, 0x00, 0x72, 0x00, 0x00, 0x00, 0x1d, 0x00, 0x00, 0x00, 0x73, 0x00, 0x00,
  0x00, 0x73, 0x00, 0x00, 0x00, 0x41, 0x00, 0x00, 0x00, 0x74, 0x00, 0x00, 0x00, 0x7a, 0x00, 0x00,
  0x00, 0x1d, 0x00, 0x00, 0x00, 0x30, 0x00, 0x00, 0x00, 0x39, 0x00, 0x00, 0x00, 0x1d, 0x00, 0x00,
  0x00, 0x41, 0x00, 0x00, 0x00, 0x5a, 0x00, 0x00, 0x00, 0x1d, 0x00, 0x00, 0x00, 0x5f, 0x00, 0x00,
  0x00, 0x5f, 0x00, 0x00, 0x00, 0x1d, 0x00, 0x00, 0x00, 0x61, 0x00, 0x00, 0x00, 0x7a, 0x00, 0x00,
  0x00, 0x1d, 0x00, 0x00, 0x00, 0x30, 0x00, 0x00, 0x00, 0x39, 0x00, 0x00, 0x00, 0x1d, 0x00, 0x00,
  0x00, 0x41, 0x00, 0x00, 0x00, 0x5a, 0x00, 0x00, 0x00, 0x1d, 0x00, 0x00, 0x00, 0x5f, 0x00, 0x00,
  0x00, 0x5f, 0x00, 0x00, 0x00, 0x1d, 0x00, 0x00, 0x00, 0x61, 0x00, 0x00, 0x00, 0x73, 0x00, 0x00,
  0x00, 0x1d, 0x00, 0x00, 0x00, 0x74, 0x00, 0x00, 0x00, 0x74, 0x00, 0x00, 0x00, 0x42, 0x00, 0x00,
  0x00, 0x75, 0x00, 0x00, 0x00, 0x7a, 0x00, 0x00, 0x00, 0x1d, 0x00, 0x00, 0x00, 0x30, 0x00, 0x00,
  0x00, 0x39, 0x00, 0x00, 0x00, 0x1d, 0x00, 0x00, 0x00, 0x41, 0x00, 0x00, 0x00, 0x5a, 0x00, 0x00,
  0x00, 0x1d, 0x00, 0x00, 0x00, 0x5f, 0x00, 0x00, 0x00, 0x5f, 0x00, 0x00, 0x00, 0x1d, 0x00, 0x00,
  0x00, 0x61, 0x00, 0x00, 0x00, 0x7a, 0x00, 0x00, 0x00, 0x1d, 0x00, 0x00, 0x00, 0x30, 0x00, 0x00,
  0x00, 0x39, 0x00, 0x00, 0x00, 0x1d, 0x00, 0x00, 0x00, 0x41, 0x00, 0x00, 0x00, 0x5a, 0x00, 0x00,
  0x00, 0x1d, 0x00, 0x00, 0x00, 0x5f, 0x00, 0x00, 0x00, 0x5f, 0x00, 0x00, 0x00, 0x1d, 0x00, 0x00,
  0x00, 0x61, 0x00, 0x00, 0x00, 0x7a, 0x00, 0x00, 0x00, 0x1d, 0x00, 0x00, 0x00, 0x30, 0x00, 0x00,
  0x00, 0x39, 0x00, 0x00, 0x00, 0x1d, 0x00, 0x00, 0x00, 0x41, 0x00, 0x00, 0x00, 0x5a, 0x00, 0x00,
  0x00, 0x1d, 0x00, 0x00, 0x00, 0x5f, 0x00, 0x00, 0x00, 0x5f, 0x00, 0x00, 0x00, 0x1d, 0x00, 0x00,
  0x00, 0x61, 0x00, 0x00, 0x00, 0x63, 0x00, 0x00, 0x00, 0x1d, 0x00, 0x00, 0x00, 0x64, 0x00, 0x00,
  0x00, 0x64, 0x00, 0x00, 0x00, 0x43, 0x00, 0x00, 0x00, 0x65, 0x00, 0x00, 0x00, 0x7a, 0x00, 0x00,
  0x00, 0x1d, 0x00, 0x00, 0x00, 0x30, 0x00, 0x00, 0x00, 0x39, 0x00, 0x00, 0x00, 0x1d, 0x00, 0x00,
  0x00, 0x41, 0x00, 0x00, 0x00, 0x5a, 0x00, 0x00, 0x00, 0x1d, 0x00, 0x00, 0x00, 0x5f, 0x00, 0x00,
  0x00, 0x5f, 0x00, 0x00, 0x00, 0x1d, 0x00, 0x00, 0x00, 0x61, 0x00, 0x00, 0x00, 0x64, 0x00, 0x00,
  0x00, 0x1d, 0x00, 0x00, 0x00, 0x65, 0x00, 0x00, 0x00, 0x65, 0x00, 0x00, 0x00, 0x44, 0x00, 0x00,
  0x00, 0x66, 0x00, 0x00, 0x00, 0x7a, 0x00, 0x00, 0x00, 0x1d, 0x00, 0x00, 0x00, 0x30, 0x00, 0x00,
  0x00, 0x39, 0x00, 0x00, 0x00, 0x1d, 0x00, 0x00, 0x00, 0x41, 0x00, 0x00, 0x00, 0x5a, 0x00, 0x00,
  0x00, 0x1d, 0x00, 0x00, 0x00, 0x5f, 0x00, 0x00, 0x00, 0x5f, 0x00, 0x00, 0x00, 0x1d, 0x00, 0x00,
  0x00, 0x61, 0x00, 0x00, 0x00, 0x61, 0x00, 0x00, 0x00, 0x45, 0x00, 0x00, 0x00, 0x62, 0x00, 0x00,
  0x00, 0x7a, 0x00, 0x00, 0x00, 0x1d, 0x00, 0x00, 0x00, 0x30, 0x00, 0x00, 0x00, 0x39, 0x00, 0x00,
  0x00, 0x1d, 0x00, 0x00, 0x00, 0x41, 0x00, 0x00, 0x00, 0x5a, 0x00, 0x00, 0x00, 0x1d, 0x00, 0x00,
  0x00, 0x5f, 0x00, 0x00, 0x00, 0x5f, 0x00, 0x00, 0x00, 0x1d, 0x00, 0x00, 0x00, 0x61, 0x00, 0x00,
  0x00, 0x7a, 0x00, 0x00, 0x00, 0x1d, 0x00, 0x00, 0x00, 0x30, 0x00, 0x00, 0x00, 0x39, 0x00, 0x00,
  0x00, 0x1d, 0x00, 0x00, 0x00, 0x41, 0x00, 0x00, 0x00, 0x5a, 0x00, 0x00, 0x00, 0x1d, 0x00, 0x00,
  0x00, 0x5f, 0x00, 0x00, 0x00, 0x5f, 0x00, 0x00, 0x00, 0x1d, 0x00, 0x00, 0x00, 0x61, 0x00, 0x00,
  0x00, 0x64, 0x00, 0x00, 0x00, 0x1d, 0x00, 0x00, 0x00, 0x65, 0x00, 0x00, 0x00, 0x65, 0x00, 0x00,
  0x00, 0x46, 0x00, 0x00, 0x00, 0x66, 0x00, 0x00, 0x00, 0x7a, 0x00, 0x00, 0x00, 0x1d, 0x00, 0x00,
  0x00, 0x30, 0x00, 0x00, 0x00, 0x39, 0x00, 0x00, 0x00, 0x1d, 0x00, 0x00, 0x00, 0x41, 0x00, 0x00,
  0x00, 0x5a, 0x00, 0x00, 0x00, 0x1d, 0x00, 0x00, 0x00, 0x5f, 0x00, 0x00, 0x00, 0x5f, 0x00, 0x00,
  0x00, 0x1d, 0x00, 0x00, 0x00, 0x61, 0x00, 0x00, 0x00, 0x6b, 0x00, 0x00, 0x00, 0x1d, 0x00, 0x00,
  0x00, 0x6c, 0x00, 0x00, 0x00, 0x6c, 0x00, 0x00, 0x00, 0x47, 0x00, 0x00, 0x00, 0x6d, 0x00, 0x00,
  0x00, 0x7a, 0x00, 0x00, 0x00, 0x1d, 0x00, 0x00, 0x00, 0x30, 0x00, 0x00, 0x00, 0x39, 0x00, 0x00,
  0x00, 0x1d, 0x00, 0x00, 0x00, 0x41, 0x00, 0x00, 0x00, 0x5a, 0x00, 0x00, 0x00, 0x1d, 0x00, 0x00,
  0x00, 0x5f, 0x00, 0x00, 0x00, 0x5f, 0x00, 0x00, 0x00, 0x1d, 0x00, 0x00, 0x00, 0x61, 0x00, 0x00,
  0x00, 0x7a, 0x00, 0x00, 0x00, 0x1d, 0x00, 0x00, 0x00, 0x30, 0x00, 0x00, 0x00, 0x39, 0x00, 0x00,
  0x00, 0x1d, 0x00, 0x00, 0x00, 0x41, 0x00, 0x00, 0x00, 0x5a, 0x00, 0x00, 0x00, 0x1d, 0x00, 0x00,
  0x00, 0x5f, 0x00, 0x00, 0x00, 0x5f, 0x00, 0x00, 0x00, 0x1d, 0x00, 0x00, 0x00, 0x61, 0x00, 0x00,
  0x00, 0x7a, 0x00, 0x00, 0x00, 0x1d, 0x00, 0x00, 0x00, 0x30, 0x00, 0x00, 0x00, 0x39, 0x00, 0x00,
  0x00, 0x1d, 0x00, 0x00, 0x00, 0x41, 0x00, 0x00, 0x00, 0x5a, 0x00, 0x00, 0x00, 0x1d, 0x00, 0x00,
  0x00, 0x5f, 0x00, 0x00, 0x00, 0x5f, 0x00, 0x00, 0x00, 0x1d, 0x00, 0x00, 0x00, 0x61, 0x00, 0x00,
  0x00, 0x73, 0x00, 0x00, 0x00, 0x1d, 0x00, 0x00, 0x00, 0x74, 0x00, 0x00, 0x00, 0x74, 0x00, 0x00,
  0x00, 0x48, 0x00, 0x00, 0x00, 0x75, 0x00, 0x00, 0x00, 0x7a, 0x00, 0x00, 0x00, 0x1d, 0x00, 0x00,
  0x00, 0x30, 0x00, 0x00, 0x00, 0x39, 0x00, 0x00, 0x00, 0x1d, 0x00, 0x00, 0x00, 0x41, 0x00, 0x00,
  0x00, 0x5a, 0x00, 0x00, 0x00, 0x1d, 0x00, 0x00, 0x00, 0x5f, 0x00, 0x00, 0x00, 0x5f, 0x00, 0x00,
  0x00, 0x1d, 0x00, 0x00, 0x00, 0x61, 0x00, 0x00, 0x00, 0x7a, 0x00, 0x00, 0x00, 0x1d, 0x00, 0x00,
  0x00, 0x30, 0x00, 0x00, 0x00, 0x39, 0x00, 0x00, 0x00, 0x1d, 0x00, 0x00, 0x00, 0x41, 0x00, 0x00,
  0x00, 0x5a, 0x00, 0x00, 0x00, 0x1d, 0x00, 0x00, 0x00, 0x5f, 0x00, 0x00, 0x00, 0x5f, 0x00, 0x00,
  0x00, 0x1d, 0x00, 0x00, 0x00, 0x61, 0x00, 0x00, 0x00, 0x74, 0x00, 0x00, 0x00, 0x1d, 0x00, 0x00,
  0x00, 0x75, 0x00, 0x00, 0x00, 0x75, 0x00, 0x00, 0x00, 0x49, 0x00, 0x00, 0x00, 0x76, 0x00, 0x00,
  0x00, 0x7a, 0x00, 0x00, 0x00, 0x1d, 0x00, 0x00, 0x00, 0x30, 0x00, 0x00, 0x00, 0x39, 0x00, 0x00,
  0x00, 0x1d, 0x00, 0x00, 0x00, 0x41, 0x00, 0x00, 0x00, 0x5a, 0x00, 0x00, 0x00, 0x1d, 0x00, 0x00,
  0x00, 0x5f, 0x00, 0x00, 0x00, 0x5f, 0x00, 0x00, 0x00, 0x1d, 0x00, 0x00, 0x00, 0x61, 0x00, 0x00,
  0x00, 0x61, 0x00, 0x00, 0x00, 0x4a, 0x00, 0x00, 0x00, 0x62, 0x00, 0x00, 0x00, 0x7a, 0x00, 0x00,
  0x00, 0x1d, 0x00, 0x00, 0x00, 0x30, 0x00, 0x00, 0x00, 0x39, 0x00, 0x00, 0x00, 0x1d, 0x00, 0x00,
  0x00, 0x41, 0x00, 0x00, 0x00, 0x5a, 0x00, 0x00, 0x00, 0x1d, 0x00, 0x00, 0x00, 0x5f, 0x00, 0x00,
  0x00, 0x5f, 0x00, 0x00, 0x00, 0x1d, 0x00, 0x00, 0x00, 0x61, 0x00, 0x00, 0x00, 0x71, 0x00, 0x00,
  0x00, 0x1d, 0x00, 0x00, 0x00, 0x72, 0x00, 0x00, 0x00, 0x72, 0x00, 0x00, 0x00, 0x4b, 0x00, 0x00,
  0x00, 0x73, 0x00, 0x00, 0x00, 0x7a, 0x00, 0x00, 0x00, 0x1d, 0x00, 0x00, 0x00, 0x30, 0x00, 0x00,
  0x00, 0x39, 0x00, 0x00, 0x00, 0x1d, 0x00, 0x00, 0x00, 0x41, 0x00, 0x00, 0x00, 0x5a, 0x00, 0x00,
  0x00, 0x1d, 0x00, 0x00, 0x00, 0x5f, 0x00, 0x00, 0x00, 0x5f, 0x00, 0x00, 0x00, 0x1d, 0x00, 0x00,
  0x00, 0x61, 0x00, 0x00, 0x00, 0x7a, 0x00, 0x00, 0x00, 0x1d, 0x00, 0x00, 0x00, 0x30, 0x00, 0x00,
  0x00, 0x39, 0x00, 0x00, 0x00, 0x1d, 0x00, 0x00, 0x00, 0x41, 0x00, 0x00, 0x00, 0x5a, 0x00, 0x00,
  0x00, 0x1d, 0x00, 0x00, 0x00, 0x5f, 0x00, 0x00, 0x00, 0x5f, 0x00, 0x00, 0x00, 0x1d, 0x00, 0x00,
  0x00, 0x61, 0x00, 0x00, 0x00, 0x64, 0x00, 0x00, 0x00, 0x1d, 0x00, 0x00, 0x00, 0x65, 0x00, 0x00,
  0x00, 0x65, 0x00, 0x00, 0x00, 0x4c, 0x00, 0x00, 0x00, 0x66, 0x00, 0x00, 0x00, 0x7a, 0x00, 0x00,
  0x00, 0x1d, 0x00, 0x00, 0x00, 0x30, 0x00, 0x00, 0x00, 0x39, 0x00, 0x00, 0x00, 0x1d, 0x00, 0x00,
  0x00, 0x41, 0x00, 0x00, 0x00, 0x5a, 0x00, 0x00, 0x00, 0x1d, 0x00, 0x00, 0x00, 0x5f, 0x00, 0x00,
  0x00, 0x5f, 0x00, 0x00, 0x00, 0x1d, 0x00, 0x00, 0x00, 0x61, 0x00, 0x00, 0x00, 0x7a, 0x00, 0x00,
  0x00, 0x1d, 0x00, 0x00, 0x00, 0x30, 0x00, 0x00, 0x00, 0x39, 0x00, 0x00, 0x00, 0x1d, 0x00, 0x00,
  0x00, 0x41, 0x00, 0x00, 0x00, 0x5a, 0x00, 0x00, 0x00, 0x1d, 0x00, 0x00, 0x00, 0x5f, 0x00, 0x00,
  0x00, 0x5f, 0x00, 0x00, 0x00, 0x1d, 0x00, 0x00, 0x00, 0x61, 0x00, 0x00, 0x00, 0x62, 0x00, 0x00,
  0x00, 0x1d, 0x00, 0x00, 0x00, 0x63, 0x00, 0x00, 0x00, 0x63, 0x00, 0x00, 0x00, 0x4d, 0x00, 0x00,
  0x00, 0x64, 0x00, 0x00, 0x00, 0x7a, 0x00, 0x00, 0x00, 0x1d, 0x00, 0x00, 0x00, 0x30, 0x00, 0x00,
  0x00, 0x39, 0x00, 0x00, 0x00, 0x1d, 0x00, 0x00, 0x00, 0x41, 0x00, 0x00, 0x00, 0x5a, 0x00, 0x00,
  0x00, 0x1d, 0x00, 0x00, 0x00, 0x5f, 0x00, 0x00, 0x00, 0x5f, 0x00, 0x00, 0x00, 0x1d, 0x00, 0x00,
  0x00, 0x61, 0x00, 0x00, 0x00, 0x73, 0x00, 0x00, 0x00, 0x1d, 0x00, 0x00, 0x00, 0x74, 0x00, 0x00,
  0x00, 0x74, 0x00, 0x00, 0x00, 0x4e, 0x00, 0x00, 0x00, 0x75, 0x00, 0x00, 0x00, 0x7a, 0x00, 0x00,
  0x00, 0x1d, 0x00, 0x00, 0x00, 0x30, 0x00, 0x00, 0x00, 0x39, 0x00, 0x00, 0x00, 0x1d, 0x00, 0x00,
  0x00, 0x41, 0x00, 0x00, 0x00, 0x5a, 0x00, 0x00, 0x00, 0x1d, 0x00, 0x00, 0x00, 0x5f, 0x00, 0x00,
  0x00, 0x5f, 0x00, 0x00, 0x00, 0x1d, 0x00, 0x00, 0x00, 0x61, 0x00, 0x00, 0x00, 0x64, 0x00, 0x00,
  0x00, 0x1d, 0x00, 0x00, 0x00, 0x65, 0x00, 0x00, 0x00, 0x65, 0x00, 0x00, 0x00, 0x4f, 0x00, 0x00,
  0x00, 0x66, 0x00, 0x00, 0x00, 0x7a, 0x00, 0x00, 0x00, 0x1d, 0x00, 0x00, 0x00, 0x30, 0x00, 0x00,
  0x00, 0x39, 0x00, 0x00, 0x00, 0x1d, 0x00, 0x00, 0x00, 0x41, 0x00, 0x00, 0x00, 0x5a, 0x00, 0x00,
  0x00, 0x1d, 0x00, 0x00, 0x00, 0x5f, 0x00, 0x00, 0x00, 0x5f, 0x00, 0x00, 0x00, 0x1d, 0x00, 0x00,
  0x00, 0x61, 0x00, 0x00, 0x00, 0x7a, 0x00, 0x00, 0x00, 0x1d, 0x00, 0x00, 0x00, 0x30, 0x00, 0x00,
  0x00, 0x39, 0x00, 0x00, 0x00, 0x1d, 0x00, 0x00, 0x00, 0x41, 0x00, 0x00, 0x00, 0x5a, 0x00, 0x00,
  0x00, 0x1d, 0x00, 0x00, 0x00, 0x5f, 0x00, 0x00, 0x00, 0x5f, 0x00, 0x00, 0x00, 0x1d, 0x00, 0x00,
  0x00, 0x61, 0x00, 0x00, 0x00, 0x73, 0x00, 0x00, 0x00, 0x1d, 0x00, 0x00, 0x00, 0x74, 0x00, 0x00,
  0x00, 0x74, 0x00, 0x00, 0x00, 0x50, 0x00, 0x00, 0x00, 0x75, 0x00, 0x00, 0x00, 0x7a, 0x00, 0x00,
  0x00, 0x1d, 0x00, 0x00, 0x00, 0x30, 0x00, 0x00, 0x00, 0x39, 0x00, 0x00, 0x00, 0x1d, 0x00, 0x00,
  0x00, 0x41, 0x00, 0x00, 0x00, 0x5a, 0x00, 0x00, 0x00, 0x1d, 0x00, 0x00, 0x00, 0x5f, 0x00, 0x00,
  0x00, 0x5f, 0x00, 0x00, 0x00, 0x1d, 0x00, 0x00, 0x00, 0x61, 0x00, 0x00, 0x00, 0x7a, 0x00, 0x00,
  0x00, 0x1d, 0x00, 0x00, 0x00, 0x30, 0x00, 0x00, 0x00, 0x39, 0x00, 0x00, 0x00, 0x1d, 0x00, 0x00,
  0x00, 0x41, 0x00, 0x00, 0x00, 0x5a, 0x00, 0x00, 0x00, 0x1d, 0x00, 0x00, 0x00, 0x5f, 0x00, 0x00,
  0x00, 0x5f, 0x00, 0x00, 0x00, 0x1d, 0x00, 0x00, 0x00, 0x61, 0x00, 0x00, 0x00, 0x7a, 0x00, 0x00,
  0x00, 0x1d, 0x00, 0x00, 0x00, 0x30, 0x00, 0x00, 0x00, 0x39, 0x00, 0x00, 0x00, 0x1d, 0x00, 0x00,
  0x00, 0x41, 0x00, 0x00, 0x00, 0x5a, 0x00, 0x00, 0x00, 0x1d, 0x00, 0x00, 0x00, 0x5f, 0x00, 0x00,
  0x00, 0x5f, 0x00, 0x00, 0x00, 0x1d, 0x00, 0x00, 0x00, 0x61, 0x00, 0x00, 0x00, 0x7a, 0x00, 0x00,
  0x00, 0x1d, 0x00, 0x00, 0x00, 0x00, 0x00, 0x00, 0x00, 0x02, 0x00, 0x00, 0x00, 0x03, 0x00, 0x00,
  0x00, 0x04, 0x00, 0x00, 0x00, 0x05, 0x00, 0x00, 0x00, 0x08, 0x00, 0x00, 0x00, 0x0b, 0x00, 0x00,
  0x00, 0x0e, 0x00, 0x00, 0x00, 0x11, 0x00, 0x00, 0x00, 0x14, 0x00, 0x00, 0x00, 0x17, 0x00, 0x00,
  0x00, 0x1a, 0x00, 0x00, 0x00, 0x1b, 0x00, 0x00, 0x00, 0x1e, 0x00, 0x00, 0x00, 0x1f, 0x00, 0x00,
  0x00, 0x22, 0x00, 0x00, 0x00, 0x23, 0x00, 0x00, 0x00, 0x24, 0x00, 0x00, 0x00, 0x25, 0x00, 0x00,
  0x00, 0x27, 0x00, 0x00, 0x00, 0x28, 0x00, 0x00, 0x00, 0x29, 0x00, 0x00, 0x00, 0x2a, 0x00, 0x00,
  0x00, 0x2b, 0x00, 0x00, 0x00, 0x2d, 0x00, 0x00, 0x00, 0x3f, 0x00, 0x00, 0x00, 0x51, 0x00, 0x00,
  0x00, 0x63, 0x00, 0x00, 0x00, 0x75, 0x00, 0x00, 0x00, 0x77, 0x00, 0x00, 0x00, 0x78, 0x00, 0x00,
  0x00, 0x79, 0x00, 0x00, 0x00, 0x7a, 0x00, 0x00, 0x00, 0x7b, 0x00, 0x00, 0x00, 0x7c, 0x00, 0x00,
  0x00, 0x7e, 0x00, 0x00, 0x00, 0x80, 0x00, 0x00, 0x00, 0x82, 0x00, 0x00, 0x00, 0x94, 0x00, 0x00,
  0x00, 0xa6, 0x00, 0x00, 0x00, 0xa7, 0x00, 0x00, 0x00, 0xa9, 0x00, 0x00, 0x00, 0xab, 0x00, 0x00,
  0x00, 0xad, 0x00, 0x00, 0x00, 0xaf, 0x00, 0x00, 0x00, 0xb1, 0x00, 0x00, 0x00, 0xb3, 0x00, 0x00,
  0x00, 0xb5, 0x00, 0x00, 0x00, 0xb7, 0x00, 0x00, 0x00, 0xb9, 0x00, 0x00, 0x00, 0xbb, 0x00, 0x00,
  0x00, 0xbc, 0x00, 0x00, 0x00, 0xbd, 0x00, 0x00, 0x00, 0xbe, 0x00, 0x00, 0x00, 0xbf, 0x00, 0x00,
  0x00, 0xc0, 0x00, 0x00, 0x00, 0xc2, 0x00, 0x00, 0x00, 0xc4, 0x00, 0x00, 0x00, 0xc6, 0x00, 0x00,
  0x00, 0xc8, 0x00, 0x00, 0x00, 0xca, 0x00, 0x00, 0x00, 0xcc, 0x00, 0x00, 0x00, 0xce, 0x00, 0x00,
  0x00, 0xd0, 0x00, 0x00, 0x00, 0xd2, 0x00, 0x00, 0x00, 0xd4, 0x00, 0x00, 0x00, 0xd6, 0x00, 0x00,
  0x00, 0xd8, 0x00, 0x00, 0x00, 0xda, 0x00, 0x00, 0x00, 0xdc, 0x00, 0x00, 0x00, 0xde, 0x00, 0x00,
  0x00, 0xe0, 0x00, 0x00, 0x00, 0xe2, 0x00, 0x00, 0x00, 0xe4, 0x00, 0x00, 0x00, 0xe6, 0x00, 0x00,
  0x00, 0xe8, 0x00, 0x00, 0x00, 0xe9, 0x00, 0x00, 0x00, 0xea, 0x00, 0x00, 0x00, 0xeb, 0x00, 0x00,
  0x00, 0xed, 0x00, 0x00, 0x00, 0xef, 0x00, 0x00, 0x00, 0xf1, 0x00, 0x00, 0x00, 0xf3, 0x00, 0x00,
  0x00, 0x05, 0x01, 0x00, 0x00, 0x07, 0x01, 0x00, 0x00, 0x09, 0x01, 0x00, 0x00, 0x0b, 0x01, 0x00,
  0x00, 0x1d, 0x01, 0x00, 0x00, 0x1f, 0x01, 0x00, 0x00, 0x20, 0x01, 0x00, 0x00, 0x22, 0x01, 0x00,
  0x00, 0x24, 0x01, 0x00, 0x00, 0x26, 0x01, 0x00, 0x00, 0x28, 0x01, 0x00, 0x00, 0x2a, 0x01, 0x00,
  0x00, 0x2c, 0x01, 0x00, 0x00, 0x2e, 0x01, 0x00, 0x00, 0x30, 0x01, 0x00, 0x00, 0x32, 0x01, 0x00,
  0x00, 0x34, 0x01, 0x00, 0x00, 0x36, 0x01, 0x00, 0x00, 0x38, 0x01, 0x00, 0x00, 0x39, 0x01, 0x00,
  0x00, 0x3b, 0x01, 0x00, 0x00, 0x3c, 0x01, 0x00, 0x00, 0x3e, 0x01, 0x00, 0x00, 0x3f, 0x01, 0x00,
  0x00, 0x41, 0x01, 0x00, 0x00, 0x42, 0x01, 0x00, 0x00, 0x43, 0x01, 0x00, 0x00, 0x44, 0x01, 0x00,
  0x00, 0x45, 0x01, 0x00, 0x00, 0x46, 0x01, 0x00, 0x00, 0x47, 0x01, 0x00, 0x00, 0x48, 0x01, 0x00,
  0x00, 0x4a, 0x01, 0x00, 0x00, 0x4d, 0x01, 0x00, 0x00, 0x50, 0x01, 0x00, 0x00, 0x51, 0x01, 0x00,
  0x00, 0x53, 0x01, 0x00, 0x00, 0x55, 0x01, 0x00, 0x00, 0x57, 0x01, 0x00, 0x00, 0x59, 0x01, 0x00,
  0x00, 0x5b, 0x01, 0x00, 0x00, 0x5d, 0x01, 0x00, 0x00, 0x5f, 0x01, 0x00, 0x00, 0x61, 0x01, 0x00,
  0x00, 0x63, 0x01, 0x00, 0x00, 0x65, 0x01, 0x00, 0x00, 0x67, 0x01, 0x00, 0x00, 0x69, 0x01, 0x00,
  0x00, 0x6a, 0x01, 0x00, 0x00, 0x6c, 0x01, 0x00, 0x00, 0x6e, 0x01, 0x00, 0x00, 0x70, 0x01, 0x00,
  0x00, 0x72, 0x01, 0x00, 0x00, 0x74, 0x01, 0x00, 0x00, 0x76, 0x01, 0x00, 0x00, 0x78, 0x01, 0x00,
  0x00, 0x7a, 0x01, 0x00, 0x00, 0x7c, 0x01, 0x00, 0x00, 0x7e, 0x01, 0x00, 0x00, 0x80, 0x01, 0x00,
  0x00, 0x82, 0x01, 0x00, 0x00, 0x84, 0x01, 0x00, 0x00, 0x86, 0x01, 0x00, 0x00, 0x88, 0x01, 0x00,
  0x00, 0x8a, 0x01, 0x00, 0x00, 0x8c, 0x01, 0x00, 0x00, 0x8e, 0x01, 0x00, 0x00, 0x90, 0x01, 0x00,
  0x00, 0x92, 0x01, 0x00, 0x00, 0x93, 0x01, 0x00, 0x00, 0x95, 0x01, 0x00, 0x00, 0x97, 0x01, 0x00,
  0x00, 0x99, 0x01, 0x00, 0x00, 0x9b, 0x01, 0x00, 0x00, 0xad, 0x01, 0x00, 0x00, 0xae, 0x01, 0x00,
  0x00, 0xaf, 0x01, 0x00, 0x00, 0xb1, 0x01, 0x00, 0x00, 0xb3, 0x01, 0x00, 0x00, 0xb5, 0x01, 0x00,
  0x00, 0xc7, 0x01, 0x00, 0x00, 0xc9, 0x01, 0x00, 0x00, 0xca, 0x01, 0x00, 0x00, 0xcc, 0x01, 0x00,
  0x00, 0xce, 0x01, 0x00, 0x00, 0xd0, 0x01, 0x00, 0x00, 0xd2, 0x01, 0x00, 0x00, 0xd4, 0x01, 0x00,
  0x00, 0xd6, 0x01, 0x00, 0x00, 0xd8, 0x01, 0x00, 0x00, 0xda, 0x01, 0x00, 0x00, 0xdc, 0x01, 0x00,
  0x00, 0xde, 0x01, 0x00, 0x00, 0xe0, 0x01, 0x00, 0x00, 0xe2, 0x01, 0x00, 0x00, 0xe3, 0x01, 0x00,
  0x00, 0xe5, 0x01, 0x00, 0x00, 0xe6, 0x01, 0x00, 0x00, 0xe8, 0x01, 0x00, 0x00, 0xe9, 0x01, 0x00,
  0x00, 0xeb, 0x01, 0x00, 0x00, 0xec, 0x01, 0x00, 0x00, 0xef, 0x01, 0x00, 0x00, 0xf2, 0x01, 0x00,
  0x00, 0xf5, 0x01, 0x00, 0x00, 0xf8, 0x01, 0x00, 0x00, 0xfb, 0x01, 0x00, 0x00, 0xfe, 0x01, 0x00,
  0x00, 0x01, 0x02, 0x00, 0x00, 0x04, 0x02, 0x00, 0x00, 0x07, 0x02, 0x00, 0x00, 0x0a, 0x02, 0x00,
  0x00, 0x0d, 0x02, 0x00, 0x00, 0x0f, 0x02, 0x00, 0x00, 0x12, 0x02, 0x00, 0x00, 0x15, 0x02, 0x00,
  0x00, 0x18, 0x02, 0x00, 0x00, 0x1b, 0x02, 0x00, 0x00, 0x1e, 0x02, 0x00, 0x00, 0x21, 0x02, 0x00,
  0x00, 0x24, 0x02, 0x00, 0x00, 0x27, 0x02, 0x00, 0x00, 0x2a, 0x02, 0x00, 0x00, 0x2d, 0x02, 0x00,
  0x00, 0x30, 0x02, 0x00, 0x00, 0x33, 0x02, 0x00, 0x00, 0x36, 0x02, 0x00, 0x00, 0x39, 0x02, 0x00,
  0x00, 0x3c, 0x02, 0x00, 0x00, 0x3f, 0x02, 0x00, 0x00, 0x42, 0x02, 0x00, 0x00, 0x45, 0x02, 0x00,
  0x00, 0x48, 0x02, 0x00, 0x00, 0x4b, 0x02, 0x00, 0x00, 0x4d, 0x02, 0x00, 0x00, 0x50, 0x02, 0x00,
  0x00, 0x53, 0x02, 0x00, 0x00, 0x56, 0x02, 0x00, 0x00, 0x59, 0x02, 0x00, 0x00, 0x6b, 0x02, 0x00,
  0x00, 0x6e, 0x02, 0x00, 0x00, 0x71, 0x02, 0x00, 0x00, 0x74, 0x02, 0x00, 0x00, 0x86, 0x02, 0x00,
  0x00, 0x88, 0x02, 0x00, 0x00, 0x8a, 0x02, 0x00, 0x00, 0x8d, 0x02, 0x00, 0x00, 0x8e, 0x02, 0x00,
  0x00, 0x91, 0x02, 0x00, 0x00, 0x94, 0x02, 0x00, 0x00, 0x97, 0x02, 0x00, 0x00, 0x9a, 0x02, 0x00,
  0x00, 0x9d, 0x02, 0x00, 0x00, 0xa0, 0x02, 0x00, 0x00, 0xa3, 0x02, 0x00, 0x00, 0xa6, 0x02, 0x00,
  0x00, 0xa9, 0x02, 0x00, 0x00, 0xac, 0x02, 0x00, 0x00, 0xaf, 0x02, 0x00, 0x00, 0xb2, 0x02, 0x00,
  0x00, 0xb3, 0x02, 0x00, 0x00, 0xb6, 0x02, 0x00, 0x00, 0xb7, 0x02, 0x00, 0x00, 0xba, 0x02, 0x00,
  0x00, 0xbb, 0x02, 0x00, 0x00, 0xbe, 0x02, 0x00, 0x00, 0xbf, 0x02, 0x00, 0x00, 0xc0, 0x02, 0x00,
  0x00, 0xc1, 0x02, 0x00, 0x00, 0xc2, 0x02, 0x00, 0x00, 0xc3, 0x02, 0x00, 0x00, 0xc4, 0x02, 0x00,
  0x00, 0xc5, 0x02, 0x00, 0x00, 0xc6, 0x02, 0x00, 0x00, 0xc7, 0x02, 0x00, 0x00, 0xc8, 0x02, 0x00,
  0x00, 0xc9, 0x02, 0x00, 0x00, 0xcc, 0x02, 0x00, 0x00, 0xcf, 0x02, 0x00, 0x00, 0xd0, 0x02, 0x00,
  0x00, 0xd2, 0x02, 0x00, 0x00, 0xd4, 0x02, 0x00, 0x00, 0xd6, 0x02, 0x00, 0x00, 0xd7, 0x02, 0x00,
  0x00, 0xe9, 0x02, 0x00, 0x00, 0xeb, 0x02, 0x00, 0x00, 0xed, 0x02, 0x00, 0x00, 0xef, 0x02, 0x00,
  0x00, 0x01, 0x03, 0x00, 0x00, 0x02, 0x03, 0x00, 0x00, 0x04, 0x03, 0x00, 0x00, 0x05, 0x03, 0x00,
  0x00, 0x07, 0x03, 0x00, 0x00, 0x09, 0x03, 0x00, 0x00, 0x0b, 0x03, 0x00, 0x00, 0x0c, 0x03, 0x00,
  0x00, 0x0d, 0x03, 0x00, 0x00, 0x0e, 0x03, 0x00, 0x00, 0x0f, 0x03, 0x00, 0x00, 0x10, 0x03, 0x00,
  0x00, 0x12, 0x03, 0x00, 0x00, 0x15, 0x03, 0x00, 0x00, 0x16, 0x03, 0x00, 0x00, 0x18, 0x03, 0x00,
  0x00, 0x19, 0x03, 0x00, 0x00, 0x1b, 0x03, 0x00, 0x00, 0x1c, 0x03, 0x00, 0x00, 0x1d, 0x03, 0x00,
  0x00, 0x1e, 0x03, 0x00, 0x00, 0x1f, 0x03, 0x00, 0x00, 0x20, 0x03, 0x00, 0x00, 0x21, 0x03, 0x00,
  0x00, 0x22, 0x03, 0x00, 0x00, 0x23, 0x03, 0x00, 0x00, 0x24, 0x03, 0x00, 0x00, 0x25, 0x03, 0x00,
  0x00, 0x26, 0x03, 0x00, 0x00, 0x27, 0x03, 0x00, 0x00, 0x28, 0x03, 0x00, 0x00, 0x29, 0x03, 0x00,
  0x00, 0x2a, 0x03, 0x00, 0x00, 0x2b, 0x03, 0x00, 0x00, 0x2c, 0x03, 0x00, 0x00, 0x2d, 0x03, 0x00,
  0x00, 0x2e, 0x03, 0x00, 0x00, 0x2f, 0x03, 0x00, 0x00, 0x31, 0x03, 0x00, 0x00, 0x33, 0x03, 0x00,
  0x00, 0x35, 0x03, 0x00, 0x00, 0x37, 0x03, 0x00, 0x00, 0x39, 0x03, 0x00, 0x00, 0x3b, 0x03, 0x00,
  0x00, 0x3d, 0x03, 0x00, 0x00, 0x3f, 0x03, 0x00, 0x00, 0x41, 0x03, 0x00, 0x00, 0x53, 0x03, 0x00,
  0x00, 0x55, 0x03, 0x00, 0x00, 0x57, 0x03, 0x00, 0x00, 0x58, 0x03, 0x00, 0x00, 0x59, 0x03, 0x00,
  0x00, 0x5a, 0x03, 0x00, 0x00, 0x5b, 0x03, 0x00, 0x00, 0x5c, 0x03, 0x00, 0x00, 0x5d, 0x03, 0x00,
  0x00, 0x60, 0x03, 0x00, 0x00, 0x63, 0x03, 0x00, 0x00, 0x66, 0x03, 0x00, 0x00, 0x78, 0x03, 0x00,
  0x00, 0x7b, 0x03, 0x00, 0x00, 0x7e, 0x03, 0x00, 0x00, 0x7f, 0x03, 0x00, 0x00, 0x81, 0x03, 0x00,
  0x00, 0x83, 0x03, 0x00, 0x00, 0x95, 0x03, 0x00, 0x00, 0x97, 0x03, 0x00, 0x00, 0x99, 0x03, 0x00,
  0x00, 0x9b, 0x03, 0x00, 0x00, 0xad, 0x03, 0x00, 0x00, 0xae, 0x03, 0x00, 0x00, 0xaf, 0x03, 0x00,
  0x00, 0xb0, 0x03, 0x00, 0x00, 0xb1, 0x03, 0x00, 0x00, 0xb2, 0x03, 0x00, 0x00, 0xc4, 0x03, 0x00,
  0x00, 0xd6, 0x03, 0x00, 0x00, 0xd8, 0x03, 0x00, 0x00, 0xda, 0x03, 0x00, 0x00, 0xdc, 0x03, 0x00,
  0x00, 0xde, 0x03, 0x00, 0x00, 0xe0, 0x03, 0x00, 0x00, 0xe2, 0x03, 0x00, 0x00, 0xe4, 0x03, 0x00,
  0x00, 0xe6, 0x03, 0x00, 0x00, 0xe8, 0x03, 0x00, 0x00, 0xea, 0x03, 0x00, 0x00, 0xec, 0x03, 0x00,
  0x00, 0xee, 0x03, 0x00, 0x00, 0xf0, 0x03, 0x00, 0x00, 0x02, 0x04, 0x00, 0x00, 0x04, 0x04, 0x00,
  0x00, 0x06, 0x04, 0x00, 0x00, 0x08, 0x04, 0x00, 0x00, 0x0a, 0x04, 0x00, 0x00, 0x0c, 0x04, 0x00,
  0x00, 0x0e, 0x04, 0x00, 0x00, 0x10, 0x04, 0x00, 0x00, 0x12, 0x04, 0x00, 0x00, 0x15, 0x04, 0x00,
  0x00, 0x18, 0x04, 0x00, 0x00, 0x1b, 0x04, 0x00, 0x00, 0x1e, 0x04, 0x00, 0x00, 0x21, 0x04, 0x00,
  0x00, 0x23, 0x04, 0x00, 0x00, 0x25, 0x04, 0x00, 0x00, 0x27, 0x04, 0x00, 0x00, 0x39, 0x04, 0x00,
  0x00, 0x3c, 0x04, 0x00, 0x00, 0x3f, 0x04, 0x00, 0x00, 0x42, 0x04, 0x00, 0x00, 0x45, 0x04, 0x00,
  0x00, 0x48, 0x04, 0x00, 0x00, 0x4b, 0x04, 0x00, 0x00, 0x4e, 0x04, 0x00, 0x00, 0x51, 0x04, 0x00,
  0x00, 0x52, 0x04, 0x00, 0x00, 0x53, 0x04, 0x00, 0x00, 0x54, 0x04, 0x00, 0x00, 0x55, 0x04, 0x00,
  0x00, 0x56, 0x04, 0x00, 0x00, 0x58, 0x04, 0x00, 0x00, 0x5a, 0x04, 0x00, 0x00, 0x5c, 0x04, 0x00,
  0x00, 0x5e, 0x04, 0x00, 0x00, 0x61, 0x04, 0x00, 0x00, 0x64, 0x04, 0x00, 0x00, 0x03, 0x00, 0x00,
  0x00, 0x01, 0x00, 0x00, 0x01, 0x06, 0x00, 0x00, 0x00, 0x02, 0x00, 0x00, 0x01, 0x01, 0x00, 0x00,
  0x00, 0x08, 0x00, 0x00, 0x02, 0x0b, 0x00, 0x00, 0x00, 0x11, 0x00, 0x00, 0x02, 0x00, 0x00, 0x00,
  0x00, 0x00, 0x00, 0x00, 0x03, 0x00, 0x00, 0x00, 0x00, 0x01, 0x00, 0x00, 0x02, 0x03, 0x00, 0x00,
  0x00, 0x01, 0x00, 0x00, 0x02, 0x06, 0x00, 0x00, 0x00, 0x01, 0x00, 0x00, 0x02, 0x00, 0x00, 0x00,
  0x00, 0x05, 0x00, 0x00, 0x02, 0x03, 0x00, 0x00, 0x00, 0x05, 0x00, 0x00, 0x02, 0x06, 0x00, 0x00,
  0x00, 0x05, 0x00, 0x00, 0x02, 0x00, 0x00, 0x00, 0x00, 0x06, 0x00, 0x00, 0x02, 0x03, 0x00, 0x00,
  0x00, 0x06, 0x00, 0x00, 0x02, 0x06, 0x00, 0x00, 0x00, 0x06, 0x00, 0x00, 0x02, 0x00, 0x00, 0x00,
  0x00, 0x04, 0x00, 0x00, 0x02, 0x03, 0x00, 0x00, 0x00, 0x01, 0x00, 0x00, 0x01, 0x06, 0x00, 0x00,
  0x00, 0x02, 0x00, 0x00, 0x01, 0x00, 0x00, 0x00, 0x00, 0x02, 0x00, 0x00, 0x02, 0x03, 0x00, 0x00,
  0x00, 0x02, 0x00, 0x00, 0x02, 0x06, 0x00, 0x00, 0x00, 0x02, 0x00, 0x00, 0x02, 0x00, 0x00, 0x00,
  0x00, 0x07, 0x00, 0x00, 0x02, 0x03, 0x00, 0x00, 0x00, 0x07, 0x00, 0x00, 0x02, 0x06, 0x00, 0x00,
  0x00, 0x07, 0x00, 0x00, 0x02, 0x00, 0x00, 0x00, 0x00, 0x10, 0x00, 0x00, 0x02, 0x03, 0x00, 0x00,
  0x00, 0x10, 0x00, 0x00, 0x02, 0x06, 0x00, 0x00, 0x00, 0x10, 0x00, 0x00, 0x02, 0x01, 0x00, 0x00,
  0x00, 0x0f, 0x00, 0x00, 0x01, 0x00, 0x00, 0x00, 0x00, 0x19, 0x00, 0x00, 0x02, 0x03, 0x00, 0x00,
  0x00, 0x19, 0x00, 0x00, 0x02, 0x06, 0x00, 0x00, 0x00, 0x19, 0x00, 0x00, 0x02, 0x0b, 0x00, 0x00,
  0x00, 0x12, 0x00, 0x00, 0x01, 0x00, 0x00, 0x00, 0x00, 0x03, 0x00, 0x00, 0x02, 0x03, 0x00, 0x00,
  0x00, 0x03, 0x00, 0x00, 0x02, 0x06, 0x00, 0x00, 0x00, 0x03, 0x00, 0x00, 0x02, 0x04, 0x00, 0x00,
  0x00, 0x09, 0x00, 0x00, 0x02, 0x04, 0x00, 0x00, 0x00, 0x18, 0x00, 0x00, 0x01, 0x04, 0x00, 0x00,
  0x00, 0x0a, 0x00, 0x00, 0x02, 0x02, 0x00, 0x00, 0x00, 0x8e, 0x00, 0x00, 0x02, 0x0c, 0x00, 0x00,
  0x00, 0x8e, 0x00, 0x00, 0x02, 0x07, 0x00, 0x00, 0x00, 0x12, 0x00, 0x00, 0x02, 0x07, 0x00, 0x00,
  0x00, 0x1a, 0x00, 0x00, 0x01, 0x07, 0x00, 0x00, 0x00, 0x13, 0x00, 0x00, 0x02, 0x07, 0x00, 0x00,
  0x00, 0x95, 0x00, 0x00, 0x02, 0x02, 0x00, 0x00, 0x00, 0x1c, 0x00, 0x00, 0x01, 0x0c, 0x00, 0x00,
  0x00, 0x90, 0x00, 0x00, 0x02, 0x01, 0x00, 0x00, 0x00, 0x0b, 0x00, 0x00, 0x02, 0x09, 0x00, 0x00,
  0x00, 0x0b, 0x00, 0x00, 0x02, 0x0b, 0x00, 0x00, 0x00, 0x0b, 0x00, 0x00, 0x02, 0x0e, 0x00, 0x00,
  0x00, 0x0b, 0x00, 0x00, 0x02, 0x0f, 0x00, 0x00, 0x00, 0x0b, 0x00, 0x00, 0x02, 0x10, 0x00, 0x00,
  0x00, 0x0b, 0x00, 0x00, 0x02, 0x11, 0x00, 0x00, 0x00, 0x0b, 0x00, 0x00, 0x02, 0x12, 0x00, 0x00,
  0x00, 0x0b, 0x00, 0x00, 0x02, 0x13, 0x00, 0x00, 0x00, 0x0b, 0x00, 0x00, 0x02, 0x14, 0x00, 0x00,
  0x00, 0x0b, 0x00, 0x00, 0x02, 0x15, 0x00, 0x00, 0x00, 0x0b, 0x00, 0x00, 0x02, 0x16, 0x00, 0x00,
  0x00, 0x0b, 0x00, 0x00, 0x02, 0x17, 0x00, 0x00, 0x00, 0x0b, 0x00, 0x00, 0x02, 0x18, 0x00, 0x00,
  0x00, 0x0b, 0x00, 0x00, 0x02, 0x19, 0x00, 0x00, 0x00, 0x0b, 0x00, 0x00, 0x02, 0x1a, 0x00, 0x00,
  0x00, 0x0b, 0x00, 0x00, 0x02, 0x1b, 0x00, 0x00, 0x00, 0x0b, 0x00, 0x00, 0x02, 0x1c, 0x00, 0x00,
  0x00, 0x0b, 0x00, 0x00, 0x02, 0x01, 0x00, 0x00, 0x00, 0x24, 0x00, 0x00, 0x01, 0x09, 0x00, 0x00,
  0x00, 0x25, 0x00, 0x00, 0x01, 0x0b, 0x00, 0x00, 0x00, 0x26, 0x00, 0x00, 0x01, 0x0e, 0x00, 0x00,
  0x00, 0x27, 0x00, 0x00, 0x01, 0x0f, 0x00, 0x00, 0x00, 0x28, 0x00, 0x00, 0x01, 0x10, 0x00, 0x00,
  0x00, 0x29, 0x00, 0x00, 0x01, 0x11, 0x00, 0x00, 0x00, 0x2a, 0x00, 0x00, 0x01, 0x12, 0x00, 0x00,
  0x00, 0x2b, 0x00, 0x00, 0x01, 0x13, 0x00, 0x00, 0x00, 0x2c, 0x00, 0x00, 0x01, 0x14, 0x00, 0x00,
  0x00, 0x2d, 0x00, 0x00, 0x01, 0x15, 0x00, 0x00, 0x00, 0x2e, 0x00, 0x00, 0x01, 0x16, 0x00, 0x00,
  0x00, 0x2f, 0x00, 0x00, 0x01, 0x17, 0x00, 0x00, 0x00, 0x30, 0x00, 0x00, 0x01, 0x18, 0x00, 0x00,
  0x00, 0x31, 0x00, 0x00, 0x01, 0x19, 0x00, 0x00, 0x00, 0x32, 0x00, 0x00, 0x01, 0x1a, 0x00, 0x00,
  0x00, 0x33, 0x00, 0x00, 0x01, 0x1b, 0x00, 0x00, 0x00, 0x34, 0x00, 0x00, 0x01, 0x1c, 0x00, 0x00,
  0x00, 0x35, 0x00, 0x00, 0x01, 0x01, 0x00, 0x00, 0x00, 0x14, 0x00, 0x00, 0x02, 0x09, 0x00, 0x00,
  0x00, 0x14, 0x00, 0x00, 0x02, 0x0b, 0x00, 0x00, 0x00, 0x14, 0x00, 0x00, 0x02, 0x0e, 0x00, 0x00,
  0x00, 0x14, 0x00, 0x00, 0x02, 0x0f, 0x00, 0x00, 0x00, 0x14, 0x00, 0x00, 0x02, 0x10, 0x00, 0x00,
  0x00, 0x14, 0x00, 0x00, 0x02, 0x11, 0x00, 0x00, 0x00, 0x14, 0x00, 0x00, 0x02, 0x12, 0x00, 0x00,
  0x00, 0x14, 0x00, 0x00, 0x02, 0x13, 0x00, 0x00, 0x00, 0x14, 0x00, 0x00, 0x02, 0x14, 0x00, 0x00,
  0x00, 0x14, 0x00, 0x00, 0x02, 0x15, 0x00, 0x00, 0x00, 0x14, 0x00, 0x00, 0x02, 0x16, 0x00, 0x00,
  0x00, 0x14, 0x00, 0x00, 0x02, 0x17, 0x00, 0x00, 0x00, 0x14, 0x00, 0x00, 0x02, 0x18, 0x00, 0x00,
  0x00, 0x14, 0x00, 0x00, 0x02, 0x19, 0x00, 0x00, 0x00, 0x14, 0x00, 0x00, 0x02, 0x1a, 0x00, 0x00,
  0x00, 0x14, 0x00, 0x00, 0x02, 0x1b, 0x00, 0x00, 0x00, 0x14, 0x00, 0x00, 0x02, 0x1c, 0x00, 0x00,
  0x00, 0x14, 0x00, 0x00, 0x02, 0x01, 0x00, 0x00, 0x00, 0x24, 0x00, 0x00, 0x01, 0x09, 0x00, 0x00,
  0x00, 0x25, 0x00, 0x00, 0x01, 0x0b, 0x00, 0x00, 0x00, 0x26, 0x00, 0x00, 0x01, 0x0e, 0x00, 0x00,
  0x00, 0x27, 0x00, 0x00, 0x01, 0x0f, 0x00, 0x00, 0x00, 0x28, 0x00, 0x00, 0x01, 0x10, 0x00, 0x00,
  0x00, 0x29, 0x00, 0x00, 0x01, 0x11, 0x00, 0x00, 0x00, 0x2a, 0x00, 0x00, 0x01, 0x12, 0x00, 0x00,
  0x00, 0x2b, 0x00, 0x00, 0x01, 0x13, 0x00, 0x00, 0x00, 0x2c, 0x00, 0x00, 0x01, 0x14, 0x00, 0x00,
  0x00, 0x2d, 0x00, 0x00, 0x01, 0x15, 0x00, 0x00, 0x00, 0x2e, 0x00, 0x00, 0x01, 0x16, 0x00, 0x00,
  0x00, 0x2f, 0x00, 0x00, 0x01, 0x17, 0x00, 0x00, 0x00, 0x30, 0x00, 0x00, 0x01, 0x18, 0x00, 0x00,
  0x00, 0x31, 0x00, 0x00, 0x01, 0x19, 0x00, 0x00, 0x00, 0x32, 0x00, 0x00, 0x01, 0x1a, 0x00, 0x00,
  0x00, 0x33, 0x00, 0x00, 0x01, 0x1b, 0x00, 0x00, 0x00, 0x34, 0x00, 0x00, 0x01, 0x1c, 0x00, 0x00,
  0x00, 0x35, 0x00, 0x00, 0x01, 0x0c, 0x00, 0x00, 0x00, 0x96, 0x00, 0x00, 0x02, 0x0d, 0x00, 0x00,
  0x00, 0x96, 0x00, 0x00, 0x02, 0x0c, 0x00, 0x00, 0x00, 0x8f, 0x00, 0x00, 0x02, 0x0c, 0x00, 0x00,
  0x00, 0x6f, 0x00, 0x00, 0x01, 0x0c, 0x00, 0x00, 0x00, 0x92, 0x00, 0x00, 0x02, 0x0c, 0x00, 0x00,
  0x00, 0x91, 0x00, 0x00, 0x02, 0x0c, 0x00, 0x00, 0x00, 0x9d, 0x00, 0x00, 0x02, 0x0c, 0x00, 0x00,
  0x00, 0x99, 0x00, 0x00, 0x02, 0x0d, 0x00, 0x00, 0x00, 0x99, 0x00, 0x00, 0x02, 0x0c, 0x00, 0x00,
  0x00, 0x97, 0x00, 0x00, 0x02, 0x0d, 0x00, 0x00, 0x00, 0x97, 0x00, 0x00, 0x02, 0x05, 0x00, 0x00,
  0x00, 0x33, 0x00, 0x00, 0x02, 0x08, 0x00, 0x00, 0x00, 0x33, 0x00, 0x00, 0x02, 0x01, 0x00, 0x00,
  0x00, 0x2d, 0x00, 0x00, 0x02, 0x09, 0x00, 0x00, 0x00, 0x2d, 0x00, 0x00, 0x02, 0x0b, 0x00, 0x00,
  0x00, 0x2d, 0x00, 0x00, 0x02, 0x0e, 0x00, 0x00, 0x00, 0x2d, 0x00, 0x00, 0x02, 0x0f, 0x00, 0x00,
  0x00, 0x2d, 0x00, 0x00, 0x02, 0x10, 0x00, 0x00, 0x00, 0x2d, 0x00, 0x00, 0x02, 0x11, 0x00, 0x00,
  0x00, 0x2d, 0x00, 0x00, 0x02, 0x12, 0x00, 0x00, 0x00, 0x2d, 0x00, 0x00, 0x02, 0x13, 0x00, 0x00,
  0x00, 0x2d, 0x00, 0x00, 0x02, 0x14, 0x00, 0x00, 0x00, 0x2d, 0x00, 0x00, 0x02, 0x15, 0x00, 0x00,
  0x00, 0x2d, 0x00, 0x00, 0x02, 0x16, 0x00, 0x00, 0x00, 0x2d, 0x00, 0x00, 0x02, 0x17, 0x00, 0x00,
  0x00, 0x2d, 0x00, 0x00, 0x02, 0x18, 0x00, 0x00, 0x00, 0x2d, 0x00, 0x00, 0x02, 0x19, 0x00, 0x00,
  0x00, 0x2d, 0x00, 0x00, 0x02, 0x1a, 0x00, 0x00, 0x00, 0x2d, 0x00, 0x00, 0x02, 0x1b, 0x00, 0x00,
  0x00, 0x2d, 0x00, 0x00, 0x02, 0x1c, 0x00, 0x00, 0x00, 0x2d, 0x00, 0x00, 0x02, 0x01, 0x00, 0x00,
  0x00, 0x36, 0x00, 0x00, 0x02, 0x09, 0x00, 0x00, 0x00, 0x36, 0x00, 0x00, 0x02, 0x0b, 0x00, 0x00,
  0x00, 0x36, 0x00, 0x00, 0x02, 0x0e, 0x00, 0x00, 0x00, 0x36, 0x00, 0x00, 0x02, 0x0f, 0x00, 0x00,
  0x00, 0x36, 0x00, 0x00, 0x02, 0x10, 0x00, 0x00, 0x00, 0x36, 0x00, 0x00, 0x02, 0x11, 0x00, 0x00,
  0x00, 0x36, 0x00, 0x00, 0x02, 0x12, 0x00, 0x00, 0x00, 0x36, 0x00, 0x00, 0x02, 0x13, 0x00, 0x00,
  0x00, 0x36, 0x00, 0x00, 0x02, 0x14, 0x00, 0x00, 0x00, 0x36, 0x00, 0x00, 0x02, 0x15, 0x00, 0x00,
  0x00, 0x36, 0x00, 0x00, 0x02, 0x16, 0x00, 0x00, 0x00, 0x36, 0x00, 0x00, 0x02, 0x17, 0x00, 0x00,
  0x00, 0x36, 0x00, 0x00, 0x02, 0x18, 0x00, 0x00, 0x00, 0x36, 0x00, 0x00, 0x02, 0x19, 0x00, 0x00,
  0x00, 0x36, 0x00, 0x00, 0x02, 0x1a, 0x00, 0x00, 0x00, 0x36, 0x00, 0x00, 0x02, 0x1b, 0x00, 0x00,
  0x00, 0x36, 0x00, 0x00, 0x02, 0x1c, 0x00, 0x00, 0x00, 0x36, 0x00, 0x00, 0x02, 0x09, 0x00, 0x00,
  0x00, 0x45, 0x00, 0x00, 0x02, 0x05, 0x00, 0x00, 0x00, 0x5e, 0x00, 0x00, 0x02, 0x08, 0x00, 0x00,
  0x00, 0x5e, 0x00, 0x00, 0x02, 0x05, 0x00, 0x00, 0x00, 0x60, 0x00, 0x00, 0x02, 0x08, 0x00, 0x00,
  0x00, 0x60, 0x00, 0x00, 0x02, 0x05, 0x00, 0x00, 0x00, 0x62, 0x00, 0x00, 0x02, 0x08, 0x00, 0x00,
  0x00, 0x62, 0x00, 0x00, 0x02, 0x05, 0x00, 0x00, 0x00, 0x64, 0x00, 0x00, 0x02, 0x08, 0x00, 0x00,
  0x00, 0x64, 0x00, 0x00, 0x02, 0x05, 0x00, 0x00, 0x00, 0x66, 0x00, 0x00, 0x02, 0x08, 0x00, 0x00,
  0x00, 0x66, 0x00, 0x00, 0x02, 0x05, 0x00, 0x00, 0x00, 0x68, 0x00, 0x00, 0x02, 0x08, 0x00, 0x00,
  0x00, 0x68, 0x00, 0x00, 0x02, 0x05, 0x00, 0x00, 0x00, 0x6a, 0x00, 0x00, 0x02, 0x08, 0x00, 0x00,
  0x00, 0x6a, 0x00, 0x00, 0x02, 0x05, 0x00, 0x00, 0x00, 0x6c, 0x00, 0x00, 0x02, 0x08, 0x00, 0x00,
  0x00, 0x6c, 0x00, 0x00, 0x02, 0x05, 0x00, 0x00, 0x00, 0x6e, 0x00, 0x00, 0x02, 0x08, 0x00, 0x00,
  0x00, 0x6e, 0x00, 0x00, 0x02, 0x05, 0x00, 0x00, 0x00, 0x70, 0x00, 0x00, 0x02, 0x08, 0x00, 0x00,
  0x00, 0x70, 0x00, 0x00, 0x02, 0x09, 0x00, 0x00, 0x00, 0x72, 0x00, 0x00, 0x02, 0x09, 0x00, 0x00,
  0x00, 0x79, 0x00, 0x00, 0x02, 0x09, 0x00, 0x00, 0x00, 0x80, 0x00, 0x00, 0x02, 0x09, 0x00, 0x00,
  0x00, 0x87, 0x00, 0x00, 0x02, 0x05, 0x00, 0x00, 0x00, 0x0c, 0x00, 0x00, 0x02, 0x05, 0x00, 0x00,
  0x00, 0x1a, 0x00, 0x00, 0x02, 0x08, 0x00, 0x00, 0x00, 0x1a, 0x00, 0x00, 0x02, 0x05, 0x00, 0x00,
  0x00, 0x2b, 0x00, 0x00, 0x02, 0x08, 0x00, 0x00, 0x00, 0x2b, 0x00, 0x00, 0x02, 0x05, 0x00, 0x00,
  0x00, 0x28, 0x00, 0x00, 0x02, 0x08, 0x00, 0x00, 0x00, 0x28, 0x00, 0x00, 0x02, 0x05, 0x00, 0x00,
  0x00, 0x2a, 0x00, 0x00, 0x02, 0x08, 0x00, 0x00, 0x00, 0x2a, 0x00, 0x00, 0x02, 0x05, 0x00, 0x00,
  0x00, 0x29, 0x00, 0x00, 0x02, 0x08, 0x00, 0x00, 0x00, 0x29, 0x00, 0x00, 0x02, 0x05, 0x00, 0x00,
  0x00, 0x27, 0x00, 0x00, 0x02, 0x08, 0x00, 0x00, 0x00, 0x27, 0x00, 0x00, 0x02, 0x05, 0x00, 0x00,
  0x00, 0x4f, 0x00, 0x00, 0x02, 0x08, 0x00, 0x00, 0x00, 0x4f, 0x00, 0x00, 0x02, 0x05, 0x00, 0x00,
  0x00, 0x50, 0x00, 0x00, 0x02, 0x08, 0x00, 0x00, 0x00, 0x50, 0x00, 0x00, 0x02, 0x05, 0x00, 0x00,
  0x00, 0x51, 0x00, 0x00, 0x02, 0x08, 0x00, 0x00, 0x00, 0x51, 0x00, 0x00, 0x02, 0x05, 0x00, 0x00,
  0x00, 0x52, 0x00, 0x00, 0x02, 0x08, 0x00, 0x00, 0x00, 0x52, 0x00, 0x00, 0x02, 0x05, 0x00, 0x00,
  0x00, 0x53, 0x00, 0x00, 0x02, 0x08, 0x00, 0x00, 0x00, 0x53, 0x00, 0x00, 0x02, 0x05, 0x00, 0x00,
  0x00, 0x54, 0x00, 0x00, 0x02, 0x08, 0x00, 0x00, 0x00, 0x54, 0x00, 0x00, 0x02, 0x05, 0x00, 0x00,
  0x00, 0x55, 0x00, 0x00, 0x02, 0x08, 0x00, 0x00, 0x00, 0x55, 0x00, 0x00, 0x02, 0x05, 0x00, 0x00,
  0x00, 0x56, 0x00, 0x00, 0x02, 0x08, 0x00, 0x00, 0x00, 0x56, 0x00, 0x00, 0x02, 0x05, 0x00, 0x00,
  0x00, 0x57, 0x00, 0x00, 0x02, 0x08, 0x00, 0x00, 0x00, 0x57, 0x00, 0x00, 0x02, 0x05, 0x00, 0x00,
  0x00, 0x58, 0x00, 0x00, 0x02, 0x08, 0x00, 0x00, 0x00, 0x58, 0x00, 0x00, 0x02, 0x05, 0x00, 0x00,
  0x00, 0x59, 0x00, 0x00, 0x02, 0x08, 0x00, 0x00, 0x00, 0x59, 0x00, 0x00, 0x02, 0x05, 0x00, 0x00,
  0x00, 0x5a, 0x00, 0x00, 0x02, 0x08, 0x00, 0x00, 0x00, 0x5a, 0x00, 0x00, 0x02, 0x05, 0x00, 0x00,
  0x00, 0x5b, 0x00, 0x00, 0x02, 0x08, 0x00, 0x00, 0x00, 0x5b, 0x00, 0x00, 0x02, 0x05, 0x00, 0x00,
  0x00, 0x5c, 0x00, 0x00, 0x02, 0x08, 0x00, 0x00, 0x00, 0x5c, 0x00, 0x00, 0x02, 0x05, 0x00, 0x00,
  0x00, 0x73, 0x00, 0x00, 0x01, 0x05, 0x00, 0x00, 0x00, 0x0d, 0x00, 0x00, 0x02, 0x05, 0x00, 0x00,
  0x00, 0x21, 0x00, 0x00, 0x02, 0x05, 0x00, 0x00, 0x00, 0x1d, 0x00, 0x00, 0x02, 0x08, 0x00, 0x00,
  0x00, 0x1d, 0x00, 0x00, 0x02, 0x05, 0x00, 0x00, 0x00, 0x1b, 0x00, 0x00, 0x02, 0x08, 0x00, 0x00,
  0x00, 0x1b, 0x00, 0x00, 0x02, 0x05, 0x00, 0x00, 0x00, 0x2c, 0x00, 0x00, 0x02, 0x08, 0x00, 0x00,
  0x00, 0x2c, 0x00, 0x00, 0x02, 0x05, 0x00, 0x00, 0x00, 0x32, 0x00, 0x00, 0x02, 0x08, 0x00, 0x00,
  0x00, 0x32, 0x00, 0x00, 0x02, 0x01, 0x00, 0x00, 0x00, 0x77, 0x00, 0x00, 0x01, 0x09, 0x00, 0x00,
  0x00, 0x25, 0x00, 0x00, 0x01, 0x0b, 0x00, 0x00, 0x00, 0x26, 0x00, 0x00, 0x01, 0x0e, 0x00, 0x00,
  0x00, 0x27, 0x00, 0x00, 0x01, 0x0f, 0x00, 0x00, 0x00, 0x78, 0x00, 0x00, 0x01, 0x10, 0x00, 0x00,
  0x00, 0x79, 0x00, 0x00, 0x01, 0x11, 0x00, 0x00, 0x00, 0x7a, 0x00, 0x00, 0x01, 0x12, 0x00, 0x00,
  0x00, 0x7b, 0x00, 0x00, 0x01, 0x13, 0x00, 0x00, 0x00, 0x7c, 0x00, 0x00, 0x01, 0x14, 0x00, 0x00,
  0x00, 0x7d, 0x00, 0x00, 0x01, 0x15, 0x00, 0x00, 0x00, 0x7e, 0x00, 0x00, 0x01, 0x16, 0x00, 0x00,
  0x00, 0x7f, 0x00, 0x00, 0x01, 0x17, 0x00, 0x00, 0x00, 0x80, 0x00, 0x00, 0x01, 0x18, 0x00, 0x00,
  0x00, 0x81, 0x00, 0x00, 0x01, 0x19, 0x00, 0x00, 0x00, 0x32, 0x00, 0x00, 0x01, 0x1a, 0x00, 0x00,
  0x00, 0x33, 0x00, 0x00, 0x01, 0x1b, 0x00, 0x00, 0x00, 0x34, 0x00, 0x00, 0x01, 0x1c, 0x00, 0x00,
  0x00, 0x35, 0x00, 0x00, 0x01, 0x05, 0x00, 0x00, 0x00, 0x35, 0x00, 0x00, 0x02, 0x08, 0x00, 0x00,
  0x00, 0x35, 0x00, 0x00, 0x02, 0x05, 0x00, 0x00, 0x00, 0x34, 0x00, 0x00, 0x02, 0x08, 0x00, 0x00,
  0x00, 0x34, 0x00, 0x00, 0x02, 0x05, 0x00, 0x00, 0x00, 0x3f, 0x00, 0x00, 0x02, 0x08, 0x00, 0x00,
  0x00, 0x3f, 0x00, 0x00, 0x02, 0x01, 0x00, 0x00, 0x00, 0xb8, 0x00, 0x00, 0x01, 0x09, 0x00, 0x00,
  0x00, 0x25, 0x00, 0x00, 0x01, 0x0b, 0x00, 0x00, 0x00, 0x26, 0x00, 0x00, 0x01, 0x0e, 0x00, 0x00,
  0x00, 0x27, 0x00, 0x00, 0x01, 0x0f, 0x00, 0x00, 0x00, 0xb9, 0x00, 0x00, 0x01, 0x10, 0x00, 0x00,
  0x00, 0xba, 0x00, 0x00, 0x01, 0x11, 0x00, 0x00, 0x00, 0xbb, 0x00, 0x00, 0x01, 0x12, 0x00, 0x00,
  0x00, 0xbc, 0x00, 0x00, 0x01, 0x13, 0x00, 0x00, 0x00, 0xbd, 0x00, 0x00, 0x01, 0x14, 0x00, 0x00,
  0x00, 0xbe, 0x00, 0x00, 0x01, 0x15, 0x00, 0x00, 0x00, 0xbf, 0x00, 0x00, 0x01, 0x16, 0x00, 0x00,
  0x00, 0xc0, 0x00, 0x00, 0x01, 0x17, 0x00, 0x00, 0x00, 0xc1, 0x00, 0x00, 0x01, 0x18, 0x00, 0x00,
  0x00, 0xc2, 0x00, 0x00, 0x01, 0x19, 0x00, 0x00, 0x00, 0x32, 0x00, 0x00, 0x01, 0x1a, 0x00, 0x00,
  0x00, 0x33, 0x00, 0x00, 0x01, 0x1b, 0x00, 0x00, 0x00, 0x34, 0x00, 0x00, 0x01, 0x1c, 0x00, 0x00,
  0x00, 0x35, 0x00, 0x00, 0x01, 0x05, 0x00, 0x00, 0x00, 0x4e, 0x00, 0x00, 0x02, 0x08, 0x00, 0x00,
  0x00, 0x4e, 0x00, 0x00, 0x02, 0x09, 0x00, 0x00, 0x00, 0xf9, 0x00, 0x00, 0x01, 0x05, 0x00, 0x00,
  0x00, 0x5d, 0x00, 0x00, 0x02, 0x08, 0x00, 0x00, 0x00, 0x5d, 0x00, 0x00, 0x02, 0x05, 0x00, 0x00,
  0x00, 0x5f, 0x00, 0x00, 0x02, 0x08, 0x00, 0x00, 0x00, 0x5f, 0x00, 0x00, 0x02, 0x05, 0x00, 0x00,
  0x00, 0x61, 0x00, 0x00, 0x02, 0x08, 0x00, 0x00, 0x00, 0x61, 0x00, 0x00, 0x02, 0x05, 0x00, 0x00,
  0x00, 0x63, 0x00, 0x00, 0x02, 0x08, 0x00, 0x00, 0x00, 0x63, 0x00, 0x00, 0x02, 0x05, 0x00, 0x00,
  0x00, 0x65, 0x00, 0x00, 0x02, 0x08, 0x00, 0x00, 0x00, 0x65, 0x00, 0x00, 0x02, 0x05, 0x00, 0x00,
  0x00, 0x67, 0x00, 0x00, 0x02, 0x08, 0x00, 0x00, 0x00, 0x67, 0x00, 0x00, 0x02, 0x05, 0x00, 0x00,
  0x00, 0x69, 0x00, 0x00, 0x02, 0x08, 0x00, 0x00, 0x00, 0x69, 0x00, 0x00, 0x02, 0x05, 0x00, 0x00,
  0x00, 0x6b, 0x00, 0x00, 0x02, 0x08, 0x00, 0x00, 0x00, 0x6b, 0x00, 0x00, 0x02, 0x05, 0x00, 0x00,
  0x00, 0x6d, 0x00, 0x00, 0x02, 0x08, 0x00, 0x00, 0x00, 0x6d, 0x00, 0x00, 0x02, 0x05, 0x00, 0x00,
  0x00, 0x6f, 0x00, 0x00, 0x02, 0x08, 0x00, 0x00, 0x00, 0x6f, 0x00, 0x00, 0x02, 0x05, 0x00, 0x00,
  0x00, 0x71, 0x00, 0x00, 0x02, 0x08, 0x00, 0x00, 0x00, 0x71, 0x00, 0x00, 0x02, 0x05, 0x00, 0x00,
  0x00, 0x78, 0x00, 0x00, 0x02, 0x08, 0x00, 0x00, 0x00, 0x78, 0x00, 0x00, 0x02, 0x09, 0x00, 0x00,
  0x00, 0xfb, 0x00, 0x00, 0x01, 0x05, 0x00, 0x00, 0x00, 0x7f, 0x00, 0x00, 0x02, 0x08, 0x00, 0x00,
  0x00, 0x7f, 0x00, 0x00, 0x02, 0x09, 0x00, 0x00, 0x00, 0xfd, 0x00, 0x00, 0x01, 0x05, 0x00, 0x00,
  0x00, 0x86, 0x00, 0x00, 0x02, 0x08, 0x00, 0x00, 0x00, 0x86, 0x00, 0x00, 0x02, 0x09, 0x00, 0x00,
  0x00, 0xff, 0x00, 0x00, 0x01, 0x05, 0x00, 0x00, 0x00, 0x8d, 0x00, 0x00, 0x02, 0x08, 0x00, 0x00,
  0x00, 0x8d, 0x00, 0x00, 0x02, 0x09, 0x00, 0x00, 0x00, 0x01, 0x01, 0x00, 0x01, 0x05, 0x00, 0x00,
  0x00, 0x15, 0x00, 0x00, 0x02, 0x05, 0x00, 0x00, 0x00, 0x03, 0x01, 0x00, 0x01, 0x05, 0x00, 0x00,
  0x00, 0x16, 0x00, 0x00, 0x02, 0x07, 0x00, 0x00, 0x00, 0x93, 0x00, 0x00, 0x02, 0x07, 0x00, 0x00,
  0x00, 0x94, 0x00, 0x00, 0x02, 0x0c, 0x00, 0x00, 0x00, 0x9c, 0x00, 0x00, 0x02, 0x0c, 0x00, 0x00,
  0x00, 0x9b, 0x00, 0x00, 0x02, 0x0d, 0x00, 0x00, 0x00, 0x05, 0x01, 0x00, 0x01, 0x00, 0x00, 0x00,
  0x00, 0x0e, 0x00, 0x00, 0x02, 0x03, 0x00, 0x00, 0x00, 0x0e, 0x00, 0x00, 0x02, 0x06, 0x00, 0x00,
  0x00, 0x0e, 0x00, 0x00, 0x02, 0x00, 0x00, 0x00, 0x00, 0x0f, 0x00, 0x00, 0x02, 0x03, 0x00, 0x00,
  0x00, 0x0f, 0x00, 0x00, 0x02, 0x06, 0x00, 0x00, 0x00, 0x0f, 0x00, 0x00, 0x02, 0x05, 0x00, 0x00,
  0x00, 0x20, 0x00, 0x00, 0x02, 0x05, 0x00, 0x00, 0x00, 0x1f, 0x00, 0x00, 0x02, 0x08, 0x00, 0x00,
  0x00, 0x0a, 0x01, 0x00, 0x01, 0x08, 0x00, 0x00, 0x00, 0x33, 0x00, 0x00, 0x02, 0x0a, 0x00, 0x00,
  0x00, 0x33, 0x00, 0x00, 0x02, 0x08, 0x00, 0x00, 0x00, 0x5e, 0x00, 0x00, 0x02, 0x0a, 0x00, 0x00,
  0x00, 0x5e, 0x00, 0x00, 0x02, 0x08, 0x00, 0x00, 0x00, 0x60, 0x00, 0x00, 0x02, 0x0a, 0x00, 0x00,
  0x00, 0x60, 0x00, 0x00, 0x02, 0x08, 0x00, 0x00, 0x00, 0x62, 0x00, 0x00, 0x02, 0x0a, 0x00, 0x00,
  0x00, 0x62, 0x00, 0x00, 0x02, 0x08, 0x00, 0x00, 0x00, 0x64, 0x00, 0x00, 0x02, 0x0a, 0x00, 0x00,
  0x00, 0x64, 0x00, 0x00, 0x02, 0x08, 0x00, 0x00, 0x00, 0x66, 0x00, 0x00, 0x02, 0x0a, 0x00, 0x00,
  0x00, 0x66, 0x00, 0x00, 0x02, 0x08, 0x00, 0x00, 0x00, 0x68, 0x00, 0x00, 0x02, 0x0a, 0x00, 0x00,
  0x00, 0x68, 0x00, 0x00, 0x02, 0x08, 0x00, 0x00, 0x00, 0x6a, 0x00, 0x00, 0x02, 0x0a, 0x00, 0x00,
  0x00, 0x6a, 0x00, 0x00, 0x02, 0x08, 0x00, 0x00, 0x00, 0x6c, 0x00, 0x00, 0x02, 0x0a, 0x00, 0x00,
  0x00, 0x6c, 0x00, 0x00, 0x02, 0x08, 0x00, 0x00, 0x00, 0x6e, 0x00, 0x00, 0x02, 0x0a, 0x00, 0x00,
  0x00, 0x6e, 0x00, 0x00, 0x02, 0x08, 0x00, 0x00, 0x00, 0x70, 0x00, 0x00, 0x02, 0x0a, 0x00, 0x00,
  0x00, 0x70, 0x00, 0x00, 0x02, 0x0a, 0x00, 0x00, 0x00, 0x2e, 0x00, 0x00, 0x02, 0x08, 0x00, 0x00,
  0x00, 0x1a, 0x00, 0x00, 0x02, 0x0a, 0x00, 0x00, 0x00, 0x1a, 0x00, 0x00, 0x02, 0x08, 0x00, 0x00,
  0x00, 0x2b, 0x00, 0x00, 0x02, 0x0a, 0x00, 0x00, 0x00, 0x2b, 0x00, 0x00, 0x02, 0x08, 0x00, 0x00,
  0x00, 0x28, 0x00, 0x00, 0x02, 0x0a, 0x00, 0x00, 0x00, 0x28, 0x00, 0x00, 0x02, 0x08, 0x00, 0x00,
  0x00, 0x2a, 0x00, 0x00, 0x02, 0x0a, 0x00, 0x00, 0x00, 0x2a, 0x00, 0x00, 0x02, 0x08, 0x00, 0x00,
  0x00, 0x29, 0x00, 0x00, 0x02, 0x0a, 0x00, 0x00, 0x00, 0x29, 0x00, 0x00, 0x02, 0x08, 0x00, 0x00,
  0x00, 0x27, 0x00, 0x00, 0x02, 0x0a, 0x00, 0x00, 0x00, 0x27, 0x00, 0x00, 0x02, 0x08, 0x00, 0x00,
  0x00, 0x4f, 0x00, 0x00, 0x02, 0x0a, 0x00, 0x00, 0x00, 0x4f, 0x00, 0x00, 0x02, 0x08, 0x00, 0x00,
  0x00, 0x50, 0x00, 0x00, 0x02, 0x0a, 0x00, 0x00, 0x00, 0x50, 0x00, 0x00, 0x02, 0x08, 0x00, 0x00,
  0x00, 0x51, 0x00, 0x00, 0x02, 0x0a, 0x00, 0x00, 0x00, 0x51, 0x00, 0x00, 0x02, 0x08, 0x00, 0x00,
  0x00, 0x52, 0x00, 0x00, 0x02, 0x0a, 0x00, 0x00, 0x00, 0x52, 0x00, 0x00, 0x02, 0x08, 0x00, 0x00,
  0x00, 0x53, 0x00, 0x00, 0x02, 0x0a, 0x00, 0x00, 0x00, 0x53, 0x00, 0x00, 0x02, 0x08, 0x00, 0x00,
  0x00, 0x54, 0x00, 0x00, 0x02, 0x0a, 0x00, 0x00, 0x00, 0x54, 0x00, 0x00, 0x02, 0x08, 0x00, 0x00,
  0x00, 0x55, 0x00, 0x00, 0x02, 0x0a, 0x00, 0x00, 0x00, 0x55, 0x00, 0x00, 0x02, 0x08, 0x00, 0x00,
  0x00, 0x56, 0x00, 0x00, 0x02, 0x0a, 0x00, 0x00, 0x00, 0x56, 0x00, 0x00, 0x02, 0x08, 0x00, 0x00,
  0x00, 0x57, 0x00, 0x00, 0x02, 0x0a, 0x00, 0x00, 0x00, 0x57, 0x00, 0x00, 0x02, 0x08, 0x00, 0x00,
  0x00, 0x58, 0x00, 0x00, 0x02, 0x0a, 0x00, 0x00, 0x00, 0x58, 0x00, 0x00, 0x02, 0x08, 0x00, 0x00,
  0x00, 0x59, 0x00, 0x00, 0x02, 0x0a, 0x00, 0x00, 0x00, 0x59, 0x00, 0x00, 0x02, 0x08, 0x00, 0x00,
  0x00, 0x5a, 0x00, 0x00, 0x02, 0x0a, 0x00, 0x00, 0x00, 0x5a, 0x00, 0x00, 0x02, 0x08, 0x00, 0x00,
  0x00, 0x5b, 0x00, 0x00, 0x02, 0x0a, 0x00, 0x00, 0x00, 0x5b, 0x00, 0x00, 0x02, 0x08, 0x00, 0x00,
  0x00, 0x5c, 0x00, 0x00, 0x02, 0x0a, 0x00, 0x00, 0x00, 0x5c, 0x00, 0x00, 0x02, 0x0a, 0x00, 0x00,
  0x00, 0x21, 0x00, 0x00, 0x02, 0x08, 0x00, 0x00, 0x00, 0x1d, 0x00, 0x00, 0x02, 0x0a, 0x00, 0x00,
  0x00, 0x1d, 0x00, 0x00, 0x02, 0x08, 0x00, 0x00, 0x00, 0x1b, 0x00, 0x00, 0x02, 0x0a, 0x00, 0x00,
  0x00, 0x1b, 0x00, 0x00, 0x02, 0x08, 0x00, 0x00, 0x00, 0x2c, 0x00, 0x00, 0x02, 0x0a, 0x00, 0x00,
  0x00, 0x2c, 0x00, 0x00, 0x02, 0x08, 0x00, 0x00, 0x00, 0x32, 0x00, 0x00, 0x02, 0x0a, 0x00, 0x00,
  0x00, 0x32, 0x00, 0x00, 0x02, 0x01, 0x00, 0x00, 0x00, 0x77, 0x00, 0x00, 0x01, 0x09, 0x00, 0x00,
  0x00, 0x25, 0x00, 0x00, 0x01, 0x0b, 0x00, 0x00, 0x00, 0x26, 0x00, 0x00, 0x01, 0x0e, 0x00, 0x00,
  0x00, 0x27, 0x00, 0x00, 0x01, 0x0f, 0x00, 0x00, 0x00, 0x78, 0x00, 0x00, 0x01, 0x10, 0x00, 0x00,
  0x00, 0x79, 0x00, 0x00, 0x01, 0x11, 0x00, 0x00, 0x00, 0x7a, 0x00, 0x00, 0x01, 0x12, 0x00, 0x00,
  0x00, 0x7b, 0x00, 0x00, 0x01, 0x13, 0x00, 0x00, 0x00, 0x7c, 0x00, 0x00, 0x01, 0x14, 0x00, 0x00,
  0x00, 0x7d, 0x00, 0x00, 0x01, 0x15, 0x00, 0x00, 0x00, 0x7e, 0x00, 0x00, 0x01, 0x16, 0x00, 0x00,
  0x00, 0x7f, 0x00, 0x00, 0x01, 0x17, 0x00, 0x00, 0x00, 0x80, 0x00, 0x00, 0x01, 0x18, 0x00, 0x00,
  0x00, 0x81, 0x00, 0x00, 0x01, 0x19, 0x00, 0x00, 0x00, 0x32, 0x00, 0x00, 0x01, 0x1a, 0x00, 0x00,
  0x00, 0x33, 0x00, 0x00, 0x01, 0x1b, 0x00, 0x00, 0x00, 0x34, 0x00, 0x00, 0x01, 0x1c, 0x00, 0x00,
  0x00, 0x35, 0x00, 0x00, 0x01, 0x0a, 0x00, 0x00, 0x00, 0x12, 0x01, 0x00, 0x01, 0x0a, 0x00, 0x00,
  0x00, 0x2f, 0x00, 0x00, 0x02, 0x08, 0x00, 0x00, 0x00, 0x35, 0x00, 0x00, 0x02, 0x0a, 0x00, 0x00,
  0x00, 0x35, 0x00, 0x00, 0x02, 0x08, 0x00, 0x00, 0x00, 0x34, 0x00, 0x00, 0x02, 0x0a, 0x00, 0x00,
  0x00, 0x34, 0x00, 0x00, 0x02, 0x08, 0x00, 0x00, 0x00, 0x3f, 0x00, 0x00, 0x02, 0x0a, 0x00, 0x00,
  0x00, 0x3f, 0x00, 0x00, 0x02, 0x01, 0x00, 0x00, 0x00, 0xb8, 0x00, 0x00, 0x01, 0x09, 0x00, 0x00,
  0x00, 0x25, 0x00, 0x00, 0x01, 0x0b, 0x00, 0x00, 0x00, 0x26, 0x00, 0x00, 0x01, 0x0e, 0x00, 0x00,
  0x00, 0x27, 0x00, 0x00, 0x01, 0x0f, 0x00, 0x00, 0x00, 0xb9, 0x00, 0x00, 0x01, 0x10, 0x00, 0x00,
  0x00, 0xba, 0x00, 0x00, 0x01, 0x11, 0x00, 0x00, 0x00, 0xbb, 0x00, 0x00, 0x01, 0x12, 0x00, 0x00,
  0x00, 0xbc, 0x00, 0x00, 0x01, 0x13, 0x00, 0x00, 0x00, 0xbd, 0x00, 0x00, 0x01, 0x14, 0x00, 0x00,
  0x00, 0xbe, 0x00, 0x00, 0x01, 0x15, 0x00, 0x00, 0x00, 0xbf, 0x00, 0x00, 0x01, 0x16, 0x00, 0x00,
  0x00, 0xc0, 0x00, 0x00, 0x01, 0x17, 0x00, 0x00, 0x00, 0xc1, 0x00, 0x00, 0x01, 0x18, 0x00, 0x00,
  0x00, 0xc2, 0x00, 0x00, 0x01, 0x19, 0x00, 0x00, 0x00, 0x32, 0x00, 0x00, 0x01, 0x1a, 0x00, 0x00,
  0x00, 0x33, 0x00, 0x00, 0x01, 0x1b, 0x00, 0x00, 0x00, 0x34, 0x00, 0x00, 0x01, 0x1c, 0x00, 0x00,
  0x00, 0x35, 0x00, 0x00, 0x01, 0x08, 0x00, 0x00, 0x00, 0x4e, 0x00, 0x00, 0x02, 0x0a, 0x00, 0x00,
  0x00, 0x4e, 0x00, 0x00, 0x02, 0x09, 0x00, 0x00, 0x00, 0xf9, 0x00, 0x00, 0x01, 0x08, 0x00, 0x00,
  0x00, 0x5d, 0x00, 0x00, 0x02, 0x0a, 0x00, 0x00, 0x00, 0x5d, 0x00, 0x00, 0x02, 0x08, 0x00, 0x00,
  0x00, 0x5f, 0x00, 0x00, 0x02, 0x0a, 0x00, 0x00, 0x00, 0x5f, 0x00, 0x00, 0x02, 0x08, 0x00, 0x00,
  0x00, 0x61, 0x00, 0x00, 0x02, 0x0a, 0x00, 0x00, 0x00, 0x61, 0x00, 0x00, 0x02, 0x08, 0x00, 0x00,
  0x00, 0x63, 0x00, 0x00, 0x02, 0x0a, 0x00, 0x00, 0x00, 0x63, 0x00, 0x00, 0x02, 0x08, 0x00, 0x00,
  0x00, 0x65, 0x00, 0x00, 0x02, 0x0a, 0x00, 0x00, 0x00, 0x65, 0x00, 0x00, 0x02, 0x08, 0x00, 0x00,
  0x00, 0x67, 0x00, 0x00, 0x02, 0x0a, 0x00, 0x00, 0x00, 0x67, 0x00, 0x00, 0x02, 0x08, 0x00, 0x00,
  0x00, 0x69, 0x00, 0x00, 0x02, 0x0a, 0x00, 0x00, 0x00, 0x69, 0x00, 0x00, 0x02, 0x08, 0x00, 0x00,
  0x00, 0x6b, 0x00, 0x00, 0x02, 0x0a, 0x00, 0x00, 0x00, 0x6b, 0x00, 0x00, 0x02, 0x08, 0x00, 0x00,
  0x00, 0x6d, 0x00, 0x00, 0x02, 0x0a, 0x00, 0x00, 0x00, 0x6d, 0x00, 0x00, 0x02, 0x08, 0x00, 0x00,
  0x00, 0x6f, 0x00, 0x00, 0x02, 0x0a, 0x00, 0x00, 0x00, 0x6f, 0x00, 0x00, 0x02, 0x08, 0x00, 0x00,
  0x00, 0x71, 0x00, 0x00, 0x02, 0x0a, 0x00, 0x00, 0x00, 0x71, 0x00, 0x00, 0x02, 0x08, 0x00, 0x00,
  0x00, 0x78, 0x00, 0x00, 0x02, 0x0a, 0x00, 0x00, 0x00, 0x78, 0x00, 0x00, 0x02, 0x09, 0x00, 0x00,
  0x00, 0xfb, 0x00, 0x00, 0x01, 0x08, 0x00, 0x00, 0x00, 0x7f, 0x00, 0x00, 0x02, 0x0a, 0x00, 0x00,
  0x00, 0x7f, 0x00, 0x00, 0x02, 0x09, 0x00, 0x00, 0x00, 0xfd, 0x00, 0x00, 0x01, 0x08, 0x00, 0x00,
  0x00, 0x86, 0x00, 0x00, 0x02, 0x0a, 0x00, 0x00, 0x00, 0x86, 0x00, 0x00, 0x02, 0x09, 0x00, 0x00,
  0x00, 0xff, 0x00, 0x00, 0x01, 0x08, 0x00, 0x00, 0x00, 0x8d, 0x00, 0x00, 0x02, 0x0a, 0x00, 0x00,
  0x00, 0x8d, 0x00, 0x00, 0x02, 0x09, 0x00, 0x00, 0x00, 0x01, 0x01, 0x00, 0x01, 0x08, 0x00, 0x00,
  0x00, 0x33, 0x00, 0x00, 0x02, 0x0c, 0x00, 0x00, 0x00, 0x33, 0x00, 0x00, 0x02, 0x0d, 0x00, 0x00,
  0x00, 0x33, 0x00, 0x00, 0x02, 0x08, 0x00, 0x00, 0x00, 0x5e, 0x00, 0x00, 0x02, 0x0c, 0x00, 0x00,
  0x00, 0x5e, 0x00, 0x00, 0x02, 0x0d, 0x00, 0x00, 0x00, 0x5e, 0x00, 0x00, 0x02, 0x08, 0x00, 0x00,
  0x00, 0x60, 0x00, 0x00, 0x02, 0x0c, 0x00, 0x00, 0x00, 0x60, 0x00, 0x00, 0x02, 0x0d, 0x00, 0x00,
  0x00, 0x60, 0x00, 0x00, 0x02, 0x08, 0x00, 0x00, 0x00, 0x62, 0x00, 0x00, 0x02, 0x0c, 0x00, 0x00,
  0x00, 0x62, 0x00, 0x00, 0x02, 0x0d, 0x00, 0x00, 0x00, 0x62, 0x00, 0x00, 0x02, 0x08, 0x00, 0x00,
  0x00, 0x64, 0x00, 0x00, 0x02, 0x0c, 0x00, 0x00, 0x00, 0x64, 0x00, 0x00, 0x02, 0x0d, 0x00, 0x00,
  0x00, 0x64, 0x00, 0x00, 0x02, 0x08, 0x00, 0x00, 0x00, 0x66, 0x00, 0x00, 0x02, 0x0c, 0x00, 0x00,
  0x00, 0x66, 0x00, 0x00, 0x02, 0x0d, 0x00, 0x00, 0x00, 0x66, 0x00, 0x00, 0x02, 0x08, 0x00, 0x00,
  0x00, 0x68, 0x00, 0x00, 0x02, 0x0c, 0x00, 0x00, 0x00, 0x68, 0x00, 0x00, 0x02, 0x0d, 0x00, 0x00,
  0x00, 0x68, 0x00, 0x00, 0x02, 0x08, 0x00, 0x00, 0x00, 0x6a, 0x00, 0x00, 0x02, 0x0c, 0x00, 0x00,
  0x00, 0x6a, 0x00, 0x00, 0x02, 0x0d, 0x00, 0x00, 0x00, 0x6a, 0x00, 0x00, 0x02, 0x08, 0x00, 0x00,
  0x00, 0x6c, 0x00, 0x00, 0x02, 0x0c, 0x00, 0x00, 0x00, 0x6c, 0x00, 0x00, 0x02, 0x0d, 0x00, 0x00,
  0x00, 0x6c, 0x00, 0x00, 0x02, 0x08, 0x00, 0x00, 0x00, 0x6e, 0x00, 0x00, 0x02, 0x0c, 0x00, 0x00,
  0x00, 0x6e, 0x00, 0x00, 0x02, 0x0d, 0x00, 0x00, 0x00, 0x6e, 0x00, 0x00, 0x02, 0x08, 0x00, 0x00,
  0x00, 0x70, 0x00, 0x00, 0x02, 0x0c, 0x00, 0x00, 0x00, 0x70, 0x00, 0x00, 0x02, 0x0d, 0x00, 0x00,
  0x00, 0x70, 0x00, 0x00, 0x02, 0x0c, 0x00, 0x00, 0x00, 0x37, 0x00, 0x00, 0x02, 0x0d, 0x00, 0x00,
  0x00, 0x37, 0x00, 0x00, 0x02, 0x08, 0x00, 0x00, 0x00, 0x1a, 0x00, 0x00, 0x02, 0x0c, 0x00, 0x00,
  0x00, 0x1a, 0x00, 0x00, 0x02, 0x0d, 0x00, 0x00, 0x00, 0x1a, 0x00, 0x00, 0x02, 0x08, 0x00, 0x00,
  0x00, 0x2b, 0x00, 0x00, 0x02, 0x0c, 0x00, 0x00, 0x00, 0x2b, 0x00, 0x00, 0x02, 0x0d, 0x00, 0x00,
  0x00, 0x2b, 0x00, 0x00, 0x02, 0x08, 0x00, 0x00, 0x00, 0x28, 0x00, 0x00, 0x02, 0x0c, 0x00, 0x00,
  0x00, 0x28, 0x00, 0x00, 0x02, 0x0d, 0x00, 0x00, 0x00, 0x28, 0x00, 0x00, 0x02, 0x08, 0x00, 0x00,
  0x00, 0x2a, 0x00, 0x00, 0x02, 0x0c, 0x00, 0x00, 0x00, 0x2a, 0x00, 0x00, 0x02, 0x0d, 0x00, 0x00,
  0x00, 0x2a, 0x00, 0x00, 0x02, 0x08, 0x00, 0x00, 0x00, 0x29, 0x00, 0x00, 0x02, 0x0c, 0x00, 0x00,
  0x00, 0x29, 0x00, 0x00, 0x02, 0x0d, 0x00, 0x00, 0x00, 0x29, 0x00, 0x00, 0x02, 0x08, 0x00, 0x00,
  0x00, 0x27, 0x00, 0x00, 0x02, 0x0c, 0x00, 0x00, 0x00, 0x27, 0x00, 0x00, 0x02, 0x0d, 0x00, 0x00,
  0x00, 0x27, 0x00, 0x00, 0x02, 0x08, 0x00, 0x00, 0x00, 0x4f, 0x00, 0x00, 0x02, 0x0c, 0x00, 0x00,
  0x00, 0x4f, 0x00, 0x00, 0x02, 0x0d, 0x00, 0x00, 0x00, 0x4f, 0x00, 0x00, 0x02, 0x08, 0x00, 0x00,
  0x00, 0x50, 0x00, 0x00, 0x02, 0x0c, 0x00, 0x00, 0x00, 0x50, 0x00, 0x00, 0x02, 0x0d, 0x00, 0x00,
  0x00, 0x50, 0x00, 0x00, 0x02, 0x08, 0x00, 0x00, 0x00, 0x51, 0x00, 0x00, 0x02, 0x0c, 0x00, 0x00,
  0x00, 0x51, 0x00, 0x00, 0x02, 0x0d, 0x00, 0x00, 0x00, 0x51, 0x00, 0x00, 0x02, 0x08, 0x00, 0x00,
  0x00, 0x52, 0x00, 0x00, 0x02, 0x0c, 0x00, 0x00, 0x00, 0x52, 0x00, 0x00, 0x02, 0x0d, 0x00, 0x00,
  0x00, 0x52, 0x00, 0x00, 0x02, 0x08, 0x00, 0x00, 0x00, 0x53, 0x00, 0x00, 0x02, 0x0c, 0x00, 0x00,
  0x00, 0x53, 0x00, 0x00, 0x02, 0x0d, 0x00, 0x00, 0x00, 0x53, 0x00, 0x00, 0x02, 0x08, 0x00, 0x00,
  0x00, 0x54, 0x00, 0x00, 0x02, 0x0c, 0x00, 0x00, 0x00, 0x54, 0x00, 0x00, 0x02, 0x0d, 0x00, 0x00,
  0x00, 0x54, 0x00, 0x00, 0x02, 0x08, 0x00, 0x00, 0x00, 0x55, 0x00, 0x00, 0x02, 0x0c, 0x00, 0x00,
  0x00, 0x55, 0x00, 0x00, 0x02, 0x0d, 0x00, 0x00, 0x00, 0x55, 0x00, 0x00, 0x02, 0x08, 0x00, 0x00,
  0x00, 0x56, 0x00, 0x00, 0x02, 0x0c, 0x00, 0x00, 0x00, 0x56, 0x00, 0x00, 0x02, 0x0d, 0x00, 0x00,
  0x00, 0x56, 0x00, 0x00, 0x02, 0x08, 0x00, 0x00, 0x00, 0x57, 0x00, 0x00, 0x02, 0x0c, 0x00, 0x00,
  0x00, 0x57, 0x00, 0x00, 0x02, 0x0d, 0x00, 0x00, 0x00, 0x57, 0x00, 0x00, 0x02, 0x08, 0x00, 0x00,
  0x00, 0x58, 0x00, 0x00, 0x02, 0x0c, 0x00, 0x00, 0x00, 0x58, 0x00, 0x00, 0x02, 0x0d, 0x00, 0x00,
  0x00, 0x58, 0x00, 0x00, 0x02, 0x08, 0x00, 0x00, 0x00, 0x59, 0x00, 0x00, 0x02, 0x0c, 0x00, 0x00,
  0x00, 0x59, 0x00, 0x00, 0x02, 0x0d, 0x00, 0x00, 0x00, 0x59, 0x00, 0x00, 0x02, 0x08, 0x00, 0x00,
  0x00, 0x5a, 0x00, 0x00, 0x02, 0x0c, 0x00, 0x00, 0x00, 0x5a, 0x00, 0x00, 0x02, 0x0d, 0x00, 0x00,
  0x00, 0x5a, 0x00, 0x00, 0x02, 0x08, 0x00, 0x00, 0x00, 0x5b, 0x00, 0x00, 0x02, 0x0c, 0x00, 0x00,
  0x00, 0x5b, 0x00, 0x00, 0x02, 0x0d, 0x00, 0x00, 0x00, 0x5b, 0x00, 0x00, 0x02, 0x08, 0x00, 0x00,
  0x00, 0x5c, 0x00, 0x00, 0x02, 0x0c, 0x00, 0x00, 0x00, 0x5c, 0x00, 0x00, 0x02, 0x0d, 0x00, 0x00,
  0x00, 0x5c, 0x00, 0x00, 0x02, 0x0c, 0x00, 0x00, 0x00, 0x21, 0x00, 0x00, 0x02, 0x0d, 0x00, 0x00,
  0x00, 0x21, 0x00, 0x00, 0x02, 0x08, 0x00, 0x00, 0x00, 0x1d, 0x00, 0x00, 0x02, 0x0c, 0x00, 0x00,
  0x00, 0x1d, 0x00, 0x00, 0x02, 0x0d, 0x00, 0x00, 0x00, 0x1d, 0x00, 0x00, 0x02, 0x08, 0x00, 0x00,
  0x00, 0x1b, 0x00, 0x00, 0x02, 0x0c, 0x00, 0x00, 0x00, 0x1b, 0x00, 0x00, 0x02, 0x0d, 0x00, 0x00,
  0x00, 0x1b, 0x00, 0x00, 0x02, 0x08, 0x00, 0x00, 0x00, 0x2c, 0x00, 0x00, 0x02, 0x0c, 0x00, 0x00,
  0x00, 0x2c, 0x00, 0x00, 0x02, 0x0d, 0x00, 0x00, 0x00, 0x2c, 0x00, 0x00, 0x02, 0x08, 0x00, 0x00,
  0x00, 0x32, 0x00, 0x00, 0x02, 0x0c, 0x00, 0x00, 0x00, 0x32, 0x00, 0x00, 0x02, 0x0d, 0x00, 0x00,
  0x00, 0x32, 0x00, 0x00, 0x02, 0x01, 0x00, 0x00, 0x00, 0x77, 0x00, 0x00, 0x01, 0x09, 0x00, 0x00,
  0x00, 0x25, 0x00, 0x00, 0x01, 0x0b, 0x00, 0x00, 0x00, 0x26, 0x00, 0x00, 0x01, 0x0e, 0x00, 0x00,
  0x00, 0x27, 0x00, 0x00, 0x01, 0x0f, 0x00, 0x00, 0x00, 0x78, 0x00, 0x00, 0x01, 0x10, 0x00, 0x00,
  0x00, 0x79, 0x00, 0x00, 0x01, 0x11, 0x00, 0x00, 0x00, 0x7a, 0x00, 0x00, 0x01, 0x12, 0x00, 0x00,
  0x00, 0x7b, 0x00, 0x00, 0x01, 0x13, 0x00, 0x00, 0x00, 0x7c, 0x00, 0x00, 0x01, 0x14, 0x00, 0x00,
  0x00, 0x7d, 0x00, 0x00, 0x01, 0x15, 0x00, 0x00, 0x00, 0x7e, 0x00, 0x00, 0x01, 0x16, 0x00, 0x00,
  0x00, 0x7f, 0x00, 0x00, 0x01, 0x17, 0x00, 0x00, 0x00, 0x80, 0x00, 0x00, 0x01, 0x18, 0x00, 0x00,
  0x00, 0x81, 0x00, 0x00, 0x01, 0x19, 0x00, 0x00, 0x00, 0x32, 0x00, 0x00, 0x01, 0x1a, 0x00, 0x00,
  0x00, 0x33, 0x00, 0x00, 0x01, 0x1b, 0x00, 0x00, 0x00, 0x34, 0x00, 0x00, 0x01, 0x1c, 0x00, 0x00,
  0x00, 0x35, 0x00, 0x00, 0x01, 0x08, 0x00, 0x00, 0x00, 0x35, 0x00, 0x00, 0x02, 0x0c, 0x00, 0x00,
  0x00, 0x35, 0x00, 0x00, 0x02, 0x0d, 0x00, 0x00, 0x00, 0x35, 0x00, 0x00, 0x02, 0x08, 0x00, 0x00,
  0x00, 0x34, 0x00, 0x00, 0x02, 0x0c, 0x00, 0x00, 0x00, 0x34, 0x00, 0x00, 0x02, 0x0d, 0x00, 0x00,
  0x00, 0x34, 0x00, 0x00, 0x02, 0x08, 0x00, 0x00, 0x00, 0x3f, 0x00, 0x00, 0x02, 0x0c, 0x00, 0x00,
  0x00, 0x3f, 0x00, 0x00, 0x02, 0x0d, 0x00, 0x00, 0x00, 0x3f, 0x00, 0x00, 0x02, 0x01, 0x00, 0x00,
  0x00, 0xb8, 0x00, 0x00, 0x01, 0x09, 0x00, 0x00, 0x00, 0x25, 0x00, 0x00, 0x01, 0x0b, 0x00, 0x00,
  0x00, 0x26, 0x00, 0x00, 0x01, 0x0e, 0x00, 0x00, 0x00, 0x27, 0x00, 0x00, 0x01, 0x0f, 0x00, 0x00,
  0x00, 0xb9, 0x00, 0x00, 0x01, 0x10, 0x00, 0x00, 0x00, 0xba, 0x00, 0x00, 0x01, 0x11, 0x00, 0x00,
  0x00, 0xbb, 0x00, 0x00, 0x01, 0x12, 0x00, 0x00, 0x00, 0xbc, 0x00, 0x00, 0x01, 0x13, 0x00, 0x00,
  0x00, 0xbd, 0x00, 0x00, 0x01, 0x14, 0x00, 0x00, 0x00, 0xbe, 0x00, 0x00, 0x01, 0x15, 0x00, 0x00,
  0x00, 0xbf, 0x00, 0x00, 0x01, 0x16, 0x00, 0x00, 0x00, 0xc0, 0x00, 0x00, 0x01, 0x17, 0x00, 0x00,
  0x00, 0xc1, 0x00, 0x00, 0x01, 0x18, 0x00, 0x00, 0x00, 0xc2, 0x00, 0x00, 0x01, 0x19, 0x00, 0x00,
  0x00, 0x32, 0x00, 0x00, 0x01, 0x1a, 0x00, 0x00, 0x00, 0x33, 0x00, 0x00, 0x01, 0x1b, 0x00, 0x00,
  0x00, 0x34, 0x00, 0x00, 0x01, 0x1c, 0x00, 0x00, 0x00, 0x35, 0x00, 0x00, 0x01, 0x0c, 0x00, 0x00,
  0x00, 0x3a, 0x00, 0x00, 0x02, 0x0d, 0x00, 0x00, 0x00, 0x3a, 0x00, 0x00, 0x02, 0x0c, 0x00, 0x00,
  0x00, 0x38, 0x00, 0x00, 0x02, 0x0d, 0x00, 0x00, 0x00, 0x38, 0x00, 0x00, 0x02, 0x08, 0x00, 0x00,
  0x00, 0x4e, 0x00, 0x00, 0x02, 0x0c, 0x00, 0x00, 0x00, 0x4e, 0x00, 0x00, 0x02, 0x0d, 0x00, 0x00,
  0x00, 0x4e, 0x00, 0x00, 0x02, 0x09, 0x00, 0x00, 0x00, 0xf9, 0x00, 0x00, 0x01, 0x08, 0x00, 0x00,
  0x00, 0x5d, 0x00, 0x00, 0x02, 0x0c, 0x00, 0x00, 0x00, 0x5d, 0x00, 0x00, 0x02, 0x0d, 0x00, 0x00,
  0x00, 0x5d, 0x00, 0x00, 0x02, 0x08, 0x00, 0x00, 0x00, 0x5f, 0x00, 0x00, 0x02, 0x0c, 0x00, 0x00,
  0x00, 0x5f, 0x00, 0x00, 0x02, 0x0d, 0x00, 0x00, 0x00, 0x5f, 0x00, 0x00, 0x02, 0x08, 0x00, 0x00,
  0x00, 0x61, 0x00, 0x00, 0x02, 0x0c, 0x00, 0x00, 0x00, 0x61, 0x00, 0x00, 0x02, 0x0d, 0x00, 0x00,
  0x00, 0x61, 0x00, 0x00, 0x02, 0x08, 0x00, 0x00, 0x00, 0x63, 0x00, 0x00, 0x02, 0x0c, 0x00, 0x00,
  0x00, 0x63, 0x00, 0x00, 0x02, 0x0d, 0x00, 0x00, 0x00, 0x63, 0x00, 0x00, 0x02, 0x08, 0x00, 0x00,
  0x00, 0x65, 0x00, 0x00, 0x02, 0x0c, 0x00, 0x00, 0x00, 0x65, 0x00, 0x00, 0x02, 0x0d, 0x00, 0x00,
  0x00, 0x65, 0x00, 0x00, 0x02, 0x08, 0x00, 0x00, 0x00, 0x67, 0x00, 0x00, 0x02, 0x0c, 0x00, 0x00,
  0x00, 0x67, 0x00, 0x00, 0x02, 0x0d, 0x00, 0x00, 0x00, 0x67, 0x00, 0x00, 0x02, 0x08, 0x00, 0x00,
  0x00, 0x69, 0x00, 0x00, 0x02, 0x0c, 0x00, 0x00, 0x00, 0x69, 0x00, 0x00, 0x02, 0x0d, 0x00, 0x00,
  0x00, 0x69, 0x00, 0x00, 0x02, 0x08, 0x00, 0x00, 0x00, 0x6b, 0x00, 0x00, 0x02, 0x0c, 0x00, 0x00,
  0x00, 0x6b, 0x00, 0x00, 0x02, 0x0d, 0x00, 0x00, 0x00, 0x6b, 0x00, 0x00, 0x02, 0x08, 0x00, 0x00,
  0x00, 0x6d, 0x00, 0x00, 0x02, 0x0c, 0x00, 0x00, 0x00, 0x6d, 0x00, 0x00, 0x02, 0x0d, 0x00, 0x00,
  0x00, 0x6d, 0x00, 0x00, 0x02, 0x08, 0x00, 0x00, 0x00, 0x6f, 0x00, 0x00, 0x02, 0x0c, 0x00, 0x00,
  0x00, 0x6f, 0x00, 0x00, 0x02, 0x0d, 0x00, 0x00, 0x00, 0x6f, 0x00, 0x00, 0x02, 0x08, 0x00, 0x00,
  0x00, 0x71, 0x00, 0x00, 0x02, 0x0c, 0x00, 0x00, 0x00, 0x71, 0x00, 0x00, 0x02, 0x0d, 0x00, 0x00,
  0x00, 0x71, 0x00, 0x00, 0x02, 0x08, 0x00, 0x00, 0x00, 0x78, 0x00, 0x00, 0x02, 0x0c, 0x00, 0x00,
  0x00, 0x78, 0x00, 0x00, 0x02, 0x0d, 0x00, 0x00, 0x00, 0x78, 0x00, 0x00, 0x02, 0x09, 0x00, 0x00,
  0x00, 0xfb, 0x00, 0x00, 0x01, 0x08, 0x00, 0x00, 0x00, 0x7f, 0x00, 0x00, 0x02, 0x0c, 0x00, 0x00,
  0x00, 0x7f, 0x00, 0x00, 0x02, 0x0d, 0x00, 0x00, 0x00, 0x7f, 0x00, 0x00, 0x02, 0x09, 0x00, 0x00,
  0x00, 0xfd, 0x00, 0x00, 0x01, 0x08, 0x00, 0x00, 0x00, 0x86, 0x00, 0x00, 0x02, 0x0c, 0x00, 0x00,
  0x00, 0x86, 0x00, 0x00, 0x02, 0x0d, 0x00, 0x00, 0x00, 0x86, 0x00, 0x00, 0x02, 0x09, 0x00, 0x00,
  0x00, 0xff, 0x00, 0x00, 0x01, 0x08, 0x00, 0x00, 0x00, 0x8d, 0x00, 0x00, 0x02, 0x0c, 0x00, 0x00,
  0x00, 0x8d, 0x00, 0x00, 0x02, 0x0d, 0x00, 0x00, 0x00, 0x8d, 0x00, 0x00, 0x02, 0x09, 0x00, 0x00,
  0x00, 0x01, 0x01, 0x00, 0x01, 0x02, 0x00, 0x00, 0x00, 0x46, 0x00, 0x00, 0x02, 0x02, 0x00, 0x00,
  0x00, 0x25, 0x01, 0x00, 0x01, 0x02, 0x00, 0x00, 0x00, 0x73, 0x00, 0x00, 0x02, 0x02, 0x00, 0x00,
  0x00, 0x28, 0x01, 0x00, 0x01, 0x02, 0x00, 0x00, 0x00, 0x7a, 0x00, 0x00, 0x02, 0x02, 0x00, 0x00,
  0x00, 0x2b, 0x01, 0x00, 0x01, 0x02, 0x00, 0x00, 0x00, 0x81, 0x00, 0x00, 0x02, 0x02, 0x00, 0x00,
  0x00, 0x2e, 0x01, 0x00, 0x01, 0x02, 0x00, 0x00, 0x00, 0x88, 0x00, 0x00, 0x02, 0x02, 0x00, 0x00,
  0x00, 0x31, 0x01, 0x00, 0x01, 0x00, 0x00, 0x00, 0x00, 0x17, 0x00, 0x00, 0x02, 0x03, 0x00, 0x00,
  0x00, 0x17, 0x00, 0x00, 0x02, 0x06, 0x00, 0x00, 0x00, 0x17, 0x00, 0x00, 0x02, 0x00, 0x00, 0x00,
  0x00, 0x18, 0x00, 0x00, 0x02, 0x03, 0x00, 0x00, 0x00, 0x18, 0x00, 0x00, 0x02, 0x06, 0x00, 0x00,
  0x00, 0x18, 0x00, 0x00, 0x02, 0x02, 0x00, 0x00, 0x00, 0x9e, 0x00, 0x00, 0x02, 0x0c, 0x00, 0x00,
  0x00, 0x98, 0x00, 0x00, 0x02, 0x0d, 0x00, 0x00, 0x00, 0x98, 0x00, 0x00, 0x02, 0x0c, 0x00, 0x00,
  0x00, 0x9a, 0x00, 0x00, 0x02, 0x0d, 0x00, 0x00, 0x00, 0x9a, 0x00, 0x00, 0x02, 0x0c, 0x00, 0x00,
  0x00, 0xa2, 0x00, 0x00, 0x02, 0x0d, 0x00, 0x00, 0x00, 0xa2, 0x00, 0x00, 0x02, 0x02, 0x00, 0x00,
  0x00, 0x34, 0x01, 0x00, 0x01, 0x01, 0x00, 0x00, 0x00, 0x22, 0x00, 0x00, 0x02, 0x09, 0x00, 0x00,
  0x00, 0x22, 0x00, 0x00, 0x02, 0x0b, 0x00, 0x00, 0x00, 0x22, 0x00, 0x00, 0x02, 0x0e, 0x00, 0x00,
  0x00, 0x22, 0x00, 0x00, 0x02, 0x0f, 0x00, 0x00, 0x00, 0x22, 0x00, 0x00, 0x02, 0x10, 0x00, 0x00,
  0x00, 0x22, 0x00, 0x00, 0x02, 0x11, 0x00, 0x00, 0x00, 0x22, 0x00, 0x00, 0x02, 0x12, 0x00, 0x00,
  0x00, 0x22, 0x00, 0x00, 0x02, 0x13, 0x00, 0x00, 0x00, 0x22, 0x00, 0x00, 0x02, 0x14, 0x00, 0x00,
  0x00, 0x22, 0x00, 0x00, 0x02, 0x15, 0x00, 0x00, 0x00, 0x22, 0x00, 0x00, 0x02, 0x16, 0x00, 0x00,
  0x00, 0x22, 0x00, 0x00, 0x02, 0x17, 0x00, 0x00, 0x00, 0x22, 0x00, 0x00, 0x02, 0x18, 0x00, 0x00,
  0x00, 0x22, 0x00, 0x00, 0x02, 0x19, 0x00, 0x00, 0x00, 0x22, 0x00, 0x00, 0x02, 0x1a, 0x00, 0x00,
  0x00, 0x22, 0x00, 0x00, 0x02, 0x1b, 0x00, 0x00, 0x00, 0x22, 0x00, 0x00, 0x02, 0x1c, 0x00, 0x00,
  0x00, 0x22, 0x00, 0x00, 0x02, 0x05, 0x00, 0x00, 0x00, 0x1c, 0x00, 0x00, 0x02, 0x08, 0x00, 0x00,
  0x00, 0x1c, 0x00, 0x00, 0x02, 0x05, 0x00, 0x00, 0x00, 0x1e, 0x00, 0x00, 0x02, 0x08, 0x00, 0x00,
  0x00, 0x1e, 0x00, 0x00, 0x02, 0x05, 0x00, 0x00, 0x00, 0x26, 0x00, 0x00, 0x02, 0x08, 0x00, 0x00,
  0x00, 0x26, 0x00, 0x00, 0x02, 0x01, 0x00, 0x00, 0x00, 0x24, 0x00, 0x00, 0x01, 0x09, 0x00, 0x00,
  0x00, 0x25, 0x00, 0x00, 0x01, 0x0b, 0x00, 0x00, 0x00, 0x26, 0x00, 0x00, 0x01, 0x0e, 0x00, 0x00,
  0x00, 0x27, 0x00, 0x00, 0x01, 0x0f, 0x00, 0x00, 0x00, 0x28, 0x00, 0x00, 0x01, 0x10, 0x00, 0x00,
  0x00, 0x29, 0x00, 0x00, 0x01, 0x11, 0x00, 0x00, 0x00, 0x2a, 0x00, 0x00, 0x01, 0x12, 0x00, 0x00,
  0x00, 0x2b, 0x00, 0x00, 0x01, 0x13, 0x00, 0x00, 0x00, 0x2c, 0x00, 0x00, 0x01, 0x14, 0x00, 0x00,
  0x00, 0x2d, 0x00, 0x00, 0x01, 0x15, 0x00, 0x00, 0x00, 0x2e, 0x00, 0x00, 0x01, 0x16, 0x00, 0x00,
  0x00, 0x2f, 0x00, 0x00, 0x01, 0x17, 0x00, 0x00, 0x00, 0x30, 0x00, 0x00, 0x01, 0x18, 0x00, 0x00,
  0x00, 0x31, 0x00, 0x00, 0x01, 0x19, 0x00, 0x00, 0x00, 0x32, 0x00, 0x00, 0x01, 0x1a, 0x00, 0x00,
  0x00, 0x33, 0x00, 0x00, 0x01, 0x1b, 0x00, 0x00, 0x00, 0x34, 0x00, 0x00, 0x01, 0x1c, 0x00, 0x00,
  0x00, 0x35, 0x00, 0x00, 0x01, 0x0a, 0x00, 0x00, 0x00, 0x20, 0x00, 0x00, 0x02, 0x08, 0x00, 0x00,
  0x00, 0x0a, 0x01, 0x00, 0x01, 0x0a, 0x00, 0x00, 0x00, 0x1f, 0x00, 0x00, 0x02, 0x0a, 0x00, 0x00,
  0x00, 0x3e, 0x01, 0x00, 0x01, 0x05, 0x00, 0x00, 0x00, 0x30, 0x00, 0x00, 0x02, 0x08, 0x00, 0x00,
  0x00, 0x30, 0x00, 0x00, 0x02, 0x05, 0x00, 0x00, 0x00, 0x31, 0x00, 0x00, 0x02, 0x08, 0x00, 0x00,
  0x00, 0x31, 0x00, 0x00, 0x02, 0x0c, 0x00, 0x00, 0x00, 0x3a, 0x00, 0x00, 0x02, 0x0d, 0x00, 0x00,
  0x00, 0x3a, 0x00, 0x00, 0x02, 0x02, 0x00, 0x00, 0x00, 0x25, 0x01, 0x00, 0x01, 0x02, 0x00, 0x00,
  0x00, 0x28, 0x01, 0x00, 0x01, 0x02, 0x00, 0x00, 0x00, 0x2b, 0x01, 0x00, 0x01, 0x02, 0x00, 0x00,
  0x00, 0x2e, 0x01, 0x00, 0x01, 0x02, 0x00, 0x00, 0x00, 0x31, 0x01, 0x00, 0x01, 0x0c, 0x00, 0x00,
  0x00, 0x20, 0x00, 0x00, 0x02, 0x0d, 0x00, 0x00, 0x00, 0x20, 0x00, 0x00, 0x02, 0x08, 0x00, 0x00,
  0x00, 0x0a, 0x01, 0x00, 0x01, 0x0c, 0x00, 0x00, 0x00, 0x1f, 0x00, 0x00, 0x02, 0x0d, 0x00, 0x00,
  0x00, 0x1f, 0x00, 0x00, 0x02, 0x0a, 0x00, 0x00, 0x00, 0x4a, 0x01, 0x00, 0x01, 0x0c, 0x00, 0x00,
  0x00, 0x3a, 0x00, 0x00, 0x02, 0x0d, 0x00, 0x00, 0x00, 0x3a, 0x00, 0x00, 0x02, 0x0c, 0x00, 0x00,
  0x00, 0x4d, 0x01, 0x00, 0x01, 0x0c, 0x00, 0x00, 0x00, 0x3c, 0x00, 0x00, 0x02, 0x0d, 0x00, 0x00,
  0x00, 0x4f, 0x01, 0x00, 0x01, 0x02, 0x00, 0x00, 0x00, 0x25, 0x01, 0x00, 0x01, 0x02, 0x00, 0x00,
  0x00, 0x28, 0x01, 0x00, 0x01, 0x02, 0x00, 0x00, 0x00, 0x2b, 0x01, 0x00, 0x01, 0x02, 0x00, 0x00,
  0x00, 0x2e, 0x01, 0x00, 0x01, 0x02, 0x00, 0x00, 0x00, 0x31, 0x01, 0x00, 0x01, 0x0d, 0x00, 0x00,
  0x00, 0x47, 0x00, 0x00, 0x02, 0x0d, 0x00, 0x00, 0x00, 0x59, 0x01, 0x00, 0x01, 0x0d, 0x00, 0x00,
  0x00, 0x48, 0x00, 0x00, 0x02, 0x0a, 0x00, 0x00, 0x00, 0x74, 0x00, 0x00, 0x02, 0x0a, 0x00, 0x00,
  0x00, 0x5b, 0x01, 0x00, 0x01, 0x0a, 0x00, 0x00, 0x00, 0x75, 0x00, 0x00, 0x02, 0x0a, 0x00, 0x00,
  0x00, 0x7b, 0x00, 0x00, 0x02, 0x0a, 0x00, 0x00, 0x00, 0x5d, 0x01, 0x00, 0x01, 0x0a, 0x00, 0x00,
  0x00, 0x7c, 0x00, 0x00, 0x02, 0x0a, 0x00, 0x00, 0x00, 0x82, 0x00, 0x00, 0x02, 0x0a, 0x00, 0x00,
  0x00, 0x5f, 0x01, 0x00, 0x01, 0x0a, 0x00, 0x00, 0x00, 0x83, 0x00, 0x00, 0x02, 0x0a, 0x00, 0x00,
  0x00, 0x89, 0x00, 0x00, 0x02, 0x0a, 0x00, 0x00, 0x00, 0x61, 0x01, 0x00, 0x01, 0x0a, 0x00, 0x00,
  0x00, 0x8a, 0x00, 0x00, 0x02, 0x0c, 0x00, 0x00, 0x00, 0x9f, 0x00, 0x00, 0x02, 0x0d, 0x00, 0x00,
  0x00, 0x9f, 0x00, 0x00, 0x02, 0x0c, 0x00, 0x00, 0x00, 0xa1, 0x00, 0x00, 0x02, 0x0d, 0x00, 0x00,
  0x00, 0xa1, 0x00, 0x00, 0x02, 0x0c, 0x00, 0x00, 0x00, 0xa0, 0x00, 0x00, 0x02, 0x0d, 0x00, 0x00,
  0x00, 0xa0, 0x00, 0x00, 0x02, 0x05, 0x00, 0x00, 0x00, 0x23, 0x00, 0x00, 0x02, 0x08, 0x00, 0x00,
  0x00, 0x23, 0x00, 0x00, 0x02, 0x05, 0x00, 0x00, 0x00, 0x25, 0x00, 0x00, 0x02, 0x08, 0x00, 0x00,
  0x00, 0x25, 0x00, 0x00, 0x02, 0x05, 0x00, 0x00, 0x00, 0x24, 0x00, 0x00, 0x02, 0x08, 0x00, 0x00,
  0x00, 0x24, 0x00, 0x00, 0x02, 0x08, 0x00, 0x00, 0x00, 0x1c, 0x00, 0x00, 0x02, 0x0a, 0x00, 0x00,
  0x00, 0x1c, 0x00, 0x00, 0x02, 0x08, 0x00, 0x00, 0x00, 0x1e, 0x00, 0x00, 0x02, 0x0a, 0x00, 0x00,
  0x00, 0x1e, 0x00, 0x00, 0x02, 0x08, 0x00, 0x00, 0x00, 0x26, 0x00, 0x00, 0x02, 0x0a, 0x00, 0x00,
  0x00, 0x26, 0x00, 0x00, 0x02, 0x01, 0x00, 0x00, 0x00, 0x77, 0x00, 0x00, 0x01, 0x09, 0x00, 0x00,
  0x00, 0x25, 0x00, 0x00, 0x01, 0x0b, 0x00, 0x00, 0x00, 0x26, 0x00, 0x00, 0x01, 0x0e, 0x00, 0x00,
  0x00, 0x27, 0x00, 0x00, 0x01, 0x0f, 0x00, 0x00, 0x00, 0x78, 0x00, 0x00, 0x01, 0x10, 0x00, 0x00,
  0x00, 0x79, 0x00, 0x00, 0x01, 0x11, 0x00, 0x00, 0x00, 0x7a, 0x00, 0x00, 0x01, 0x12, 0x00, 0x00,
  0x00, 0x7b, 0x00, 0x00, 0x01, 0x13, 0x00, 0x00, 0x00, 0x7c, 0x00, 0x00, 0x01, 0x14, 0x00, 0x00,
  0x00, 0x7d, 0x00, 0x00, 0x01, 0x15, 0x00, 0x00, 0x00, 0x7e, 0x00, 0x00, 0x01, 0x16, 0x00, 0x00,
  0x00, 0x7f, 0x00, 0x00, 0x01, 0x17, 0x00, 0x00, 0x00, 0x80, 0x00, 0x00, 0x01, 0x18, 0x00, 0x00,
  0x00, 0x81, 0x00, 0x00, 0x01, 0x19, 0x00, 0x00, 0x00, 0x32, 0x00, 0x00, 0x01, 0x1a, 0x00, 0x00,
  0x00, 0x33, 0x00, 0x00, 0x01, 0x1b, 0x00, 0x00, 0x00, 0x34, 0x00, 0x00, 0x01, 0x1c, 0x00, 0x00,
  0x00, 0x35, 0x00, 0x00, 0x01, 0x08, 0x00, 0x00, 0x00, 0x30, 0x00, 0x00, 0x02, 0x0a, 0x00, 0x00,
  0x00, 0x30, 0x00, 0x00, 0x02, 0x08, 0x00, 0x00, 0x00, 0x31, 0x00, 0x00, 0x02, 0x0a, 0x00, 0x00,
  0x00, 0x31, 0x00, 0x00, 0x02, 0x0c, 0x00, 0x00, 0x00, 0x66, 0x01, 0x00, 0x01, 0x0d, 0x00, 0x00,
  0x00, 0x59, 0x01, 0x00, 0x01, 0x0a, 0x00, 0x00, 0x00, 0x69, 0x01, 0x00, 0x01, 0x0a, 0x00, 0x00,
  0x00, 0x6b, 0x01, 0x00, 0x01, 0x0a, 0x00, 0x00, 0x00, 0x6d, 0x01, 0x00, 0x01, 0x0a, 0x00, 0x00,
  0x00, 0x6f, 0x01, 0x00, 0x01, 0x08, 0x00, 0x00, 0x00, 0x1c, 0x00, 0x00, 0x02, 0x0c, 0x00, 0x00,
  0x00, 0x1c, 0x00, 0x00, 0x02, 0x0d, 0x00, 0x00, 0x00, 0x1c, 0x00, 0x00, 0x02, 0x08, 0x00, 0x00,
  0x00, 0x1e, 0x00, 0x00, 0x02, 0x0c, 0x00, 0x00, 0x00, 0x1e, 0x00, 0x00, 0x02, 0x0d, 0x00, 0x00,
  0x00, 0x1e, 0x00, 0x00, 0x02, 0x08, 0x00, 0x00, 0x00, 0x26, 0x00, 0x00, 0x02, 0x0c, 0x00, 0x00,
  0x00, 0x26, 0x00, 0x00, 0x02, 0x0d, 0x00, 0x00, 0x00, 0x26, 0x00, 0x00, 0x02, 0x01, 0x00, 0x00,
  0x00, 0xb8, 0x00, 0x00, 0x01, 0x09, 0x00, 0x00, 0x00, 0x25, 0x00, 0x00, 0x01, 0x0b, 0x00, 0x00,
  0x00, 0x26, 0x00, 0x00, 0x01, 0x0e, 0x00, 0x00, 0x00, 0x27, 0x00, 0x00, 0x01, 0x0f, 0x00, 0x00,
  0x00, 0xb9, 0x00, 0x00, 0x01, 0x10, 0x00, 0x00, 0x00, 0xba, 0x00, 0x00, 0x01, 0x11, 0x00, 0x00,
  0x00, 0xbb, 0x00, 0x00, 0x01, 0x12, 0x00, 0x00, 0x00, 0xbc, 0x00, 0x00, 0x01, 0x13, 0x00, 0x00,
  0x00, 0xbd, 0x00, 0x00, 0x01, 0x14, 0x00, 0x00, 0x00, 0xbe, 0x00, 0x00, 0x01, 0x15, 0x00, 0x00,
  0x00, 0xbf, 0x00, 0x00, 0x01, 0x16, 0x00, 0x00, 0x00, 0xc0, 0x00, 0x00, 0x01, 0x17, 0x00, 0x00,
  0x00, 0xc1, 0x00, 0x00, 0x01, 0x18, 0x00, 0x00, 0x00, 0xc2, 0x00, 0x00, 0x01, 0x19, 0x00, 0x00,
  0x00, 0x32, 0x00, 0x00, 0x01, 0x1a, 0x00, 0x00, 0x00, 0x33, 0x00, 0x00, 0x01, 0x1b, 0x00, 0x00,
  0x00, 0x34, 0x00, 0x00, 0x01, 0x1c, 0x00, 0x00, 0x00, 0x35, 0x00, 0x00, 0x01, 0x08, 0x00, 0x00,
  0x00, 0x30, 0x00, 0x00, 0x02, 0x0c, 0x00, 0x00, 0x00, 0x30, 0x00, 0x00, 0x02, 0x0d, 0x00, 0x00,
  0x00, 0x30, 0x00, 0x00, 0x02, 0x08, 0x00, 0x00, 0x00, 0x31, 0x00, 0x00, 0x02, 0x0c, 0x00, 0x00,
  0x00, 0x31, 0x00, 0x00, 0x02, 0x0d, 0x00, 0x00, 0x00, 0x31, 0x00, 0x00, 0x02, 0x0c, 0x00, 0x00,
  0x00, 0x74, 0x01, 0x00, 0x01, 0x05, 0x00, 0x00, 0x00, 0x3d, 0x00, 0x00, 0x02, 0x08, 0x00, 0x00,
  0x00, 0x3d, 0x00, 0x00, 0x02, 0x05, 0x00, 0x00, 0x00, 0x3e, 0x00, 0x00, 0x02, 0x08, 0x00, 0x00,
  0x00, 0x3e, 0x00, 0x00, 0x02, 0x01, 0x00, 0x00, 0x00, 0x40, 0x00, 0x00, 0x02, 0x09, 0x00, 0x00,
  0x00, 0x40, 0x00, 0x00, 0x02, 0x0b, 0x00, 0x00, 0x00, 0x40, 0x00, 0x00, 0x02, 0x0e, 0x00, 0x00,
  0x00, 0x40, 0x00, 0x00, 0x02, 0x0f, 0x00, 0x00, 0x00, 0x40, 0x00, 0x00, 0x02, 0x10, 0x00, 0x00,
  0x00, 0x40, 0x00, 0x00, 0x02, 0x11, 0x00, 0x00, 0x00, 0x40, 0x00, 0x00, 0x02, 0x12, 0x00, 0x00,
  0x00, 0x40, 0x00, 0x00, 0x02, 0x13, 0x00, 0x00, 0x00, 0x40, 0x00, 0x00, 0x02, 0x14, 0x00, 0x00,
  0x00, 0x40, 0x00, 0x00, 0x02, 0x15, 0x00, 0x00, 0x00, 0x40, 0x00, 0x00, 0x02, 0x16, 0x00, 0x00,
  0x00, 0x40, 0x00, 0x00, 0x02, 0x17, 0x00, 0x00, 0x00, 0x40, 0x00, 0x00, 0x02, 0x18, 0x00, 0x00,
  0x00, 0x40, 0x00, 0x00, 0x02, 0x19, 0x00, 0x00, 0x00, 0x40, 0x00, 0x00, 0x02, 0x1a, 0x00, 0x00,
  0x00, 0x40, 0x00, 0x00, 0x02, 0x1b, 0x00, 0x00, 0x00, 0x40, 0x00, 0x00, 0x02, 0x1c, 0x00, 0x00,
  0x00, 0x40, 0x00, 0x00, 0x02, 0x0c, 0x00, 0x00, 0x00, 0x39, 0x00, 0x00, 0x02, 0x0d, 0x00, 0x00,
  0x00, 0x39, 0x00, 0x00, 0x02, 0x0c, 0x00, 0x00, 0x00, 0x3b, 0x00, 0x00, 0x02, 0x0d, 0x00, 0x00,
  0x00, 0x3b, 0x00, 0x00, 0x02, 0x0c, 0x00, 0x00, 0x00, 0x44, 0x00, 0x00, 0x02, 0x0d, 0x00, 0x00,
  0x00, 0x44, 0x00, 0x00, 0x02, 0x01, 0x00, 0x00, 0x00, 0xb8, 0x00, 0x00, 0x01, 0x09, 0x00, 0x00,
  0x00, 0x25, 0x00, 0x00, 0x01, 0x0b, 0x00, 0x00, 0x00, 0x26, 0x00, 0x00, 0x01, 0x0e, 0x00, 0x00,
  0x00, 0x27, 0x00, 0x00, 0x01, 0x0f, 0x00, 0x00, 0x00, 0xb9, 0x00, 0x00, 0x01, 0x10, 0x00, 0x00,
  0x00, 0xba, 0x00, 0x00, 0x01, 0x11, 0x00, 0x00, 0x00, 0xbb, 0x00, 0x00, 0x01, 0x12, 0x00, 0x00,
  0x00, 0xbc, 0x00, 0x00, 0x01, 0x13, 0x00, 0x00, 0x00, 0xbd, 0x00, 0x00, 0x01, 0x14, 0x00, 0x00,
  0x00, 0xbe, 0x00, 0x00, 0x01, 0x15, 0x00, 0x00, 0x00, 0xbf, 0x00, 0x00, 0x01, 0x16, 0x00, 0x00,
  0x00, 0xc0, 0x00, 0x00, 0x01, 0x17, 0x00, 0x00, 0x00, 0xc1, 0x00, 0x00, 0x01, 0x18, 0x00, 0x00,
  0x00, 0xc2, 0x00, 0x00, 0x01, 0x19, 0x00, 0x00, 0x00, 0x32, 0x00, 0x00, 0x01, 0x1a, 0x00, 0x00,
  0x00, 0x33, 0x00, 0x00, 0x01, 0x1b, 0x00, 0x00, 0x00, 0x34, 0x00, 0x00, 0x01, 0x1c, 0x00, 0x00,
  0x00, 0x35, 0x00, 0x00, 0x01, 0x0d, 0x00, 0x00, 0x00, 0x59, 0x01, 0x00, 0x01, 0x0a, 0x00, 0x00,
  0x00, 0x7a, 0x01, 0x00, 0x01, 0x0a, 0x00, 0x00, 0x00, 0x7c, 0x01, 0x00, 0x01, 0x0a, 0x00, 0x00,
  0x00, 0x7e, 0x01, 0x00, 0x01, 0x0a, 0x00, 0x00, 0x00, 0x80, 0x01, 0x00, 0x01, 0x01, 0x00, 0x00,
  0x00, 0x49, 0x00, 0x00, 0x02, 0x09, 0x00, 0x00, 0x00, 0x49, 0x00, 0x00, 0x02, 0x0b, 0x00, 0x00,
  0x00, 0x49, 0x00, 0x00, 0x02, 0x0e, 0x00, 0x00, 0x00, 0x49, 0x00, 0x00, 0x02, 0x0f, 0x00, 0x00,
  0x00, 0x49, 0x00, 0x00, 0x02, 0x10, 0x00, 0x00, 0x00, 0x49, 0x00, 0x00, 0x02, 0x11, 0x00, 0x00,
  0x00, 0x49, 0x00, 0x00, 0x02, 0x12, 0x00, 0x00, 0x00, 0x49, 0x00, 0x00, 0x02, 0x13, 0x00, 0x00,
  0x00, 0x49, 0x00, 0x00, 0x02, 0x14, 0x00, 0x00, 0x00, 0x49, 0x00, 0x00, 0x02, 0x15, 0x00, 0x00,
  0x00, 0x49, 0x00, 0x00, 0x02, 0x16, 0x00, 0x00, 0x00, 0x49, 0x00, 0x00, 0x02, 0x17, 0x00, 0x00,
  0x00, 0x49, 0x00, 0x00, 0x02, 0x18, 0x00, 0x00, 0x00, 0x49, 0x00, 0x00, 0x02, 0x19, 0x00, 0x00,
  0x00, 0x49, 0x00, 0x00, 0x02, 0x1a, 0x00, 0x00, 0x00, 0x49, 0x00, 0x00, 0x02, 0x1b, 0x00, 0x00,
  0x00, 0x49, 0x00, 0x00, 0x02, 0x1c, 0x00, 0x00, 0x00, 0x49, 0x00, 0x00, 0x02, 0x01, 0x00, 0x00,
  0x00, 0x77, 0x00, 0x00, 0x01, 0x09, 0x00, 0x00, 0x00, 0x25, 0x00, 0x00, 0x01, 0x0b, 0x00, 0x00,
  0x00, 0x26, 0x00, 0x00, 0x01, 0x0e, 0x00, 0x00, 0x00, 0x27, 0x00, 0x00, 0x01, 0x0f, 0x00, 0x00,
  0x00, 0x78, 0x00, 0x00, 0x01, 0x10, 0x00, 0x00, 0x00, 0x79, 0x00, 0x00, 0x01, 0x11, 0x00, 0x00,
  0x00, 0x7a, 0x00, 0x00, 0x01, 0x12, 0x00, 0x00, 0x00, 0x7b, 0x00, 0x00, 0x01, 0x13, 0x00, 0x00,
  0x00, 0x7c, 0x00, 0x00, 0x01, 0x14, 0x00, 0x00, 0x00, 0x7d, 0x00, 0x00, 0x01, 0x15, 0x00, 0x00,
  0x00, 0x7e, 0x00, 0x00, 0x01, 0x16, 0x00, 0x00, 0x00, 0x7f, 0x00, 0x00, 0x01, 0x17, 0x00, 0x00,
  0x00, 0x80, 0x00, 0x00, 0x01, 0x18, 0x00, 0x00, 0x00, 0x81, 0x00, 0x00, 0x01, 0x19, 0x00, 0x00,
  0x00, 0x32, 0x00, 0x00, 0x01, 0x1a, 0x00, 0x00, 0x00, 0x33, 0x00, 0x00, 0x01, 0x1b, 0x00, 0x00,
  0x00, 0x34, 0x00, 0x00, 0x01, 0x1c, 0x00, 0x00, 0x00, 0x35, 0x00, 0x00, 0x01, 0x05, 0x00, 0x00,
  0x00, 0x76, 0x00, 0x00, 0x02, 0x08, 0x00, 0x00, 0x00, 0x76, 0x00, 0x00, 0x02, 0x05, 0x00, 0x00,
  0x00, 0x77, 0x00, 0x00, 0x02, 0x08, 0x00, 0x00, 0x00, 0x77, 0x00, 0x00, 0x02, 0x05, 0x00, 0x00,
  0x00, 0x7d, 0x00, 0x00, 0x02, 0x08, 0x00, 0x00, 0x00, 0x7d, 0x00, 0x00, 0x02, 0x05, 0x00, 0x00,
  0x00, 0x7e, 0x00, 0x00, 0x02, 0x08, 0x00, 0x00, 0x00, 0x7e, 0x00, 0x00, 0x02, 0x05, 0x00, 0x00,
  0x00, 0x84, 0x00, 0x00, 0x02, 0x08, 0x00, 0x00, 0x00, 0x84, 0x00, 0x00, 0x02, 0x05, 0x00, 0x00,
  0x00, 0x85, 0x00, 0x00, 0x02, 0x08, 0x00, 0x00, 0x00, 0x85, 0x00, 0x00, 0x02, 0x05, 0x00, 0x00,
  0x00, 0x8b, 0x00, 0x00, 0x02, 0x08, 0x00, 0x00, 0x00, 0x8b, 0x00, 0x00, 0x02, 0x05, 0x00, 0x00,
  0x00, 0x8c, 0x00, 0x00, 0x02, 0x08, 0x00, 0x00, 0x00, 0x8c, 0x00, 0x00, 0x02, 0x08, 0x00, 0x00,
  0x00, 0x23, 0x00, 0x00, 0x02, 0x0a, 0x00, 0x00, 0x00, 0x23, 0x00, 0x00, 0x02, 0x08, 0x00, 0x00,
  0x00, 0x25, 0x00, 0x00, 0x02, 0x0a, 0x00, 0x00, 0x00, 0x25, 0x00, 0x00, 0x02, 0x08, 0x00, 0x00,
  0x00, 0x24, 0x00, 0x00, 0x02, 0x0a, 0x00, 0x00, 0x00, 0x24, 0x00, 0x00, 0x02, 0x08, 0x00, 0x00,
  0x00, 0x3d, 0x00, 0x00, 0x02, 0x0a, 0x00, 0x00, 0x00, 0x3d, 0x00, 0x00, 0x02, 0x08, 0x00, 0x00,
  0x00, 0x3e, 0x00, 0x00, 0x02, 0x0a, 0x00, 0x00, 0x00, 0x3e, 0x00, 0x00, 0x02, 0x01, 0x00, 0x00,
  0x00, 0x77, 0x00, 0x00, 0x01, 0x09, 0x00, 0x00, 0x00, 0x25, 0x00, 0x00, 0x01, 0x0b, 0x00, 0x00,
  0x00, 0x26, 0x00, 0x00, 0x01, 0x0e, 0x00, 0x00, 0x00, 0x27, 0x00, 0x00, 0x01, 0x0f, 0x00, 0x00,
  0x00, 0x78, 0x00, 0x00, 0x01, 0x10, 0x00, 0x00, 0x00, 0x79, 0x00, 0x00, 0x01, 0x11, 0x00, 0x00,
  0x00, 0x7a, 0x00, 0x00, 0x01, 0x12, 0x00, 0x00, 0x00, 0x7b, 0x00, 0x00, 0x01, 0x13, 0x00, 0x00,
  0x00, 0x7c, 0x00, 0x00, 0x01, 0x14, 0x00, 0x00, 0x00, 0x7d, 0x00, 0x00, 0x01, 0x15, 0x00, 0x00,
  0x00, 0x7e, 0x00, 0x00, 0x01, 0x16, 0x00, 0x00, 0x00, 0x7f, 0x00, 0x00, 0x01, 0x17, 0x00, 0x00,
  0x00, 0x80, 0x00, 0x00, 0x01, 0x18, 0x00, 0x00, 0x00, 0x81, 0x00, 0x00, 0x01, 0x19, 0x00, 0x00,
  0x00, 0x32, 0x00, 0x00, 0x01, 0x1a, 0x00, 0x00, 0x00, 0x33, 0x00, 0x00, 0x01, 0x1b, 0x00, 0x00,
  0x00, 0x34, 0x00, 0x00, 0x01, 0x1c, 0x00, 0x00, 0x00, 0x35, 0x00, 0x00, 0x01, 0x08, 0x00, 0x00,
  0x00, 0x76, 0x00, 0x00, 0x02, 0x0a, 0x00, 0x00, 0x00, 0x76, 0x00, 0x00, 0x02, 0x08, 0x00, 0x00,
  0x00, 0x77, 0x00, 0x00, 0x02, 0x0a, 0x00, 0x00, 0x00, 0x77, 0x00, 0x00, 0x02, 0x08, 0x00, 0x00,
  0x00, 0x7d, 0x00, 0x00, 0x02, 0x0a, 0x00, 0x00, 0x00, 0x7d, 0x00, 0x00, 0x02, 0x08, 0x00, 0x00,
  0x00, 0x7e, 0x00, 0x00, 0x02, 0x0a, 0x00, 0x00, 0x00, 0x7e, 0x00, 0x00, 0x02, 0x08, 0x00, 0x00,
  0x00, 0x84, 0x00, 0x00, 0x02, 0x0a, 0x00, 0x00, 0x00, 0x84, 0x00, 0x00, 0x02, 0x08, 0x00, 0x00,
  0x00, 0x85, 0x00, 0x00, 0x02, 0x0a, 0x00, 0x00, 0x00, 0x85, 0x00, 0x00, 0x02, 0x08, 0x00, 0x00,
  0x00, 0x8b, 0x00, 0x00, 0x02, 0x0a, 0x00, 0x00, 0x00, 0x8b, 0x00, 0x00, 0x02, 0x08, 0x00, 0x00,
  0x00, 0x8c, 0x00, 0x00, 0x02, 0x0a, 0x00, 0x00, 0x00, 0x8c, 0x00, 0x00, 0x02, 0x08, 0x00, 0x00,
  0x00, 0x23, 0x00, 0x00, 0x02, 0x0c, 0x00, 0x00, 0x00, 0x23, 0x00, 0x00, 0x02, 0x0d, 0x00, 0x00,
  0x00, 0x23, 0x00, 0x00, 0x02, 0x08, 0x00, 0x00, 0x00, 0x25, 0x00, 0x00, 0x02, 0x0c, 0x00, 0x00,
  0x00, 0x25, 0x00, 0x00, 0x02, 0x0d, 0x00, 0x00, 0x00, 0x25, 0x00, 0x00, 0x02, 0x08, 0x00, 0x00,
  0x00, 0x24, 0x00, 0x00, 0x02, 0x0c, 0x00, 0x00, 0x00, 0x24, 0x00, 0x00, 0x02, 0x0d, 0x00, 0x00,
  0x00, 0x24, 0x00, 0x00, 0x02, 0x08, 0x00, 0x00, 0x00, 0x3d, 0x00, 0x00, 0x02, 0x0c, 0x00, 0x00,
  0x00, 0x3d, 0x00, 0x00, 0x02, 0x0d, 0x00, 0x00, 0x00, 0x3d, 0x00, 0x00, 0x02, 0x08, 0x00, 0x00,
  0x00, 0x3e, 0x00, 0x00, 0x02, 0x0c, 0x00, 0x00, 0x00, 0x3e, 0x00, 0x00, 0x02, 0x0d, 0x00, 0x00,
  0x00, 0x3e, 0x00, 0x00, 0x02, 0x0c, 0x00, 0x00, 0x00, 0x41, 0x00, 0x00, 0x02, 0x0d, 0x00, 0x00,
  0x00, 0x41, 0x00, 0x00, 0x02, 0x0c, 0x00, 0x00, 0x00, 0x43, 0x00, 0x00, 0x02, 0x0d, 0x00, 0x00,
  0x00, 0x43, 0x00, 0x00, 0x02, 0x0c, 0x00, 0x00, 0x00, 0x42, 0x00, 0x00, 0x02, 0x0d, 0x00, 0x00,
  0x00, 0x42, 0x00, 0x00, 0x02, 0x01, 0x00, 0x00, 0x00, 0x77, 0x00, 0x00, 0x01, 0x09, 0x00, 0x00,
  0x00, 0x25, 0x00, 0x00, 0x01, 0x0b, 0x00, 0x00, 0x00, 0x26, 0x00, 0x00, 0x01, 0x0e, 0x00, 0x00,
  0x00, 0x27, 0x00, 0x00, 0x01, 0x0f, 0x00, 0x00, 0x00, 0x78, 0x00, 0x00, 0x01, 0x10, 0x00, 0x00,
  0x00, 0x79, 0x00, 0x00, 0x01, 0x11, 0x00, 0x00, 0x00, 0x7a, 0x00, 0x00, 0x01, 0x12, 0x00, 0x00,
  0x00, 0x7b, 0x00, 0x00, 0x01, 0x13, 0x00, 0x00, 0x00, 0x7c, 0x00, 0x00, 0x01, 0x14, 0x00, 0x00,
  0x00, 0x7d, 0x00, 0x00, 0x01, 0x15, 0x00, 0x00, 0x00, 0x7e, 0x00, 0x00, 0x01, 0x16, 0x00, 0x00,
  0x00, 0x7f, 0x00, 0x00, 0x01, 0x17, 0x00, 0x00, 0x00, 0x80, 0x00, 0x00, 0x01, 0x18, 0x00, 0x00,
  0x00, 0x81, 0x00, 0x00, 0x01, 0x19, 0x00, 0x00, 0x00, 0x32, 0x00, 0x00, 0x01, 0x1a, 0x00, 0x00,
  0x00, 0x33, 0x00, 0x00, 0x01, 0x1b, 0x00, 0x00, 0x00, 0x34, 0x00, 0x00, 0x01, 0x1c, 0x00, 0x00,
  0x00, 0x35, 0x00, 0x00, 0x01, 0x08, 0x00, 0x00, 0x00, 0x76, 0x00, 0x00, 0x02, 0x0c, 0x00, 0x00,
  0x00, 0x76, 0x00, 0x00, 0x02, 0x0d, 0x00, 0x00, 0x00, 0x76, 0x00, 0x00, 0x02, 0x08, 0x00, 0x00,
  0x00, 0x77, 0x00, 0x00, 0x02, 0x0c, 0x00, 0x00, 0x00, 0x77, 0x00, 0x00, 0x02, 0x0d, 0x00, 0x00,
  0x00, 0x77, 0x00, 0x00, 0x02, 0x08, 0x00, 0x00, 0x00, 0x7d, 0x00, 0x00, 0x02, 0x0c, 0x00, 0x00,
  0x00, 0x7d, 0x00, 0x00, 0x02, 0x0d, 0x00, 0x00, 0x00, 0x7d, 0x00, 0x00, 0x02, 0x08, 0x00, 0x00,
  0x00, 0x7e, 0x00, 0x00, 0x02, 0x0c, 0x00, 0x00, 0x00, 0x7e, 0x00, 0x00, 0x02, 0x0d, 0x00, 0x00,
  0x00, 0x7e, 0x00, 0x00, 0x02, 0x08, 0x00, 0x00, 0x00, 0x84, 0x00, 0x00, 0x02, 0x0c, 0x00, 0x00,
  0x00, 0x84, 0x00, 0x00, 0x02, 0x0d, 0x00, 0x00, 0x00, 0x84, 0x00, 0x00, 0x02, 0x08, 0x00, 0x00,
  0x00, 0x85, 0x00, 0x00, 0x02, 0x0c, 0x00, 0x00, 0x00, 0x85, 0x00, 0x00, 0x02, 0x0d, 0x00, 0x00,
  0x00, 0x85, 0x00, 0x00, 0x02, 0x08, 0x00, 0x00, 0x00, 0x8b, 0x00, 0x00, 0x02, 0x0c, 0x00, 0x00,
  0x00, 0x8b, 0x00, 0x00, 0x02, 0x0d, 0x00, 0x00, 0x00, 0x8b, 0x00, 0x00, 0x02, 0x08, 0x00, 0x00,
  0x00, 0x8c, 0x00, 0x00, 0x02, 0x0c, 0x00, 0x00, 0x00, 0x8c, 0x00, 0x00, 0x02, 0x0d, 0x00, 0x00,
  0x00, 0x8c, 0x00, 0x00, 0x02, 0x0a, 0x00, 0x00, 0x00, 0x4a, 0x00, 0x00, 0x02, 0x0a, 0x00, 0x00,
  0x00, 0x87, 0x01, 0x00, 0x01, 0x0a, 0x00, 0x00, 0x00, 0x4b, 0x00, 0x00, 0x02, 0x0a, 0x00, 0x00,
  0x00, 0x89, 0x01, 0x00, 0x01, 0x0a, 0x00, 0x00, 0x00, 0x8b, 0x01, 0x00, 0x01, 0x05, 0x00, 0x00,
  0x00, 0x4c, 0x00, 0x00, 0x02, 0x08, 0x00, 0x00, 0x00, 0x4c, 0x00, 0x00, 0x02, 0x05, 0x00, 0x00,
  0x00, 0x4d, 0x00, 0x00, 0x02, 0x08, 0x00, 0x00, 0x00, 0x4d, 0x00, 0x00, 0x02, 0x08, 0x00, 0x00,
  0x00, 0x4c, 0x00, 0x00, 0x02, 0x0a, 0x00, 0x00, 0x00, 0x4c, 0x00, 0x00, 0x02, 0x08, 0x00, 0x00,
  0x00, 0x4d, 0x00, 0x00, 0x02, 0x0a, 0x00, 0x00, 0x00, 0x4d, 0x00, 0x00, 0x02, 0x08, 0x00, 0x00,
  0x00, 0x4c, 0x00, 0x00, 0x02, 0x0c, 0x00, 0x00, 0x00, 0x4c, 0x00, 0x00, 0x02, 0x0d, 0x00, 0x00,
  0x00, 0x4c, 0x00, 0x00, 0x02, 0x08, 0x00, 0x00, 0x00, 0x4d, 0x00, 0x00, 0x02, 0x0c, 0x00, 0x00,
  0x00, 0x4d, 0x00, 0x00, 0x02, 0x0d, 0x00, 0x00, 0x00, 0x4d, 0x00, 0x00, 0x02, 0x00, 0x00, 0x00,
  0x00, 0x0b, 0x00, 0x00, 0x00, 0x0b, 0x00, 0x00, 0x00, 0x0b, 0x00, 0x00, 0x00, 0x0b, 0x00, 0x00,
  0x00, 0x0b, 0x00, 0x00, 0x00, 0x0b, 0x00, 0x00, 0x00, 0x0b, 0x00, 0x00, 0x00, 0x14, 0x00, 0x00,
  0x00, 0x14, 0x00, 0x00, 0x00, 0x14, 0x00, 0x00, 0x00, 0x14, 0x00, 0x00, 0x00, 0x16, 0x00, 0x00,
  0x00, 0x16, 0x00, 0x00, 0x00, 0x1b, 0x00, 0x00, 0x00, 0x1b, 0x00, 0x00, 0x00, 0x1b, 0x00, 0x00,
  0x00, 0x1c, 0x00, 0x00, 0x00, 0x1c, 0x00, 0x00, 0x00, 0x1c, 0x00, 0x00, 0x00, 0x1c, 0x00, 0x00,
  0x00, 0x1d, 0x00, 0x00, 0x00, 0x1d, 0x00, 0x00, 0x00, 0x1d, 0x00, 0x00, 0x00, 0x24, 0x00, 0x00,
  0x00, 0x24, 0x00, 0x00, 0x00, 0x5a, 0x00, 0x00, 0x00, 0x5a, 0x00, 0x00, 0x00, 0x90, 0x00, 0x00,
  0x00, 0x90, 0x00, 0x00, 0x00, 0x90, 0x00, 0x00, 0x00, 0x91, 0x00, 0x00, 0x00, 0x91, 0x00, 0x00,
  0x00, 0x91, 0x00, 0x00, 0x00, 0x91, 0x00, 0x00, 0x00, 0x93, 0x00, 0x00, 0x00, 0x93, 0x00, 0x00,
  0x00, 0x93, 0x00, 0x00, 0x00, 0x93, 0x00, 0x00, 0x00, 0x93, 0x00, 0x00, 0x00, 0x93, 0x00, 0x00,
  0x00, 0x93, 0x00, 0x00, 0x00, 0x93, 0x00, 0x00, 0x00, 0x93, 0x00, 0x00, 0x00, 0x93, 0x00, 0x00,
  0x00, 0x93, 0x00, 0x00, 0x00, 0x93, 0x00, 0x00, 0x00, 0x93, 0x00, 0x00, 0x00, 0x93, 0x00, 0x00,
  0x00, 0x93, 0x00, 0x00, 0x00, 0x93, 0x00, 0x00, 0x00, 0x93, 0x00, 0x00, 0x00, 0x93, 0x00, 0x00,
  0x00, 0x93, 0x00, 0x00, 0x00, 0x93, 0x00, 0x00, 0x00, 0x93, 0x00, 0x00, 0x00, 0x93, 0x00, 0x00,
  0x00, 0x93, 0x00, 0x00, 0x00, 0x93, 0x00, 0x00, 0x00, 0x93, 0x00, 0x00, 0x00, 0x93, 0x00, 0x00,
  0x00, 0x93, 0x00, 0x00, 0x00, 0x93, 0x00, 0x00, 0x00, 0x93, 0x00, 0x00, 0x00, 0x93, 0x00, 0x00,
  0x00, 0x93, 0x00, 0x00, 0x00, 0x93, 0x00, 0x00, 0x00, 0x93, 0x00, 0x00, 0x00, 0x93, 0x00, 0x00,
  0x00, 0x93, 0x00, 0x00, 0x00, 0x93, 0x00, 0x00, 0x00, 0x93, 0x00, 0x00, 0x00, 0x93, 0x00, 0x00,
  0x00, 0x93, 0x00, 0x00, 0x00, 0x93, 0x00, 0x00, 0x00, 0x93, 0x00, 0x00, 0x00, 0x94, 0x00, 0x00,
  0x00, 0x94, 0x00, 0x00, 0x00, 0x94, 0x00, 0x00, 0x00, 0x96, 0x00, 0x00, 0x00, 0x96, 0x00, 0x00,
  0x00, 0x96, 0x00, 0x00, 0x00, 0x96, 0x00, 0x00, 0x00, 0xcc, 0x00, 0x00, 0x00, 0xcc, 0x00, 0x00,
  0x00, 0xcc, 0x00, 0x00, 0x00, 0xcc, 0x00, 0x00, 0x00, 0x02, 0x01, 0x00, 0x00, 0x02, 0x01, 0x00,
  0x00, 0x03, 0x01, 0x00, 0x00, 0x03, 0x01, 0x00, 0x00, 0x03, 0x01, 0x00, 0x00, 0x03, 0x01, 0x00,
  0x00, 0x03, 0x01, 0x00, 0x00, 0x03, 0x01, 0x00, 0x00, 0x03, 0x01, 0x00, 0x00, 0x03, 0x01, 0x00,
  0x00, 0x03, 0x01, 0x00, 0x00, 0x03, 0x01, 0x00, 0x00, 0x03, 0x01, 0x00, 0x00, 0x03, 0x01, 0x00,
  0x00, 0x03, 0x01, 0x00, 0x00, 0x04, 0x01, 0x00, 0x00, 0x04, 0x01, 0x00, 0x00, 0x05, 0x01, 0x00,
  0x00, 0x05, 0x01, 0x00, 0x00, 0x06, 0x01, 0x00, 0x00, 0x06, 0x01, 0x00, 0x00, 0x07, 0x01, 0x00,
  0x00, 0x07, 0x01, 0x00, 0x00, 0x08, 0x01, 0x00, 0x00, 0x08, 0x01, 0x00, 0x00, 0x08, 0x01, 0x00,
  0x00, 0x08, 0x01, 0x00, 0x00, 0x08, 0x01, 0x00, 0x00, 0x0c, 0x01, 0x00, 0x00, 0x0c, 0x01, 0x00,
  0x00, 0x0c, 0x01, 0x00, 0x00, 0x0c, 0x01, 0x00, 0x00, 0x10, 0x01, 0x00, 0x00, 0x10, 0x01, 0x00,
  0x00, 0x10, 0x01, 0x00, 0x00, 0x10, 0x01, 0x00, 0x00, 0x10, 0x01, 0x00, 0x00, 0x10, 0x01, 0x00,
  0x00, 0x10, 0x01, 0x00, 0x00, 0x10, 0x01, 0x00, 0x00, 0x10, 0x01, 0x00, 0x00, 0x10, 0x01, 0x00,
  0x00, 0x10, 0x01, 0x00, 0x00, 0x10, 0x01, 0x00, 0x00, 0x10, 0x01, 0x00, 0x00, 0x10, 0x01, 0x00,
  0x00, 0x10, 0x01, 0x00, 0x00, 0x10, 0x01, 0x00, 0x00, 0x10, 0x01, 0x00, 0x00, 0x10, 0x01, 0x00,
  0x00, 0x10, 0x01, 0x00, 0x00, 0x10, 0x01, 0x00, 0x00, 0x10, 0x01, 0x00, 0x00, 0x10, 0x01, 0x00,
  0x00, 0x10, 0x01, 0x00, 0x00, 0x10, 0x01, 0x00, 0x00, 0x10, 0x01, 0x00, 0x00, 0x10, 0x01, 0x00,
  0x00, 0x10, 0x01, 0x00, 0x00, 0x10, 0x01, 0x00, 0x00, 0x10, 0x01, 0x00, 0x00, 0x10, 0x01, 0x00,
  0x00, 0x10, 0x01, 0x00, 0x00, 0x10, 0x01, 0x00, 0x00, 0x10, 0x01, 0x00, 0x00, 0x10, 0x01, 0x00,
  0x00, 0x12, 0x01, 0x00, 0x00, 0x12, 0x01, 0x00, 0x00, 0x12, 0x01, 0x00, 0x00, 0x12, 0x01, 0x00,
  0x00, 0x48, 0x01, 0x00, 0x00, 0x49, 0x01, 0x00, 0x00, 0x49, 0x01, 0x00, 0x00, 0x49, 0x01, 0x00,
  0x00, 0x49, 0x01, 0x00, 0x00, 0x49, 0x01, 0x00, 0x00, 0x7f, 0x01, 0x00, 0x00, 0x7f, 0x01, 0x00,
  0x00, 0x80, 0x01, 0x00, 0x00, 0x80, 0x01, 0x00, 0x00, 0x80, 0x01, 0x00, 0x00, 0x80, 0x01, 0x00,
  0x00, 0x80, 0x01, 0x00, 0x00, 0x80, 0x01, 0x00, 0x00, 0x80, 0x01, 0x00, 0x00, 0x80, 0x01, 0x00,
  0x00, 0x80, 0x01, 0x00, 0x00, 0x80, 0x01, 0x00, 0x00, 0x80, 0x01, 0x00, 0x00, 0x80, 0x01, 0x00,
  0x00, 0x80, 0x01, 0x00, 0x00, 0x81, 0x01, 0x00, 0x00, 0x81, 0x01, 0x00, 0x00, 0x82, 0x01, 0x00,
  0x00, 0x82, 0x01, 0x00, 0x00, 0x83, 0x01, 0x00, 0x00, 0x83, 0x01, 0x00, 0x00, 0x84, 0x01, 0x00,
  0x00, 0x84, 0x01, 0x00, 0x00, 0x84, 0x01, 0x00, 0x00, 0x84, 0x01, 0x00, 0x00, 0x84, 0x01, 0x00,
  0x00, 0x84, 0x01, 0x00, 0x00, 0x84, 0x01, 0x00, 0x00, 0x84, 0x01, 0x00, 0x00, 0x84, 0x01, 0x00,
  0x00, 0x84, 0x01, 0x00, 0x00, 0x84, 0x01, 0x00, 0x00, 0x84, 0x01, 0x00, 0x00, 0x84, 0x01, 0x00,
  0x00, 0x84, 0x01, 0x00, 0x00, 0x84, 0x01, 0x00, 0x00, 0x84, 0x01, 0x00, 0x00, 0x84, 0x01, 0x00,
  0x00, 0x84, 0x01, 0x00, 0x00, 0x84, 0x01, 0x00, 0x00, 0x84, 0x01, 0x00, 0x00, 0x84, 0x01, 0x00,
  0x00, 0x84, 0x01, 0x00, 0x00, 0x84, 0x01, 0x00, 0x00, 0x84, 0x01, 0x00, 0x00, 0x84, 0x01, 0x00,
  0x00, 0x84, 0x01, 0x00, 0x00, 0x84, 0x01, 0x00, 0x00, 0x84, 0x01, 0x00, 0x00, 0x84, 0x01, 0x00,
  0x00, 0x84, 0x01, 0x00, 0x00, 0x84, 0x01, 0x00, 0x00, 0x84, 0x01, 0x00, 0x00, 0x84, 0x01, 0x00,
  0x00, 0x84, 0x01, 0x00, 0x00, 0x86, 0x01, 0x00, 0x00, 0x86, 0x01, 0x00, 0x00, 0x86, 0x01, 0x00,
  0x00, 0x86, 0x01, 0x00, 0x00, 0xbc, 0x01, 0x00, 0x00, 0xbc, 0x01, 0x00, 0x00, 0xbc, 0x01, 0x00,
  0x00, 0xbc, 0x01, 0x00, 0x00, 0xf2, 0x01, 0x00, 0x00, 0xf4, 0x01, 0x00, 0x00, 0xf4, 0x01, 0x00,
  0x00, 0xf4, 0x01, 0x00, 0x00, 0xf5, 0x01, 0x00, 0x00, 0xf5, 0x01, 0x00, 0x00, 0xf5, 0x01, 0x00,
  0x00, 0xf5, 0x01, 0x00, 0x00, 0xf5, 0x01, 0x00, 0x00, 0xf5, 0x01, 0x00, 0x00, 0xf5, 0x01, 0x00,
  0x00, 0xf5, 0x01, 0x00, 0x00, 0xf5, 0x01, 0x00, 0x00, 0xf5, 0x01, 0x00, 0x00, 0xf5, 0x01, 0x00,
  0x00, 0xf5, 0x01, 0x00, 0x00, 0xf5, 0x01, 0x00, 0x00, 0xf6, 0x01, 0x00, 0x00, 0xf6, 0x01, 0x00,
  0x00, 0xf7, 0x01, 0x00, 0x00, 0xf7, 0x01, 0x00, 0x00, 0xf8, 0x01, 0x00, 0x00, 0xf8, 0x01, 0x00,
  0x00, 0xf9, 0x01, 0x00, 0x00, 0xf9, 0x01, 0x00, 0x00, 0xfb, 0x01, 0x00, 0x00, 0xfb, 0x01, 0x00,
  0x00, 0xfd, 0x01, 0x00, 0x00, 0xfd, 0x01, 0x00, 0x00, 0xff, 0x01, 0x00, 0x00, 0xff, 0x01, 0x00,
  0x00, 0x01, 0x02, 0x00, 0x00, 0x01, 0x02, 0x00, 0x00, 0x03, 0x02, 0x00, 0x00, 0x03, 0x02, 0x00,
  0x00, 0x03, 0x02, 0x00, 0x00, 0x03, 0x02, 0x00, 0x00, 0x03, 0x02, 0x00, 0x00, 0x03, 0x02, 0x00,
  0x00, 0x03, 0x02, 0x00, 0x00, 0x05, 0x02, 0x00, 0x00, 0x05, 0x02, 0x00, 0x00, 0x05, 0x02, 0x00,
  0x00, 0x05, 0x02, 0x00, 0x00, 0x05, 0x02, 0x00, 0x00, 0x37, 0x02, 0x00, 0x00, 0x37, 0x02, 0x00,
  0x00, 0x3b, 0x02, 0x00, 0x00, 0x3c, 0x02, 0x00, 0x00, 0x3c, 0x02, 0x00, 0x00, 0x3c, 0x02, 0x00,
  0x00, 0x3e, 0x02, 0x00, 0x00, 0x40, 0x02, 0x00, 0x00, 0x42, 0x02, 0x00, 0x00, 0x44, 0x02, 0x00,
  0x00, 0x46, 0x02, 0x00, 0x00, 0x48, 0x02, 0x00, 0x00, 0x48, 0x02, 0x00, 0x00, 0x4c, 0x02, 0x00,
  0x00, 0x4d, 0x02, 0x00, 0x00, 0x4f, 0x02, 0x00, 0x00, 0x50, 0x02, 0x00, 0x00, 0x54, 0x02, 0x00,
  0x00, 0x56, 0x02, 0x00, 0x00, 0x58, 0x02, 0x00, 0x00, 0x5a, 0x02, 0x00, 0x00, 0x5c, 0x02, 0x00,
  0x00, 0x5e, 0x02, 0x00, 0x00, 0x5e, 0x02, 0x00, 0x00, 0x5f, 0x02, 0x00, 0x00, 0x5f, 0x02, 0x00,
  0x00, 0x5f, 0x02, 0x00, 0x00, 0x60, 0x02, 0x00, 0x00, 0x60, 0x02, 0x00, 0x00, 0x60, 0x02, 0x00,
  0x00, 0x61, 0x02, 0x00, 0x00, 0x61, 0x02, 0x00, 0x00, 0x61, 0x02, 0x00, 0x00, 0x62, 0x02, 0x00,
  0x00, 0x62, 0x02, 0x00, 0x00, 0x62, 0x02, 0x00, 0x00, 0x63, 0x02, 0x00, 0x00, 0x63, 0x02, 0x00,
  0x00, 0x63, 0x02, 0x00, 0x00, 0x63, 0x02, 0x00, 0x00, 0x63, 0x02, 0x00, 0x00, 0x63, 0x02, 0x00,
  0x00, 0x63, 0x02, 0x00, 0x00, 0x63, 0x02, 0x00, 0x00, 0x63, 0x02, 0x00, 0x00, 0x63, 0x02, 0x00,
  0x00, 0x63, 0x02, 0x00, 0x00, 0x95, 0x02, 0x00, 0x00, 0x95, 0x02, 0x00, 0x00, 0x95, 0x02, 0x00,
  0x00, 0x96, 0x02, 0x00, 0x00, 0x97, 0x02, 0x00, 0x00, 0x98, 0x02, 0x00, 0x00, 0x99, 0x02, 0x00,
  0x00, 0x9a, 0x02, 0x00, 0x00, 0x9b, 0x02, 0x00, 0x00, 0x9b, 0x02, 0x00, 0x00, 0x9b, 0x02, 0x00,
  0x00, 0x9b, 0x02, 0x00, 0x00, 0xcd, 0x02, 0x00, 0x00, 0xcd, 0x02, 0x00, 0x00, 0xcd, 0x02, 0x00,
  0x00, 0xce, 0x02, 0x00, 0x00, 0xce, 0x02, 0x00, 0x00, 0xce, 0x02, 0x00, 0x00, 0xce, 0x02, 0x00,
  0x00, 0xce, 0x02, 0x00, 0x00, 0xce, 0x02, 0x00, 0x00, 0xce, 0x02, 0x00, 0x00, 0x04, 0x03, 0x00,
  0x00, 0x05, 0x03, 0x00, 0x00, 0x06, 0x03, 0x00, 0x00, 0x07, 0x03, 0x00, 0x00, 0x08, 0x03, 0x00,
  0x00, 0x09, 0x03, 0x00, 0x00, 0x09, 0x03, 0x00, 0x00, 0x3f, 0x03, 0x00, 0x00, 0x3f, 0x03, 0x00,
  0x00, 0x3f, 0x03, 0x00, 0x00, 0x3f, 0x03, 0x00, 0x00, 0x3f, 0x03, 0x00, 0x00, 0x3f, 0x03, 0x00,
  0x00, 0x3f, 0x03, 0x00, 0x00, 0x3f, 0x03, 0x00, 0x00, 0x3f, 0x03, 0x00, 0x00, 0x3f, 0x03, 0x00,
  0x00, 0x3f, 0x03, 0x00, 0x00, 0x3f, 0x03, 0x00, 0x00, 0x3f, 0x03, 0x00, 0x00, 0x3f, 0x03, 0x00,
  0x00, 0x75, 0x03, 0x00, 0x00, 0x75, 0x03, 0x00, 0x00, 0x75, 0x03, 0x00, 0x00, 0x75, 0x03, 0x00,
  0x00, 0x75, 0x03, 0x00, 0x00, 0x75, 0x03, 0x00, 0x00, 0x75, 0x03, 0x00, 0x00, 0x75, 0x03, 0x00,
  0x00, 0x75, 0x03, 0x00, 0x00, 0x75, 0x03, 0x00, 0x00, 0x75, 0x03, 0x00, 0x00, 0x75, 0x03, 0x00,
  0x00, 0x75, 0x03, 0x00, 0x00, 0x75, 0x03, 0x00, 0x00, 0x75, 0x03, 0x00, 0x00, 0x75, 0x03, 0x00,
  0x00, 0x75, 0x03, 0x00, 0x00, 0xab, 0x03, 0x00, 0x00, 0xab, 0x03, 0x00, 0x00, 0xab, 0x03, 0x00,
  0x00, 0xab, 0x03, 0x00, 0x00, 0xab, 0x03, 0x00, 0x00, 0xab, 0x03, 0x00, 0x00, 0xab, 0x03, 0x00,
  0x00, 0xab, 0x03, 0x00, 0x00, 0xab, 0x03, 0x00, 0x00, 0xab, 0x03, 0x00, 0x00, 0xac, 0x03, 0x00,
  0x00, 0xac, 0x03, 0x00, 0x00, 0xad, 0x03, 0x00, 0x00, 0xae, 0x03, 0x00, 0x00, 0xae, 0x03, 0x00,
  0x00, 0xae, 0x03, 0x00, 0x00, 0xae, 0x03, 0x00, 0x00, 0xae, 0x03, 0x00, 0x00, 0xae, 0x03, 0x00,
  0x00, 0xae, 0x03, 0x00, 0x00, 0x01, 0x00, 0x00, 0x00, 0x03, 0x00, 0x00, 0x00, 0x02, 0x00, 0x00,
  0x00, 0x04, 0x00, 0x00, 0x00, 0x03, 0x00, 0x00, 0x00, 0x05, 0x00, 0x00, 0x00, 0x04, 0x00, 0x00,
  0x00, 0x06, 0x00, 0x00, 0x00, 0x1f, 0x00, 0x00, 0x00, 0x07, 0x00, 0x00, 0x00, 0x20, 0x00, 0x00,
  0x00, 0x08, 0x00, 0x00, 0x00, 0x21, 0x00, 0x00, 0x00, 0x09, 0x00, 0x00, 0x00, 0x22, 0x00, 0x00,
  0x00, 0x0a, 0x00, 0x00, 0x00, 0x23, 0x00, 0x00, 0x00, 0x0b, 0x00, 0x00, 0x00, 0x2a, 0x00, 0x00,
  0x00, 0x0c, 0x00, 0x00, 0x00, 0x2b, 0x00, 0x00, 0x00, 0x0d, 0x00, 0x00, 0x00, 0x02, 0x00, 0x00,
  0x00, 0x04, 0x00, 0x00, 0x00, 0x03, 0x00, 0x00, 0x00, 0x05, 0x00, 0x00, 0x00, 0x04, 0x00, 0x00,
  0x00, 0x06, 0x00, 0x00, 0x00, 0x20, 0x00, 0x00, 0x00, 0x0e, 0x00, 0x00, 0x00, 0x21, 0x00, 0x00,
  0x00, 0x09, 0x00, 0x00, 0x00, 0x22, 0x00, 0x00, 0x00, 0x0a, 0x00, 0x00, 0x00, 0x23, 0x00, 0x00,
  0x00, 0x0b, 0x00, 0x00, 0x00, 0x2a, 0x00, 0x00, 0x00, 0x0c, 0x00, 0x00, 0x00, 0x2b, 0x00, 0x00,
  0x00, 0x0d, 0x00, 0x00, 0x00, 0x24, 0x00, 0x00, 0x00, 0x10, 0x00, 0x00, 0x00, 0x25, 0x00, 0x00,
  0x00, 0x11, 0x00, 0x00, 0x00, 0x1c, 0x00, 0x00, 0x00, 0x13, 0x00, 0x00, 0x00, 0x2c, 0x00, 0x00,
  0x00, 0x14, 0x00, 0x00, 0x00, 0x2d, 0x00, 0x00, 0x00, 0x15, 0x00, 0x00, 0x00, 0x7c, 0x00, 0x00,
  0x00, 0x16, 0x00, 0x00, 0x00, 0x7d, 0x00, 0x00, 0x00, 0x17, 0x00, 0x00, 0x00, 0x26, 0x00, 0x00,
  0x00, 0x19, 0x00, 0x00, 0x00, 0x2e, 0x00, 0x00, 0x00, 0x1b, 0x00, 0x00, 0x00, 0x1d, 0x00, 0x00,
  0x00, 0x1d, 0x00, 0x00, 0x00, 0x7e, 0x00, 0x00, 0x00, 0x1e, 0x00, 0x00, 0x00, 0x7f, 0x00, 0x00,
  0x00, 0x1f, 0x00, 0x00, 0x00, 0x80, 0x00, 0x00, 0x00, 0x20, 0x00, 0x00, 0x00, 0x82, 0x00, 0x00,
  0x00, 0x21, 0x00, 0x00, 0x00, 0x83, 0x00, 0x00, 0x00, 0x22, 0x00, 0x00, 0x00, 0x84, 0x00, 0x00,
  0x00, 0x23, 0x00, 0x00, 0x00, 0x05, 0x00, 0x00, 0x00, 0x36, 0x00, 0x00, 0x00, 0x07, 0x00, 0x00,
  0x00, 0x37, 0x00, 0x00, 0x00, 0x08, 0x00, 0x00, 0x00, 0x38, 0x00, 0x00, 0x00, 0x09, 0x00, 0x00,
  0x00, 0x39, 0x00, 0x00, 0x00, 0x0a, 0x00, 0x00, 0x00, 0x3a, 0x00, 0x00, 0x00, 0x0c, 0x00, 0x00,
  0x00, 0x3b, 0x00, 0x00, 0x00, 0x0d, 0x00, 0x00, 0x00, 0x3c, 0x00, 0x00, 0x00, 0x0e, 0x00, 0x00,
  0x00, 0x3d, 0x00, 0x00, 0x00, 0x0f, 0x00, 0x00, 0x00, 0x3e, 0x00, 0x00, 0x00, 0x10, 0x00, 0x00,
  0x00, 0x3f, 0x00, 0x00, 0x00, 0x11, 0x00, 0x00, 0x00, 0x40, 0x00, 0x00, 0x00, 0x12, 0x00, 0x00,
  0x00, 0x41, 0x00, 0x00, 0x00, 0x13, 0x00, 0x00, 0x00, 0x42, 0x00, 0x00, 0x00, 0x14, 0x00, 0x00,
  0x00, 0x43, 0x00, 0x00, 0x00, 0x15, 0x00, 0x00, 0x00, 0x44, 0x00, 0x00, 0x00, 0x16, 0x00, 0x00,
  0x00, 0x45, 0x00, 0x00, 0x00, 0x17, 0x00, 0x00, 0x00, 0x46, 0x00, 0x00, 0x00, 0x18, 0x00, 0x00,
  0x00, 0x47, 0x00, 0x00, 0x00, 0x19, 0x00, 0x00, 0x00, 0x48, 0x00, 0x00, 0x00, 0x1a, 0x00, 0x00,
  0x00, 0x49, 0x00, 0x00, 0x00, 0x1b, 0x00, 0x00, 0x00, 0x4a, 0x00, 0x00, 0x00, 0x27, 0x00, 0x00,
  0x00, 0x4b, 0x00, 0x00, 0x00, 0x28, 0x00, 0x00, 0x00, 0x4c, 0x00, 0x00, 0x00, 0x32, 0x00, 0x00,
  0x00, 0x4d, 0x00, 0x00, 0x00, 0x33, 0x00, 0x00, 0x00, 0x4e, 0x00, 0x00, 0x00, 0x34, 0x00, 0x00,
  0x00, 0x4f, 0x00, 0x00, 0x00, 0x3c, 0x00, 0x00, 0x00, 0x50, 0x00, 0x00, 0x00, 0x3d, 0x00, 0x00,
  0x00, 0x51, 0x00, 0x00, 0x00, 0x3e, 0x00, 0x00, 0x00, 0x52, 0x00, 0x00, 0x00, 0x42, 0x00, 0x00,
  0x00, 0x53, 0x00, 0x00, 0x00, 0x43, 0x00, 0x00, 0x00, 0x54, 0x00, 0x00, 0x00, 0x44, 0x00, 0x00,
  0x00, 0x55, 0x00, 0x00, 0x00, 0x45, 0x00, 0x00, 0x00, 0x56, 0x00, 0x00, 0x00, 0x50, 0x00, 0x00,
  0x00, 0x57, 0x00, 0x00, 0x00, 0x51, 0x00, 0x00, 0x00, 0x58, 0x00, 0x00, 0x00, 0x59, 0x00, 0x00,
  0x00, 0x59, 0x00, 0x00, 0x00, 0x5a, 0x00, 0x00, 0x00, 0x5a, 0x00, 0x00, 0x00, 0x5b, 0x00, 0x00,
  0x00, 0x5b, 0x00, 0x00, 0x00, 0x5c, 0x00, 0x00, 0x00, 0x5c, 0x00, 0x00, 0x00, 0x5d, 0x00, 0x00,
  0x00, 0x5d, 0x00, 0x00, 0x00, 0x5e, 0x00, 0x00, 0x00, 0x5e, 0x00, 0x00, 0x00, 0x5f, 0x00, 0x00,
  0x00, 0x5f, 0x00, 0x00, 0x00, 0x60, 0x00, 0x00, 0x00, 0x60, 0x00, 0x00, 0x00, 0x61, 0x00, 0x00,
  0x00, 0x61, 0x00, 0x00, 0x00, 0x62, 0x00, 0x00, 0x00, 0x62, 0x00, 0x00, 0x00, 0x63, 0x00, 0x00,
  0x00, 0x63, 0x00, 0x00, 0x00, 0x64, 0x00, 0x00, 0x00, 0x64, 0x00, 0x00, 0x00, 0x65, 0x00, 0x00,
  0x00, 0x65, 0x00, 0x00, 0x00, 0x6a, 0x00, 0x00, 0x00, 0x66, 0x00, 0x00, 0x00, 0x6b, 0x00, 0x00,
  0x00, 0x67, 0x00, 0x00, 0x00, 0x70, 0x00, 0x00, 0x00, 0x68, 0x00, 0x00, 0x00, 0x71, 0x00, 0x00,
  0x00, 0x69, 0x00, 0x00, 0x00, 0x76, 0x00, 0x00, 0x00, 0x6a, 0x00, 0x00, 0x00, 0x77, 0x00, 0x00,
  0x00, 0x6b, 0x00, 0x00, 0x00, 0x05, 0x00, 0x00, 0x00, 0x6c, 0x00, 0x00, 0x00, 0x07, 0x00, 0x00,
  0x00, 0x37, 0x00, 0x00, 0x00, 0x08, 0x00, 0x00, 0x00, 0x38, 0x00, 0x00, 0x00, 0x09, 0x00, 0x00,
  0x00, 0x39, 0x00, 0x00, 0x00, 0x0a, 0x00, 0x00, 0x00, 0x3a, 0x00, 0x00, 0x00, 0x0c, 0x00, 0x00,
  0x00, 0x3b, 0x00, 0x00, 0x00, 0x0d, 0x00, 0x00, 0x00, 0x3c, 0x00, 0x00, 0x00, 0x0e, 0x00, 0x00,
  0x00, 0x3d, 0x00, 0x00, 0x00, 0x0f, 0x00, 0x00, 0x00, 0x3e, 0x00, 0x00, 0x00, 0x10, 0x00, 0x00,
  0x00, 0x3f, 0x00, 0x00, 0x00, 0x11, 0x00, 0x00, 0x00, 0x40, 0x00, 0x00, 0x00, 0x12, 0x00, 0x00,
  0x00, 0x41, 0x00, 0x00, 0x00, 0x13, 0x00, 0x00, 0x00, 0x42, 0x00, 0x00, 0x00, 0x14, 0x00, 0x00,
  0x00, 0x43, 0x00, 0x00, 0x00, 0x15, 0x00, 0x00, 0x00, 0x44, 0x00, 0x00, 0x00, 0x16, 0x00, 0x00,
  0x00, 0x45, 0x00, 0x00, 0x00, 0x17, 0x00, 0x00, 0x00, 0x46, 0x00, 0x00, 0x00, 0x18, 0x00, 0x00,
  0x00, 0x47, 0x00, 0x00, 0x00, 0x19, 0x00, 0x00, 0x00, 0x48, 0x00, 0x00, 0x00, 0x1a, 0x00, 0x00,
  0x00, 0x49, 0x00, 0x00, 0x00, 0x1b, 0x00, 0x00, 0x00, 0x4a, 0x00, 0x00, 0x00, 0x2f, 0x00, 0x00,
  0x00, 0x6d, 0x00, 0x00, 0x00, 0x30, 0x00, 0x00, 0x00, 0x6e, 0x00, 0x00, 0x00, 0x32, 0x00, 0x00,
  0x00, 0x4d, 0x00, 0x00, 0x00, 0x33, 0x00, 0x00, 0x00, 0x4e, 0x00, 0x00, 0x00, 0x34, 0x00, 0x00,
  0x00, 0x4f, 0x00, 0x00, 0x00, 0x3c, 0x00, 0x00, 0x00, 0x50, 0x00, 0x00, 0x00, 0x3d, 0x00, 0x00,
  0x00, 0x51, 0x00, 0x00, 0x00, 0x3e, 0x00, 0x00, 0x00, 0x52, 0x00, 0x00, 0x00, 0x42, 0x00, 0x00,
  0x00, 0x53, 0x00, 0x00, 0x00, 0x43, 0x00, 0x00, 0x00, 0x54, 0x00, 0x00, 0x00, 0x44, 0x00, 0x00,
  0x00, 0x55, 0x00, 0x00, 0x00, 0x45, 0x00, 0x00, 0x00, 0x56, 0x00, 0x00, 0x00, 0x50, 0x00, 0x00,
  0x00, 0x57, 0x00, 0x00, 0x00, 0x51, 0x00, 0x00, 0x00, 0x58, 0x00, 0x00, 0x00, 0x59, 0x00, 0x00,
  0x00, 0x59, 0x00, 0x00, 0x00, 0x5a, 0x00, 0x00, 0x00, 0x5a, 0x00, 0x00, 0x00, 0x5b, 0x00, 0x00,
  0x00, 0x5b, 0x00, 0x00, 0x00, 0x5c, 0x00, 0x00, 0x00, 0x5c, 0x00, 0x00, 0x00, 0x5d, 0x00, 0x00,
  0x00, 0x5d, 0x00, 0x00, 0x00, 0x5e, 0x00, 0x00, 0x00, 0x5e, 0x00, 0x00, 0x00, 0x5f, 0x00, 0x00,
  0x00, 0x5f, 0x00, 0x00, 0x00, 0x60, 0x00, 0x00, 0x00, 0x60, 0x00, 0x00, 0x00, 0x61, 0x00, 0x00,
  0x00, 0x61, 0x00, 0x00, 0x00, 0x62, 0x00, 0x00, 0x00, 0x62, 0x00, 0x00, 0x00, 0x63, 0x00, 0x00,
  0x00, 0x63, 0x00, 0x00, 0x00, 0x64, 0x00, 0x00, 0x00, 0x64, 0x00, 0x00, 0x00, 0x65, 0x00, 0x00,
  0x00, 0x65, 0x00, 0x00, 0x00, 0x6a, 0x00, 0x00, 0x00, 0x66, 0x00, 0x00, 0x00, 0x6b, 0x00, 0x00,
  0x00, 0x67, 0x00, 0x00, 0x00, 0x70, 0x00, 0x00, 0x00, 0x68, 0x00, 0x00, 0x00, 0x71, 0x00, 0x00,
  0x00, 0x69, 0x00, 0x00, 0x00, 0x76, 0x00, 0x00, 0x00, 0x6a, 0x00, 0x00, 0x00, 0x77, 0x00, 0x00,
  0x00, 0x6b, 0x00, 0x00, 0x00, 0x81, 0x00, 0x00, 0x00, 0x70, 0x00, 0x00, 0x00, 0x85, 0x00, 0x00,
  0x00, 0x71, 0x00, 0x00, 0x00, 0x86, 0x00, 0x00, 0x00, 0x72, 0x00, 0x00, 0x00, 0x29, 0x00, 0x00,
  0x00, 0x74, 0x00, 0x00, 0x00, 0x35, 0x00, 0x00, 0x00, 0x75, 0x00, 0x00, 0x00, 0x36, 0x00, 0x00,
  0x00, 0x76, 0x00, 0x00, 0x00, 0x05, 0x00, 0x00, 0x00, 0x82, 0x00, 0x00, 0x00, 0x07, 0x00, 0x00,
  0x00, 0x83, 0x00, 0x00, 0x00, 0x08, 0x00, 0x00, 0x00, 0x84, 0x00, 0x00, 0x00, 0x09, 0x00, 0x00,
  0x00, 0x85, 0x00, 0x00, 0x00, 0x0a, 0x00, 0x00, 0x00, 0x86, 0x00, 0x00, 0x00, 0x0c, 0x00, 0x00,
  0x00, 0x87, 0x00, 0x00, 0x00, 0x0d, 0x00, 0x00, 0x00, 0x88, 0x00, 0x00, 0x00, 0x0e, 0x00, 0x00,
  0x00, 0x89, 0x00, 0x00, 0x00, 0x0f, 0x00, 0x00, 0x00, 0x8a, 0x00, 0x00, 0x00, 0x10, 0x00, 0x00,
  0x00, 0x8b, 0x00, 0x00, 0x00, 0x11, 0x00, 0x00, 0x00, 0x8c, 0x00, 0x00, 0x00, 0x12, 0x00, 0x00,
  0x00, 0x8d, 0x00, 0x00, 0x00, 0x13, 0x00, 0x00, 0x00, 0x8e, 0x00, 0x00, 0x00, 0x14, 0x00, 0x00,
  0x00, 0x8f, 0x00, 0x00, 0x00, 0x15, 0x00, 0x00, 0x00, 0x90, 0x00, 0x00, 0x00, 0x16, 0x00, 0x00,
  0x00, 0x91, 0x00, 0x00, 0x00, 0x17, 0x00, 0x00, 0x00, 0x92, 0x00, 0x00, 0x00, 0x18, 0x00, 0x00,
  0x00, 0x93, 0x00, 0x00, 0x00, 0x19, 0x00, 0x00, 0x00, 0x94, 0x00, 0x00, 0x00, 0x1a, 0x00, 0x00,
  0x00, 0x95, 0x00, 0x00, 0x00, 0x1b, 0x00, 0x00, 0x00, 0x96, 0x00, 0x00, 0x00, 0x32, 0x00, 0x00,
  0x00, 0x97, 0x00, 0x00, 0x00, 0x33, 0x00, 0x00, 0x00, 0x98, 0x00, 0x00, 0x00, 0x34, 0x00, 0x00,
  0x00, 0x99, 0x00, 0x00, 0x00, 0x3c, 0x00, 0x00, 0x00, 0x9a, 0x00, 0x00, 0x00, 0x3d, 0x00, 0x00,
  0x00, 0x9b, 0x00, 0x00, 0x00, 0x3e, 0x00, 0x00, 0x00, 0x9c, 0x00, 0x00, 0x00, 0x3f, 0x00, 0x00,
  0x00, 0x9d, 0x00, 0x00, 0x00, 0x40, 0x00, 0x00, 0x00, 0x9e, 0x00, 0x00, 0x00, 0x42, 0x00, 0x00,
  0x00, 0x9f, 0x00, 0x00, 0x00, 0x43, 0x00, 0x00, 0x00, 0xa0, 0x00, 0x00, 0x00, 0x44, 0x00, 0x00,
  0x00, 0xa1, 0x00, 0x00, 0x00, 0x45, 0x00, 0x00, 0x00, 0xa2, 0x00, 0x00, 0x00, 0x50, 0x00, 0x00,
  0x00, 0xa3, 0x00, 0x00, 0x00, 0x51, 0x00, 0x00, 0x00, 0xa4, 0x00, 0x00, 0x00, 0x59, 0x00, 0x00,
  0x00, 0xa5, 0x00, 0x00, 0x00, 0x5a, 0x00, 0x00, 0x00, 0xa6, 0x00, 0x00, 0x00, 0x5b, 0x00, 0x00,
  0x00, 0xa7, 0x00, 0x00, 0x00, 0x5c, 0x00, 0x00, 0x00, 0xa8, 0x00, 0x00, 0x00, 0x5d, 0x00, 0x00,
  0x00, 0xa9, 0x00, 0x00, 0x00, 0x5e, 0x00, 0x00, 0x00, 0xaa, 0x00, 0x00, 0x00, 0x5f, 0x00, 0x00,
  0x00, 0xab, 0x00, 0x00, 0x00, 0x60, 0x00, 0x00, 0x00, 0xac, 0x00, 0x00, 0x00, 0x61, 0x00, 0x00,
  0x00, 0xad, 0x00, 0x00, 0x00, 0x62, 0x00, 0x00, 0x00, 0xae, 0x00, 0x00, 0x00, 0x63, 0x00, 0x00,
  0x00, 0xaf, 0x00, 0x00, 0x00, 0x64, 0x00, 0x00, 0x00, 0xb0, 0x00, 0x00, 0x00, 0x65, 0x00, 0x00,
  0x00, 0xb1, 0x00, 0x00, 0x00, 0x6a, 0x00, 0x00, 0x00, 0xb2, 0x00, 0x00, 0x00, 0x6b, 0x00, 0x00,
  0x00, 0xb3, 0x00, 0x00, 0x00, 0x70, 0x00, 0x00, 0x00, 0xb4, 0x00, 0x00, 0x00, 0x71, 0x00, 0x00,
  0x00, 0xb5, 0x00, 0x00, 0x00, 0x76, 0x00, 0x00, 0x00, 0xb6, 0x00, 0x00, 0x00, 0x77, 0x00, 0x00,
  0x00, 0xb7, 0x00, 0x00, 0x00, 0x05, 0x00, 0x00, 0x00, 0xc3, 0x00, 0x00, 0x00, 0x07, 0x00, 0x00,
  0x00, 0xc4, 0x00, 0x00, 0x00, 0x08, 0x00, 0x00, 0x00, 0xc5, 0x00, 0x00, 0x00, 0x09, 0x00, 0x00,
  0x00, 0xc6, 0x00, 0x00, 0x00, 0x0a, 0x00, 0x00, 0x00, 0xc7, 0x00, 0x00, 0x00, 0x0c, 0x00, 0x00,
  0x00, 0xc8, 0x00, 0x00, 0x00, 0x0d, 0x00, 0x00, 0x00, 0xc9, 0x00, 0x00, 0x00, 0x0e, 0x00, 0x00,
  0x00, 0xca, 0x00, 0x00, 0x00, 0x0f, 0x00, 0x00, 0x00, 0xcb, 0x00, 0x00, 0x00, 0x10, 0x00, 0x00,
  0x00, 0xcc, 0x00, 0x00, 0x00, 0x11, 0x00, 0x00, 0x00, 0xcd, 0x00, 0x00, 0x00, 0x12, 0x00, 0x00,
  0x00, 0xce, 0x00, 0x00, 0x00, 0x13, 0x00, 0x00, 0x00, 0xcf, 0x00, 0x00, 0x00, 0x14, 0x00, 0x00,
  0x00, 0xd0, 0x00, 0x00, 0x00, 0x15, 0x00, 0x00, 0x00, 0xd1, 0x00, 0x00, 0x00, 0x16, 0x00, 0x00,
  0x00, 0xd2, 0x00, 0x00, 0x00, 0x17, 0x00, 0x00, 0x00, 0xd3, 0x00, 0x00, 0x00, 0x18, 0x00, 0x00,
  0x00, 0xd4, 0x00, 0x00, 0x00, 0x19, 0x00, 0x00, 0x00, 0xd5, 0x00, 0x00, 0x00, 0x1a, 0x00, 0x00,
  0x00, 0xd6, 0x00, 0x00, 0x00, 0x1b, 0x00, 0x00, 0x00, 0xd7, 0x00, 0x00, 0x00, 0x32, 0x00, 0x00,
  0x00, 0xd8, 0x00, 0x00, 0x00, 0x33, 0x00, 0x00, 0x00, 0xd9, 0x00, 0x00, 0x00, 0x34, 0x00, 0x00,
  0x00, 0xda, 0x00, 0x00, 0x00, 0x3c, 0x00, 0x00, 0x00, 0xdb, 0x00, 0x00, 0x00, 0x3d, 0x00, 0x00,
  0x00, 0xdc, 0x00, 0x00, 0x00, 0x3e, 0x00, 0x00, 0x00, 0xdd, 0x00, 0x00, 0x00, 0x42, 0x00, 0x00,
  0x00, 0xde, 0x00, 0x00, 0x00, 0x43, 0x00, 0x00, 0x00, 0xdf, 0x00, 0x00, 0x00, 0x44, 0x00, 0x00,
  0x00, 0xe0, 0x00, 0x00, 0x00, 0x45, 0x00, 0x00, 0x00, 0xe1, 0x00, 0x00, 0x00, 0x46, 0x00, 0x00,
  0x00, 0xe2, 0x00, 0x00, 0x00, 0x47, 0x00, 0x00, 0x00, 0xe3, 0x00, 0x00, 0x00, 0x50, 0x00, 0x00,
  0x00, 0xe4, 0x00, 0x00, 0x00, 0x51, 0x00, 0x00, 0x00, 0xe5, 0x00, 0x00, 0x00, 0x59, 0x00, 0x00,
  0x00, 0xe6, 0x00, 0x00, 0x00, 0x5a, 0x00, 0x00, 0x00, 0xe7, 0x00, 0x00, 0x00, 0x5b, 0x00, 0x00,
  0x00, 0xe8, 0x00, 0x00, 0x00, 0x5c, 0x00, 0x00, 0x00, 0xe9, 0x00, 0x00, 0x00, 0x5d, 0x00, 0x00,
  0x00, 0xea, 0x00, 0x00, 0x00, 0x5e, 0x00, 0x00, 0x00, 0xeb, 0x00, 0x00, 0x00, 0x5f, 0x00, 0x00,
  0x00, 0xec, 0x00, 0x00, 0x00, 0x60, 0x00, 0x00, 0x00, 0xed, 0x00, 0x00, 0x00, 0x61, 0x00, 0x00,
  0x00, 0xee, 0x00, 0x00, 0x00, 0x62, 0x00, 0x00, 0x00, 0xef, 0x00, 0x00, 0x00, 0x63, 0x00, 0x00,
  0x00, 0xf0, 0x00, 0x00, 0x00, 0x64, 0x00, 0x00, 0x00, 0xf1, 0x00, 0x00, 0x00, 0x65, 0x00, 0x00,
  0x00, 0xf2, 0x00, 0x00, 0x00, 0x6a, 0x00, 0x00, 0x00, 0xf3, 0x00, 0x00, 0x00, 0x6b, 0x00, 0x00,
  0x00, 0xf4, 0x00, 0x00, 0x00, 0x70, 0x00, 0x00, 0x00, 0xf5, 0x00, 0x00, 0x00, 0x71, 0x00, 0x00,
  0x00, 0xf6, 0x00, 0x00, 0x00, 0x76, 0x00, 0x00, 0x00, 0xf7, 0x00, 0x00, 0x00, 0x77, 0x00, 0x00,
  0x00, 0xf8, 0x00, 0x00, 0x00, 0x52, 0x00, 0x00, 0x00, 0xfa, 0x00, 0x00, 0x00, 0x66, 0x00, 0x00,
  0x00, 0xfc, 0x00, 0x00, 0x00, 0x6c, 0x00, 0x00, 0x00, 0xfe, 0x00, 0x00, 0x00, 0x72, 0x00, 0x00,
  0x00, 0x00, 0x01, 0x00, 0x00, 0x78, 0x00, 0x00, 0x00, 0x02, 0x01, 0x00, 0x00, 0x31, 0x00, 0x00,
  0x00, 0x04, 0x01, 0x00, 0x00, 0x1e, 0x00, 0x00, 0x00, 0x06, 0x01, 0x00, 0x00, 0x87, 0x00, 0x00,
  0x00, 0x07, 0x01, 0x00, 0x00, 0x88, 0x00, 0x00, 0x00, 0x08, 0x01, 0x00, 0x00, 0x89, 0x00, 0x00,
  0x00, 0x09, 0x01, 0x00, 0x00, 0x06, 0x00, 0x00, 0x00, 0x0b, 0x01, 0x00, 0x00, 0x37, 0x00, 0x00,
  0x00, 0x0c, 0x01, 0x00, 0x00, 0x38, 0x00, 0x00, 0x00, 0x0d, 0x01, 0x00, 0x00, 0x39, 0x00, 0x00,
  0x00, 0x0e, 0x01, 0x00, 0x00, 0x35, 0x00, 0x00, 0x00, 0x0f, 0x01, 0x00, 0x00, 0x36, 0x00, 0x00,
  0x00, 0x10, 0x01, 0x00, 0x00, 0x05, 0x00, 0x00, 0x00, 0x82, 0x00, 0x00, 0x00, 0x07, 0x00, 0x00,
  0x00, 0x83, 0x00, 0x00, 0x00, 0x08, 0x00, 0x00, 0x00, 0x84, 0x00, 0x00, 0x00, 0x09, 0x00, 0x00,
  0x00, 0x85, 0x00, 0x00, 0x00, 0x0a, 0x00, 0x00, 0x00, 0x86, 0x00, 0x00, 0x00, 0x0c, 0x00, 0x00,
  0x00, 0x87, 0x00, 0x00, 0x00, 0x0d, 0x00, 0x00, 0x00, 0x88, 0x00, 0x00, 0x00, 0x0e, 0x00, 0x00,
  0x00, 0x89, 0x00, 0x00, 0x00, 0x0f, 0x00, 0x00, 0x00, 0x8a, 0x00, 0x00, 0x00, 0x10, 0x00, 0x00,
  0x00, 0x8b, 0x00, 0x00, 0x00, 0x11, 0x00, 0x00, 0x00, 0x8c, 0x00, 0x00, 0x00, 0x12, 0x00, 0x00,
  0x00, 0x8d, 0x00, 0x00, 0x00, 0x13, 0x00, 0x00, 0x00, 0x8e, 0x00, 0x00, 0x00, 0x14, 0x00, 0x00,
  0x00, 0x8f, 0x00, 0x00, 0x00, 0x15, 0x00, 0x00, 0x00, 0x90, 0x00, 0x00, 0x00, 0x16, 0x00, 0x00,
  0x00, 0x91, 0x00, 0x00, 0x00, 0x17, 0x00, 0x00, 0x00, 0x92, 0x00, 0x00, 0x00, 0x18, 0x00, 0x00,
  0x00, 0x93, 0x00, 0x00, 0x00, 0x19, 0x00, 0x00, 0x00, 0x94, 0x00, 0x00, 0x00, 0x1a, 0x00, 0x00,
  0x00, 0x95, 0x00, 0x00, 0x00, 0x1b, 0x00, 0x00, 0x00, 0x96, 0x00, 0x00, 0x00, 0x32, 0x00, 0x00,
  0x00, 0x97, 0x00, 0x00, 0x00, 0x33, 0x00, 0x00, 0x00, 0x98, 0x00, 0x00, 0x00, 0x34, 0x00, 0x00,
  0x00, 0x99, 0x00, 0x00, 0x00, 0x3c, 0x00, 0x00, 0x00, 0x9a, 0x00, 0x00, 0x00, 0x3d, 0x00, 0x00,
  0x00, 0x9b, 0x00, 0x00, 0x00, 0x3e, 0x00, 0x00, 0x00, 0x9c, 0x00, 0x00, 0x00, 0x3f, 0x00, 0x00,
  0x00, 0x11, 0x01, 0x00, 0x00, 0x40, 0x00, 0x00, 0x00, 0x9e, 0x00, 0x00, 0x00, 0x42, 0x00, 0x00,
  0x00, 0x9f, 0x00, 0x00, 0x00, 0x43, 0x00, 0x00, 0x00, 0xa0, 0x00, 0x00, 0x00, 0x44, 0x00, 0x00,
  0x00, 0xa1, 0x00, 0x00, 0x00, 0x45, 0x00, 0x00, 0x00, 0xa2, 0x00, 0x00, 0x00, 0x50, 0x00, 0x00,
  0x00, 0xa3, 0x00, 0x00, 0x00, 0x51, 0x00, 0x00, 0x00, 0xa4, 0x00, 0x00, 0x00, 0x59, 0x00, 0x00,
  0x00, 0xa5, 0x00, 0x00, 0x00, 0x5a, 0x00, 0x00, 0x00, 0xa6, 0x00, 0x00, 0x00, 0x5b, 0x00, 0x00,
  0x00, 0xa7, 0x00, 0x00, 0x00, 0x5c, 0x00, 0x00, 0x00, 0xa8, 0x00, 0x00, 0x00, 0x5d, 0x00, 0x00,
  0x00, 0xa9, 0x00, 0x00, 0x00, 0x5e, 0x00, 0x00, 0x00, 0xaa, 0x00, 0x00, 0x00, 0x5f, 0x00, 0x00,
  0x00, 0xab, 0x00, 0x00, 0x00, 0x60, 0x00, 0x00, 0x00, 0xac, 0x00, 0x00, 0x00, 0x61, 0x00, 0x00,
  0x00, 0xad, 0x00, 0x00, 0x00, 0x62, 0x00, 0x00, 0x00, 0xae, 0x00, 0x00, 0x00, 0x63, 0x00, 0x00,
  0x00, 0xaf, 0x00, 0x00, 0x00, 0x64, 0x00, 0x00, 0x00, 0xb0, 0x00, 0x00, 0x00, 0x65, 0x00, 0x00,
  0x00, 0xb1, 0x00, 0x00, 0x00, 0x6a, 0x00, 0x00, 0x00, 0xb2, 0x00, 0x00, 0x00, 0x6b, 0x00, 0x00,
  0x00, 0xb3, 0x00, 0x00, 0x00, 0x70, 0x00, 0x00, 0x00, 0xb4, 0x00, 0x00, 0x00, 0x71, 0x00, 0x00,
  0x00, 0xb5, 0x00, 0x00, 0x00, 0x76, 0x00, 0x00, 0x00, 0xb6, 0x00, 0x00, 0x00, 0x77, 0x00, 0x00,
  0x00, 0xb7, 0x00, 0x00, 0x00, 0x41, 0x00, 0x00, 0x00, 0x13, 0x01, 0x00, 0x00, 0x05, 0x00, 0x00,
  0x00, 0xc3, 0x00, 0x00, 0x00, 0x07, 0x00, 0x00, 0x00, 0xc4, 0x00, 0x00, 0x00, 0x08, 0x00, 0x00,
  0x00, 0xc5, 0x00, 0x00, 0x00, 0x09, 0x00, 0x00, 0x00, 0xc6, 0x00, 0x00, 0x00, 0x0a, 0x00, 0x00,
  0x00, 0xc7, 0x00, 0x00, 0x00, 0x0c, 0x00, 0x00, 0x00, 0xc8, 0x00, 0x00, 0x00, 0x0d, 0x00, 0x00,
  0x00, 0xc9, 0x00, 0x00, 0x00, 0x0e, 0x00, 0x00, 0x00, 0xca, 0x00, 0x00, 0x00, 0x0f, 0x00, 0x00,
  0x00, 0xcb, 0x00, 0x00, 0x00, 0x10, 0x00, 0x00, 0x00, 0xcc, 0x00, 0x00, 0x00, 0x11, 0x00, 0x00,
  0x00, 0xcd, 0x00, 0x00, 0x00, 0x12, 0x00, 0x00, 0x00, 0xce, 0x00, 0x00, 0x00, 0x13, 0x00, 0x00,
  0x00, 0xcf, 0x00, 0x00, 0x00, 0x14, 0x00, 0x00, 0x00, 0xd0, 0x00, 0x00, 0x00, 0x15, 0x00, 0x00,
  0x00, 0xd1, 0x00, 0x00, 0x00, 0x16, 0x00, 0x00, 0x00, 0xd2, 0x00, 0x00, 0x00, 0x17, 0x00, 0x00,
  0x00, 0xd3, 0x00, 0x00, 0x00, 0x18, 0x00, 0x00, 0x00, 0xd4, 0x00, 0x00, 0x00, 0x19, 0x00, 0x00,
  0x00, 0xd5, 0x00, 0x00, 0x00, 0x1a, 0x00, 0x00, 0x00, 0xd6, 0x00, 0x00, 0x00, 0x1b, 0x00, 0x00,
  0x00, 0xd7, 0x00, 0x00, 0x00, 0x32, 0x00, 0x00, 0x00, 0xd8, 0x00, 0x00, 0x00, 0x33, 0x00, 0x00,
  0x00, 0xd9, 0x00, 0x00, 0x00, 0x34, 0x00, 0x00, 0x00, 0xda, 0x00, 0x00, 0x00, 0x3c, 0x00, 0x00,
  0x00, 0xdb, 0x00, 0x00, 0x00, 0x3d, 0x00, 0x00, 0x00, 0xdc, 0x00, 0x00, 0x00, 0x3e, 0x00, 0x00,
  0x00, 0xdd, 0x00, 0x00, 0x00, 0x42, 0x00, 0x00, 0x00, 0xde, 0x00, 0x00, 0x00, 0x43, 0x00, 0x00,
  0x00, 0xdf, 0x00, 0x00, 0x00, 0x44, 0x00, 0x00, 0x00, 0xe0, 0x00, 0x00, 0x00, 0x45, 0x00, 0x00,
  0x00, 0xe1, 0x00, 0x00, 0x00, 0x46, 0x00, 0x00, 0x00, 0x14, 0x01, 0x00, 0x00, 0x47, 0x00, 0x00,
  0x00, 0xe3, 0x00, 0x00, 0x00, 0x50, 0x00, 0x00, 0x00, 0xe4, 0x00, 0x00, 0x00, 0x51, 0x00, 0x00,
  0x00, 0xe5, 0x00, 0x00, 0x00, 0x59, 0x00, 0x00, 0x00, 0xe6, 0x00, 0x00, 0x00, 0x5a, 0x00, 0x00,
  0x00, 0xe7, 0x00, 0x00, 0x00, 0x5b, 0x00, 0x00, 0x00, 0xe8, 0x00, 0x00, 0x00, 0x5c, 0x00, 0x00,
  0x00, 0xe9, 0x00, 0x00, 0x00, 0x5d, 0x00, 0x00, 0x00, 0xea, 0x00, 0x00, 0x00, 0x5e, 0x00, 0x00,
  0x00, 0xeb, 0x00, 0x00, 0x00, 0x5f, 0x00, 0x00, 0x00, 0xec, 0x00, 0x00, 0x00, 0x60, 0x00, 0x00,
  0x00, 0xed, 0x00, 0x00, 0x00, 0x61, 0x00, 0x00, 0x00, 0xee, 0x00, 0x00, 0x00, 0x62, 0x00, 0x00,
  0x00, 0xef, 0x00, 0x00, 0x00, 0x63, 0x00, 0x00, 0x00, 0xf0, 0x00, 0x00, 0x00, 0x64, 0x00, 0x00,
  0x00, 0xf1, 0x00, 0x00, 0x00, 0x65, 0x00, 0x00, 0x00, 0xf2, 0x00, 0x00, 0x00, 0x6a, 0x00, 0x00,
  0x00, 0xf3, 0x00, 0x00, 0x00, 0x6b, 0x00, 0x00, 0x00, 0xf4, 0x00, 0x00, 0x00, 0x70, 0x00, 0x00,
  0x00, 0xf5, 0x00, 0x00, 0x00, 0x71, 0x00, 0x00, 0x00, 0xf6, 0x00, 0x00, 0x00, 0x76, 0x00, 0x00,
  0x00, 0xf7, 0x00, 0x00, 0x00, 0x77, 0x00, 0x00, 0x00, 0xf8, 0x00, 0x00, 0x00, 0x52, 0x00, 0x00,
  0x00, 0x15, 0x01, 0x00, 0x00, 0x66, 0x00, 0x00, 0x00, 0x16, 0x01, 0x00, 0x00, 0x6c, 0x00, 0x00,
  0x00, 0x17, 0x01, 0x00, 0x00, 0x72, 0x00, 0x00, 0x00, 0x18, 0x01, 0x00, 0x00, 0x78, 0x00, 0x00,
  0x00, 0x19, 0x01, 0x00, 0x00, 0x35, 0x00, 0x00, 0x00, 0x1a, 0x01, 0x00, 0x00, 0x36, 0x00, 0x00,
  0x00, 0x1b, 0x01, 0x00, 0x00, 0x05, 0x00, 0x00, 0x00, 0x82, 0x00, 0x00, 0x00, 0x07, 0x00, 0x00,
  0x00, 0x83, 0x00, 0x00, 0x00, 0x08, 0x00, 0x00, 0x00, 0x84, 0x00, 0x00, 0x00, 0x09, 0x00, 0x00,
  0x00, 0x85, 0x00, 0x00, 0x00, 0x0a, 0x00, 0x00, 0x00, 0x86, 0x00, 0x00, 0x00, 0x0c, 0x00, 0x00,
  0x00, 0x87, 0x00, 0x00, 0x00, 0x0d, 0x00, 0x00, 0x00, 0x88, 0x00, 0x00, 0x00, 0x0e, 0x00, 0x00,
  0x00, 0x89, 0x00, 0x00, 0x00, 0x0f, 0x00, 0x00, 0x00, 0x8a, 0x00, 0x00, 0x00, 0x10, 0x00, 0x00,
  0x00, 0x8b, 0x00, 0x00, 0x00, 0x11, 0x00, 0x00, 0x00, 0x8c, 0x00, 0x00, 0x00, 0x12, 0x00, 0x00,
  0x00, 0x8d, 0x00, 0x00, 0x00, 0x13, 0x00, 0x00, 0x00, 0x8e, 0x00, 0x00, 0x00, 0x14, 0x00, 0x00,
  0x00, 0x8f, 0x00, 0x00, 0x00, 0x15, 0x00, 0x00, 0x00, 0x90, 0x00, 0x00, 0x00, 0x16, 0x00, 0x00,
  0x00, 0x91, 0x00, 0x00, 0x00, 0x17, 0x00, 0x00, 0x00, 0x92, 0x00, 0x00, 0x00, 0x18, 0x00, 0x00,
  0x00, 0x93, 0x00, 0x00, 0x00, 0x19, 0x00, 0x00, 0x00, 0x94, 0x00, 0x00, 0x00, 0x1a, 0x00, 0x00,
  0x00, 0x95, 0x00, 0x00, 0x00, 0x1b, 0x00, 0x00, 0x00, 0x96, 0x00, 0x00, 0x00, 0x32, 0x00, 0x00,
  0x00, 0x97, 0x00, 0x00, 0x00, 0x33, 0x00, 0x00, 0x00, 0x98, 0x00, 0x00, 0x00, 0x34, 0x00, 0x00,
  0x00, 0x99, 0x00, 0x00, 0x00, 0x3c, 0x00, 0x00, 0x00, 0x9a, 0x00, 0x00, 0x00, 0x3d, 0x00, 0x00,
  0x00, 0x9b, 0x00, 0x00, 0x00, 0x3e, 0x00, 0x00, 0x00, 0x9c, 0x00, 0x00, 0x00, 0x3f, 0x00, 0x00,
  0x00, 0x1c, 0x01, 0x00, 0x00, 0x40, 0x00, 0x00, 0x00, 0x9e, 0x00, 0x00, 0x00, 0x42, 0x00, 0x00,
  0x00, 0x9f, 0x00, 0x00, 0x00, 0x43, 0x00, 0x00, 0x00, 0xa0, 0x00, 0x00, 0x00, 0x44, 0x00, 0x00,
  0x00, 0xa1, 0x00, 0x00, 0x00, 0x45, 0x00, 0x00, 0x00, 0xa2, 0x00, 0x00, 0x00, 0x50, 0x00, 0x00,
  0x00, 0xa3, 0x00, 0x00, 0x00, 0x51, 0x00, 0x00, 0x00, 0xa4, 0x00, 0x00, 0x00, 0x59, 0x00, 0x00,
  0x00, 0xa5, 0x00, 0x00, 0x00, 0x5a, 0x00, 0x00, 0x00, 0xa6, 0x00, 0x00, 0x00, 0x5b, 0x00, 0x00,
  0x00, 0xa7, 0x00, 0x00, 0x00, 0x5c, 0x00, 0x00, 0x00, 0xa8, 0x00, 0x00, 0x00, 0x5d, 0x00, 0x00,
  0x00, 0xa9, 0x00, 0x00, 0x00, 0x5e, 0x00, 0x00, 0x00, 0xaa, 0x00, 0x00, 0x00, 0x5f, 0x00, 0x00,
  0x00, 0xab, 0x00, 0x00, 0x00, 0x60, 0x00, 0x00, 0x00, 0xac, 0x00, 0x00, 0x00, 0x61, 0x00, 0x00,
  0x00, 0xad, 0x00, 0x00, 0x00, 0x62, 0x00, 0x00, 0x00, 0xae, 0x00, 0x00, 0x00, 0x63, 0x00, 0x00,
  0x00, 0xaf, 0x00, 0x00, 0x00, 0x64, 0x00, 0x00, 0x00, 0xb0, 0x00, 0x00, 0x00, 0x65, 0x00, 0x00,
  0x00, 0xb1, 0x00, 0x00, 0x00, 0x6a, 0x00, 0x00, 0x00, 0xb2, 0x00, 0x00, 0x00, 0x6b, 0x00, 0x00,
  0x00, 0xb3, 0x00, 0x00, 0x00, 0x70, 0x00, 0x00, 0x00, 0xb4, 0x00, 0x00, 0x00, 0x71, 0x00, 0x00,
  0x00, 0xb5, 0x00, 0x00, 0x00, 0x76, 0x00, 0x00, 0x00, 0xb6, 0x00, 0x00, 0x00, 0x77, 0x00, 0x00,
  0x00, 0xb7, 0x00, 0x00, 0x00, 0x05, 0x00, 0x00, 0x00, 0xc3, 0x00, 0x00, 0x00, 0x07, 0x00, 0x00,
  0x00, 0xc4, 0x00, 0x00, 0x00, 0x08, 0x00, 0x00, 0x00, 0xc5, 0x00, 0x00, 0x00, 0x09, 0x00, 0x00,
  0x00, 0xc6, 0x00, 0x00, 0x00, 0x0a, 0x00, 0x00, 0x00, 0xc7, 0x00, 0x00, 0x00, 0x0c, 0x00, 0x00,
  0x00, 0xc8, 0x00, 0x00, 0x00, 0x0d, 0x00, 0x00, 0x00, 0xc9, 0x00, 0x00, 0x00, 0x0e, 0x00, 0x00,
  0x00, 0xca, 0x00, 0x00, 0x00, 0x0f, 0x00, 0x00, 0x00, 0xcb, 0x00, 0x00, 0x00, 0x10, 0x00, 0x00,
  0x00, 0xcc, 0x00, 0x00, 0x00, 0x11, 0x00, 0x00, 0x00, 0xcd, 0x00, 0x00, 0x00, 0x12, 0x00, 0x00,
  0x00, 0xce, 0x00, 0x00, 0x00, 0x13, 0x00, 0x00, 0x00, 0xcf, 0x00, 0x00, 0x00, 0x14, 0x00, 0x00,
  0x00, 0xd0, 0x00, 0x00, 0x00, 0x15, 0x00, 0x00, 0x00, 0xd1, 0x00, 0x00, 0x00, 0x16, 0x00, 0x00,
  0x00, 0xd2, 0x00, 0x00, 0x00, 0x17, 0x00, 0x00, 0x00, 0xd3, 0x00, 0x00, 0x00, 0x18, 0x00, 0x00,
  0x00, 0xd4, 0x00, 0x00, 0x00, 0x19, 0x00, 0x00, 0x00, 0xd5, 0x00, 0x00, 0x00, 0x1a, 0x00, 0x00,
  0x00, 0xd6, 0x00, 0x00, 0x00, 0x1b, 0x00, 0x00, 0x00, 0xd7, 0x00, 0x00, 0x00, 0x32, 0x00, 0x00,
  0x00, 0xd8, 0x00, 0x00, 0x00, 0x33, 0x00, 0x00, 0x00, 0xd9, 0x00, 0x00, 0x00, 0x34, 0x00, 0x00,
  0x00, 0xda, 0x00, 0x00, 0x00, 0x3c, 0x00, 0x00, 0x00, 0xdb, 0x00, 0x00, 0x00, 0x3d, 0x00, 0x00,
  0x00, 0xdc, 0x00, 0x00, 0x00, 0x3e, 0x00, 0x00, 0x00, 0xdd, 0x00, 0x00, 0x00, 0x42, 0x00, 0x00,
  0x00, 0xde, 0x00, 0x00, 0x00, 0x43, 0x00, 0x00, 0x00, 0xdf, 0x00, 0x00, 0x00, 0x44, 0x00, 0x00,
  0x00, 0xe0, 0x00, 0x00, 0x00, 0x45, 0x00, 0x00, 0x00, 0xe1, 0x00, 0x00, 0x00, 0x46, 0x00, 0x00,
  0x00, 0x1d, 0x01, 0x00, 0x00, 0x47, 0x00, 0x00, 0x00, 0xe3, 0x00, 0x00, 0x00, 0x50, 0x00, 0x00,
  0x00, 0xe4, 0x00, 0x00, 0x00, 0x51, 0x00, 0x00, 0x00, 0xe5, 0x00, 0x00, 0x00, 0x59, 0x00, 0x00,
  0x00, 0xe6, 0x00, 0x00, 0x00, 0x5a, 0x00, 0x00, 0x00, 0xe7, 0x00, 0x00, 0x00, 0x5b, 0x00, 0x00,
  0x00, 0xe8, 0x00, 0x00, 0x00, 0x5c, 0x00, 0x00, 0x00, 0xe9, 0x00, 0x00, 0x00, 0x5d, 0x00, 0x00,
  0x00, 0xea, 0x00, 0x00, 0x00, 0x5e, 0x00, 0x00, 0x00, 0xeb, 0x00, 0x00, 0x00, 0x5f, 0x00, 0x00,
  0x00, 0xec, 0x00, 0x00, 0x00, 0x60, 0x00, 0x00, 0x00, 0xed, 0x00, 0x00, 0x00, 0x61, 0x00, 0x00,
  0x00, 0xee, 0x00, 0x00, 0x00, 0x62, 0x00, 0x00, 0x00, 0xef, 0x00, 0x00, 0x00, 0x63, 0x00, 0x00,
  0x00, 0xf0, 0x00, 0x00, 0x00, 0x64, 0x00, 0x00, 0x00, 0xf1, 0x00, 0x00, 0x00, 0x65, 0x00, 0x00,
  0x00, 0xf2, 0x00, 0x00, 0x00, 0x6a, 0x00, 0x00, 0x00, 0xf3, 0x00, 0x00, 0x00, 0x6b, 0x00, 0x00,
  0x00, 0xf4, 0x00, 0x00, 0x00, 0x70, 0x00, 0x00, 0x00, 0xf5, 0x00, 0x00, 0x00, 0x71, 0x00, 0x00,
  0x00, 0xf6, 0x00, 0x00, 0x00, 0x76, 0x00, 0x00, 0x00, 0xf7, 0x00, 0x00, 0x00, 0x77, 0x00, 0x00,
  0x00, 0xf8, 0x00, 0x00, 0x00, 0x48, 0x00, 0x00, 0x00, 0x1e, 0x01, 0x00, 0x00, 0x49, 0x00, 0x00,
  0x00, 0x1f, 0x01, 0x00, 0x00, 0x52, 0x00, 0x00, 0x00, 0x20, 0x01, 0x00, 0x00, 0x66, 0x00, 0x00,
  0x00, 0x21, 0x01, 0x00, 0x00, 0x6c, 0x00, 0x00, 0x00, 0x22, 0x01, 0x00, 0x00, 0x72, 0x00, 0x00,
  0x00, 0x23, 0x01, 0x00, 0x00, 0x78, 0x00, 0x00, 0x00, 0x24, 0x01, 0x00, 0x00, 0x53, 0x00, 0x00,
  0x00, 0x26, 0x01, 0x00, 0x00, 0x54, 0x00, 0x00, 0x00, 0x27, 0x01, 0x00, 0x00, 0x67, 0x00, 0x00,
  0x00, 0x29, 0x01, 0x00, 0x00, 0x68, 0x00, 0x00, 0x00, 0x2a, 0x01, 0x00, 0x00, 0x6d, 0x00, 0x00,
  0x00, 0x2c, 0x01, 0x00, 0x00, 0x6e, 0x00, 0x00, 0x00, 0x2d, 0x01, 0x00, 0x00, 0x73, 0x00, 0x00,
  0x00, 0x2f, 0x01, 0x00, 0x00, 0x74, 0x00, 0x00, 0x00, 0x30, 0x01, 0x00, 0x00, 0x79, 0x00, 0x00,
  0x00, 0x32, 0x01, 0x00, 0x00, 0x7a, 0x00, 0x00, 0x00, 0x33, 0x01, 0x00, 0x00, 0x8a, 0x00, 0x00,
  0x00, 0x35, 0x01, 0x00, 0x00, 0x8b, 0x00, 0x00, 0x00, 0x36, 0x01, 0x00, 0x00, 0x07, 0x00, 0x00,
  0x00, 0x37, 0x01, 0x00, 0x00, 0x08, 0x00, 0x00, 0x00, 0x38, 0x00, 0x00, 0x00, 0x09, 0x00, 0x00,
  0x00, 0x39, 0x00, 0x00, 0x00, 0x0a, 0x00, 0x00, 0x00, 0x3a, 0x00, 0x00, 0x00, 0x0c, 0x00, 0x00,
  0x00, 0x3b, 0x00, 0x00, 0x00, 0x0d, 0x00, 0x00, 0x00, 0x3c, 0x00, 0x00, 0x00, 0x0e, 0x00, 0x00,
  0x00, 0x3d, 0x00, 0x00, 0x00, 0x0f, 0x00, 0x00, 0x00, 0x3e, 0x00, 0x00, 0x00, 0x10, 0x00, 0x00,
  0x00, 0x3f, 0x00, 0x00, 0x00, 0x11, 0x00, 0x00, 0x00, 0x40, 0x00, 0x00, 0x00, 0x12, 0x00, 0x00,
  0x00, 0x41, 0x00, 0x00, 0x00, 0x13, 0x00, 0x00, 0x00, 0x42, 0x00, 0x00, 0x00, 0x14, 0x00, 0x00,
  0x00, 0x43, 0x00, 0x00, 0x00, 0x15, 0x00, 0x00, 0x00, 0x44, 0x00, 0x00, 0x00, 0x16, 0x00, 0x00,
  0x00, 0x45, 0x00, 0x00, 0x00, 0x17, 0x00, 0x00, 0x00, 0x46, 0x00, 0x00, 0x00, 0x18, 0x00, 0x00,
  0x00, 0x47, 0x00, 0x00, 0x00, 0x19, 0x00, 0x00, 0x00, 0x48, 0x00, 0x00, 0x00, 0x1a, 0x00, 0x00,
  0x00, 0x49, 0x00, 0x00, 0x00, 0x1b, 0x00, 0x00, 0x00, 0x4a, 0x00, 0x00, 0x00, 0x3a, 0x00, 0x00,
  0x00, 0x38, 0x01, 0x00, 0x00, 0x3b, 0x00, 0x00, 0x00, 0x39, 0x01, 0x00, 0x00, 0x3c, 0x00, 0x00,
  0x00, 0x50, 0x00, 0x00, 0x00, 0x3d, 0x00, 0x00, 0x00, 0x51, 0x00, 0x00, 0x00, 0x3e, 0x00, 0x00,
  0x00, 0x52, 0x00, 0x00, 0x00, 0x42, 0x00, 0x00, 0x00, 0x53, 0x00, 0x00, 0x00, 0x43, 0x00, 0x00,
  0x00, 0x54, 0x00, 0x00, 0x00, 0x44, 0x00, 0x00, 0x00, 0x55, 0x00, 0x00, 0x00, 0x45, 0x00, 0x00,
  0x00, 0x56, 0x00, 0x00, 0x00, 0x50, 0x00, 0x00, 0x00, 0x57, 0x00, 0x00, 0x00, 0x51, 0x00, 0x00,
  0x00, 0x58, 0x00, 0x00, 0x00, 0x59, 0x00, 0x00, 0x00, 0x59, 0x00, 0x00, 0x00, 0x5a, 0x00, 0x00,
  0x00, 0x5a, 0x00, 0x00, 0x00, 0x5b, 0x00, 0x00, 0x00, 0x5b, 0x00, 0x00, 0x00, 0x5c, 0x00, 0x00,
  0x00, 0x5c, 0x00, 0x00, 0x00, 0x5d, 0x00, 0x00, 0x00, 0x5d, 0x00, 0x00, 0x00, 0x5e, 0x00, 0x00,
  0x00, 0x5e, 0x00, 0x00, 0x00, 0x5f, 0x00, 0x00, 0x00, 0x5f, 0x00, 0x00, 0x00, 0x60, 0x00, 0x00,
  0x00, 0x60, 0x00, 0x00, 0x00, 0x61, 0x00, 0x00, 0x00, 0x61, 0x00, 0x00, 0x00, 0x62, 0x00, 0x00,
  0x00, 0x62, 0x00, 0x00, 0x00, 0x63, 0x00, 0x00, 0x00, 0x63, 0x00, 0x00, 0x00, 0x64, 0x00, 0x00,
  0x00, 0x64, 0x00, 0x00, 0x00, 0x65, 0x00, 0x00, 0x00, 0x65, 0x00, 0x00, 0x00, 0x6a, 0x00, 0x00,
  0x00, 0x66, 0x00, 0x00, 0x00, 0x6b, 0x00, 0x00, 0x00, 0x67, 0x00, 0x00, 0x00, 0x70, 0x00, 0x00,
  0x00, 0x68, 0x00, 0x00, 0x00, 0x71, 0x00, 0x00, 0x00, 0x69, 0x00, 0x00, 0x00, 0x76, 0x00, 0x00,
  0x00, 0x6a, 0x00, 0x00, 0x00, 0x77, 0x00, 0x00, 0x00, 0x6b, 0x00, 0x00, 0x00, 0x06, 0x00, 0x00,
  0x00, 0x3a, 0x01, 0x00, 0x00, 0x37, 0x00, 0x00, 0x00, 0x3b, 0x01, 0x00, 0x00, 0x38, 0x00, 0x00,
  0x00, 0x3c, 0x01, 0x00, 0x00, 0x39, 0x00, 0x00, 0x00, 0x3d, 0x01, 0x00, 0x00, 0x41, 0x00, 0x00,
  0x00, 0x3f, 0x01, 0x00, 0x00, 0x48, 0x00, 0x00, 0x00, 0x40, 0x01, 0x00, 0x00, 0x49, 0x00, 0x00,
  0x00, 0x1f, 0x01, 0x00, 0x00, 0x53, 0x00, 0x00, 0x00, 0x41, 0x01, 0x00, 0x00, 0x54, 0x00, 0x00,
  0x00, 0x27, 0x01, 0x00, 0x00, 0x67, 0x00, 0x00, 0x00, 0x42, 0x01, 0x00, 0x00, 0x68, 0x00, 0x00,
  0x00, 0x2a, 0x01, 0x00, 0x00, 0x6d, 0x00, 0x00, 0x00, 0x43, 0x01, 0x00, 0x00, 0x6e, 0x00, 0x00,
  0x00, 0x2d, 0x01, 0x00, 0x00, 0x73, 0x00, 0x00, 0x00, 0x44, 0x01, 0x00, 0x00, 0x74, 0x00, 0x00,
  0x00, 0x30, 0x01, 0x00, 0x00, 0x79, 0x00, 0x00, 0x00, 0x45, 0x01, 0x00, 0x00, 0x7a, 0x00, 0x00,
  0x00, 0x33, 0x01, 0x00, 0x00, 0x06, 0x00, 0x00, 0x00, 0x46, 0x01, 0x00, 0x00, 0x37, 0x00, 0x00,
  0x00, 0x47, 0x01, 0x00, 0x00, 0x38, 0x00, 0x00, 0x00, 0x48, 0x01, 0x00, 0x00, 0x39, 0x00, 0x00,
  0x00, 0x49, 0x01, 0x00, 0x00, 0x41, 0x00, 0x00, 0x00, 0x4b, 0x01, 0x00, 0x00, 0x48, 0x00, 0x00,
  0x00, 0x4c, 0x01, 0x00, 0x00, 0x49, 0x00, 0x00, 0x00, 0x1f, 0x01, 0x00, 0x00, 0x4b, 0x00, 0x00,
  0x00, 0x4e, 0x01, 0x00, 0x00, 0x0b, 0x00, 0x00, 0x00, 0x50, 0x01, 0x00, 0x00, 0x4a, 0x00, 0x00,
  0x00, 0x51, 0x01, 0x00, 0x00, 0x4c, 0x00, 0x00, 0x00, 0x52, 0x01, 0x00, 0x00, 0x4d, 0x00, 0x00,
  0x00, 0x53, 0x01, 0x00, 0x00, 0x53, 0x00, 0x00, 0x00, 0x54, 0x01, 0x00, 0x00, 0x54, 0x00, 0x00,
  0x00, 0x27, 0x01, 0x00, 0x00, 0x67, 0x00, 0x00, 0x00, 0x55, 0x01, 0x00, 0x00, 0x68, 0x00, 0x00,
  0x00, 0x2a, 0x01, 0x00, 0x00, 0x6d, 0x00, 0x00, 0x00, 0x56, 0x01, 0x00, 0x00, 0x6e, 0x00, 0x00,
  0x00, 0x2d, 0x01, 0x00, 0x00, 0x73, 0x00, 0x00, 0x00, 0x57, 0x01, 0x00, 0x00, 0x74, 0x00, 0x00,
  0x00, 0x30, 0x01, 0x00, 0x00, 0x79, 0x00, 0x00, 0x00, 0x58, 0x01, 0x00, 0x00, 0x7a, 0x00, 0x00,
  0x00, 0x33, 0x01, 0x00, 0x00, 0x55, 0x00, 0x00, 0x00, 0x5a, 0x01, 0x00, 0x00, 0x69, 0x00, 0x00,
  0x00, 0x5c, 0x01, 0x00, 0x00, 0x6f, 0x00, 0x00, 0x00, 0x5e, 0x01, 0x00, 0x00, 0x75, 0x00, 0x00,
  0x00, 0x60, 0x01, 0x00, 0x00, 0x7b, 0x00, 0x00, 0x00, 0x62, 0x01, 0x00, 0x00, 0x07, 0x00, 0x00,
  0x00, 0x63, 0x01, 0x00, 0x00, 0x08, 0x00, 0x00, 0x00, 0x84, 0x00, 0x00, 0x00, 0x09, 0x00, 0x00,
  0x00, 0x85, 0x00, 0x00, 0x00, 0x0a, 0x00, 0x00, 0x00, 0x86, 0x00, 0x00, 0x00, 0x0c, 0x00, 0x00,
  0x00, 0x87, 0x00, 0x00, 0x00, 0x0d, 0x00, 0x00, 0x00, 0x88, 0x00, 0x00, 0x00, 0x0e, 0x00, 0x00,
  0x00, 0x89, 0x00, 0x00, 0x00, 0x0f, 0x00, 0x00, 0x00, 0x8a, 0x00, 0x00, 0x00, 0x10, 0x00, 0x00,
  0x00, 0x8b, 0x00, 0x00, 0x00, 0x11, 0x00, 0x00, 0x00, 0x8c, 0x00, 0x00, 0x00, 0x12, 0x00, 0x00,
  0x00, 0x8d, 0x00, 0x00, 0x00, 0x13, 0x00, 0x00, 0x00, 0x8e, 0x00, 0x00, 0x00, 0x14, 0x00, 0x00,
  0x00, 0x8f, 0x00, 0x00, 0x00, 0x15, 0x00, 0x00, 0x00, 0x90, 0x00, 0x00, 0x00, 0x16, 0x00, 0x00,
  0x00, 0x91, 0x00, 0x00, 0x00, 0x17, 0x00, 0x00, 0x00, 0x92, 0x00, 0x00, 0x00, 0x18, 0x00, 0x00,
  0x00, 0x93, 0x00, 0x00, 0x00, 0x19, 0x00, 0x00, 0x00, 0x94, 0x00, 0x00, 0x00, 0x1a, 0x00, 0x00,
  0x00, 0x95, 0x00, 0x00, 0x00, 0x1b, 0x00, 0x00, 0x00, 0x96, 0x00, 0x00, 0x00, 0x3a, 0x00, 0x00,
  0x00, 0x64, 0x01, 0x00, 0x00, 0x3b, 0x00, 0x00, 0x00, 0x65, 0x01, 0x00, 0x00, 0x3c, 0x00, 0x00,
  0x00, 0x9a, 0x00, 0x00, 0x00, 0x3d, 0x00, 0x00, 0x00, 0x9b, 0x00, 0x00, 0x00, 0x3e, 0x00, 0x00,
  0x00, 0x9c, 0x00, 0x00, 0x00, 0x42, 0x00, 0x00, 0x00, 0x9f, 0x00, 0x00, 0x00, 0x43, 0x00, 0x00,
  0x00, 0xa0, 0x00, 0x00, 0x00, 0x44, 0x00, 0x00, 0x00, 0xa1, 0x00, 0x00, 0x00, 0x45, 0x00, 0x00,
  0x00, 0xa2, 0x00, 0x00, 0x00, 0x50, 0x00, 0x00, 0x00, 0xa3, 0x00, 0x00, 0x00, 0x51, 0x00, 0x00,
  0x00, 0xa4, 0x00, 0x00, 0x00, 0x59, 0x00, 0x00, 0x00, 0xa5, 0x00, 0x00, 0x00, 0x5a, 0x00, 0x00,
  0x00, 0xa6, 0x00, 0x00, 0x00, 0x5b, 0x00, 0x00, 0x00, 0xa7, 0x00, 0x00, 0x00, 0x5c, 0x00, 0x00,
  0x00, 0xa8, 0x00, 0x00, 0x00, 0x5d, 0x00, 0x00, 0x00, 0xa9, 0x00, 0x00, 0x00, 0x5e, 0x00, 0x00,
  0x00, 0xaa, 0x00, 0x00, 0x00, 0x5f, 0x00, 0x00, 0x00, 0xab, 0x00, 0x00, 0x00, 0x60, 0x00, 0x00,
  0x00, 0xac, 0x00, 0x00, 0x00, 0x61, 0x00, 0x00, 0x00, 0xad, 0x00, 0x00, 0x00, 0x62, 0x00, 0x00,
  0x00, 0xae, 0x00, 0x00, 0x00, 0x63, 0x00, 0x00, 0x00, 0xaf, 0x00, 0x00, 0x00, 0x64, 0x00, 0x00,
  0x00, 0xb0, 0x00, 0x00, 0x00, 0x65, 0x00, 0x00, 0x00, 0xb1, 0x00, 0x00, 0x00, 0x6a, 0x00, 0x00,
  0x00, 0xb2, 0x00, 0x00, 0x00, 0x6b, 0x00, 0x00, 0x00, 0xb3, 0x00, 0x00, 0x00, 0x70, 0x00, 0x00,
  0x00, 0xb4, 0x00, 0x00, 0x00, 0x71, 0x00, 0x00, 0x00, 0xb5, 0x00, 0x00, 0x00, 0x76, 0x00, 0x00,
  0x00, 0xb6, 0x00, 0x00, 0x00, 0x77, 0x00, 0x00, 0x00, 0xb7, 0x00, 0x00, 0x00, 0x4b, 0x00, 0x00,
  0x00, 0x67, 0x01, 0x00, 0x00, 0x55, 0x00, 0x00, 0x00, 0x68, 0x01, 0x00, 0x00, 0x69, 0x00, 0x00,
  0x00, 0x6a, 0x01, 0x00, 0x00, 0x6f, 0x00, 0x00, 0x00, 0x6c, 0x01, 0x00, 0x00, 0x75, 0x00, 0x00,
  0x00, 0x6e, 0x01, 0x00, 0x00, 0x7b, 0x00, 0x00, 0x00, 0x70, 0x01, 0x00, 0x00, 0x07, 0x00, 0x00,
  0x00, 0x71, 0x01, 0x00, 0x00, 0x08, 0x00, 0x00, 0x00, 0xc5, 0x00, 0x00, 0x00, 0x09, 0x00, 0x00,
  0x00, 0xc6, 0x00, 0x00, 0x00, 0x0a, 0x00, 0x00, 0x00, 0xc7, 0x00, 0x00, 0x00, 0x0c, 0x00, 0x00,
  0x00, 0xc8, 0x00, 0x00, 0x00, 0x0d, 0x00, 0x00, 0x00, 0xc9, 0x00, 0x00, 0x00, 0x0e, 0x00, 0x00,
  0x00, 0xca, 0x00, 0x00, 0x00, 0x0f, 0x00, 0x00, 0x00, 0xcb, 0x00, 0x00, 0x00, 0x10, 0x00, 0x00,
  0x00, 0xcc, 0x00, 0x00, 0x00, 0x11, 0x00, 0x00, 0x00, 0xcd, 0x00, 0x00, 0x00, 0x12, 0x00, 0x00,
  0x00, 0xce, 0x00, 0x00, 0x00, 0x13, 0x00, 0x00, 0x00, 0xcf, 0x00, 0x00, 0x00, 0x14, 0x00, 0x00,
  0x00, 0xd0, 0x00, 0x00, 0x00, 0x15, 0x00, 0x00, 0x00, 0xd1, 0x00, 0x00, 0x00, 0x16, 0x00, 0x00,
  0x00, 0xd2, 0x00, 0x00, 0x00, 0x17, 0x00, 0x00, 0x00, 0xd3, 0x00, 0x00, 0x00, 0x18, 0x00, 0x00,
  0x00, 0xd4, 0x00, 0x00, 0x00, 0x19, 0x00, 0x00, 0x00, 0xd5, 0x00, 0x00, 0x00, 0x1a, 0x00, 0x00,
  0x00, 0xd6, 0x00, 0x00, 0x00, 0x1b, 0x00, 0x00, 0x00, 0xd7, 0x00, 0x00, 0x00, 0x3a, 0x00, 0x00,
  0x00, 0x72, 0x01, 0x00, 0x00, 0x3b, 0x00, 0x00, 0x00, 0x73, 0x01, 0x00, 0x00, 0x3c, 0x00, 0x00,
  0x00, 0xdb, 0x00, 0x00, 0x00, 0x3d, 0x00, 0x00, 0x00, 0xdc, 0x00, 0x00, 0x00, 0x3e, 0x00, 0x00,
  0x00, 0xdd, 0x00, 0x00, 0x00, 0x42, 0x00, 0x00, 0x00, 0xde, 0x00, 0x00, 0x00, 0x43, 0x00, 0x00,
  0x00, 0xdf, 0x00, 0x00, 0x00, 0x44, 0x00, 0x00, 0x00, 0xe0, 0x00, 0x00, 0x00, 0x45, 0x00, 0x00,
  0x00, 0xe1, 0x00, 0x00, 0x00, 0x50, 0x00, 0x00, 0x00, 0xe4, 0x00, 0x00, 0x00, 0x51, 0x00, 0x00,
  0x00, 0xe5, 0x00, 0x00, 0x00, 0x59, 0x00, 0x00, 0x00, 0xe6, 0x00, 0x00, 0x00, 0x5a, 0x00, 0x00,
  0x00, 0xe7, 0x00, 0x00, 0x00, 0x5b, 0x00, 0x00, 0x00, 0xe8, 0x00, 0x00, 0x00, 0x5c, 0x00, 0x00,
  0x00, 0xe9, 0x00, 0x00, 0x00, 0x5d, 0x00, 0x00, 0x00, 0xea, 0x00, 0x00, 0x00, 0x5e, 0x00, 0x00,
  0x00, 0xeb, 0x00, 0x00, 0x00, 0x5f, 0x00, 0x00, 0x00, 0xec, 0x00, 0x00, 0x00, 0x60, 0x00, 0x00,
  0x00, 0xed, 0x00, 0x00, 0x00, 0x61, 0x00, 0x00, 0x00, 0xee, 0x00, 0x00, 0x00, 0x62, 0x00, 0x00,
  0x00, 0xef, 0x00, 0x00, 0x00, 0x63, 0x00, 0x00, 0x00, 0xf0, 0x00, 0x00, 0x00, 0x64, 0x00, 0x00,
  0x00, 0xf1, 0x00, 0x00, 0x00, 0x65, 0x00, 0x00, 0x00, 0xf2, 0x00, 0x00, 0x00, 0x6a, 0x00, 0x00,
  0x00, 0xf3, 0x00, 0x00, 0x00, 0x6b, 0x00, 0x00, 0x00, 0xf4, 0x00, 0x00, 0x00, 0x70, 0x00, 0x00,
  0x00, 0xf5, 0x00, 0x00, 0x00, 0x71, 0x00, 0x00, 0x00, 0xf6, 0x00, 0x00, 0x00, 0x76, 0x00, 0x00,
  0x00, 0xf7, 0x00, 0x00, 0x00, 0x77, 0x00, 0x00, 0x00, 0xf8, 0x00, 0x00, 0x00, 0x4b, 0x00, 0x00,
  0x00, 0x75, 0x01, 0x00, 0x00, 0x05, 0x00, 0x00, 0x00, 0x76, 0x01, 0x00, 0x00, 0x07, 0x00, 0x00,
  0x00, 0xc4, 0x00, 0x00, 0x00, 0x08, 0x00, 0x00, 0x00, 0xc5, 0x00, 0x00, 0x00, 0x09, 0x00, 0x00,
  0x00, 0xc6, 0x00, 0x00, 0x00, 0x0a, 0x00, 0x00, 0x00, 0xc7, 0x00, 0x00, 0x00, 0x0c, 0x00, 0x00,
  0x00, 0xc8, 0x00, 0x00, 0x00, 0x0d, 0x00, 0x00, 0x00, 0xc9, 0x00, 0x00, 0x00, 0x0e, 0x00, 0x00,
  0x00, 0xca, 0x00, 0x00, 0x00, 0x0f, 0x00, 0x00, 0x00, 0xcb, 0x00, 0x00, 0x00, 0x10, 0x00, 0x00,
  0x00, 0xcc, 0x00, 0x00, 0x00, 0x11, 0x00, 0x00, 0x00, 0xcd, 0x00, 0x00, 0x00, 0x12, 0x00, 0x00,
  0x00, 0xce, 0x00, 0x00, 0x00, 0x13, 0x00, 0x00, 0x00, 0xcf, 0x00, 0x00, 0x00, 0x14, 0x00, 0x00,
  0x00, 0xd0, 0x00, 0x00, 0x00, 0x15, 0x00, 0x00, 0x00, 0xd1, 0x00, 0x00, 0x00, 0x16, 0x00, 0x00,
  0x00, 0xd2, 0x00, 0x00, 0x00, 0x17, 0x00, 0x00, 0x00, 0xd3, 0x00, 0x00, 0x00, 0x18, 0x00, 0x00,
  0x00, 0xd4, 0x00, 0x00, 0x00, 0x19, 0x00, 0x00, 0x00, 0xd5, 0x00, 0x00, 0x00, 0x1a, 0x00, 0x00,
  0x00, 0xd6, 0x00, 0x00, 0x00, 0x1b, 0x00, 0x00, 0x00, 0xd7, 0x00, 0x00, 0x00, 0x32, 0x00, 0x00,
  0x00, 0xd8, 0x00, 0x00, 0x00, 0x33, 0x00, 0x00, 0x00, 0xd9, 0x00, 0x00, 0x00, 0x34, 0x00, 0x00,
  0x00, 0xda, 0x00, 0x00, 0x00, 0x3c, 0x00, 0x00, 0x00, 0xdb, 0x00, 0x00, 0x00, 0x3d, 0x00, 0x00,
  0x00, 0xdc, 0x00, 0x00, 0x00, 0x3e, 0x00, 0x00, 0x00, 0xdd, 0x00, 0x00, 0x00, 0x42, 0x00, 0x00,
  0x00, 0xde, 0x00, 0x00, 0x00, 0x43, 0x00, 0x00, 0x00, 0xdf, 0x00, 0x00, 0x00, 0x44, 0x00, 0x00,
  0x00, 0xe0, 0x00, 0x00, 0x00, 0x45, 0x00, 0x00, 0x00, 0xe1, 0x00, 0x00, 0x00, 0x4e, 0x00, 0x00,
  0x00, 0x77, 0x01, 0x00, 0x00, 0x4f, 0x00, 0x00, 0x00, 0x78, 0x01, 0x00, 0x00, 0x50, 0x00, 0x00,
  0x00, 0xe4, 0x00, 0x00, 0x00, 0x51, 0x00, 0x00, 0x00, 0xe5, 0x00, 0x00, 0x00, 0x59, 0x00, 0x00,
  0x00, 0xe6, 0x00, 0x00, 0x00, 0x5a, 0x00, 0x00, 0x00, 0xe7, 0x00, 0x00, 0x00, 0x5b, 0x00, 0x00,
  0x00, 0xe8, 0x00, 0x00, 0x00, 0x5c, 0x00, 0x00, 0x00, 0xe9, 0x00, 0x00, 0x00, 0x5d, 0x00, 0x00,
  0x00, 0xea, 0x00, 0x00, 0x00, 0x5e, 0x00, 0x00, 0x00, 0xeb, 0x00, 0x00, 0x00, 0x5f, 0x00, 0x00,
  0x00, 0xec, 0x00, 0x00, 0x00, 0x60, 0x00, 0x00, 0x00, 0xed, 0x00, 0x00, 0x00, 0x61, 0x00, 0x00,
  0x00, 0xee, 0x00, 0x00, 0x00, 0x62, 0x00, 0x00, 0x00, 0xef, 0x00, 0x00, 0x00, 0x63, 0x00, 0x00,
  0x00, 0xf0, 0x00, 0x00, 0x00, 0x64, 0x00, 0x00, 0x00, 0xf1, 0x00, 0x00, 0x00, 0x65, 0x00, 0x00,
  0x00, 0xf2, 0x00, 0x00, 0x00, 0x6a, 0x00, 0x00, 0x00, 0xf3, 0x00, 0x00, 0x00, 0x6b, 0x00, 0x00,
  0x00, 0xf4, 0x00, 0x00, 0x00, 0x70, 0x00, 0x00, 0x00, 0xf5, 0x00, 0x00, 0x00, 0x71, 0x00, 0x00,
  0x00, 0xf6, 0x00, 0x00, 0x00, 0x76, 0x00, 0x00, 0x00, 0xf7, 0x00, 0x00, 0x00, 0x77, 0x00, 0x00,
  0x00, 0xf8, 0x00, 0x00, 0x00, 0x55, 0x00, 0x00, 0x00, 0x79, 0x01, 0x00, 0x00, 0x69, 0x00, 0x00,
  0x00, 0x7b, 0x01, 0x00, 0x00, 0x6f, 0x00, 0x00, 0x00, 0x7d, 0x01, 0x00, 0x00, 0x75, 0x00, 0x00,
  0x00, 0x7f, 0x01, 0x00, 0x00, 0x7b, 0x00, 0x00, 0x00, 0x81, 0x01, 0x00, 0x00, 0x05, 0x00, 0x00,
  0x00, 0x82, 0x01, 0x00, 0x00, 0x07, 0x00, 0x00, 0x00, 0x83, 0x00, 0x00, 0x00, 0x08, 0x00, 0x00,
  0x00, 0x84, 0x00, 0x00, 0x00, 0x09, 0x00, 0x00, 0x00, 0x85, 0x00, 0x00, 0x00, 0x0a, 0x00, 0x00,
  0x00, 0x86, 0x00, 0x00, 0x00, 0x0c, 0x00, 0x00, 0x00, 0x87, 0x00, 0x00, 0x00, 0x0d, 0x00, 0x00,
  0x00, 0x88, 0x00, 0x00, 0x00, 0x0e, 0x00, 0x00, 0x00, 0x89, 0x00, 0x00, 0x00, 0x0f, 0x00, 0x00,
  0x00, 0x8a, 0x00, 0x00, 0x00, 0x10, 0x00, 0x00, 0x00, 0x8b, 0x00, 0x00, 0x00, 0x11, 0x00, 0x00,
  0x00, 0x8c, 0x00, 0x00, 0x00, 0x12, 0x00, 0x00, 0x00, 0x8d, 0x00, 0x00, 0x00, 0x13, 0x00, 0x00,
  0x00, 0x8e, 0x00, 0x00, 0x00, 0x14, 0x00, 0x00, 0x00, 0x8f, 0x00, 0x00, 0x00, 0x15, 0x00, 0x00,
  0x00, 0x90, 0x00, 0x00, 0x00, 0x16, 0x00, 0x00, 0x00, 0x91, 0x00, 0x00, 0x00, 0x17, 0x00, 0x00,
  0x00, 0x92, 0x00, 0x00, 0x00, 0x18, 0x00, 0x00, 0x00, 0x93, 0x00, 0x00, 0x00, 0x19, 0x00, 0x00,
  0x00, 0x94, 0x00, 0x00, 0x00, 0x1a, 0x00, 0x00, 0x00, 0x95, 0x00, 0x00, 0x00, 0x1b, 0x00, 0x00,
  0x00, 0x96, 0x00, 0x00, 0x00, 0x32, 0x00, 0x00, 0x00, 0x97, 0x00, 0x00, 0x00, 0x33, 0x00, 0x00,
  0x00, 0x98, 0x00, 0x00, 0x00, 0x34, 0x00, 0x00, 0x00, 0x99, 0x00, 0x00, 0x00, 0x3c, 0x00, 0x00,
  0x00, 0x9a, 0x00, 0x00, 0x00, 0x3d, 0x00, 0x00, 0x00, 0x9b, 0x00, 0x00, 0x00, 0x3e, 0x00, 0x00,
  0x00, 0x9c, 0x00, 0x00, 0x00, 0x42, 0x00, 0x00, 0x00, 0x9f, 0x00, 0x00, 0x00, 0x43, 0x00, 0x00,
  0x00, 0xa0, 0x00, 0x00, 0x00, 0x44, 0x00, 0x00, 0x00, 0xa1, 0x00, 0x00, 0x00, 0x45, 0x00, 0x00,
  0x00, 0xa2, 0x00, 0x00, 0x00, 0x50, 0x00, 0x00, 0x00, 0xa3, 0x00, 0x00, 0x00, 0x51, 0x00, 0x00,
  0x00, 0xa4, 0x00, 0x00, 0x00, 0x56, 0x00, 0x00, 0x00, 0x83, 0x01, 0x00, 0x00, 0x57, 0x00, 0x00,
  0x00, 0x84, 0x01, 0x00, 0x00, 0x59, 0x00, 0x00, 0x00, 0xa5, 0x00, 0x00, 0x00, 0x5a, 0x00, 0x00,
  0x00, 0xa6, 0x00, 0x00, 0x00, 0x5b, 0x00, 0x00, 0x00, 0xa7, 0x00, 0x00, 0x00, 0x5c, 0x00, 0x00,
  0x00, 0xa8, 0x00, 0x00, 0x00, 0x5d, 0x00, 0x00, 0x00, 0xa9, 0x00, 0x00, 0x00, 0x5e, 0x00, 0x00,
  0x00, 0xaa, 0x00, 0x00, 0x00, 0x5f, 0x00, 0x00, 0x00, 0xab, 0x00, 0x00, 0x00, 0x60, 0x00, 0x00,
  0x00, 0xac, 0x00, 0x00, 0x00, 0x61, 0x00, 0x00, 0x00, 0xad, 0x00, 0x00, 0x00, 0x62, 0x00, 0x00,
  0x00, 0xae, 0x00, 0x00, 0x00, 0x63, 0x00, 0x00, 0x00, 0xaf, 0x00, 0x00, 0x00, 0x64, 0x00, 0x00,
  0x00, 0xb0, 0x00, 0x00, 0x00, 0x65, 0x00, 0x00, 0x00, 0xb1, 0x00, 0x00, 0x00, 0x6a, 0x00, 0x00,
  0x00, 0xb2, 0x00, 0x00, 0x00, 0x6b, 0x00, 0x00, 0x00, 0xb3, 0x00, 0x00, 0x00, 0x70, 0x00, 0x00,
  0x00, 0xb4, 0x00, 0x00, 0x00, 0x71, 0x00, 0x00, 0x00, 0xb5, 0x00, 0x00, 0x00, 0x76, 0x00, 0x00,
  0x00, 0xb6, 0x00, 0x00, 0x00, 0x77, 0x00, 0x00, 0x00, 0xb7, 0x00, 0x00, 0x00, 0x05, 0x00, 0x00,
  0x00, 0x82, 0x01, 0x00, 0x00, 0x07, 0x00, 0x00, 0x00, 0x83, 0x00, 0x00, 0x00, 0x08, 0x00, 0x00,
  0x00, 0x84, 0x00, 0x00, 0x00, 0x09, 0x00, 0x00, 0x00, 0x85, 0x00, 0x00, 0x00, 0x0a, 0x00, 0x00,
  0x00, 0x86, 0x00, 0x00, 0x00, 0x0c, 0x00, 0x00, 0x00, 0x87, 0x00, 0x00, 0x00, 0x0d, 0x00, 0x00,
  0x00, 0x88, 0x00, 0x00, 0x00, 0x0e, 0x00, 0x00, 0x00, 0x89, 0x00, 0x00, 0x00, 0x0f, 0x00, 0x00,
  0x00, 0x8a, 0x00, 0x00, 0x00, 0x10, 0x00, 0x00, 0x00, 0x8b, 0x00, 0x00, 0x00, 0x11, 0x00, 0x00,
  0x00, 0x8c, 0x00, 0x00, 0x00, 0x12, 0x00, 0x00, 0x00, 0x8d, 0x00, 0x00, 0x00, 0x13, 0x00, 0x00,
  0x00, 0x8e, 0x00, 0x00, 0x00, 0x14, 0x00, 0x00, 0x00, 0x8f, 0x00, 0x00, 0x00, 0x15, 0x00, 0x00,
  0x00, 0x90, 0x00, 0x00, 0x00, 0x16, 0x00, 0x00, 0x00, 0x91, 0x00, 0x00, 0x00, 0x17, 0x00, 0x00,
  0x00, 0x92, 0x00, 0x00, 0x00, 0x18, 0x00, 0x00, 0x00, 0x93, 0x00, 0x00, 0x00, 0x19, 0x00, 0x00,
  0x00, 0x94, 0x00, 0x00, 0x00, 0x1a, 0x00, 0x00, 0x00, 0x95, 0x00, 0x00, 0x00, 0x1b, 0x00, 0x00,
  0x00, 0x96, 0x00, 0x00, 0x00, 0x32, 0x00, 0x00, 0x00, 0x97, 0x00, 0x00, 0x00, 0x33, 0x00, 0x00,
  0x00, 0x98, 0x00, 0x00, 0x00, 0x34, 0x00, 0x00, 0x00, 0x99, 0x00, 0x00, 0x00, 0x3c, 0x00, 0x00,
  0x00, 0x9a, 0x00, 0x00, 0x00, 0x3d, 0x00, 0x00, 0x00, 0x9b, 0x00, 0x00, 0x00, 0x3e, 0x00, 0x00,
  0x00, 0x9c, 0x00, 0x00, 0x00, 0x42, 0x00, 0x00, 0x00, 0x9f, 0x00, 0x00, 0x00, 0x43, 0x00, 0x00,
  0x00, 0xa0, 0x00, 0x00, 0x00, 0x44, 0x00, 0x00, 0x00, 0xa1, 0x00, 0x00, 0x00, 0x45, 0x00, 0x00,
  0x00, 0xa2, 0x00, 0x00, 0x00, 0x50, 0x00, 0x00, 0x00, 0xa3, 0x00, 0x00, 0x00, 0x51, 0x00, 0x00,
  0x00, 0xa4, 0x00, 0x00, 0x00, 0x56, 0x00, 0x00, 0x00, 0x85, 0x01, 0x00, 0x00, 0x57, 0x00, 0x00,
  0x00, 0x84, 0x01, 0x00, 0x00, 0x59, 0x00, 0x00, 0x00, 0xa5, 0x00, 0x00, 0x00, 0x5a, 0x00, 0x00,
  0x00, 0xa6, 0x00, 0x00, 0x00, 0x5b, 0x00, 0x00, 0x00, 0xa7, 0x00, 0x00, 0x00, 0x5c, 0x00, 0x00,
  0x00, 0xa8, 0x00, 0x00, 0x00, 0x5d, 0x00, 0x00, 0x00, 0xa9, 0x00, 0x00, 0x00, 0x5e, 0x00, 0x00,
  0x00, 0xaa, 0x00, 0x00, 0x00, 0x5f, 0x00, 0x00, 0x00, 0xab, 0x00, 0x00, 0x00, 0x60, 0x00, 0x00,
  0x00, 0xac, 0x00, 0x00, 0x00, 0x61, 0x00, 0x00, 0x00, 0xad, 0x00, 0x00, 0x00, 0x62, 0x00, 0x00,
  0x00, 0xae, 0x00, 0x00, 0x00, 0x63, 0x00, 0x00, 0x00, 0xaf, 0x00, 0x00, 0x00, 0x64, 0x00, 0x00,
  0x00, 0xb0, 0x00, 0x00, 0x00, 0x65, 0x00, 0x00, 0x00, 0xb1, 0x00, 0x00, 0x00, 0x6a, 0x00, 0x00,
  0x00, 0xb2, 0x00, 0x00, 0x00, 0x6b, 0x00, 0x00, 0x00, 0xb3, 0x00, 0x00, 0x00, 0x70, 0x00, 0x00,
  0x00, 0xb4, 0x00, 0x00, 0x00, 0x71, 0x00, 0x00, 0x00, 0xb5, 0x00, 0x00, 0x00, 0x76, 0x00, 0x00,
  0x00, 0xb6, 0x00, 0x00, 0x00, 0x77, 0x00, 0x00, 0x00, 0xb7, 0x00, 0x00, 0x00, 0x05, 0x00, 0x00,
  0x00, 0x82, 0x01, 0x00, 0x00, 0x07, 0x00, 0x00, 0x00, 0x83, 0x00, 0x00, 0x00, 0x08, 0x00, 0x00,
  0x00, 0x84, 0x00, 0x00, 0x00, 0x09, 0x00, 0x00, 0x00, 0x85, 0x00, 0x00, 0x00, 0x0a, 0x00, 0x00,
  0x00, 0x86, 0x00, 0x00, 0x00, 0x0c, 0x00, 0x00, 0x00, 0x87, 0x00, 0x00, 0x00, 0x0d, 0x00, 0x00,
  0x00, 0x88, 0x00, 0x00, 0x00, 0x0e, 0x00, 0x00, 0x00, 0x89, 0x00, 0x00, 0x00, 0x0f, 0x00, 0x00,
  0x00, 0x8a, 0x00, 0x00, 0x00, 0x10, 0x00, 0x00, 0x00, 0x8b, 0x00, 0x00, 0x00, 0x11, 0x00, 0x00,
  0x00, 0x8c, 0x00, 0x00, 0x00, 0x12, 0x00, 0x00, 0x00, 0x8d, 0x00, 0x00, 0x00, 0x13, 0x00, 0x00,
  0x00, 0x8e, 0x00, 0x00, 0x00, 0x14, 0x00, 0x00, 0x00, 0x8f, 0x00, 0x00, 0x00, 0x15, 0x00, 0x00,
  0x00, 0x90, 0x00, 0x00, 0x00, 0x16, 0x00, 0x00, 0x00, 0x91, 0x00, 0x00, 0x00, 0x17, 0x00, 0x00,
  0x00, 0x92, 0x00, 0x00, 0x00, 0x18, 0x00, 0x00, 0x00, 0x93, 0x00, 0x00, 0x00, 0x19, 0x00, 0x00,
  0x00, 0x94, 0x00, 0x00, 0x00, 0x1a, 0x00, 0x00, 0x00, 0x95, 0x00, 0x00, 0x00, 0x1b, 0x00, 0x00,
  0x00, 0x96, 0x00, 0x00, 0x00, 0x32, 0x00, 0x00, 0x00, 0x97, 0x00, 0x00, 0x00, 0x33, 0x00, 0x00,
  0x00, 0x98, 0x00, 0x00, 0x00, 0x34, 0x00, 0x00, 0x00, 0x99, 0x00, 0x00, 0x00, 0x3c, 0x00, 0x00,
  0x00, 0x9a, 0x00, 0x00, 0x00, 0x3d, 0x00, 0x00, 0x00, 0x9b, 0x00, 0x00, 0x00, 0x3e, 0x00, 0x00,
  0x00, 0x9c, 0x00, 0x00, 0x00, 0x42, 0x00, 0x00, 0x00, 0x9f, 0x00, 0x00, 0x00, 0x43, 0x00, 0x00,
  0x00, 0xa0, 0x00, 0x00, 0x00, 0x44, 0x00, 0x00, 0x00, 0xa1, 0x00, 0x00, 0x00, 0x45, 0x00, 0x00,
  0x00, 0xa2, 0x00, 0x00, 0x00, 0x50, 0x00, 0x00, 0x00, 0xa3, 0x00, 0x00, 0x00, 0x51, 0x00, 0x00,
  0x00, 0xa4, 0x00, 0x00, 0x00, 0x56, 0x00, 0x00, 0x00, 0x86, 0x01, 0x00, 0x00, 0x57, 0x00, 0x00,
  0x00, 0x84, 0x01, 0x00, 0x00, 0x59, 0x00, 0x00, 0x00, 0xa5, 0x00, 0x00, 0x00, 0x5a, 0x00, 0x00,
  0x00, 0xa6, 0x00, 0x00, 0x00, 0x5b, 0x00, 0x00, 0x00, 0xa7, 0x00, 0x00, 0x00, 0x5c, 0x00, 0x00,
  0x00, 0xa8, 0x00, 0x00, 0x00, 0x5d, 0x00, 0x00, 0x00, 0xa9, 0x00, 0x00, 0x00, 0x5e, 0x00, 0x00,
  0x00, 0xaa, 0x00, 0x00, 0x00, 0x5f, 0x00, 0x00, 0x00, 0xab, 0x00, 0x00, 0x00, 0x60, 0x00, 0x00,
  0x00, 0xac, 0x00, 0x00, 0x00, 0x61, 0x00, 0x00, 0x00, 0xad, 0x00, 0x00, 0x00, 0x62, 0x00, 0x00,
  0x00, 0xae, 0x00, 0x00, 0x00, 0x63, 0x00, 0x00, 0x00, 0xaf, 0x00, 0x00, 0x00, 0x64, 0x00, 0x00,
  0x00, 0xb0, 0x00, 0x00, 0x00, 0x65, 0x00, 0x00, 0x00, 0xb1, 0x00, 0x00, 0x00, 0x6a, 0x00, 0x00,
  0x00, 0xb2, 0x00, 0x00, 0x00, 0x6b, 0x00, 0x00, 0x00, 0xb3, 0x00, 0x00, 0x00, 0x70, 0x00, 0x00,
  0x00, 0xb4, 0x00, 0x00, 0x00, 0x71, 0x00, 0x00, 0x00, 0xb5, 0x00, 0x00, 0x00, 0x76, 0x00, 0x00,
  0x00, 0xb6, 0x00, 0x00, 0x00, 0x77, 0x00, 0x00, 0x00, 0xb7, 0x00, 0x00, 0x00, 0x58, 0x00, 0x00,
  0x00, 0x88, 0x01, 0x00, 0x00, 0x58, 0x00, 0x00, 0x00, 0x8a, 0x01, 0x00, 0x00, 0x58, 0x00, 0x00,
  0x00, 0x8c, 0x01, 0x00, 0x00, 0x00, 0x00, 0x00, 0x00, 0x01, 0x00, 0x00, 0x00, 0x20, 0x00, 0x00,
  0x00, 0x01, 0x00, 0x00, 0x00, 0x1f, 0x00, 0x00, 0x00, 0x01, 0x00, 0x00, 0x00, 0x1f, 0x00, 0x00,
  0x00, 0x02, 0x00, 0x00, 0x00, 0x01, 0x00, 0x00, 0x00, 0x01, 0x00, 0x00, 0x00, 0x21, 0x00, 0x00,
  0x00, 0x01, 0x00, 0x00, 0x00, 0x21, 0x00, 0x00, 0x00, 0x01, 0x00, 0x00, 0x00, 0x02, 0x00, 0x00,
  0x00, 0x01, 0x00, 0x00, 0x00, 0x23, 0x00, 0x00, 0x00, 0x01, 0x00, 0x00, 0x00, 0x25, 0x00, 0x00,
  0x00, 0x01, 0x00, 0x00, 0x00, 0x24, 0x00, 0x00, 0x00, 0x01, 0x00, 0x00, 0x00, 0x26, 0x00, 0x00,
  0x00, 0x01, 0x00, 0x00, 0x00, 0x28, 0x00, 0x00, 0x00, 0x01, 0x00, 0x00, 0x00, 0x27, 0x00, 0x00,
  0x00, 0x01, 0x00, 0x00, 0x00, 0x29, 0x00, 0x00, 0x00, 0x01, 0x00, 0x00, 0x00, 0x22, 0x00, 0x00,
  0x00, 0x05, 0x00, 0x00, 0x00, 0x03, 0x00, 0x00, 0x00, 0x01, 0x00, 0x00, 0x00, 0x2b, 0x00, 0x00,
  0x00, 0x01, 0x00, 0x00, 0x00, 0x2d, 0x00, 0x00, 0x00, 0x01, 0x00, 0x00, 0x00, 0x2c, 0x00, 0x00,
  0x00, 0x01, 0x00, 0x00, 0x00, 0x2e, 0x00, 0x00, 0x00, 0x01, 0x00, 0x00, 0x00, 0x30, 0x00, 0x00,
  0x00, 0x01, 0x00, 0x00, 0x00, 0x2f, 0x00, 0x00, 0x00, 0x01, 0x00, 0x00, 0x00, 0x31, 0x00, 0x00,
  0x00, 0x01, 0x00, 0x00, 0x00, 0x2a, 0x00, 0x00, 0x00, 0x05, 0x00, 0x00, 0x00, 0x04, 0x00, 0x00,
  0x00, 0x01, 0x00, 0x00, 0x00, 0x34, 0x00, 0x00, 0x00, 0x01, 0x00, 0x00, 0x00, 0x33, 0x00, 0x00,
  0x00, 0x01, 0x00, 0x00, 0x00, 0x37, 0x00, 0x00, 0x00, 0x01, 0x00, 0x00, 0x00, 0x36, 0x00, 0x00,
  0x00, 0x00, 0x00, 0x00, 0x00, 0x36, 0x00, 0x00, 0x00, 0x02, 0x00, 0x00, 0x00, 0x35, 0x00, 0x00,
  0x00, 0x01, 0x00, 0x00, 0x00, 0x32, 0x00, 0x00, 0x00, 0x02, 0x00, 0x00, 0x00, 0x05, 0x00, 0x00,
  0x00, 0x01, 0x00, 0x00, 0x00, 0x39, 0x00, 0x00, 0x00, 0x01, 0x00, 0x00, 0x00, 0x3b, 0x00, 0x00,
  0x00, 0x01, 0x00, 0x00, 0x00, 0x3a, 0x00, 0x00, 0x00, 0x01, 0x00, 0x00, 0x00, 0x38, 0x00, 0x00,
  0x00, 0x02, 0x00, 0x00, 0x00, 0x06, 0x00, 0x00, 0x00, 0x01, 0x00, 0x00, 0x00, 0x3c, 0x00, 0x00,
  0x00, 0x01, 0x00, 0x00, 0x00, 0x3c, 0x00, 0x00, 0x00, 0x01, 0x00, 0x00, 0x00, 0x3c, 0x00, 0x00,
  0x00, 0x01, 0x00, 0x00, 0x00, 0x3c, 0x00, 0x00, 0x00, 0x01, 0x00, 0x00, 0x00, 0x3c, 0x00, 0x00,
  0x00, 0x01, 0x00, 0x00, 0x00, 0x07, 0x00, 0x00, 0x00, 0x01, 0x00, 0x00, 0x00, 0x3e, 0x00, 0x00,
  0x00, 0x01, 0x00, 0x00, 0x00, 0x40, 0x00, 0x00, 0x00, 0x01, 0x00, 0x00, 0x00, 0x3f, 0x00, 0x00,
  0x00, 0x01, 0x00, 0x00, 0x00, 0x41, 0x00, 0x00, 0x00, 0x01, 0x00, 0x00, 0x00, 0x3d, 0x00, 0x00,
  0x00, 0x03, 0x00, 0x00, 0x00, 0x08, 0x00, 0x00, 0x00, 0x01, 0x00, 0x00, 0x00, 0x43, 0x00, 0x00,
  0x00, 0x01, 0x00, 0x00, 0x00, 0x42, 0x00, 0x00, 0x00, 0x01, 0x00, 0x00, 0x00, 0x09, 0x00, 0x00,
  0x00, 0x01, 0x00, 0x00, 0x00, 0x45, 0x00, 0x00, 0x00, 0x01, 0x00, 0x00, 0x00, 0x47, 0x00, 0x00,
  0x00, 0x01, 0x00, 0x00, 0x00, 0x46, 0x00, 0x00, 0x00, 0x01, 0x00, 0x00, 0x00, 0x4a, 0x00, 0x00,
  0x00, 0x01, 0x00, 0x00, 0x00, 0x49, 0x00, 0x00, 0x00, 0x00, 0x00, 0x00, 0x00, 0x49, 0x00, 0x00,
  0x00, 0x02, 0x00, 0x00, 0x00, 0x48, 0x00, 0x00, 0x00, 0x01, 0x00, 0x00, 0x00, 0x4b, 0x00, 0x00,
  0x00, 0x01, 0x00, 0x00, 0x00, 0x44, 0x00, 0x00, 0x00, 0x04, 0x00, 0x00, 0x00, 0x0a, 0x00, 0x00,
  0x00, 0x01, 0x00, 0x00, 0x00, 0x4d, 0x00, 0x00, 0x00, 0x01, 0x00, 0x00, 0x00, 0x4f, 0x00, 0x00,
  0x00, 0x01, 0x00, 0x00, 0x00, 0x4e, 0x00, 0x00, 0x00, 0x01, 0x00, 0x00, 0x00, 0x4c, 0x00, 0x00,
  0x00, 0x02, 0x00, 0x00, 0x00, 0x0b, 0x00, 0x00, 0x00, 0x01, 0x00, 0x00, 0x00, 0x51, 0x00, 0x00,
  0x00, 0x01, 0x00, 0x00, 0x00, 0x52, 0x00, 0x00, 0x00, 0x01, 0x00, 0x00, 0x00, 0x54, 0x00, 0x00,
  0x00, 0x01, 0x00, 0x00, 0x00, 0x53, 0x00, 0x00, 0x00, 0x01, 0x00, 0x00, 0x00, 0x55, 0x00, 0x00,
  0x00, 0x01, 0x00, 0x00, 0x00, 0x57, 0x00, 0x00, 0x00, 0x01, 0x00, 0x00, 0x00, 0x56, 0x00, 0x00,
  0x00, 0x01, 0x00, 0x00, 0x00, 0x58, 0x00, 0x00, 0x00, 0x01, 0x00, 0x00, 0x00, 0x50, 0x00, 0x00,
  0x00, 0x06, 0x00, 0x00, 0x00, 0x0c, 0x00, 0x00, 0x00, 0x01, 0x00, 0x00, 0x00, 0x59, 0x00, 0x00,
  0x00, 0x01, 0x00, 0x00, 0x00, 0x59, 0x00, 0x00, 0x00, 0x01, 0x00, 0x00, 0x00, 0x59, 0x00, 0x00,
  0x00, 0x01, 0x00, 0x00, 0x00, 0x59, 0x00, 0x00, 0x00, 0x01, 0x00, 0x00, 0x00, 0x59, 0x00, 0x00,
  0x00, 0x01, 0x00, 0x00, 0x00, 0x59, 0x00, 0x00, 0x00, 0x01, 0x00, 0x00, 0x00, 0x59, 0x00, 0x00,
  0x00, 0x01, 0x00, 0x00, 0x00, 0x59, 0x00, 0x00, 0x00, 0x01, 0x00, 0x00, 0x00, 0x59, 0x00, 0x00,
  0x00, 0x01, 0x00, 0x00, 0x00, 0x59, 0x00, 0x00, 0x00, 0x01, 0x00, 0x00, 0x00, 0x59, 0x00, 0x00,
  0x00, 0x01, 0x00, 0x00, 0x00, 0x59, 0x00, 0x00, 0x00, 0x01, 0x00, 0x00, 0x00, 0x59, 0x00, 0x00,
  0x00, 0x01, 0x00, 0x00, 0x00, 0x59, 0x00, 0x00, 0x00, 0x01, 0x00, 0x00, 0x00, 0x0d, 0x00, 0x00,
  0x00, 0x01, 0x00, 0x00, 0x00, 0x5a, 0x00, 0x00, 0x00, 0x01, 0x00, 0x00, 0x00, 0x0e, 0x00, 0x00,
  0x00, 0x01, 0x00, 0x00, 0x00, 0x5b, 0x00, 0x00, 0x00, 0x01, 0x00, 0x00, 0x00, 0x0f, 0x00, 0x00,
  0x00, 0x01, 0x00, 0x00, 0x00, 0x5c, 0x00, 0x00, 0x00, 0x01, 0x00, 0x00, 0x00, 0x10, 0x00, 0x00,
  0x00, 0x01, 0x00, 0x00, 0x00, 0x5d, 0x00, 0x00, 0x00, 0x01, 0x00, 0x00, 0x00, 0x11, 0x00, 0x00,
  0x00, 0x01, 0x00, 0x00, 0x00, 0x5e, 0x00, 0x00, 0x00, 0x01, 0x00, 0x00, 0x00, 0x12, 0x00, 0x00,
  0x00, 0x01, 0x00, 0x00, 0x00, 0x5f, 0x00, 0x00, 0x00, 0x01, 0x00, 0x00, 0x00, 0x13, 0x00, 0x00,
  0x00, 0x01, 0x00, 0x00, 0x00, 0x60, 0x00, 0x00, 0x00, 0x01, 0x00, 0x00, 0x00, 0x14, 0x00, 0x00,
  0x00, 0x01, 0x00, 0x00, 0x00, 0x61, 0x00, 0x00, 0x00, 0x01, 0x00, 0x00, 0x00, 0x15, 0x00, 0x00,
  0x00, 0x01, 0x00, 0x00, 0x00, 0x62, 0x00, 0x00, 0x00, 0x01, 0x00, 0x00, 0x00, 0x16, 0x00, 0x00,
  0x00, 0x01, 0x00, 0x00, 0x00, 0x63, 0x00, 0x00, 0x00, 0x01, 0x00, 0x00, 0x00, 0x17, 0x00, 0x00,
  0x00, 0x01, 0x00, 0x00, 0x00, 0x65, 0x00, 0x00, 0x00, 0x01, 0x00, 0x00, 0x00, 0x66, 0x00, 0x00,
  0x00, 0x01, 0x00, 0x00, 0x00, 0x68, 0x00, 0x00, 0x00, 0x01, 0x00, 0x00, 0x00, 0x67, 0x00, 0x00,
  0x00, 0x01, 0x00, 0x00, 0x00, 0x69, 0x00, 0x00, 0x00, 0x01, 0x00, 0x00, 0x00, 0x64, 0x00, 0x00,
  0x00, 0x04, 0x00, 0x00, 0x00, 0x18, 0x00, 0x00, 0x00, 0x01, 0x00, 0x00, 0x00, 0x6b, 0x00, 0x00,
  0x00, 0x01, 0x00, 0x00, 0x00, 0x6c, 0x00, 0x00, 0x00, 0x01, 0x00, 0x00, 0x00, 0x6e, 0x00, 0x00,
  0x00, 0x01, 0x00, 0x00, 0x00, 0x6d, 0x00, 0x00, 0x00, 0x01, 0x00, 0x00, 0x00, 0x6f, 0x00, 0x00,
  0x00, 0x01, 0x00, 0x00, 0x00, 0x6a, 0x00, 0x00, 0x00, 0x04, 0x00, 0x00, 0x00, 0x19, 0x00, 0x00,
  0x00, 0x01, 0x00, 0x00, 0x00, 0x71, 0x00, 0x00, 0x00, 0x01, 0x00, 0x00, 0x00, 0x72, 0x00, 0x00,
  0x00, 0x01, 0x00, 0x00, 0x00, 0x74, 0x00, 0x00, 0x00, 0x01, 0x00, 0x00, 0x00, 0x73, 0x00, 0x00,
  0x00, 0x01, 0x00, 0x00, 0x00, 0x75, 0x00, 0x00, 0x00, 0x01, 0x00, 0x00, 0x00, 0x70, 0x00, 0x00,
  0x00, 0x04, 0x00, 0x00, 0x00, 0x1a, 0x00, 0x00, 0x00, 0x01, 0x00, 0x00, 0x00, 0x77, 0x00, 0x00,
  0x00, 0x01, 0x00, 0x00, 0x00, 0x78, 0x00, 0x00, 0x00, 0x01, 0x00, 0x00, 0x00, 0x7a, 0x00, 0x00,
  0x00, 0x01, 0x00, 0x00, 0x00, 0x79, 0x00, 0x00, 0x00, 0x01, 0x00, 0x00, 0x00, 0x7b, 0x00, 0x00,
  0x00, 0x01, 0x00, 0x00, 0x00, 0x76, 0x00, 0x00, 0x00, 0x04, 0x00, 0x00, 0x00, 0x1b, 0x00, 0x00,
  0x00, 0x01, 0x00, 0x00, 0x00, 0x7d, 0x00, 0x00, 0x00, 0x01, 0x00, 0x00, 0x00, 0x80, 0x00, 0x00,
  0x00, 0x01, 0x00, 0x00, 0x00, 0x7f, 0x00, 0x00, 0x00, 0x00, 0x00, 0x00, 0x00, 0x7f, 0x00, 0x00,
  0x00, 0x01, 0x00, 0x00, 0x00, 0x7e, 0x00, 0x00, 0x00, 0x01, 0x00, 0x00, 0x00, 0x81, 0x00, 0x00,
  0x00, 0x01, 0x00, 0x00, 0x00, 0x7c, 0x00, 0x00, 0x00, 0x03, 0x00, 0x00, 0x00, 0x1c, 0x00, 0x00,
  0x00, 0x01, 0x00, 0x00, 0x00, 0x84, 0x00, 0x00, 0x00, 0x01, 0x00, 0x00, 0x00, 0x83, 0x00, 0x00,
  0x00, 0x01, 0x00, 0x00, 0x00, 0x87, 0x00, 0x00, 0x00, 0x01, 0x00, 0x00, 0x00, 0x86, 0x00, 0x00,
  0x00, 0x00, 0x00, 0x00, 0x00, 0x86, 0x00, 0x00, 0x00, 0x02, 0x00, 0x00, 0x00, 0x85, 0x00, 0x00,
  0x00, 0x01, 0x00, 0x00, 0x00, 0x82, 0x00, 0x00, 0x00, 0x02, 0x00, 0x00, 0x00, 0x1d, 0x00, 0x00,
  0x00, 0x01, 0x00, 0x00, 0x00, 0x89, 0x00, 0x00, 0x00, 0x01, 0x00, 0x00, 0x00, 0x8b, 0x00, 0x00,
  0x00, 0x01, 0x00, 0x00, 0x00, 0x8a, 0x00, 0x00, 0x00, 0x01, 0x00, 0x00, 0x00, 0x88, 0x00, 0x00,
  0x00, 0x02, 0x00, 0x00, 0x00, 0x1e, 0x00, 0x00, 0x00, 0x01, 0x00, 0x00, 0x00,
]);

const INPUT_BASE = 67968;
const I32_BYTES = 4;
const LEX_RESULT_BYTES = 8;
const STATE_STACK_SLACK = 16;
const TOKEN_RECORD_BYTES = 12;
const TRACE_CAPACITY_FACTOR = 8;
const UTF16_UNIT_BYTES = 2;
const WASM_PAGE_BYTES = 65536;

interface ParserWasmExports {
  memory: WebAssembly.Memory;
  lex_one(sourcePtr: number, sourceLength: number, offset: number, resultPtr: number): number;
  lex_all(sourcePtr: number, sourceLength: number, resultPtr: number, tokenPtr: number): number;
  parse_trace(terminalsPtr: number, terminalCount: number, tracePtr: number, traceCapacity: number, stateStackPtr: number, errorPtr: number): number;
  parser_action(state: number, terminal: number): number;
  parser_goto(state: number, nonterminal: number): number;
}

const wasmModule = new WebAssembly.Module(wasmBytes);
const wasmInstance = new WebAssembly.Instance(wasmModule, {});
const wasm = wasmInstance.exports as unknown as ParserWasmExports;

export const memory = wasm.memory;
export const parserAction = wasm.parser_action;
export const parserGoto = wasm.parser_goto;

export interface WasmSourceBuffer {
  sourcePtr: number;
  sourceLength: number;
  resultPtr: number;
  tokenPtr: number;
  tokenCapacity: number;
}

let cachedSource: string | null = null;
let cachedBuffer: WasmSourceBuffer | null = null;

export function writeSource(source: string): WasmSourceBuffer {
  if (cachedSource === source && cachedBuffer) return cachedBuffer;
  const sourcePtr = INPUT_BASE;
  const sourceBytes = source.length * UTF16_UNIT_BYTES;
  const resultPtr = align4(sourcePtr + sourceBytes);
  const tokenPtr = align4(resultPtr + LEX_RESULT_BYTES);
  const tokenCapacity = source.length;
  ensureCapacity(tokenPtr + tokenCapacity * TOKEN_RECORD_BYTES);
  const units = new Uint16Array(memory.buffer, sourcePtr, source.length);
  for (let index = 0; index < source.length; index++) {
    units[index] = source.charCodeAt(index);
  }
  cachedSource = source;
  cachedBuffer = {
    sourcePtr,
    sourceLength: source.length,
    resultPtr,
    tokenPtr,
    tokenCapacity,
  };
  return cachedBuffer;
}

export function lexOne(buffer: WasmSourceBuffer, offset: number): {
  specIndex: number;
  end: number;
} | null {
  const matched = wasm.lex_one(
    buffer.sourcePtr,
    buffer.sourceLength,
    offset,
    buffer.resultPtr,
  );
  if (matched === 0) return null;
  const view = new DataView(memory.buffer);
  return {
    specIndex: view.getInt32(buffer.resultPtr, true),
    end: view.getInt32(buffer.resultPtr + 4, true),
  };
}

export function lexAll(buffer: WasmSourceBuffer): Int32Array {
  const count = wasm.lex_all(
    buffer.sourcePtr,
    buffer.sourceLength,
    buffer.resultPtr,
    buffer.tokenPtr,
  );
  return new Int32Array(memory.buffer, buffer.tokenPtr, count * 3);
}

export type ParseTraceResult =
  | { ok: true; trace: Int32Array }
  | { ok: false; state: number; index: number; internal: boolean };

export interface ParseTraceInput {
  terminals: Int32Array;
  terminalsPtr: number;
  terminalCapacity: number;
  traceCapacity: number;
}

export function createParseTraceInput(terminalCapacity: number): ParseTraceInput {
  assertPositiveInteger("terminalCapacity", terminalCapacity);
  const terminalsPtr = parseBase();
  const traceCapacity = Math.max(
    STATE_STACK_SLACK,
    terminalCapacity * TRACE_CAPACITY_FACTOR + STATE_STACK_SLACK,
  );
  const tracePtr = align4(terminalsPtr + terminalCapacity * I32_BYTES);
  const stateStackPtr = align4(tracePtr + traceCapacity * I32_BYTES);
  const stateCapacity = terminalCapacity + STATE_STACK_SLACK;
  const errorPtr = align4(stateStackPtr + stateCapacity * I32_BYTES);
  ensureCapacity(errorPtr + 8);
  return {
    terminals: new Int32Array(memory.buffer, terminalsPtr, terminalCapacity),
    terminalsPtr,
    terminalCapacity,
    traceCapacity,
  };
}

export function parseTrace(
  input: ParseTraceInput,
  terminalCount: number,
): ParseTraceResult {
  assertParseTraceInput(input);
  assertNonNegativeInteger("terminalCount", terminalCount);
  if (terminalCount > input.terminalCapacity) {
    throw new RangeError("terminalCount exceeds parse input terminalCapacity.");
  }
  let traceCapacity = input.traceCapacity;
  while (true) {
    const tracePtr = align4(
      input.terminalsPtr + input.terminalCapacity * I32_BYTES,
    );
    const stateStackPtr = align4(tracePtr + traceCapacity * I32_BYTES);
    const stateCapacity = input.terminalCapacity + STATE_STACK_SLACK;
    const errorPtr = align4(stateStackPtr + stateCapacity * I32_BYTES);
    ensureCapacity(errorPtr + 8);

    const count = wasm.parse_trace(
      input.terminalsPtr,
      terminalCount,
      tracePtr,
      traceCapacity,
      stateStackPtr,
      errorPtr,
    );
    if (count === -2) {
      traceCapacity *= 2;
      continue;
    }
    if (count < 0) {
      const view = new DataView(memory.buffer);
      return {
        ok: false,
        state: view.getInt32(errorPtr, true),
        index: view.getInt32(errorPtr + 4, true),
        internal: count !== -1,
      };
    }
    return {
      ok: true,
      trace: new Int32Array(memory.buffer, tracePtr, count),
    };
  }
}

function ensureCapacity(requiredBytes: number): void {
  assertNonNegativeInteger("requiredBytes", requiredBytes);
  const current = memory.buffer.byteLength;
  if (requiredBytes <= current) return;
  memory.grow(Math.ceil((requiredBytes - current) / WASM_PAGE_BYTES));
}

function align4(value: number): number {
  return Math.ceil(value / I32_BYTES) * I32_BYTES;
}

function parseBase(): number {
  if (!cachedBuffer) return INPUT_BASE;
  return align4(
    cachedBuffer.tokenPtr + cachedBuffer.tokenCapacity * TOKEN_RECORD_BYTES,
  );
}

function assertParseTraceInput(input: ParseTraceInput): void {
  assertNonNegativeInteger("terminalsPtr", input.terminalsPtr);
  assertPositiveInteger("terminalCapacity", input.terminalCapacity);
  assertPositiveInteger("traceCapacity", input.traceCapacity);
}

function assertPositiveInteger(name: string, value: number): void {
  if (!Number.isInteger(value) || value <= 0) {
    throw new RangeError(name + " must be a positive integer.");
  }
}

function assertNonNegativeInteger(name: string, value: number): void {
  if (!Number.isInteger(value) || value < 0) {
    throw new RangeError(name + " must be a non-negative integer.");
  }
}
