// Generated by @mewhhaha/baba.
// Parser plan version: 1.
// Parser plan semantics: baba-portable-v1.
// Runtime semantics version: 1.
// Runtime semantics: baba-runtime-portable-v1.
// Do not edit; regenerate from grammar.ebnf.
export const wasmTargetKind = "javascript-hosted-core-wasm" as const;
export const wasmBytes = new Uint8Array([
  0x00, 0x61, 0x73, 0x6d, 0x01, 0x00, 0x00, 0x00, 0x01, 0x16, 0x04, 0x60, 0x02, 0x7f, 0x7f, 0x01,
  0x7f, 0x60, 0x04, 0x7f, 0x7f, 0x7f, 0x7f, 0x01, 0x7f, 0x60, 0x00, 0x01, 0x7f, 0x60, 0x00, 0x00,
  0x03, 0x12, 0x11, 0x00, 0x01, 0x00, 0x00, 0x01, 0x02, 0x02, 0x02, 0x03, 0x02, 0x02, 0x02, 0x02,
  0x02, 0x02, 0x02, 0x02, 0x05, 0x06, 0x01, 0x01, 0x01, 0xff, 0xff, 0x03, 0x07, 0x8b, 0x02, 0x11,
  0x06, 0x6d, 0x65, 0x6d, 0x6f, 0x72, 0x79, 0x02, 0x00, 0x07, 0x6c, 0x65, 0x78, 0x5f, 0x6f, 0x6e,
  0x65, 0x00, 0x01, 0x0d, 0x70, 0x61, 0x72, 0x73, 0x65, 0x72, 0x5f, 0x61, 0x63, 0x74, 0x69, 0x6f,
  0x6e, 0x00, 0x02, 0x0b, 0x70, 0x61, 0x72, 0x73, 0x65, 0x72, 0x5f, 0x67, 0x6f, 0x74, 0x6f, 0x00,
  0x03, 0x07, 0x6c, 0x65, 0x78, 0x5f, 0x61, 0x6c, 0x6c, 0x00, 0x04, 0x0b, 0x61, 0x62, 0x69, 0x5f,
  0x76, 0x65, 0x72, 0x73, 0x69, 0x6f, 0x6e, 0x00, 0x05, 0x0c, 0x70, 0x6c, 0x61, 0x6e, 0x5f, 0x76,
  0x65, 0x72, 0x73, 0x69, 0x6f, 0x6e, 0x00, 0x06, 0x11, 0x73, 0x65, 0x6d, 0x61, 0x6e, 0x74, 0x69,
  0x63, 0x73, 0x5f, 0x76, 0x65, 0x72, 0x73, 0x69, 0x6f, 0x6e, 0x00, 0x07, 0x05, 0x72, 0x65, 0x73,
  0x65, 0x74, 0x00, 0x08, 0x0a, 0x69, 0x6e, 0x70, 0x75, 0x74, 0x5f, 0x62, 0x61, 0x73, 0x65, 0x00,
  0x09, 0x09, 0x6d, 0x61, 0x78, 0x5f, 0x70, 0x61, 0x67, 0x65, 0x73, 0x00, 0x0a, 0x0f, 0x73, 0x6f,
  0x75, 0x72, 0x63, 0x65, 0x5f, 0x65, 0x6e, 0x63, 0x6f, 0x64, 0x69, 0x6e, 0x67, 0x00, 0x0b, 0x09,
  0x73, 0x70, 0x61, 0x6e, 0x5f, 0x75, 0x6e, 0x69, 0x74, 0x00, 0x0c, 0x14, 0x6c, 0x65, 0x78, 0x5f,
  0x72, 0x65, 0x73, 0x75, 0x6c, 0x74, 0x5f, 0x69, 0x33, 0x32, 0x5f, 0x63, 0x6f, 0x75, 0x6e, 0x74,
  0x00, 0x0d, 0x16, 0x74, 0x6f, 0x6b, 0x65, 0x6e, 0x5f, 0x72, 0x65, 0x63, 0x6f, 0x72, 0x64, 0x5f,
  0x69, 0x33, 0x32, 0x5f, 0x63, 0x6f, 0x75, 0x6e, 0x74, 0x00, 0x0e, 0x14, 0x68, 0x6f, 0x73, 0x74,
  0x5f, 0x6f, 0x77, 0x6e, 0x65, 0x72, 0x73, 0x68, 0x69, 0x70, 0x5f, 0x6d, 0x6f, 0x64, 0x65, 0x6c,
  0x00, 0x0f, 0x15, 0x72, 0x65, 0x73, 0x75, 0x6c, 0x74, 0x5f, 0x6c, 0x69, 0x66, 0x65, 0x74, 0x69,
  0x6d, 0x65, 0x5f, 0x6d, 0x6f, 0x64, 0x65, 0x6c, 0x00, 0x10, 0x0a, 0xf5, 0x08, 0x11, 0x9f, 0x01,
  0x01, 0x03, 0x7f, 0x20, 0x00, 0x41, 0x20, 0x4f, 0x04, 0x40, 0x41, 0x7f, 0x0f, 0x0b, 0x20, 0x01,
  0x41, 0x80, 0x01, 0x49, 0x04, 0x40, 0x41, 0x80, 0x01, 0x20, 0x00, 0x41, 0x80, 0x01, 0x6c, 0x20,
  0x01, 0x6a, 0x41, 0x04, 0x6c, 0x6a, 0x28, 0x02, 0x00, 0x21, 0x04, 0x20, 0x04, 0x41, 0x00, 0x4e,
  0x04, 0x40, 0x20, 0x04, 0x0f, 0x0b, 0x0b, 0x41, 0x80, 0x81, 0x01, 0x20, 0x00, 0x41, 0x04, 0x6c,
  0x6a, 0x28, 0x02, 0x00, 0x21, 0x02, 0x41, 0x80, 0x81, 0x01, 0x20, 0x00, 0x41, 0x01, 0x6a, 0x41,
  0x04, 0x6c, 0x6a, 0x28, 0x02, 0x00, 0x21, 0x03, 0x02, 0x40, 0x03, 0x40, 0x20, 0x02, 0x20, 0x03,
  0x4f, 0x0d, 0x01, 0x41, 0x84, 0x82, 0x01, 0x20, 0x02, 0x41, 0x0c, 0x6c, 0x6a, 0x21, 0x04, 0x20,
  0x01, 0x20, 0x04, 0x28, 0x02, 0x00, 0x4f, 0x04, 0x40, 0x20, 0x01, 0x20, 0x04, 0x41, 0x04, 0x6a,
  0x28, 0x02, 0x00, 0x4d, 0x04, 0x40, 0x20, 0x04, 0x41, 0x08, 0x6a, 0x28, 0x02, 0x00, 0x0f, 0x0b,
  0x0b, 0x20, 0x02, 0x41, 0x01, 0x6a, 0x21, 0x02, 0x0c, 0x00, 0x0b, 0x0b, 0x41, 0x7f, 0x0b, 0xed,
  0x01, 0x01, 0x0a, 0x7f, 0x41, 0x00, 0x21, 0x04, 0x20, 0x02, 0x21, 0x05, 0x41, 0x7f, 0x21, 0x06,
  0x20, 0x02, 0x21, 0x07, 0x02, 0x40, 0x03, 0x40, 0x20, 0x05, 0x20, 0x01, 0x4f, 0x0d, 0x01, 0x20,
  0x00, 0x20, 0x05, 0x41, 0x01, 0x74, 0x6a, 0x2f, 0x01, 0x00, 0x21, 0x08, 0x20, 0x08, 0x21, 0x0a,
  0x41, 0x01, 0x21, 0x0b, 0x20, 0x08, 0x41, 0x80, 0xb0, 0x03, 0x4f, 0x04, 0x40, 0x20, 0x08, 0x41,
  0xff, 0xb7, 0x03, 0x4d, 0x04, 0x40, 0x20, 0x05, 0x41, 0x01, 0x6a, 0x20, 0x01, 0x49, 0x04, 0x40,
  0x20, 0x00, 0x20, 0x05, 0x41, 0x01, 0x6a, 0x41, 0x01, 0x74, 0x6a, 0x2f, 0x01, 0x00, 0x21, 0x09,
  0x20, 0x09, 0x41, 0x80, 0xb8, 0x03, 0x4f, 0x04, 0x40, 0x20, 0x09, 0x41, 0xff, 0xbf, 0x03, 0x4d,
  0x04, 0x40, 0x20, 0x08, 0x41, 0x80, 0xb0, 0x03, 0x6b, 0x41, 0x0a, 0x74, 0x20, 0x09, 0x41, 0x80,
  0xb8, 0x03, 0x6b, 0x6a, 0x41, 0x80, 0x80, 0x04, 0x6a, 0x21, 0x0a, 0x41, 0x02, 0x21, 0x0b, 0x0b,
  0x0b, 0x0b, 0x0b, 0x0b, 0x20, 0x04, 0x20, 0x0a, 0x10, 0x00, 0x21, 0x0c, 0x20, 0x0c, 0x41, 0x00,
  0x48, 0x0d, 0x01, 0x20, 0x05, 0x20, 0x0b, 0x6a, 0x21, 0x05, 0x20, 0x0c, 0x21, 0x04, 0x41, 0x00,
  0x20, 0x04, 0x41, 0x04, 0x6c, 0x6a, 0x28, 0x02, 0x00, 0x21, 0x0d, 0x20, 0x0d, 0x41, 0x00, 0x4e,
  0x04, 0x40, 0x20, 0x0d, 0x21, 0x06, 0x20, 0x05, 0x21, 0x07, 0x0b, 0x0c, 0x00, 0x0b, 0x0b, 0x20,
  0x06, 0x41, 0x00, 0x4e, 0x04, 0x40, 0x20, 0x03, 0x20, 0x06, 0x36, 0x02, 0x00, 0x20, 0x03, 0x41,
  0x04, 0x6a, 0x20, 0x07, 0x36, 0x02, 0x00, 0x41, 0x01, 0x0f, 0x0b, 0x41, 0x00, 0x0b, 0x69, 0x01,
  0x03, 0x7f, 0x20, 0x00, 0x41, 0xdf, 0x01, 0x4f, 0x04, 0x40, 0x41, 0x00, 0x0f, 0x0b, 0x41, 0xe4,
  0x88, 0x01, 0x20, 0x00, 0x41, 0x04, 0x6c, 0x6a, 0x28, 0x02, 0x00, 0x21, 0x02, 0x41, 0xe4, 0x88,
  0x01, 0x20, 0x00, 0x41, 0x01, 0x6a, 0x41, 0x04, 0x6c, 0x6a, 0x28, 0x02, 0x00, 0x21, 0x03, 0x02,
  0x40, 0x03, 0x40, 0x20, 0x02, 0x20, 0x03, 0x4f, 0x0d, 0x01, 0x41, 0xe4, 0x8f, 0x01, 0x20, 0x02,
  0x41, 0x08, 0x6c, 0x6a, 0x21, 0x04, 0x20, 0x04, 0x28, 0x02, 0x00, 0x20, 0x01, 0x46, 0x04, 0x40,
  0x20, 0x04, 0x41, 0x04, 0x6a, 0x28, 0x02, 0x00, 0x0f, 0x0b, 0x20, 0x02, 0x41, 0x01, 0x6a, 0x21,
  0x02, 0x0c, 0x00, 0x0b, 0x0b, 0x41, 0x00, 0x0b, 0x69, 0x01, 0x03, 0x7f, 0x20, 0x00, 0x41, 0xdf,
  0x01, 0x4f, 0x04, 0x40, 0x41, 0x7f, 0x0f, 0x0b, 0x41, 0x94, 0xab, 0x01, 0x20, 0x00, 0x41, 0x04,
  0x6c, 0x6a, 0x28, 0x02, 0x00, 0x21, 0x02, 0x41, 0x94, 0xab, 0x01, 0x20, 0x00, 0x41, 0x01, 0x6a,
  0x41, 0x04, 0x6c, 0x6a, 0x28, 0x02, 0x00, 0x21, 0x03, 0x02, 0x40, 0x03, 0x40, 0x20, 0x02, 0x20,
  0x03, 0x4f, 0x0d, 0x01, 0x41, 0x94, 0xb2, 0x01, 0x20, 0x02, 0x41, 0x08, 0x6c, 0x6a, 0x21, 0x04,
  0x20, 0x04, 0x28, 0x02, 0x00, 0x20, 0x01, 0x46, 0x04, 0x40, 0x20, 0x04, 0x41, 0x04, 0x6a, 0x28,
  0x02, 0x00, 0x0f, 0x0b, 0x20, 0x02, 0x41, 0x01, 0x6a, 0x21, 0x02, 0x0c, 0x00, 0x0b, 0x0b, 0x41,
  0x7f, 0x0b, 0xd0, 0x03, 0x01, 0x0f, 0x7f, 0x41, 0x00, 0x21, 0x04, 0x41, 0x00, 0x21, 0x05, 0x02,
  0x40, 0x03, 0x40, 0x20, 0x04, 0x20, 0x01, 0x4f, 0x0d, 0x01, 0x41, 0x00, 0x21, 0x0c, 0x20, 0x04,
  0x21, 0x0d, 0x41, 0x7f, 0x21, 0x0e, 0x20, 0x04, 0x21, 0x0f, 0x02, 0x40, 0x03, 0x40, 0x20, 0x0d,
  0x20, 0x01, 0x4f, 0x0d, 0x01, 0x20, 0x00, 0x20, 0x0d, 0x41, 0x01, 0x74, 0x6a, 0x2f, 0x01, 0x00,
  0x21, 0x08, 0x20, 0x08, 0x41, 0x80, 0x01, 0x49, 0x04, 0x40, 0x20, 0x08, 0x21, 0x10, 0x41, 0x01,
  0x21, 0x0a, 0x41, 0x80, 0x01, 0x20, 0x0c, 0x41, 0x80, 0x01, 0x6c, 0x20, 0x08, 0x6a, 0x41, 0x04,
  0x6c, 0x6a, 0x28, 0x02, 0x00, 0x21, 0x11, 0x05, 0x20, 0x08, 0x21, 0x10, 0x41, 0x01, 0x21, 0x0a,
  0x20, 0x08, 0x41, 0x80, 0xb0, 0x03, 0x4f, 0x04, 0x40, 0x20, 0x08, 0x41, 0xff, 0xb7, 0x03, 0x4d,
  0x04, 0x40, 0x20, 0x0d, 0x41, 0x01, 0x6a, 0x20, 0x01, 0x49, 0x04, 0x40, 0x20, 0x00, 0x20, 0x0d,
  0x41, 0x01, 0x6a, 0x41, 0x01, 0x74, 0x6a, 0x2f, 0x01, 0x00, 0x21, 0x09, 0x20, 0x09, 0x41, 0x80,
  0xb8, 0x03, 0x4f, 0x04, 0x40, 0x20, 0x09, 0x41, 0xff, 0xbf, 0x03, 0x4d, 0x04, 0x40, 0x20, 0x08,
  0x41, 0x80, 0xb0, 0x03, 0x6b, 0x41, 0x0a, 0x74, 0x20, 0x09, 0x41, 0x80, 0xb8, 0x03, 0x6b, 0x6a,
  0x41, 0x80, 0x80, 0x04, 0x6a, 0x21, 0x10, 0x41, 0x02, 0x21, 0x0a, 0x0b, 0x0b, 0x0b, 0x0b, 0x0b,
  0x20, 0x0c, 0x20, 0x10, 0x10, 0x00, 0x21, 0x11, 0x0b, 0x20, 0x11, 0x41, 0x00, 0x48, 0x0d, 0x01,
  0x20, 0x0d, 0x20, 0x0a, 0x6a, 0x21, 0x0d, 0x20, 0x11, 0x21, 0x0c, 0x41, 0x00, 0x20, 0x0c, 0x41,
  0x04, 0x6c, 0x6a, 0x28, 0x02, 0x00, 0x21, 0x12, 0x20, 0x12, 0x41, 0x00, 0x4e, 0x04, 0x40, 0x20,
  0x12, 0x21, 0x0e, 0x20, 0x0d, 0x21, 0x0f, 0x0b, 0x0c, 0x00, 0x0b, 0x0b, 0x20, 0x0e, 0x41, 0x00,
  0x4e, 0x04, 0x40, 0x20, 0x0e, 0x21, 0x06, 0x20, 0x0f, 0x21, 0x07, 0x05, 0x41, 0x7f, 0x21, 0x06,
  0x20, 0x00, 0x20, 0x04, 0x41, 0x01, 0x74, 0x6a, 0x2f, 0x01, 0x00, 0x21, 0x08, 0x20, 0x08, 0x21,
  0x10, 0x41, 0x01, 0x21, 0x0a, 0x20, 0x08, 0x41, 0x80, 0xb0, 0x03, 0x4f, 0x04, 0x40, 0x20, 0x08,
  0x41, 0xff, 0xb7, 0x03, 0x4d, 0x04, 0x40, 0x20, 0x04, 0x41, 0x01, 0x6a, 0x20, 0x01, 0x49, 0x04,
  0x40, 0x20, 0x00, 0x20, 0x04, 0x41, 0x01, 0x6a, 0x41, 0x01, 0x74, 0x6a, 0x2f, 0x01, 0x00, 0x21,
  0x09, 0x20, 0x09, 0x41, 0x80, 0xb8, 0x03, 0x4f, 0x04, 0x40, 0x20, 0x09, 0x41, 0xff, 0xbf, 0x03,
  0x4d, 0x04, 0x40, 0x20, 0x08, 0x41, 0x80, 0xb0, 0x03, 0x6b, 0x41, 0x0a, 0x74, 0x20, 0x09, 0x41,
  0x80, 0xb8, 0x03, 0x6b, 0x6a, 0x41, 0x80, 0x80, 0x04, 0x6a, 0x21, 0x10, 0x41, 0x02, 0x21, 0x0a,
  0x0b, 0x0b, 0x0b, 0x0b, 0x0b, 0x20, 0x04, 0x20, 0x0a, 0x6a, 0x21, 0x07, 0x0b, 0x20, 0x03, 0x20,
  0x05, 0x41, 0x0c, 0x6c, 0x6a, 0x21, 0x0b, 0x20, 0x0b, 0x20, 0x06, 0x36, 0x02, 0x00, 0x20, 0x0b,
  0x41, 0x04, 0x6a, 0x20, 0x04, 0x36, 0x02, 0x00, 0x20, 0x0b, 0x41, 0x08, 0x6a, 0x20, 0x07, 0x36,
  0x02, 0x00, 0x20, 0x07, 0x21, 0x04, 0x20, 0x05, 0x41, 0x01, 0x6a, 0x21, 0x05, 0x0c, 0x00, 0x0b,
  0x0b, 0x20, 0x05, 0x0b, 0x04, 0x00, 0x41, 0x01, 0x0b, 0x04, 0x00, 0x41, 0x01, 0x0b, 0x04, 0x00,
  0x41, 0x01, 0x0b, 0x02, 0x00, 0x0b, 0x06, 0x00, 0x41, 0xa0, 0xc6, 0x01, 0x0b, 0x06, 0x00, 0x41,
  0xff, 0xff, 0x03, 0x0b, 0x04, 0x00, 0x41, 0x01, 0x0b, 0x04, 0x00, 0x41, 0x01, 0x0b, 0x04, 0x00,
  0x41, 0x02, 0x0b, 0x04, 0x00, 0x41, 0x03, 0x0b, 0x04, 0x00, 0x41, 0x01, 0x0b, 0x04, 0x00, 0x41,
  0x01, 0x0b, 0x0b, 0xa4, 0xc6, 0x01, 0x01, 0x00, 0x41, 0x00, 0x0b, 0x9c, 0xc6, 0x01, 0xff, 0xff,
  0xff, 0xff, 0x06, 0x00, 0x00, 0x00, 0x15, 0x00, 0x00, 0x00, 0xff, 0xff, 0xff, 0xff, 0x0c, 0x00,
  0x00, 0x00, 0x10, 0x00, 0x00, 0x00, 0x12, 0x00, 0x00, 0x00, 0x11, 0x00, 0x00, 0x00, 0xff, 0xff,
  0xff, 0xff, 0x04, 0x00, 0x00, 0x00, 0x0b, 0x00, 0x00, 0x00, 0x0a, 0x00, 0x00, 0x00, 0x0e, 0x00,
  0x00, 0x00, 0x09, 0x00, 0x00, 0x00, 0x0f, 0x00, 0x00, 0x00, 0x0d, 0x00, 0x00, 0x00, 0x08, 0x00,
  0x00, 0x00, 0x03, 0x00, 0x00, 0x00, 0x13, 0x00, 0x00, 0x00, 0x14, 0x00, 0x00, 0x00, 0x02, 0x00,
  0x00, 0x00, 0x00, 0x00, 0x00, 0x00, 0x06, 0x00, 0x00, 0x00, 0xff, 0xff, 0xff, 0xff, 0x05, 0x00,
  0x00, 0x00, 0xff, 0xff, 0xff, 0xff, 0x07, 0x00, 0x00, 0x00, 0x04, 0x00, 0x00, 0x00, 0x03, 0x00,
  0x00, 0x00, 0x02, 0x00, 0x00, 0x00, 0xff, 0xff, 0xff, 0xff, 0x07, 0x00, 0x00, 0x00, 0xff, 0xff,
  0xff, 0xff, 0xff, 0xff, 0xff, 0xff, 0xff, 0xff, 0xff, 0xff, 0xff, 0xff, 0xff, 0xff, 0xff, 0xff,
  0xff, 0xff, 0xff, 0xff, 0xff, 0xff, 0xff, 0xff, 0xff, 0xff, 0xff, 0xff, 0xff, 0xff, 0xff, 0xff,
  0xff, 0xff, 0x01, 0x00, 0x00, 0x00, 0x01, 0x00, 0x00, 0x00, 0xff, 0xff, 0xff, 0xff, 0xff, 0xff,
  0xff, 0xff, 0x01, 0x00, 0x00, 0x00, 0xff, 0xff, 0xff, 0xff, 0xff, 0xff, 0xff, 0xff, 0xff, 0xff,
  0xff, 0xff, 0xff, 0xff, 0xff, 0xff, 0xff, 0xff, 0xff, 0xff, 0xff, 0xff, 0xff, 0xff, 0xff, 0xff,
  0xff, 0xff, 0xff, 0xff, 0xff, 0xff, 0xff, 0xff, 0xff, 0xff, 0xff, 0xff, 0xff, 0xff, 0xff, 0xff,
  0xff, 0xff, 0xff, 0xff, 0xff, 0xff, 0xff, 0xff, 0xff, 0xff, 0xff, 0xff, 0xff, 0xff, 0xff, 0xff,
  0xff, 0xff, 0xff, 0xff, 0xff, 0xff, 0xff, 0xff, 0xff, 0xff, 0xff, 0xff, 0xff, 0xff, 0x01, 0x00,
  0x00, 0x00, 0x02, 0x00, 0x00, 0x00, 0x03, 0x00, 0x00, 0x00, 0x04, 0x00, 0x00, 0x00, 0xff, 0xff,
  0xff, 0xff, 0xff, 0xff, 0xff, 0xff, 0xff, 0xff, 0xff, 0xff, 0xff, 0xff, 0xff, 0xff, 0x05, 0x00,
  0x00, 0x00, 0x06, 0x00, 0x00, 0x00, 0xff, 0xff, 0xff, 0xff, 0xff, 0xff, 0xff, 0xff, 0x07, 0x00,
  0x00, 0x00, 0xff, 0xff, 0xff, 0xff, 0xff, 0xff, 0xff, 0xff, 0x08, 0x00, 0x00, 0x00, 0x09, 0x00,
  0x00, 0x00, 0x09, 0x00, 0x00, 0x00, 0x09, 0x00, 0x00, 0x00, 0x09, 0x00, 0x00, 0x00, 0x09, 0x00,
  0x00, 0x00, 0x09, 0x00, 0x00, 0x00, 0x09, 0x00, 0x00, 0x00, 0x09, 0x00, 0x00, 0x00, 0x09, 0x00,
  0x00, 0x00, 0x09, 0x00, 0x00, 0x00, 0x0a, 0x00, 0x00, 0x00, 0x0b, 0x00, 0x00, 0x00, 0x0c, 0x00,
  0x00, 0x00, 0x0d, 0x00, 0x00, 0x00, 0x0e, 0x00, 0x00, 0x00, 0x0f, 0x00, 0x00, 0x00, 0x10, 0x00,
  0x00, 0x00, 0x11, 0x00, 0x00, 0x00, 0x11, 0x00, 0x00, 0x00, 0x11, 0x00, 0x00, 0x00, 0x11, 0x00,
  0x00, 0x00, 0x11, 0x00, 0x00, 0x00, 0x11, 0x00, 0x00, 0x00, 0x11, 0x00, 0x00, 0x00, 0x11, 0x00,
  0x00, 0x00, 0x11, 0x00, 0x00, 0x00, 0x11, 0x00, 0x00, 0x00, 0x11, 0x00, 0x00, 0x00, 0x11, 0x00,
  0x00, 0x00, 0x11, 0x00, 0x00, 0x00, 0x11, 0x00, 0x00, 0x00, 0x11, 0x00, 0x00, 0x00, 0x11, 0x00,
  0x00, 0x00, 0x11, 0x00, 0x00, 0x00, 0x11, 0x00, 0x00, 0x00, 0x11, 0x00, 0x00, 0x00, 0x11, 0x00,
  0x00, 0x00, 0x11, 0x00, 0x00, 0x00, 0x11, 0x00, 0x00, 0x00, 0x11, 0x00, 0x00, 0x00, 0x11, 0x00,
  0x00, 0x00, 0x11, 0x00, 0x00, 0x00, 0x11, 0x00, 0x00, 0x00, 0x12, 0x00, 0x00, 0x00, 0xff, 0xff,
  0xff, 0xff, 0x13, 0x00, 0x00, 0x00, 0xff, 0xff, 0xff, 0xff, 0xff, 0xff, 0xff, 0xff, 0xff, 0xff,
  0xff, 0xff, 0x14, 0x00, 0x00, 0x00, 0x14, 0x00, 0x00, 0x00, 0x14, 0x00, 0x00, 0x00, 0x14, 0x00,
  0x00, 0x00, 0x14, 0x00, 0x00, 0x00, 0x14, 0x00, 0x00, 0x00, 0x14, 0x00, 0x00, 0x00, 0x14, 0x00,
  0x00, 0x00, 0x14, 0x00, 0x00, 0x00, 0x14, 0x00, 0x00, 0x00, 0x14, 0x00, 0x00, 0x00, 0x14, 0x00,
  0x00, 0x00, 0x14, 0x00, 0x00, 0x00, 0x14, 0x00, 0x00, 0x00, 0x14, 0x00, 0x00, 0x00, 0x14, 0x00,
  0x00, 0x00, 0x14, 0x00, 0x00, 0x00, 0x14, 0x00, 0x00, 0x00, 0x14, 0x00, 0x00, 0x00, 0x14, 0x00,
  0x00, 0x00, 0x14, 0x00, 0x00, 0x00, 0x14, 0x00, 0x00, 0x00, 0x14, 0x00, 0x00, 0x00, 0x15, 0x00,
  0x00, 0x00, 0x14, 0x00, 0x00, 0x00, 0x14, 0x00, 0x00, 0x00, 0xff, 0xff, 0xff, 0xff, 0xff, 0xff,
  0xff, 0xff, 0xff, 0xff, 0xff, 0xff, 0xff, 0xff, 0xff, 0xff, 0xff, 0xff, 0xff, 0xff, 0xff, 0xff,
  0xff, 0xff, 0xff, 0xff, 0xff, 0xff, 0xff, 0xff, 0xff, 0xff, 0xff, 0xff, 0xff, 0xff, 0xff, 0xff,
  0xff, 0xff, 0xff, 0xff, 0xff, 0xff, 0xff, 0xff, 0xff, 0xff, 0xff, 0xff, 0xff, 0xff, 0xff, 0xff,
  0xff, 0xff, 0x16, 0x00, 0x00, 0x00, 0x16, 0x00, 0x00, 0x00, 0xff, 0xff, 0xff, 0xff, 0xff, 0xff,
  0xff, 0xff, 0x16, 0x00, 0x00, 0x00, 0xff, 0xff, 0xff, 0xff, 0xff, 0xff, 0xff, 0xff, 0xff, 0xff,
  0xff, 0xff, 0xff, 0xff, 0xff, 0xff, 0xff, 0xff, 0xff, 0xff, 0xff, 0xff, 0xff, 0xff, 0xff, 0xff,
  0xff, 0xff, 0xff, 0xff, 0xff, 0xff, 0xff, 0xff, 0xff, 0xff, 0xff, 0xff, 0xff, 0xff, 0xff, 0xff,
  0xff, 0xff, 0xff, 0xff, 0xff, 0xff, 0xff, 0xff, 0xff, 0xff, 0xff, 0xff, 0xff, 0xff, 0xff, 0xff,
  0xff, 0xff, 0xff, 0xff, 0xff, 0xff, 0xff, 0xff, 0xff, 0xff, 0xff, 0xff, 0xff, 0xff, 0x16, 0x00,
  0x00, 0x00, 0xff, 0xff, 0xff, 0xff, 0xff, 0xff, 0xff, 0xff, 0xff, 0xff, 0xff, 0xff, 0xff, 0xff,
  0xff, 0xff, 0xff, 0xff, 0xff, 0xff, 0xff, 0xff, 0xff, 0xff, 0xff, 0xff, 0xff, 0xff, 0xff, 0xff,
  0xff, 0xff, 0xff, 0xff, 0xff, 0xff, 0xff, 0xff, 0xff, 0xff, 0xff, 0xff, 0xff, 0xff, 0xff, 0xff,
  0xff, 0xff, 0xff, 0xff, 0xff, 0xff, 0xff, 0xff, 0xff, 0xff, 0xff, 0xff, 0xff, 0xff, 0xff, 0xff,
  0xff, 0xff, 0xff, 0xff, 0xff, 0xff, 0xff, 0xff, 0xff, 0xff, 0xff, 0xff, 0xff, 0xff, 0xff, 0xff,
  0xff, 0xff, 0xff, 0xff, 0xff, 0xff, 0xff, 0xff, 0xff, 0xff, 0xff, 0xff, 0xff, 0xff, 0xff, 0xff,
  0xff, 0xff, 0xff, 0xff, 0xff, 0xff, 0xff, 0xff, 0xff, 0xff, 0xff, 0xff, 0xff, 0xff, 0xff, 0xff,
  0xff, 0xff, 0xff, 0xff, 0xff, 0xff, 0xff, 0xff, 0xff, 0xff, 0xff, 0xff, 0xff, 0xff, 0xff, 0xff,
  0xff, 0xff, 0xff, 0xff, 0xff, 0xff, 0xff, 0xff, 0xff, 0xff, 0xff, 0xff, 0xff, 0xff, 0xff, 0xff,
  0xff, 0xff, 0xff, 0xff, 0xff, 0xff, 0xff, 0xff, 0xff, 0xff, 0xff, 0xff, 0xff, 0xff, 0xff, 0xff,
  0xff, 0xff, 0xff, 0xff, 0xff, 0xff, 0xff, 0xff, 0xff, 0xff, 0xff, 0xff, 0xff, 0xff, 0xff, 0xff,
  0xff, 0xff, 0xff, 0xff, 0xff, 0xff, 0xff, 0xff, 0xff, 0xff, 0xff, 0xff, 0xff, 0xff, 0xff, 0xff,
  0xff, 0xff, 0xff, 0xff, 0xff, 0xff, 0xff, 0xff, 0xff, 0xff, 0xff, 0xff, 0xff, 0xff, 0xff, 0xff,
  0xff, 0xff, 0xff, 0xff, 0xff, 0xff, 0xff, 0xff, 0xff, 0xff, 0xff, 0xff, 0xff, 0xff, 0xff, 0xff,
  0xff, 0xff, 0xff, 0xff, 0xff, 0xff, 0xff, 0xff, 0xff, 0xff, 0xff, 0xff, 0xff, 0xff, 0xff, 0xff,
  0xff, 0xff, 0xff, 0xff, 0xff, 0xff, 0xff, 0xff, 0xff, 0xff, 0xff, 0xff, 0xff, 0xff, 0xff, 0xff,
  0xff, 0xff, 0xff, 0xff, 0xff, 0xff, 0xff, 0xff, 0xff, 0xff, 0xff, 0xff, 0xff, 0xff, 0xff, 0xff,
  0xff, 0xff, 0xff, 0xff, 0xff, 0xff, 0xff, 0xff, 0xff, 0xff, 0xff, 0xff, 0xff, 0xff, 0xff, 0xff,
  0xff, 0xff, 0xff, 0xff, 0xff, 0xff, 0xff, 0xff, 0xff, 0xff, 0xff, 0xff, 0xff, 0xff, 0xff, 0xff,
  0xff, 0xff, 0xff, 0xff, 0xff, 0xff, 0xff, 0xff, 0xff, 0xff, 0xff, 0xff, 0xff, 0xff, 0xff, 0xff,
  0xff, 0xff, 0xff, 0xff, 0xff, 0xff, 0xff, 0xff, 0xff, 0xff, 0xff, 0xff, 0xff, 0xff, 0xff, 0xff,
  0xff, 0xff, 0xff, 0xff, 0xff, 0xff, 0xff, 0xff, 0xff, 0xff, 0xff, 0xff, 0xff, 0xff, 0xff, 0xff,
  0xff, 0xff, 0xff, 0xff, 0xff, 0xff, 0xff, 0xff, 0xff, 0xff, 0xff, 0xff, 0xff, 0xff, 0xff, 0xff,
  0xff, 0xff, 0xff, 0xff, 0xff, 0xff, 0xff, 0xff, 0xff, 0xff, 0xff, 0xff, 0xff, 0xff, 0xff, 0xff,
  0xff, 0xff, 0xff, 0xff, 0xff, 0xff, 0xff, 0xff, 0xff, 0xff, 0xff, 0xff, 0xff, 0xff, 0xff, 0xff,
  0xff, 0xff, 0xff, 0xff, 0xff, 0xff, 0xff, 0xff, 0xff, 0xff, 0xff, 0xff, 0xff, 0xff, 0xff, 0xff,
  0xff, 0xff, 0xff, 0xff, 0xff, 0xff, 0xff, 0xff, 0xff, 0xff, 0xff, 0xff, 0xff, 0xff, 0xff, 0xff,
  0xff, 0xff, 0xff, 0xff, 0xff, 0xff, 0xff, 0xff, 0xff, 0xff, 0xff, 0xff, 0xff, 0xff, 0xff, 0xff,
  0xff, 0xff, 0xff, 0xff, 0xff, 0xff, 0xff, 0xff, 0xff, 0xff, 0xff, 0xff, 0xff, 0xff, 0xff, 0xff,
  0xff, 0xff, 0xff, 0xff, 0xff, 0xff, 0xff, 0xff, 0xff, 0xff, 0xff, 0xff, 0xff, 0xff, 0xff, 0xff,
  0xff, 0xff, 0xff, 0xff, 0xff, 0xff, 0xff, 0xff, 0xff, 0xff, 0xff, 0xff, 0xff, 0xff, 0xff, 0xff,
  0xff, 0xff, 0xff, 0xff, 0xff, 0xff, 0xff, 0xff, 0xff, 0xff, 0xff, 0xff, 0xff, 0xff, 0xff, 0xff,
  0xff, 0xff, 0xff, 0xff, 0xff, 0xff, 0xff, 0xff, 0xff, 0xff, 0xff, 0xff, 0xff, 0xff, 0xff, 0xff,
  0xff, 0xff, 0xff, 0xff, 0xff, 0xff, 0xff, 0xff, 0xff, 0xff, 0xff, 0xff, 0xff, 0xff, 0xff, 0xff,
  0xff, 0xff, 0xff, 0xff, 0xff, 0xff, 0xff, 0xff, 0xff, 0xff, 0xff, 0xff, 0xff, 0xff, 0xff, 0xff,
  0xff, 0xff, 0xff, 0xff, 0xff, 0xff, 0xff, 0xff, 0xff, 0xff, 0xff, 0xff, 0xff, 0xff, 0xff, 0xff,
  0xff, 0xff, 0xff, 0xff, 0xff, 0xff, 0xff, 0xff, 0xff, 0xff, 0xff, 0xff, 0xff, 0xff, 0xff, 0xff,
  0xff, 0xff, 0xff, 0xff, 0xff, 0xff, 0xff, 0xff, 0xff, 0xff, 0xff, 0xff, 0xff, 0xff, 0xff, 0xff,
  0xff, 0xff, 0xff, 0xff, 0xff, 0xff, 0xff, 0xff, 0xff, 0xff, 0xff, 0xff, 0xff, 0xff, 0xff, 0xff,
  0xff, 0xff, 0xff, 0xff, 0xff, 0xff, 0xff, 0xff, 0xff, 0xff, 0xff, 0xff, 0xff, 0xff, 0xff, 0xff,
  0xff, 0xff, 0xff, 0xff, 0xff, 0xff, 0xff, 0xff, 0xff, 0xff, 0xff, 0xff, 0xff, 0xff, 0xff, 0xff,
  0xff, 0xff, 0xff, 0xff, 0xff, 0xff, 0xff, 0xff, 0xff, 0xff, 0xff, 0xff, 0xff, 0xff, 0xff, 0xff,
  0xff, 0xff, 0xff, 0xff, 0xff, 0xff, 0xff, 0xff, 0xff, 0xff, 0xff, 0xff, 0xff, 0xff, 0xff, 0xff,
  0xff, 0xff, 0xff, 0xff, 0xff, 0xff, 0xff, 0xff, 0xff, 0xff, 0xff, 0xff, 0xff, 0xff, 0xff, 0xff,
  0xff, 0xff, 0xff, 0xff, 0xff, 0xff, 0xff, 0xff, 0xff, 0xff, 0xff, 0xff, 0xff, 0xff, 0xff, 0xff,
  0xff, 0xff, 0xff, 0xff, 0xff, 0xff, 0xff, 0xff, 0xff, 0xff, 0xff, 0xff, 0xff, 0xff, 0xff, 0xff,
  0xff, 0xff, 0xff, 0xff, 0xff, 0xff, 0xff, 0xff, 0xff, 0xff, 0xff, 0xff, 0xff, 0xff, 0xff, 0xff,
  0xff, 0xff, 0xff, 0xff, 0xff, 0xff, 0xff, 0xff, 0xff, 0xff, 0xff, 0xff, 0xff, 0xff, 0xff, 0xff,
  0xff, 0xff, 0xff, 0xff, 0xff, 0xff, 0xff, 0xff, 0xff, 0xff, 0xff, 0xff, 0xff, 0xff, 0xff, 0xff,
  0xff, 0xff, 0xff, 0xff, 0xff, 0xff, 0xff, 0xff, 0xff, 0xff, 0xff, 0xff, 0xff, 0xff, 0xff, 0xff,
  0xff, 0xff, 0xff, 0xff, 0xff, 0xff, 0xff, 0xff, 0xff, 0xff, 0xff, 0xff, 0xff, 0xff, 0xff, 0xff,
  0xff, 0xff, 0xff, 0xff, 0xff, 0xff, 0xff, 0xff, 0xff, 0xff, 0xff, 0xff, 0xff, 0xff, 0xff, 0xff,
  0xff, 0xff, 0xff, 0xff, 0xff, 0xff, 0xff, 0xff, 0xff, 0xff, 0xff, 0xff, 0xff, 0xff, 0xff, 0xff,
  0xff, 0xff, 0xff, 0xff, 0xff, 0xff, 0xff, 0xff, 0xff, 0xff, 0xff, 0xff, 0xff, 0xff, 0xff, 0xff,
  0xff, 0xff, 0xff, 0xff, 0xff, 0xff, 0xff, 0xff, 0xff, 0xff, 0xff, 0xff, 0xff, 0xff, 0xff, 0xff,
  0xff, 0xff, 0xff, 0xff, 0xff, 0xff, 0xff, 0xff, 0xff, 0xff, 0xff, 0xff, 0xff, 0xff, 0x17, 0x00,
  0x00, 0x00, 0x17, 0x00, 0x00, 0x00, 0x17, 0x00, 0x00, 0x00, 0x17, 0x00, 0x00, 0x00, 0x17, 0x00,
  0x00, 0x00, 0x17, 0x00, 0x00, 0x00, 0x17, 0x00, 0x00, 0x00, 0x17, 0x00, 0x00, 0x00, 0x17, 0x00,
  0x00, 0x00, 0x17, 0x00, 0x00, 0x00, 0x17, 0x00, 0x00, 0x00, 0x17, 0x00, 0x00, 0x00, 0x17, 0x00,
  0x00, 0x00, 0x17, 0x00, 0x00, 0x00, 0x17, 0x00, 0x00, 0x00, 0x17, 0x00, 0x00, 0x00, 0x17, 0x00,
  0x00, 0x00, 0x17, 0x00, 0x00, 0x00, 0x17, 0x00, 0x00, 0x00, 0x17, 0x00, 0x00, 0x00, 0x17, 0x00,
  0x00, 0x00, 0x17, 0x00, 0x00, 0x00, 0x17, 0x00, 0x00, 0x00, 0x17, 0x00, 0x00, 0x00, 0x17, 0x00,
  0x00, 0x00, 0x17, 0x00, 0x00, 0x00, 0x17, 0x00, 0x00, 0x00, 0x17, 0x00, 0x00, 0x00, 0x17, 0x00,
  0x00, 0x00, 0x17, 0x00, 0x00, 0x00, 0x17, 0x00, 0x00, 0x00, 0x17, 0x00, 0x00, 0x00, 0x17, 0x00,
  0x00, 0x00, 0x17, 0x00, 0x00, 0x00, 0x18, 0x00, 0x00, 0x00, 0x17, 0x00, 0x00, 0x00, 0x17, 0x00,
  0x00, 0x00, 0x17, 0x00, 0x00, 0x00, 0x17, 0x00, 0x00, 0x00, 0x17, 0x00, 0x00, 0x00, 0x17, 0x00,
  0x00, 0x00, 0x17, 0x00, 0x00, 0x00, 0x17, 0x00, 0x00, 0x00, 0x17, 0x00, 0x00, 0x00, 0x17, 0x00,
  0x00, 0x00, 0x17, 0x00, 0x00, 0x00, 0x17, 0x00, 0x00, 0x00, 0x17, 0x00, 0x00, 0x00, 0x17, 0x00,
  0x00, 0x00, 0x17, 0x00, 0x00, 0x00, 0x17, 0x00, 0x00, 0x00, 0x17, 0x00, 0x00, 0x00, 0x17, 0x00,
  0x00, 0x00, 0x17, 0x00, 0x00, 0x00, 0x17, 0x00, 0x00, 0x00, 0x17, 0x00, 0x00, 0x00, 0x17, 0x00,
  0x00, 0x00, 0x17, 0x00, 0x00, 0x00, 0x17, 0x00, 0x00, 0x00, 0x17, 0x00, 0x00, 0x00, 0x17, 0x00,
  0x00, 0x00, 0x17, 0x00, 0x00, 0x00, 0x17, 0x00, 0x00, 0x00, 0x17, 0x00, 0x00, 0x00, 0x17, 0x00,
  0x00, 0x00, 0x17, 0x00, 0x00, 0x00, 0x17, 0x00, 0x00, 0x00, 0x17, 0x00, 0x00, 0x00, 0x17, 0x00,
  0x00, 0x00, 0x17, 0x00, 0x00, 0x00, 0x17, 0x00, 0x00, 0x00, 0x17, 0x00, 0x00, 0x00, 0x17, 0x00,
  0x00, 0x00, 0x17, 0x00, 0x00, 0x00, 0x17, 0x00, 0x00, 0x00, 0x17, 0x00, 0x00, 0x00, 0x17, 0x00,
  0x00, 0x00, 0x17, 0x00, 0x00, 0x00, 0x17, 0x00, 0x00, 0x00, 0x17, 0x00, 0x00, 0x00, 0x17, 0x00,
  0x00, 0x00, 0x17, 0x00, 0x00, 0x00, 0x17, 0x00, 0x00, 0x00, 0x17, 0x00, 0x00, 0x00, 0x17, 0x00,
  0x00, 0x00, 0x17, 0x00, 0x00, 0x00, 0x17, 0x00, 0x00, 0x00, 0x17, 0x00, 0x00, 0x00, 0x17, 0x00,
  0x00, 0x00, 0x17, 0x00, 0x00, 0x00, 0x17, 0x00, 0x00, 0x00, 0x17, 0x00, 0x00, 0x00, 0x19, 0x00,
  0x00, 0x00, 0x17, 0x00, 0x00, 0x00, 0x17, 0x00, 0x00, 0x00, 0x17, 0x00, 0x00, 0x00, 0x17, 0x00,
  0x00, 0x00, 0x17, 0x00, 0x00, 0x00, 0x17, 0x00, 0x00, 0x00, 0x17, 0x00, 0x00, 0x00, 0x17, 0x00,
  0x00, 0x00, 0x17, 0x00, 0x00, 0x00, 0x17, 0x00, 0x00, 0x00, 0x17, 0x00, 0x00, 0x00, 0x17, 0x00,
  0x00, 0x00, 0x17, 0x00, 0x00, 0x00, 0x17, 0x00, 0x00, 0x00, 0x17, 0x00, 0x00, 0x00, 0x17, 0x00,
  0x00, 0x00, 0x17, 0x00, 0x00, 0x00, 0x17, 0x00, 0x00, 0x00, 0x17, 0x00, 0x00, 0x00, 0x17, 0x00,
  0x00, 0x00, 0x17, 0x00, 0x00, 0x00, 0x17, 0x00, 0x00, 0x00, 0x17, 0x00, 0x00, 0x00, 0x17, 0x00,
  0x00, 0x00, 0x17, 0x00, 0x00, 0x00, 0x17, 0x00, 0x00, 0x00, 0x17, 0x00, 0x00, 0x00, 0x17, 0x00,
  0x00, 0x00, 0x17, 0x00, 0x00, 0x00, 0x17, 0x00, 0x00, 0x00, 0x17, 0x00, 0x00, 0x00, 0x17, 0x00,
  0x00, 0x00, 0x17, 0x00, 0x00, 0x00, 0x17, 0x00, 0x00, 0x00, 0x17, 0x00, 0x00, 0x00, 0xff, 0xff,
  0xff, 0xff, 0xff, 0xff, 0xff, 0xff, 0xff, 0xff, 0xff, 0xff, 0xff, 0xff, 0xff, 0xff, 0xff, 0xff,
  0xff, 0xff, 0xff, 0xff, 0xff, 0xff, 0xff, 0xff, 0xff, 0xff, 0xff, 0xff, 0xff, 0xff, 0xff, 0xff,
  0xff, 0xff, 0xff, 0xff, 0xff, 0xff, 0xff, 0xff, 0xff, 0xff, 0xff, 0xff, 0xff, 0xff, 0xff, 0xff,
  0xff, 0xff, 0xff, 0xff, 0xff, 0xff, 0xff, 0xff, 0xff, 0xff, 0xff, 0xff, 0xff, 0xff, 0xff, 0xff,
  0xff, 0xff, 0xff, 0xff, 0xff, 0xff, 0xff, 0xff, 0xff, 0xff, 0xff, 0xff, 0xff, 0xff, 0xff, 0xff,
  0xff, 0xff, 0xff, 0xff, 0xff, 0xff, 0xff, 0xff, 0xff, 0xff, 0xff, 0xff, 0xff, 0xff, 0xff, 0xff,
  0xff, 0xff, 0xff, 0xff, 0xff, 0xff, 0xff, 0xff, 0xff, 0xff, 0xff, 0xff, 0xff, 0xff, 0xff, 0xff,
  0xff, 0xff, 0xff, 0xff, 0xff, 0xff, 0xff, 0xff, 0xff, 0xff, 0xff, 0xff, 0xff, 0xff, 0xff, 0xff,
  0xff, 0xff, 0xff, 0xff, 0xff, 0xff, 0xff, 0xff, 0xff, 0xff, 0xff, 0xff, 0xff, 0xff, 0xff, 0xff,
  0xff, 0xff, 0xff, 0xff, 0xff, 0xff, 0xff, 0xff, 0xff, 0xff, 0xff, 0xff, 0xff, 0xff, 0xff, 0xff,
  0xff, 0xff, 0xff, 0xff, 0xff, 0xff, 0xff, 0xff, 0xff, 0xff, 0xff, 0xff, 0xff, 0xff, 0xff, 0xff,
  0xff, 0xff, 0xff, 0xff, 0xff, 0xff, 0xff, 0xff, 0xff, 0xff, 0xff, 0xff, 0xff, 0xff, 0xff, 0xff,
  0xff, 0xff, 0xff, 0xff, 0xff, 0xff, 0xff, 0xff, 0xff, 0xff, 0xff, 0xff, 0xff, 0xff, 0xff, 0xff,
  0xff, 0xff, 0xff, 0xff, 0xff, 0xff, 0xff, 0xff, 0xff, 0xff, 0xff, 0xff, 0xff, 0xff, 0xff, 0xff,
  0xff, 0xff, 0xff, 0xff, 0xff, 0xff, 0xff, 0xff, 0xff, 0xff, 0xff, 0xff, 0xff, 0xff, 0xff, 0xff,
  0xff, 0xff, 0xff, 0xff, 0xff, 0xff, 0xff, 0xff, 0xff, 0xff, 0xff, 0xff, 0xff, 0xff, 0xff, 0xff,
  0xff, 0xff, 0xff, 0xff, 0xff, 0xff, 0xff, 0xff, 0xff, 0xff, 0xff, 0xff, 0xff, 0xff, 0xff, 0xff,
  0xff, 0xff, 0xff, 0xff, 0xff, 0xff, 0xff, 0xff, 0xff, 0xff, 0xff, 0xff, 0xff, 0xff, 0xff, 0xff,
  0xff, 0xff, 0xff, 0xff, 0xff, 0xff, 0xff, 0xff, 0xff, 0xff, 0xff, 0xff, 0xff, 0xff, 0xff, 0xff,
  0xff, 0xff, 0xff, 0xff, 0xff, 0xff, 0xff, 0xff, 0xff, 0xff, 0xff, 0xff, 0xff, 0xff, 0xff, 0xff,
  0xff, 0xff, 0xff, 0xff, 0xff, 0xff, 0xff, 0xff, 0xff, 0xff, 0xff, 0xff, 0xff, 0xff, 0xff, 0xff,
  0xff, 0xff, 0xff, 0xff, 0xff, 0xff, 0xff, 0xff, 0xff, 0xff, 0xff, 0xff, 0xff, 0xff, 0xff, 0xff,
  0xff, 0xff, 0xff, 0xff, 0xff, 0xff, 0xff, 0xff, 0xff, 0xff, 0xff, 0xff, 0xff, 0xff, 0xff, 0xff,
  0xff, 0xff, 0xff, 0xff, 0xff, 0xff, 0xff, 0xff, 0xff, 0xff, 0xff, 0xff, 0xff, 0xff, 0xff, 0xff,
  0xff, 0xff, 0xff, 0xff, 0xff, 0xff, 0xff, 0xff, 0xff, 0xff, 0xff, 0xff, 0xff, 0xff, 0xff, 0xff,
  0xff, 0xff, 0xff, 0xff, 0xff, 0xff, 0xff, 0xff, 0xff, 0xff, 0xff, 0xff, 0xff, 0xff, 0xff, 0xff,
  0xff, 0xff, 0xff, 0xff, 0xff, 0xff, 0xff, 0xff, 0xff, 0xff, 0xff, 0xff, 0xff, 0xff, 0xff, 0xff,
  0xff, 0xff, 0xff, 0xff, 0xff, 0xff, 0xff, 0xff, 0xff, 0xff, 0xff, 0xff, 0xff, 0xff, 0xff, 0xff,
  0xff, 0xff, 0xff, 0xff, 0xff, 0xff, 0xff, 0xff, 0xff, 0xff, 0xff, 0xff, 0xff, 0xff, 0xff, 0xff,
  0xff, 0xff, 0xff, 0xff, 0xff, 0xff, 0xff, 0xff, 0xff, 0xff, 0xff, 0xff, 0xff, 0xff, 0xff, 0xff,
  0xff, 0xff, 0xff, 0xff, 0xff, 0xff, 0xff, 0xff, 0xff, 0xff, 0xff, 0xff, 0xff, 0xff, 0xff, 0xff,
  0xff, 0xff, 0xff, 0xff, 0xff, 0xff, 0xff, 0xff, 0xff, 0xff, 0xff, 0xff, 0xff, 0xff, 0xff, 0xff,
  0xff, 0xff, 0xff, 0xff, 0xff, 0xff, 0xff, 0xff, 0xff, 0xff, 0xff, 0xff, 0xff, 0xff, 0xff, 0xff,
  0xff, 0xff, 0xff, 0xff, 0xff, 0xff, 0xff, 0xff, 0xff, 0xff, 0xff, 0xff, 0xff, 0xff, 0xff, 0xff,
  0xff, 0xff, 0xff, 0xff, 0xff, 0xff, 0xff, 0xff, 0xff, 0xff, 0xff, 0xff, 0xff, 0xff, 0xff, 0xff,
  0xff, 0xff, 0xff, 0xff, 0xff, 0xff, 0xff, 0xff, 0xff, 0xff, 0xff, 0xff, 0xff, 0xff, 0xff, 0xff,
  0xff, 0xff, 0xff, 0xff, 0xff, 0xff, 0xff, 0xff, 0xff, 0xff, 0xff, 0xff, 0xff, 0xff, 0xff, 0xff,
  0xff, 0xff, 0xff, 0xff, 0xff, 0xff, 0xff, 0xff, 0xff, 0xff, 0xff, 0xff, 0xff, 0xff, 0xff, 0xff,
  0xff, 0xff, 0xff, 0xff, 0xff, 0xff, 0xff, 0xff, 0xff, 0xff, 0xff, 0xff, 0xff, 0xff, 0xff, 0xff,
  0xff, 0xff, 0xff, 0xff, 0xff, 0xff, 0xff, 0xff, 0xff, 0xff, 0xff, 0xff, 0xff, 0xff, 0xff, 0xff,
  0xff, 0xff, 0xff, 0xff, 0xff, 0xff, 0xff, 0xff, 0xff, 0xff, 0xff, 0xff, 0xff, 0xff, 0xff, 0xff,
  0xff, 0xff, 0xff, 0xff, 0xff, 0xff, 0xff, 0xff, 0xff, 0xff, 0xff, 0xff, 0xff, 0xff, 0xff, 0xff,
  0xff, 0xff, 0xff, 0xff, 0xff, 0xff, 0xff, 0xff, 0xff, 0xff, 0xff, 0xff, 0xff, 0xff, 0xff, 0xff,
  0xff, 0xff, 0xff, 0xff, 0xff, 0xff, 0xff, 0xff, 0xff, 0xff, 0xff, 0xff, 0xff, 0xff, 0xff, 0xff,
  0xff, 0xff, 0xff, 0xff, 0xff, 0xff, 0xff, 0xff, 0xff, 0xff, 0xff, 0xff, 0xff, 0xff, 0xff, 0xff,
  0xff, 0xff, 0xff, 0xff, 0xff, 0xff, 0xff, 0xff, 0xff, 0xff, 0xff, 0xff, 0xff, 0xff, 0xff, 0xff,
  0xff, 0xff, 0xff, 0xff, 0xff, 0xff, 0xff, 0xff, 0xff, 0xff, 0xff, 0xff, 0xff, 0xff, 0xff, 0xff,
  0xff, 0xff, 0xff, 0xff, 0xff, 0xff, 0xff, 0xff, 0xff, 0xff, 0xff, 0xff, 0xff, 0xff, 0xff, 0xff,
  0xff, 0xff, 0xff, 0xff, 0xff, 0xff, 0xff, 0xff, 0xff, 0xff, 0xff, 0xff, 0xff, 0xff, 0xff, 0xff,
  0xff, 0xff, 0xff, 0xff, 0xff, 0xff, 0xff, 0xff, 0xff, 0xff, 0xff, 0xff, 0xff, 0xff, 0xff, 0xff,
  0xff, 0xff, 0xff, 0xff, 0xff, 0xff, 0xff, 0xff, 0xff, 0xff, 0xff, 0xff, 0xff, 0xff, 0xff, 0xff,
  0xff, 0xff, 0xff, 0xff, 0xff, 0xff, 0xff, 0xff, 0xff, 0xff, 0xff, 0xff, 0xff, 0xff, 0xff, 0xff,
  0xff, 0xff, 0xff, 0xff, 0xff, 0xff, 0xff, 0xff, 0xff, 0xff, 0xff, 0xff, 0xff, 0xff, 0xff, 0xff,
  0xff, 0xff, 0xff, 0xff, 0xff, 0xff, 0xff, 0xff, 0xff, 0xff, 0xff, 0xff, 0xff, 0xff, 0xff, 0xff,
  0xff, 0xff, 0xff, 0xff, 0xff, 0xff, 0xff, 0xff, 0xff, 0xff, 0xff, 0xff, 0xff, 0xff, 0xff, 0xff,
  0xff, 0xff, 0xff, 0xff, 0xff, 0xff, 0xff, 0xff, 0xff, 0xff, 0xff, 0xff, 0xff, 0xff, 0xff, 0xff,
  0xff, 0xff, 0xff, 0xff, 0xff, 0xff, 0xff, 0xff, 0xff, 0xff, 0xff, 0xff, 0xff, 0xff, 0xff, 0xff,
  0xff, 0xff, 0xff, 0xff, 0xff, 0xff, 0xff, 0xff, 0xff, 0xff, 0xff, 0xff, 0xff, 0xff, 0xff, 0xff,
  0xff, 0xff, 0xff, 0xff, 0xff, 0xff, 0xff, 0xff, 0xff, 0xff, 0xff, 0xff, 0xff, 0xff, 0xff, 0xff,
  0xff, 0xff, 0xff, 0xff, 0xff, 0xff, 0xff, 0xff, 0xff, 0xff, 0xff, 0xff, 0xff, 0xff, 0xff, 0xff,
  0xff, 0xff, 0xff, 0xff, 0xff, 0xff, 0xff, 0xff, 0xff, 0xff, 0xff, 0xff, 0xff, 0xff, 0xff, 0xff,
  0xff, 0xff, 0xff, 0xff, 0xff, 0xff, 0xff, 0xff, 0xff, 0xff, 0xff, 0xff, 0xff, 0xff, 0xff, 0xff,
  0xff, 0xff, 0xff, 0xff, 0xff, 0xff, 0xff, 0xff, 0xff, 0xff, 0xff, 0xff, 0xff, 0xff, 0xff, 0xff,
  0xff, 0xff, 0xff, 0xff, 0xff, 0xff, 0xff, 0xff, 0xff, 0xff, 0xff, 0xff, 0xff, 0xff, 0xff, 0xff,
  0xff, 0xff, 0xff, 0xff, 0xff, 0xff, 0xff, 0xff, 0xff, 0xff, 0xff, 0xff, 0xff, 0xff, 0xff, 0xff,
  0xff, 0xff, 0xff, 0xff, 0xff, 0xff, 0xff, 0xff, 0xff, 0xff, 0xff, 0xff, 0xff, 0xff, 0xff, 0xff,
  0xff, 0xff, 0xff, 0xff, 0xff, 0xff, 0xff, 0xff, 0xff, 0xff, 0xff, 0xff, 0xff, 0xff, 0xff, 0xff,
  0xff, 0xff, 0xff, 0xff, 0xff, 0xff, 0xff, 0xff, 0xff, 0xff, 0xff, 0xff, 0xff, 0xff, 0xff, 0xff,
  0xff, 0xff, 0xff, 0xff, 0xff, 0xff, 0xff, 0xff, 0xff, 0xff, 0xff, 0xff, 0xff, 0xff, 0xff, 0xff,
  0xff, 0xff, 0xff, 0xff, 0xff, 0xff, 0xff, 0xff, 0xff, 0xff, 0xff, 0xff, 0xff, 0xff, 0xff, 0xff,
  0xff, 0xff, 0xff, 0xff, 0xff, 0xff, 0xff, 0xff, 0xff, 0xff, 0xff, 0xff, 0xff, 0xff, 0xff, 0xff,
  0xff, 0xff, 0xff, 0xff, 0xff, 0xff, 0xff, 0xff, 0xff, 0xff, 0xff, 0xff, 0xff, 0xff, 0xff, 0xff,
  0xff, 0xff, 0xff, 0xff, 0xff, 0xff, 0xff, 0xff, 0xff, 0xff, 0xff, 0xff, 0xff, 0xff, 0xff, 0xff,
  0xff, 0xff, 0xff, 0xff, 0xff, 0xff, 0xff, 0xff, 0xff, 0xff, 0xff, 0xff, 0xff, 0xff, 0xff, 0xff,
  0xff, 0xff, 0xff, 0xff, 0xff, 0xff, 0xff, 0xff, 0xff, 0xff, 0xff, 0xff, 0xff, 0xff, 0xff, 0xff,
  0xff, 0xff, 0xff, 0xff, 0xff, 0xff, 0xff, 0xff, 0xff, 0xff, 0xff, 0xff, 0xff, 0xff, 0xff, 0xff,
  0xff, 0xff, 0xff, 0xff, 0xff, 0xff, 0xff, 0xff, 0xff, 0xff, 0xff, 0xff, 0xff, 0xff, 0xff, 0xff,
  0xff, 0xff, 0xff, 0xff, 0xff, 0xff, 0xff, 0xff, 0xff, 0xff, 0xff, 0xff, 0xff, 0xff, 0xff, 0xff,
  0xff, 0xff, 0xff, 0xff, 0xff, 0xff, 0xff, 0xff, 0xff, 0xff, 0xff, 0xff, 0xff, 0xff, 0xff, 0xff,
  0xff, 0xff, 0xff, 0xff, 0xff, 0xff, 0xff, 0xff, 0xff, 0xff, 0xff, 0xff, 0xff, 0xff, 0xff, 0xff,
  0xff, 0xff, 0xff, 0xff, 0xff, 0xff, 0xff, 0xff, 0xff, 0xff, 0xff, 0xff, 0xff, 0xff, 0xff, 0xff,
  0xff, 0xff, 0xff, 0xff, 0xff, 0xff, 0xff, 0xff, 0xff, 0xff, 0xff, 0xff, 0xff, 0xff, 0xff, 0xff,
  0xff, 0xff, 0xff, 0xff, 0xff, 0xff, 0xff, 0xff, 0xff, 0xff, 0xff, 0xff, 0xff, 0xff, 0xff, 0xff,
  0xff, 0xff, 0xff, 0xff, 0xff, 0xff, 0xff, 0xff, 0xff, 0xff, 0xff, 0xff, 0xff, 0xff, 0xff, 0xff,
  0xff, 0xff, 0xff, 0xff, 0xff, 0xff, 0xff, 0xff, 0xff, 0xff, 0xff, 0xff, 0xff, 0xff, 0xff, 0xff,
  0xff, 0xff, 0xff, 0xff, 0xff, 0xff, 0xff, 0xff, 0xff, 0xff, 0xff, 0xff, 0xff, 0xff, 0xff, 0xff,
  0xff, 0xff, 0xff, 0xff, 0xff, 0xff, 0xff, 0xff, 0xff, 0xff, 0xff, 0xff, 0xff, 0xff, 0xff, 0xff,
  0xff, 0xff, 0xff, 0xff, 0xff, 0xff, 0xff, 0xff, 0xff, 0xff, 0xff, 0xff, 0xff, 0xff, 0xff, 0xff,
  0xff, 0xff, 0xff, 0xff, 0xff, 0xff, 0xff, 0xff, 0xff, 0xff, 0xff, 0xff, 0xff, 0xff, 0xff, 0xff,
  0xff, 0xff, 0xff, 0xff, 0xff, 0xff, 0xff, 0xff, 0xff, 0xff, 0xff, 0xff, 0xff, 0xff, 0xff, 0xff,
  0xff, 0xff, 0xff, 0xff, 0xff, 0xff, 0xff, 0xff, 0xff, 0xff, 0xff, 0xff, 0xff, 0xff, 0xff, 0xff,
  0xff, 0xff, 0xff, 0xff, 0xff, 0xff, 0xff, 0xff, 0xff, 0xff, 0xff, 0xff, 0xff, 0xff, 0xff, 0xff,
  0xff, 0xff, 0xff, 0xff, 0xff, 0xff, 0xff, 0xff, 0xff, 0xff, 0xff, 0xff, 0xff, 0xff, 0xff, 0xff,
  0xff, 0xff, 0xff, 0xff, 0xff, 0xff, 0xff, 0xff, 0xff, 0xff, 0xff, 0xff, 0xff, 0xff, 0xff, 0xff,
  0xff, 0xff, 0xff, 0xff, 0xff, 0xff, 0xff, 0xff, 0xff, 0xff, 0xff, 0xff, 0xff, 0xff, 0xff, 0xff,
  0xff, 0xff, 0xff, 0xff, 0xff, 0xff, 0xff, 0xff, 0xff, 0xff, 0xff, 0xff, 0xff, 0xff, 0xff, 0xff,
  0xff, 0xff, 0xff, 0xff, 0xff, 0xff, 0xff, 0xff, 0xff, 0xff, 0xff, 0xff, 0xff, 0xff, 0xff, 0xff,
  0xff, 0xff, 0xff, 0xff, 0xff, 0xff, 0xff, 0xff, 0xff, 0xff, 0xff, 0xff, 0xff, 0xff, 0xff, 0xff,
  0xff, 0xff, 0xff, 0xff, 0xff, 0xff, 0xff, 0xff, 0xff, 0xff, 0xff, 0xff, 0xff, 0xff, 0xff, 0xff,
  0xff, 0xff, 0xff, 0xff, 0xff, 0xff, 0xff, 0xff, 0xff, 0xff, 0xff, 0xff, 0xff, 0xff, 0xff, 0xff,
  0xff, 0xff, 0xff, 0xff, 0xff, 0xff, 0xff, 0xff, 0xff, 0xff, 0xff, 0xff, 0xff, 0xff, 0xff, 0xff,
  0xff, 0xff, 0xff, 0xff, 0xff, 0xff, 0xff, 0xff, 0xff, 0xff, 0xff, 0xff, 0xff, 0xff, 0xff, 0xff,
  0xff, 0xff, 0xff, 0xff, 0xff, 0xff, 0xff, 0xff, 0xff, 0xff, 0xff, 0xff, 0xff, 0xff, 0xff, 0xff,
  0xff, 0xff, 0xff, 0xff, 0xff, 0xff, 0xff, 0xff, 0xff, 0xff, 0xff, 0xff, 0xff, 0xff, 0xff, 0xff,
  0xff, 0xff, 0xff, 0xff, 0xff, 0xff, 0xff, 0xff, 0xff, 0xff, 0xff, 0xff, 0xff, 0xff, 0xff, 0xff,
  0xff, 0xff, 0xff, 0xff, 0xff, 0xff, 0xff, 0xff, 0xff, 0xff, 0xff, 0xff, 0xff, 0xff, 0xff, 0xff,
  0xff, 0xff, 0xff, 0xff, 0xff, 0xff, 0xff, 0xff, 0xff, 0xff, 0xff, 0xff, 0xff, 0xff, 0xff, 0xff,
  0xff, 0xff, 0xff, 0xff, 0xff, 0xff, 0xff, 0xff, 0xff, 0xff, 0xff, 0xff, 0xff, 0xff, 0xff, 0xff,
  0xff, 0xff, 0xff, 0xff, 0xff, 0xff, 0xff, 0xff, 0xff, 0xff, 0xff, 0xff, 0xff, 0xff, 0xff, 0xff,
  0xff, 0xff, 0xff, 0xff, 0xff, 0xff, 0xff, 0xff, 0xff, 0xff, 0xff, 0xff, 0xff, 0xff, 0xff, 0xff,
  0xff, 0xff, 0xff, 0xff, 0xff, 0xff, 0xff, 0xff, 0xff, 0xff, 0xff, 0xff, 0xff, 0xff, 0xff, 0xff,
  0xff, 0xff, 0xff, 0xff, 0xff, 0xff, 0xff, 0xff, 0xff, 0xff, 0xff, 0xff, 0xff, 0xff, 0xff, 0xff,
  0xff, 0xff, 0xff, 0xff, 0xff, 0xff, 0xff, 0xff, 0xff, 0xff, 0xff, 0xff, 0xff, 0xff, 0xff, 0xff,
  0xff, 0xff, 0xff, 0xff, 0xff, 0xff, 0xff, 0xff, 0xff, 0xff, 0xff, 0xff, 0xff, 0xff, 0xff, 0xff,
  0xff, 0xff, 0xff, 0xff, 0xff, 0xff, 0xff, 0xff, 0xff, 0xff, 0xff, 0xff, 0xff, 0xff, 0xff, 0xff,
  0xff, 0xff, 0xff, 0xff, 0xff, 0xff, 0xff, 0xff, 0xff, 0xff, 0xff, 0xff, 0xff, 0xff, 0xff, 0xff,
  0xff, 0xff, 0xff, 0xff, 0xff, 0xff, 0xff, 0xff, 0xff, 0xff, 0xff, 0xff, 0xff, 0xff, 0xff, 0xff,
  0xff, 0xff, 0xff, 0xff, 0xff, 0xff, 0xff, 0xff, 0xff, 0xff, 0xff, 0xff, 0xff, 0xff, 0xff, 0xff,
  0xff, 0xff, 0xff, 0xff, 0xff, 0xff, 0xff, 0xff, 0xff, 0xff, 0xff, 0xff, 0xff, 0xff, 0xff, 0xff,
  0xff, 0xff, 0xff, 0xff, 0xff, 0xff, 0xff, 0xff, 0xff, 0xff, 0xff, 0xff, 0xff, 0xff, 0xff, 0xff,
  0xff, 0xff, 0xff, 0xff, 0xff, 0xff, 0xff, 0xff, 0xff, 0xff, 0xff, 0xff, 0xff, 0xff, 0xff, 0xff,
  0xff, 0xff, 0xff, 0xff, 0xff, 0xff, 0xff, 0xff, 0xff, 0xff, 0xff, 0xff, 0xff, 0xff, 0xff, 0xff,
  0xff, 0xff, 0xff, 0xff, 0xff, 0xff, 0xff, 0xff, 0xff, 0xff, 0xff, 0xff, 0xff, 0xff, 0xff, 0xff,
  0xff, 0xff, 0xff, 0xff, 0xff, 0xff, 0xff, 0xff, 0xff, 0xff, 0xff, 0xff, 0xff, 0xff, 0xff, 0xff,
  0xff, 0xff, 0xff, 0xff, 0xff, 0xff, 0xff, 0xff, 0xff, 0xff, 0xff, 0xff, 0xff, 0xff, 0xff, 0xff,
  0xff, 0xff, 0xff, 0xff, 0xff, 0xff, 0xff, 0xff, 0xff, 0xff, 0xff, 0xff, 0xff, 0xff, 0xff, 0xff,
  0xff, 0xff, 0xff, 0xff, 0xff, 0xff, 0xff, 0xff, 0xff, 0xff, 0xff, 0xff, 0xff, 0xff, 0xff, 0xff,
  0xff, 0xff, 0xff, 0xff, 0xff, 0xff, 0xff, 0xff, 0xff, 0xff, 0xff, 0xff, 0xff, 0xff, 0xff, 0xff,
  0xff, 0xff, 0xff, 0xff, 0xff, 0xff, 0xff, 0xff, 0xff, 0xff, 0xff, 0xff, 0xff, 0xff, 0xff, 0xff,
  0xff, 0xff, 0xff, 0xff, 0xff, 0xff, 0xff, 0xff, 0xff, 0xff, 0xff, 0xff, 0xff, 0xff, 0xff, 0xff,
  0xff, 0xff, 0xff, 0xff, 0xff, 0xff, 0xff, 0xff, 0xff, 0xff, 0xff, 0xff, 0xff, 0xff, 0xff, 0xff,
  0xff, 0xff, 0xff, 0xff, 0xff, 0xff, 0xff, 0xff, 0xff, 0xff, 0xff, 0xff, 0xff, 0xff, 0xff, 0xff,
  0xff, 0xff, 0xff, 0xff, 0xff, 0xff, 0xff, 0xff, 0xff, 0xff, 0xff, 0xff, 0xff, 0xff, 0xff, 0xff,
  0xff, 0xff, 0xff, 0xff, 0xff, 0xff, 0xff, 0xff, 0xff, 0xff, 0xff, 0xff, 0xff, 0xff, 0xff, 0xff,
  0xff, 0xff, 0xff, 0xff, 0xff, 0xff, 0xff, 0xff, 0xff, 0xff, 0xff, 0xff, 0xff, 0xff, 0xff, 0xff,
  0xff, 0xff, 0xff, 0xff, 0xff, 0xff, 0xff, 0xff, 0xff, 0xff, 0xff, 0xff, 0xff, 0xff, 0xff, 0xff,
  0xff, 0xff, 0xff, 0xff, 0xff, 0xff, 0xff, 0xff, 0xff, 0xff, 0xff, 0xff, 0xff, 0xff, 0xff, 0xff,
  0xff, 0xff, 0xff, 0xff, 0xff, 0xff, 0xff, 0xff, 0xff, 0xff, 0xff, 0xff, 0xff, 0xff, 0xff, 0xff,
  0xff, 0xff, 0xff, 0xff, 0xff, 0xff, 0xff, 0xff, 0xff, 0xff, 0xff, 0xff, 0xff, 0xff, 0xff, 0xff,
  0xff, 0xff, 0xff, 0xff, 0xff, 0xff, 0xff, 0xff, 0xff, 0xff, 0x1a, 0x00, 0x00, 0x00, 0xff, 0xff,
  0xff, 0xff, 0xff, 0xff, 0xff, 0xff, 0xff, 0xff, 0xff, 0xff, 0xff, 0xff, 0xff, 0xff, 0xff, 0xff,
  0xff, 0xff, 0xff, 0xff, 0xff, 0xff, 0xff, 0xff, 0xff, 0xff, 0xff, 0xff, 0xff, 0xff, 0xff, 0xff,
  0xff, 0xff, 0xff, 0xff, 0xff, 0xff, 0xff, 0xff, 0xff, 0xff, 0xff, 0xff, 0xff, 0xff, 0xff, 0xff,
  0xff, 0xff, 0xff, 0xff, 0xff, 0xff, 0xff, 0xff, 0xff, 0xff, 0xff, 0xff, 0xff, 0xff, 0xff, 0xff,
  0xff, 0xff, 0xff, 0xff, 0xff, 0xff, 0xff, 0xff, 0xff, 0xff, 0xff, 0xff, 0xff, 0xff, 0xff, 0xff,
  0xff, 0xff, 0xff, 0xff, 0xff, 0xff, 0xff, 0xff, 0xff, 0xff, 0xff, 0xff, 0xff, 0xff, 0xff, 0xff,
  0xff, 0xff, 0xff, 0xff, 0xff, 0xff, 0xff, 0xff, 0xff, 0xff, 0xff, 0xff, 0xff, 0xff, 0xff, 0xff,
  0xff, 0xff, 0xff, 0xff, 0xff, 0xff, 0xff, 0xff, 0xff, 0xff, 0xff, 0xff, 0xff, 0xff, 0xff, 0xff,
  0xff, 0xff, 0xff, 0xff, 0xff, 0xff, 0xff, 0xff, 0xff, 0xff, 0xff, 0xff, 0xff, 0xff, 0xff, 0xff,
  0xff, 0xff, 0xff, 0xff, 0xff, 0xff, 0xff, 0xff, 0xff, 0xff, 0xff, 0xff, 0xff, 0xff, 0xff, 0xff,
  0xff, 0xff, 0xff, 0xff, 0xff, 0xff, 0xff, 0xff, 0xff, 0xff, 0xff, 0xff, 0xff, 0xff, 0xff, 0xff,
  0xff, 0xff, 0xff, 0xff, 0xff, 0xff, 0xff, 0xff, 0xff, 0xff, 0xff, 0xff, 0xff, 0xff, 0xff, 0xff,
  0xff, 0xff, 0xff, 0xff, 0xff, 0xff, 0xff, 0xff, 0xff, 0xff, 0xff, 0xff, 0xff, 0xff, 0xff, 0xff,
  0xff, 0xff, 0xff, 0xff, 0xff, 0xff, 0xff, 0xff, 0xff, 0xff, 0xff, 0xff, 0xff, 0xff, 0xff, 0xff,
  0xff, 0xff, 0xff, 0xff, 0xff, 0xff, 0xff, 0xff, 0xff, 0xff, 0xff, 0xff, 0xff, 0xff, 0xff, 0xff,
  0xff, 0xff, 0xff, 0xff, 0xff, 0xff, 0xff, 0xff, 0xff, 0xff, 0xff, 0xff, 0xff, 0xff, 0xff, 0xff,
  0xff, 0xff, 0xff, 0xff, 0xff, 0xff, 0xff, 0xff, 0xff, 0xff, 0xff, 0xff, 0xff, 0xff, 0xff, 0xff,
  0xff, 0xff, 0xff, 0xff, 0xff, 0xff, 0xff, 0xff, 0xff, 0xff, 0xff, 0xff, 0xff, 0xff, 0xff, 0xff,
  0xff, 0xff, 0xff, 0xff, 0xff, 0xff, 0xff, 0xff, 0xff, 0xff, 0xff, 0xff, 0xff, 0xff, 0xff, 0xff,
  0xff, 0xff, 0xff, 0xff, 0xff, 0xff, 0xff, 0xff, 0xff, 0xff, 0xff, 0xff, 0xff, 0xff, 0xff, 0xff,
  0xff, 0xff, 0xff, 0xff, 0xff, 0xff, 0xff, 0xff, 0xff, 0xff, 0xff, 0xff, 0xff, 0xff, 0xff, 0xff,
  0xff, 0xff, 0xff, 0xff, 0xff, 0xff, 0xff, 0xff, 0xff, 0xff, 0xff, 0xff, 0xff, 0xff, 0xff, 0xff,
  0xff, 0xff, 0xff, 0xff, 0xff, 0xff, 0xff, 0xff, 0xff, 0xff, 0xff, 0xff, 0xff, 0xff, 0xff, 0xff,
  0xff, 0xff, 0xff, 0xff, 0xff, 0xff, 0xff, 0xff, 0xff, 0xff, 0xff, 0xff, 0xff, 0xff, 0xff, 0xff,
  0xff, 0xff, 0xff, 0xff, 0xff, 0xff, 0xff, 0xff, 0xff, 0xff, 0xff, 0xff, 0xff, 0xff, 0xff, 0xff,
  0xff, 0xff, 0xff, 0xff, 0xff, 0xff, 0xff, 0xff, 0xff, 0xff, 0xff, 0xff, 0xff, 0xff, 0xff, 0xff,
  0xff, 0xff, 0xff, 0xff, 0xff, 0xff, 0xff, 0xff, 0xff, 0xff, 0xff, 0xff, 0xff, 0xff, 0xff, 0xff,
  0xff, 0xff, 0xff, 0xff, 0xff, 0xff, 0xff, 0xff, 0xff, 0xff, 0xff, 0xff, 0xff, 0xff, 0xff, 0xff,
  0xff, 0xff, 0xff, 0xff, 0xff, 0xff, 0xff, 0xff, 0xff, 0xff, 0xff, 0xff, 0xff, 0xff, 0xff, 0xff,
  0xff, 0xff, 0xff, 0xff, 0xff, 0xff, 0xff, 0xff, 0xff, 0xff, 0xff, 0xff, 0xff, 0xff, 0xff, 0xff,
  0xff, 0xff, 0xff, 0xff, 0xff, 0xff, 0xff, 0xff, 0xff, 0xff, 0xff, 0xff, 0xff, 0xff, 0xff, 0xff,
  0xff, 0xff, 0xff, 0xff, 0xff, 0xff, 0xff, 0xff, 0xff, 0xff, 0xff, 0xff, 0xff, 0xff, 0x1b, 0x00,
  0x00, 0x00, 0x1b, 0x00, 0x00, 0x00, 0x1b, 0x00, 0x00, 0x00, 0x1b, 0x00, 0x00, 0x00, 0x1b, 0x00,
  0x00, 0x00, 0x1b, 0x00, 0x00, 0x00, 0x1b, 0x00, 0x00, 0x00, 0x1b, 0x00, 0x00, 0x00, 0x1b, 0x00,
  0x00, 0x00, 0x1b, 0x00, 0x00, 0x00, 0xff, 0xff, 0xff, 0xff, 0xff, 0xff, 0xff, 0xff, 0xff, 0xff,
  0xff, 0xff, 0xff, 0xff, 0xff, 0xff, 0xff, 0xff, 0xff, 0xff, 0xff, 0xff, 0xff, 0xff, 0xff, 0xff,
  0xff, 0xff, 0xff, 0xff, 0xff, 0xff, 0xff, 0xff, 0xff, 0xff, 0xff, 0xff, 0xff, 0xff, 0xff, 0xff,
  0xff, 0xff, 0xff, 0xff, 0xff, 0xff, 0xff, 0xff, 0xff, 0xff, 0xff, 0xff, 0xff, 0xff, 0xff, 0xff,
  0xff, 0xff, 0xff, 0xff, 0xff, 0xff, 0xff, 0xff, 0xff, 0xff, 0xff, 0xff, 0xff, 0xff, 0xff, 0xff,
  0xff, 0xff, 0xff, 0xff, 0xff, 0xff, 0xff, 0xff, 0xff, 0xff, 0xff, 0xff, 0xff, 0xff, 0xff, 0xff,
  0xff, 0xff, 0xff, 0xff, 0xff, 0xff, 0xff, 0xff, 0xff, 0xff, 0xff, 0xff, 0xff, 0xff, 0xff, 0xff,
  0xff, 0xff, 0xff, 0xff, 0xff, 0xff, 0xff, 0xff, 0xff, 0xff, 0xff, 0xff, 0xff, 0xff, 0xff, 0xff,
  0xff, 0xff, 0xff, 0xff, 0xff, 0xff, 0xff, 0xff, 0xff, 0xff, 0xff, 0xff, 0xff, 0xff, 0xff, 0xff,
  0xff, 0xff, 0xff, 0xff, 0xff, 0xff, 0xff, 0xff, 0xff, 0xff, 0xff, 0xff, 0xff, 0xff, 0xff, 0xff,
  0xff, 0xff, 0xff, 0xff, 0xff, 0xff, 0xff, 0xff, 0xff, 0xff, 0xff, 0xff, 0xff, 0xff, 0xff, 0xff,
  0xff, 0xff, 0xff, 0xff, 0xff, 0xff, 0xff, 0xff, 0xff, 0xff, 0xff, 0xff, 0xff, 0xff, 0xff, 0xff,
  0xff, 0xff, 0xff, 0xff, 0xff, 0xff, 0xff, 0xff, 0xff, 0xff, 0xff, 0xff, 0xff, 0xff, 0xff, 0xff,
  0xff, 0xff, 0xff, 0xff, 0xff, 0xff, 0xff, 0xff, 0xff, 0xff, 0xff, 0xff, 0xff, 0xff, 0xff, 0xff,
  0xff, 0xff, 0xff, 0xff, 0xff, 0xff, 0xff, 0xff, 0xff, 0xff, 0xff, 0xff, 0xff, 0xff, 0xff, 0xff,
  0xff, 0xff, 0xff, 0xff, 0xff, 0xff, 0xff, 0xff, 0xff, 0xff, 0xff, 0xff, 0xff, 0xff, 0xff, 0xff,
  0xff, 0xff, 0xff, 0xff, 0xff, 0xff, 0xff, 0xff, 0xff, 0xff, 0xff, 0xff, 0xff, 0xff, 0xff, 0xff,
  0xff, 0xff, 0xff, 0xff, 0xff, 0xff, 0xff, 0xff, 0xff, 0xff, 0xff, 0xff, 0xff, 0xff, 0xff, 0xff,
  0xff, 0xff, 0xff, 0xff, 0xff, 0xff, 0xff, 0xff, 0xff, 0xff, 0xff, 0xff, 0xff, 0xff, 0xff, 0xff,
  0xff, 0xff, 0xff, 0xff, 0xff, 0xff, 0xff, 0xff, 0xff, 0xff, 0xff, 0xff, 0xff, 0xff, 0xff, 0xff,
  0xff, 0xff, 0xff, 0xff, 0xff, 0xff, 0xff, 0xff, 0xff, 0xff, 0xff, 0xff, 0xff, 0xff, 0xff, 0xff,
  0xff, 0xff, 0xff, 0xff, 0xff, 0xff, 0xff, 0xff, 0xff, 0xff, 0xff, 0xff, 0xff, 0xff, 0xff, 0xff,
  0xff, 0xff, 0xff, 0xff, 0xff, 0xff, 0xff, 0xff, 0xff, 0xff, 0xff, 0xff, 0xff, 0xff, 0xff, 0xff,
  0xff, 0xff, 0xff, 0xff, 0xff, 0xff, 0xff, 0xff, 0xff, 0xff, 0xff, 0xff, 0xff, 0xff, 0xff, 0xff,
  0xff, 0xff, 0xff, 0xff, 0xff, 0xff, 0xff, 0xff, 0xff, 0xff, 0xff, 0xff, 0xff, 0xff, 0xff, 0xff,
  0xff, 0xff, 0xff, 0xff, 0xff, 0xff, 0xff, 0xff, 0xff, 0xff, 0xff, 0xff, 0xff, 0xff, 0xff, 0xff,
  0xff, 0xff, 0xff, 0xff, 0xff, 0xff, 0xff, 0xff, 0xff, 0xff, 0xff, 0xff, 0xff, 0xff, 0xff, 0xff,
  0xff, 0xff, 0xff, 0xff, 0xff, 0xff, 0xff, 0xff, 0xff, 0xff, 0xff, 0xff, 0xff, 0xff, 0xff, 0xff,
  0xff, 0xff, 0xff, 0xff, 0xff, 0xff, 0xff, 0xff, 0xff, 0xff, 0xff, 0xff, 0xff, 0xff, 0xff, 0xff,
  0xff, 0xff, 0xff, 0xff, 0xff, 0xff, 0xff, 0xff, 0xff, 0xff, 0xff, 0xff, 0xff, 0xff, 0xff, 0xff,
  0xff, 0xff, 0xff, 0xff, 0xff, 0xff, 0xff, 0xff, 0xff, 0xff, 0xff, 0xff, 0xff, 0xff, 0xff, 0xff,
  0xff, 0xff, 0xff, 0xff, 0xff, 0xff, 0xff, 0xff, 0xff, 0xff, 0xff, 0xff, 0xff, 0xff, 0xff, 0xff,
  0xff, 0xff, 0xff, 0xff, 0xff, 0xff, 0xff, 0xff, 0xff, 0xff, 0xff, 0xff, 0xff, 0xff, 0xff, 0xff,
  0xff, 0xff, 0xff, 0xff, 0xff, 0xff, 0xff, 0xff, 0xff, 0xff, 0xff, 0xff, 0xff, 0xff, 0xff, 0xff,
  0xff, 0xff, 0xff, 0xff, 0xff, 0xff, 0xff, 0xff, 0xff, 0xff, 0xff, 0xff, 0xff, 0xff, 0xff, 0xff,
  0xff, 0xff, 0xff, 0xff, 0xff, 0xff, 0xff, 0xff, 0xff, 0xff, 0xff, 0xff, 0xff, 0xff, 0xff, 0xff,
  0xff, 0xff, 0xff, 0xff, 0xff, 0xff, 0xff, 0xff, 0xff, 0xff, 0xff, 0xff, 0xff, 0xff, 0xff, 0xff,
  0xff, 0xff, 0xff, 0xff, 0xff, 0xff, 0xff, 0xff, 0xff, 0xff, 0xff, 0xff, 0xff, 0xff, 0xff, 0xff,
  0xff, 0xff, 0xff, 0xff, 0xff, 0xff, 0xff, 0xff, 0xff, 0xff, 0xff, 0xff, 0xff, 0xff, 0xff, 0xff,
  0xff, 0xff, 0xff, 0xff, 0xff, 0xff, 0xff, 0xff, 0xff, 0xff, 0xff, 0xff, 0xff, 0xff, 0xff, 0xff,
  0xff, 0xff, 0xff, 0xff, 0xff, 0xff, 0xff, 0xff, 0xff, 0xff, 0xff, 0xff, 0xff, 0xff, 0xff, 0xff,
  0xff, 0xff, 0xff, 0xff, 0xff, 0xff, 0xff, 0xff, 0xff, 0xff, 0xff, 0xff, 0xff, 0xff, 0xff, 0xff,
  0xff, 0xff, 0xff, 0xff, 0xff, 0xff, 0xff, 0xff, 0xff, 0xff, 0xff, 0xff, 0xff, 0xff, 0xff, 0xff,
  0xff, 0xff, 0xff, 0xff, 0xff, 0xff, 0xff, 0xff, 0xff, 0xff, 0xff, 0xff, 0xff, 0xff, 0xff, 0xff,
  0xff, 0xff, 0xff, 0xff, 0xff, 0xff, 0xff, 0xff, 0xff, 0xff, 0xff, 0xff, 0xff, 0xff, 0xff, 0xff,
  0xff, 0xff, 0xff, 0xff, 0xff, 0xff, 0xff, 0xff, 0xff, 0xff, 0xff, 0xff, 0xff, 0xff, 0xff, 0xff,
  0xff, 0xff, 0xff, 0xff, 0xff, 0xff, 0xff, 0xff, 0xff, 0xff, 0xff, 0xff, 0xff, 0xff, 0xff, 0xff,
  0xff, 0xff, 0xff, 0xff, 0xff, 0xff, 0xff, 0xff, 0xff, 0xff, 0xff, 0xff, 0xff, 0xff, 0xff, 0xff,
  0xff, 0xff, 0xff, 0xff, 0xff, 0xff, 0xff, 0xff, 0xff, 0xff, 0xff, 0xff, 0xff, 0xff, 0xff, 0xff,
  0xff, 0xff, 0xff, 0xff, 0xff, 0xff, 0xff, 0xff, 0xff, 0xff, 0xff, 0xff, 0xff, 0xff, 0xff, 0xff,
  0xff, 0xff, 0xff, 0xff, 0xff, 0xff, 0xff, 0xff, 0xff, 0xff, 0xff, 0xff, 0xff, 0xff, 0xff, 0xff,
  0xff, 0xff, 0xff, 0xff, 0xff, 0xff, 0xff, 0xff, 0xff, 0xff, 0xff, 0xff, 0xff, 0xff, 0xff, 0xff,
  0xff, 0xff, 0xff, 0xff, 0xff, 0xff, 0xff, 0xff, 0xff, 0xff, 0xff, 0xff, 0xff, 0xff, 0xff, 0xff,
  0xff, 0xff, 0xff, 0xff, 0xff, 0xff, 0xff, 0xff, 0xff, 0xff, 0xff, 0xff, 0xff, 0xff, 0xff, 0xff,
  0xff, 0xff, 0xff, 0xff, 0xff, 0xff, 0xff, 0xff, 0xff, 0xff, 0xff, 0xff, 0xff, 0xff, 0xff, 0xff,
  0xff, 0xff, 0xff, 0xff, 0xff, 0xff, 0xff, 0xff, 0xff, 0xff, 0xff, 0xff, 0xff, 0xff, 0xff, 0xff,
  0xff, 0xff, 0xff, 0xff, 0xff, 0xff, 0xff, 0xff, 0xff, 0xff, 0xff, 0xff, 0xff, 0xff, 0xff, 0xff,
  0xff, 0xff, 0xff, 0xff, 0xff, 0xff, 0xff, 0xff, 0xff, 0xff, 0xff, 0xff, 0xff, 0xff, 0xff, 0xff,
  0xff, 0xff, 0xff, 0xff, 0xff, 0xff, 0xff, 0xff, 0xff, 0xff, 0xff, 0xff, 0xff, 0xff, 0xff, 0xff,
  0xff, 0xff, 0xff, 0xff, 0xff, 0xff, 0xff, 0xff, 0xff, 0xff, 0xff, 0xff, 0xff, 0xff, 0xff, 0xff,
  0xff, 0xff, 0xff, 0xff, 0xff, 0xff, 0xff, 0xff, 0xff, 0xff, 0xff, 0xff, 0xff, 0xff, 0xff, 0xff,
  0xff, 0xff, 0xff, 0xff, 0xff, 0xff, 0xff, 0xff, 0xff, 0xff, 0xff, 0xff, 0xff, 0xff, 0xff, 0xff,
  0xff, 0xff, 0xff, 0xff, 0xff, 0xff, 0xff, 0xff, 0xff, 0xff, 0xff, 0xff, 0xff, 0xff, 0xff, 0xff,
  0xff, 0xff, 0xff, 0xff, 0xff, 0xff, 0xff, 0xff, 0xff, 0xff, 0xff, 0xff, 0xff, 0xff, 0xff, 0xff,
  0xff, 0xff, 0xff, 0xff, 0xff, 0xff, 0xff, 0xff, 0xff, 0xff, 0xff, 0xff, 0xff, 0xff, 0xff, 0xff,
  0xff, 0xff, 0xff, 0xff, 0xff, 0xff, 0xff, 0xff, 0xff, 0xff, 0xff, 0xff, 0xff, 0xff, 0xff, 0xff,
  0xff, 0xff, 0xff, 0xff, 0xff, 0xff, 0xff, 0xff, 0xff, 0xff, 0xff, 0xff, 0xff, 0xff, 0xff, 0xff,
  0xff, 0xff, 0xff, 0xff, 0xff, 0xff, 0xff, 0xff, 0xff, 0xff, 0xff, 0xff, 0xff, 0xff, 0xff, 0xff,
  0xff, 0xff, 0xff, 0xff, 0xff, 0xff, 0xff, 0xff, 0xff, 0xff, 0xff, 0xff, 0xff, 0xff, 0xff, 0xff,
  0xff, 0xff, 0xff, 0xff, 0xff, 0xff, 0xff, 0xff, 0xff, 0xff, 0xff, 0xff, 0xff, 0xff, 0xff, 0xff,
  0xff, 0xff, 0xff, 0xff, 0xff, 0xff, 0xff, 0xff, 0xff, 0xff, 0xff, 0xff, 0xff, 0xff, 0xff, 0xff,
  0xff, 0xff, 0xff, 0xff, 0xff, 0xff, 0xff, 0xff, 0xff, 0xff, 0xff, 0xff, 0xff, 0xff, 0xff, 0xff,
  0xff, 0xff, 0xff, 0xff, 0xff, 0xff, 0xff, 0xff, 0xff, 0xff, 0xff, 0xff, 0xff, 0xff, 0xff, 0xff,
  0xff, 0xff, 0xff, 0xff, 0xff, 0xff, 0xff, 0xff, 0xff, 0xff, 0xff, 0xff, 0xff, 0xff, 0xff, 0xff,
  0xff, 0xff, 0xff, 0xff, 0xff, 0xff, 0xff, 0xff, 0xff, 0xff, 0xff, 0xff, 0xff, 0xff, 0xff, 0xff,
  0xff, 0xff, 0xff, 0xff, 0xff, 0xff, 0xff, 0xff, 0xff, 0xff, 0xff, 0xff, 0xff, 0xff, 0xff, 0xff,
  0xff, 0xff, 0xff, 0xff, 0xff, 0xff, 0xff, 0xff, 0xff, 0xff, 0xff, 0xff, 0xff, 0xff, 0xff, 0xff,
  0xff, 0xff, 0xff, 0xff, 0xff, 0xff, 0xff, 0xff, 0xff, 0xff, 0xff, 0xff, 0xff, 0xff, 0xff, 0xff,
  0xff, 0xff, 0xff, 0xff, 0xff, 0xff, 0xff, 0xff, 0xff, 0xff, 0xff, 0xff, 0xff, 0xff, 0xff, 0xff,
  0xff, 0xff, 0xff, 0xff, 0xff, 0xff, 0xff, 0xff, 0xff, 0xff, 0xff, 0xff, 0xff, 0xff, 0xff, 0xff,
  0xff, 0xff, 0xff, 0xff, 0xff, 0xff, 0xff, 0xff, 0xff, 0xff, 0xff, 0xff, 0xff, 0xff, 0xff, 0xff,
  0xff, 0xff, 0xff, 0xff, 0xff, 0xff, 0xff, 0xff, 0xff, 0xff, 0xff, 0xff, 0xff, 0xff, 0xff, 0xff,
  0xff, 0xff, 0xff, 0xff, 0xff, 0xff, 0xff, 0xff, 0xff, 0xff, 0xff, 0xff, 0xff, 0xff, 0xff, 0xff,
  0xff, 0xff, 0xff, 0xff, 0xff, 0xff, 0xff, 0xff, 0xff, 0xff, 0xff, 0xff, 0xff, 0xff, 0xff, 0xff,
  0xff, 0xff, 0xff, 0xff, 0xff, 0xff, 0xff, 0xff, 0xff, 0xff, 0xff, 0xff, 0xff, 0xff, 0xff, 0xff,
  0xff, 0xff, 0xff, 0xff, 0xff, 0xff, 0xff, 0xff, 0xff, 0xff, 0xff, 0xff, 0xff, 0xff, 0xff, 0xff,
  0xff, 0xff, 0xff, 0xff, 0xff, 0xff, 0xff, 0xff, 0xff, 0xff, 0xff, 0xff, 0xff, 0xff, 0xff, 0xff,
  0xff, 0xff, 0xff, 0xff, 0xff, 0xff, 0xff, 0xff, 0xff, 0xff, 0xff, 0xff, 0xff, 0xff, 0xff, 0xff,
  0xff, 0xff, 0xff, 0xff, 0xff, 0xff, 0xff, 0xff, 0xff, 0xff, 0xff, 0xff, 0xff, 0xff, 0xff, 0xff,
  0xff, 0xff, 0xff, 0xff, 0xff, 0xff, 0xff, 0xff, 0xff, 0xff, 0xff, 0xff, 0xff, 0xff, 0xff, 0xff,
  0xff, 0xff, 0xff, 0xff, 0xff, 0xff, 0xff, 0xff, 0xff, 0xff, 0xff, 0xff, 0xff, 0xff, 0xff, 0xff,
  0xff, 0xff, 0xff, 0xff, 0xff, 0xff, 0xff, 0xff, 0xff, 0xff, 0xff, 0xff, 0xff, 0xff, 0xff, 0xff,
  0xff, 0xff, 0xff, 0xff, 0xff, 0xff, 0xff, 0xff, 0xff, 0xff, 0xff, 0xff, 0xff, 0xff, 0xff, 0xff,
  0xff, 0xff, 0xff, 0xff, 0xff, 0xff, 0xff, 0xff, 0xff, 0xff, 0xff, 0xff, 0xff, 0xff, 0xff, 0xff,
  0xff, 0xff, 0xff, 0xff, 0xff, 0xff, 0xff, 0xff, 0xff, 0xff, 0xff, 0xff, 0xff, 0xff, 0xff, 0xff,
  0xff, 0xff, 0xff, 0xff, 0xff, 0xff, 0xff, 0xff, 0xff, 0xff, 0xff, 0xff, 0xff, 0xff, 0xff, 0xff,
  0xff, 0xff, 0xff, 0xff, 0xff, 0xff, 0xff, 0xff, 0xff, 0xff, 0xff, 0xff, 0xff, 0xff, 0xff, 0xff,
  0xff, 0xff, 0xff, 0xff, 0xff, 0xff, 0xff, 0xff, 0xff, 0xff, 0xff, 0xff, 0xff, 0xff, 0xff, 0xff,
  0xff, 0xff, 0xff, 0xff, 0xff, 0xff, 0xff, 0xff, 0xff, 0xff, 0xff, 0xff, 0xff, 0xff, 0xff, 0xff,
  0xff, 0xff, 0xff, 0xff, 0xff, 0xff, 0xff, 0xff, 0xff, 0xff, 0xff, 0xff, 0xff, 0xff, 0xff, 0xff,
  0xff, 0xff, 0xff, 0xff, 0xff, 0xff, 0xff, 0xff, 0xff, 0xff, 0xff, 0xff, 0xff, 0xff, 0xff, 0xff,
  0xff, 0xff, 0xff, 0xff, 0xff, 0xff, 0xff, 0xff, 0xff, 0xff, 0xff, 0xff, 0xff, 0xff, 0xff, 0xff,
  0xff, 0xff, 0xff, 0xff, 0xff, 0xff, 0xff, 0xff, 0xff, 0xff, 0xff, 0xff, 0xff, 0xff, 0xff, 0xff,
  0xff, 0xff, 0xff, 0xff, 0xff, 0xff, 0xff, 0xff, 0xff, 0xff, 0xff, 0xff, 0xff, 0xff, 0xff, 0xff,
  0xff, 0xff, 0xff, 0xff, 0xff, 0xff, 0xff, 0xff, 0xff, 0xff, 0xff, 0xff, 0xff, 0xff, 0xff, 0xff,
  0xff, 0xff, 0xff, 0xff, 0xff, 0xff, 0xff, 0xff, 0xff, 0xff, 0xff, 0xff, 0xff, 0xff, 0xff, 0xff,
  0xff, 0xff, 0xff, 0xff, 0xff, 0xff, 0xff, 0xff, 0xff, 0xff, 0xff, 0xff, 0xff, 0xff, 0xff, 0xff,
  0xff, 0xff, 0xff, 0xff, 0xff, 0xff, 0xff, 0xff, 0xff, 0xff, 0xff, 0xff, 0xff, 0xff, 0xff, 0xff,
  0xff, 0xff, 0xff, 0xff, 0xff, 0xff, 0xff, 0xff, 0xff, 0xff, 0xff, 0xff, 0xff, 0xff, 0xff, 0xff,
  0xff, 0xff, 0xff, 0xff, 0xff, 0xff, 0xff, 0xff, 0xff, 0xff, 0xff, 0xff, 0xff, 0xff, 0xff, 0xff,
  0xff, 0xff, 0xff, 0xff, 0xff, 0xff, 0xff, 0xff, 0xff, 0xff, 0xff, 0xff, 0xff, 0xff, 0xff, 0xff,
  0xff, 0xff, 0xff, 0xff, 0xff, 0xff, 0xff, 0xff, 0xff, 0xff, 0xff, 0xff, 0xff, 0xff, 0xff, 0xff,
  0xff, 0xff, 0xff, 0xff, 0xff, 0xff, 0xff, 0xff, 0xff, 0xff, 0xff, 0xff, 0xff, 0xff, 0xff, 0xff,
  0xff, 0xff, 0xff, 0xff, 0xff, 0xff, 0xff, 0xff, 0xff, 0xff, 0xff, 0xff, 0xff, 0xff, 0xff, 0xff,
  0xff, 0xff, 0xff, 0xff, 0xff, 0xff, 0xff, 0xff, 0xff, 0xff, 0xff, 0xff, 0xff, 0xff, 0xff, 0xff,
  0xff, 0xff, 0xff, 0xff, 0xff, 0xff, 0xff, 0xff, 0xff, 0xff, 0xff, 0xff, 0xff, 0xff, 0xff, 0xff,
  0xff, 0xff, 0xff, 0xff, 0xff, 0xff, 0xff, 0xff, 0xff, 0xff, 0xff, 0xff, 0xff, 0xff, 0xff, 0xff,
  0xff, 0xff, 0xff, 0xff, 0xff, 0xff, 0xff, 0xff, 0xff, 0xff, 0xff, 0xff, 0xff, 0xff, 0xff, 0xff,
  0xff, 0xff, 0xff, 0xff, 0xff, 0xff, 0xff, 0xff, 0xff, 0xff, 0xff, 0xff, 0xff, 0xff, 0xff, 0xff,
  0xff, 0xff, 0xff, 0xff, 0xff, 0xff, 0xff, 0xff, 0xff, 0xff, 0xff, 0xff, 0xff, 0xff, 0xff, 0xff,
  0xff, 0xff, 0xff, 0xff, 0xff, 0xff, 0xff, 0xff, 0xff, 0xff, 0xff, 0xff, 0xff, 0xff, 0xff, 0xff,
  0xff, 0xff, 0xff, 0xff, 0xff, 0xff, 0xff, 0xff, 0xff, 0xff, 0xff, 0xff, 0xff, 0xff, 0xff, 0xff,
  0xff, 0xff, 0xff, 0xff, 0xff, 0xff, 0xff, 0xff, 0xff, 0xff, 0xff, 0xff, 0xff, 0xff, 0xff, 0xff,
  0xff, 0xff, 0xff, 0xff, 0xff, 0xff, 0xff, 0xff, 0xff, 0xff, 0xff, 0xff, 0xff, 0xff, 0xff, 0xff,
  0xff, 0xff, 0xff, 0xff, 0xff, 0xff, 0xff, 0xff, 0xff, 0xff, 0xff, 0xff, 0xff, 0xff, 0xff, 0xff,
  0xff, 0xff, 0xff, 0xff, 0xff, 0xff, 0xff, 0xff, 0xff, 0xff, 0xff, 0xff, 0xff, 0xff, 0xff, 0xff,
  0xff, 0xff, 0xff, 0xff, 0xff, 0xff, 0xff, 0xff, 0xff, 0xff, 0xff, 0xff, 0xff, 0xff, 0xff, 0xff,
  0xff, 0xff, 0xff, 0xff, 0xff, 0xff, 0xff, 0xff, 0xff, 0xff, 0xff, 0xff, 0xff, 0xff, 0xff, 0xff,
  0xff, 0xff, 0xff, 0xff, 0xff, 0xff, 0xff, 0xff, 0xff, 0xff, 0xff, 0xff, 0xff, 0xff, 0xff, 0xff,
  0xff, 0xff, 0xff, 0xff, 0xff, 0xff, 0xff, 0xff, 0xff, 0xff, 0xff, 0xff, 0xff, 0xff, 0xff, 0xff,
  0xff, 0xff, 0xff, 0xff, 0xff, 0xff, 0xff, 0xff, 0xff, 0xff, 0xff, 0xff, 0xff, 0xff, 0xff, 0xff,
  0xff, 0xff, 0xff, 0xff, 0xff, 0xff, 0xff, 0xff, 0xff, 0xff, 0xff, 0xff, 0xff, 0xff, 0xff, 0xff,
  0xff, 0xff, 0xff, 0xff, 0xff, 0xff, 0xff, 0xff, 0xff, 0xff, 0xff, 0xff, 0xff, 0xff, 0xff, 0xff,
  0xff, 0xff, 0xff, 0xff, 0xff, 0xff, 0xff, 0xff, 0xff, 0xff, 0xff, 0xff, 0xff, 0xff, 0xff, 0xff,
  0xff, 0xff, 0xff, 0xff, 0xff, 0xff, 0xff, 0xff, 0xff, 0xff, 0xff, 0xff, 0xff, 0xff, 0xff, 0xff,
  0xff, 0xff, 0xff, 0xff, 0xff, 0xff, 0xff, 0xff, 0xff, 0xff, 0xff, 0xff, 0xff, 0xff, 0xff, 0xff,
  0xff, 0xff, 0xff, 0xff, 0xff, 0xff, 0xff, 0xff, 0xff, 0xff, 0xff, 0xff, 0xff, 0xff, 0xff, 0xff,
  0xff, 0xff, 0xff, 0xff, 0xff, 0xff, 0xff, 0xff, 0xff, 0xff, 0xff, 0xff, 0xff, 0xff, 0xff, 0xff,
  0xff, 0xff, 0xff, 0xff, 0xff, 0xff, 0xff, 0xff, 0xff, 0xff, 0xff, 0xff, 0xff, 0xff, 0xff, 0xff,
  0xff, 0xff, 0xff, 0xff, 0xff, 0xff, 0xff, 0xff, 0xff, 0xff, 0xff, 0xff, 0xff, 0xff, 0xff, 0xff,
  0xff, 0xff, 0xff, 0xff, 0xff, 0xff, 0xff, 0xff, 0xff, 0xff, 0xff, 0xff, 0xff, 0xff, 0xff, 0xff,
  0xff, 0xff, 0xff, 0xff, 0xff, 0xff, 0xff, 0xff, 0xff, 0xff, 0xff, 0xff, 0xff, 0xff, 0xff, 0xff,
  0xff, 0xff, 0xff, 0xff, 0xff, 0xff, 0xff, 0xff, 0xff, 0xff, 0xff, 0xff, 0xff, 0xff, 0xff, 0xff,
  0xff, 0xff, 0xff, 0xff, 0xff, 0xff, 0xff, 0xff, 0xff, 0xff, 0xff, 0xff, 0xff, 0xff, 0xff, 0xff,
  0xff, 0xff, 0xff, 0xff, 0xff, 0xff, 0xff, 0xff, 0xff, 0xff, 0xff, 0xff, 0xff, 0xff, 0xff, 0xff,
  0xff, 0xff, 0xff, 0xff, 0xff, 0xff, 0xff, 0xff, 0xff, 0xff, 0xff, 0xff, 0xff, 0xff, 0xff, 0xff,
  0xff, 0xff, 0xff, 0xff, 0xff, 0xff, 0xff, 0xff, 0xff, 0xff, 0xff, 0xff, 0xff, 0xff, 0xff, 0xff,
  0xff, 0xff, 0xff, 0xff, 0xff, 0xff, 0xff, 0xff, 0xff, 0xff, 0xff, 0xff, 0xff, 0xff, 0xff, 0xff,
  0xff, 0xff, 0xff, 0xff, 0xff, 0xff, 0xff, 0xff, 0xff, 0xff, 0xff, 0xff, 0xff, 0xff, 0xff, 0xff,
  0xff, 0xff, 0xff, 0xff, 0xff, 0xff, 0xff, 0xff, 0xff, 0xff, 0xff, 0xff, 0xff, 0xff, 0xff, 0xff,
  0xff, 0xff, 0xff, 0xff, 0xff, 0xff, 0xff, 0xff, 0xff, 0xff, 0xff, 0xff, 0xff, 0xff, 0xff, 0xff,
  0xff, 0xff, 0xff, 0xff, 0xff, 0xff, 0xff, 0xff, 0xff, 0xff, 0xff, 0xff, 0xff, 0xff, 0xff, 0xff,
  0xff, 0xff, 0xff, 0xff, 0xff, 0xff, 0xff, 0xff, 0xff, 0xff, 0xff, 0xff, 0xff, 0xff, 0xff, 0xff,
  0xff, 0xff, 0xff, 0xff, 0xff, 0xff, 0xff, 0xff, 0xff, 0xff, 0xff, 0xff, 0xff, 0xff, 0xff, 0xff,
  0xff, 0xff, 0xff, 0xff, 0xff, 0xff, 0xff, 0xff, 0xff, 0xff, 0xff, 0xff, 0xff, 0xff, 0xff, 0xff,
  0xff, 0xff, 0xff, 0xff, 0xff, 0xff, 0xff, 0xff, 0xff, 0xff, 0xff, 0xff, 0xff, 0xff, 0xff, 0xff,
  0xff, 0xff, 0xff, 0xff, 0xff, 0xff, 0xff, 0xff, 0xff, 0xff, 0xff, 0xff, 0xff, 0xff, 0xff, 0xff,
  0xff, 0xff, 0xff, 0xff, 0xff, 0xff, 0xff, 0xff, 0xff, 0xff, 0xff, 0xff, 0xff, 0xff, 0xff, 0xff,
  0xff, 0xff, 0xff, 0xff, 0xff, 0xff, 0xff, 0xff, 0xff, 0xff, 0xff, 0xff, 0xff, 0xff, 0xff, 0xff,
  0xff, 0xff, 0xff, 0xff, 0xff, 0xff, 0xff, 0xff, 0xff, 0xff, 0xff, 0xff, 0xff, 0xff, 0xff, 0xff,
  0xff, 0xff, 0xff, 0xff, 0xff, 0xff, 0xff, 0xff, 0xff, 0xff, 0xff, 0xff, 0xff, 0xff, 0xff, 0xff,
  0xff, 0xff, 0xff, 0xff, 0xff, 0xff, 0xff, 0xff, 0xff, 0xff, 0xff, 0xff, 0xff, 0xff, 0xff, 0xff,
  0xff, 0xff, 0xff, 0xff, 0xff, 0xff, 0xff, 0xff, 0xff, 0xff, 0xff, 0xff, 0xff, 0xff, 0xff, 0xff,
  0xff, 0xff, 0xff, 0xff, 0xff, 0xff, 0xff, 0xff, 0xff, 0xff, 0xff, 0xff, 0xff, 0xff, 0xff, 0xff,
  0xff, 0xff, 0xff, 0xff, 0xff, 0xff, 0xff, 0xff, 0xff, 0xff, 0xff, 0xff, 0xff, 0xff, 0xff, 0xff,
  0xff, 0xff, 0xff, 0xff, 0xff, 0xff, 0xff, 0xff, 0xff, 0xff, 0xff, 0xff, 0xff, 0xff, 0xff, 0xff,
  0xff, 0xff, 0xff, 0xff, 0xff, 0xff, 0xff, 0xff, 0xff, 0xff, 0xff, 0xff, 0xff, 0xff, 0xff, 0xff,
  0xff, 0xff, 0xff, 0xff, 0xff, 0xff, 0xff, 0xff, 0xff, 0xff, 0xff, 0xff, 0xff, 0xff, 0xff, 0xff,
  0xff, 0xff, 0xff, 0xff, 0xff, 0xff, 0xff, 0xff, 0xff, 0xff, 0xff, 0xff, 0xff, 0xff, 0xff, 0xff,
  0xff, 0xff, 0xff, 0xff, 0xff, 0xff, 0xff, 0xff, 0xff, 0xff, 0xff, 0xff, 0xff, 0xff, 0xff, 0xff,
  0xff, 0xff, 0xff, 0xff, 0xff, 0xff, 0xff, 0xff, 0xff, 0xff, 0xff, 0xff, 0xff, 0xff, 0xff, 0xff,
  0xff, 0xff, 0xff, 0xff, 0xff, 0xff, 0xff, 0xff, 0xff, 0xff, 0xff, 0xff, 0xff, 0xff, 0xff, 0xff,
  0xff, 0xff, 0xff, 0xff, 0xff, 0xff, 0xff, 0xff, 0xff, 0xff, 0xff, 0xff, 0xff, 0xff, 0xff, 0xff,
  0xff, 0xff, 0xff, 0xff, 0xff, 0xff, 0xff, 0xff, 0xff, 0xff, 0xff, 0xff, 0xff, 0xff, 0xff, 0xff,
  0xff, 0xff, 0xff, 0xff, 0xff, 0xff, 0xff, 0xff, 0xff, 0xff, 0xff, 0xff, 0xff, 0xff, 0xff, 0xff,
  0xff, 0xff, 0xff, 0xff, 0xff, 0xff, 0xff, 0xff, 0xff, 0xff, 0xff, 0xff, 0xff, 0xff, 0xff, 0xff,
  0xff, 0xff, 0xff, 0xff, 0xff, 0xff, 0xff, 0xff, 0xff, 0xff, 0xff, 0xff, 0xff, 0xff, 0xff, 0xff,
  0xff, 0xff, 0xff, 0xff, 0xff, 0xff, 0xff, 0xff, 0xff, 0xff, 0xff, 0xff, 0xff, 0xff, 0xff, 0xff,
  0xff, 0xff, 0xff, 0xff, 0xff, 0xff, 0xff, 0xff, 0xff, 0xff, 0xff, 0xff, 0xff, 0xff, 0xff, 0xff,
  0xff, 0xff, 0xff, 0xff, 0xff, 0xff, 0xff, 0xff, 0xff, 0xff, 0xff, 0xff, 0xff, 0xff, 0xff, 0xff,
  0xff, 0xff, 0xff, 0xff, 0xff, 0xff, 0xff, 0xff, 0xff, 0xff, 0xff, 0xff, 0xff, 0xff, 0xff, 0xff,
  0xff, 0xff, 0xff, 0xff, 0xff, 0xff, 0xff, 0xff, 0xff, 0xff, 0xff, 0xff, 0xff, 0xff, 0xff, 0xff,
  0xff, 0xff, 0xff, 0xff, 0xff, 0xff, 0xff, 0xff, 0xff, 0xff, 0xff, 0xff, 0xff, 0xff, 0xff, 0xff,
  0xff, 0xff, 0xff, 0xff, 0xff, 0xff, 0xff, 0xff, 0xff, 0xff, 0xff, 0xff, 0xff, 0xff, 0xff, 0xff,
  0xff, 0xff, 0xff, 0xff, 0xff, 0xff, 0xff, 0xff, 0xff, 0xff, 0xff, 0xff, 0xff, 0xff, 0xff, 0xff,
  0xff, 0xff, 0xff, 0xff, 0xff, 0xff, 0xff, 0xff, 0xff, 0xff, 0xff, 0xff, 0xff, 0xff, 0xff, 0xff,
  0xff, 0xff, 0xff, 0xff, 0xff, 0xff, 0xff, 0xff, 0xff, 0xff, 0xff, 0xff, 0xff, 0xff, 0xff, 0xff,
  0xff, 0xff, 0xff, 0xff, 0xff, 0xff, 0xff, 0xff, 0xff, 0xff, 0xff, 0xff, 0xff, 0xff, 0xff, 0xff,
  0xff, 0xff, 0xff, 0xff, 0xff, 0xff, 0xff, 0xff, 0xff, 0xff, 0xff, 0xff, 0xff, 0xff, 0xff, 0xff,
  0xff, 0xff, 0xff, 0xff, 0xff, 0xff, 0xff, 0xff, 0xff, 0xff, 0xff, 0xff, 0xff, 0xff, 0xff, 0xff,
  0xff, 0xff, 0xff, 0xff, 0xff, 0xff, 0xff, 0xff, 0xff, 0xff, 0xff, 0xff, 0xff, 0xff, 0xff, 0xff,
  0xff, 0xff, 0xff, 0xff, 0xff, 0xff, 0xff, 0xff, 0xff, 0xff, 0xff, 0xff, 0xff, 0xff, 0xff, 0xff,
  0xff, 0xff, 0xff, 0xff, 0xff, 0xff, 0xff, 0xff, 0xff, 0xff, 0xff, 0xff, 0xff, 0xff, 0xff, 0xff,
  0xff, 0xff, 0xff, 0xff, 0xff, 0xff, 0xff, 0xff, 0xff, 0xff, 0xff, 0xff, 0xff, 0xff, 0xff, 0xff,
  0xff, 0xff, 0xff, 0xff, 0xff, 0xff, 0xff, 0xff, 0xff, 0xff, 0xff, 0xff, 0xff, 0xff, 0xff, 0xff,
  0xff, 0xff, 0xff, 0xff, 0xff, 0xff, 0xff, 0xff, 0xff, 0xff, 0xff, 0xff, 0xff, 0xff, 0xff, 0xff,
  0xff, 0xff, 0xff, 0xff, 0xff, 0xff, 0xff, 0xff, 0xff, 0xff, 0xff, 0xff, 0xff, 0xff, 0xff, 0xff,
  0xff, 0xff, 0xff, 0xff, 0xff, 0xff, 0xff, 0xff, 0xff, 0xff, 0xff, 0xff, 0xff, 0xff, 0xff, 0xff,
  0xff, 0xff, 0xff, 0xff, 0xff, 0xff, 0xff, 0xff, 0xff, 0xff, 0xff, 0xff, 0xff, 0xff, 0xff, 0xff,
  0xff, 0xff, 0xff, 0xff, 0xff, 0xff, 0xff, 0xff, 0xff, 0xff, 0xff, 0xff, 0xff, 0xff, 0xff, 0xff,
  0xff, 0xff, 0xff, 0xff, 0xff, 0xff, 0xff, 0xff, 0xff, 0xff, 0xff, 0xff, 0xff, 0xff, 0xff, 0xff,
  0xff, 0xff, 0xff, 0xff, 0xff, 0xff, 0xff, 0xff, 0xff, 0xff, 0xff, 0xff, 0xff, 0xff, 0xff, 0xff,
  0xff, 0xff, 0xff, 0xff, 0xff, 0xff, 0xff, 0xff, 0xff, 0xff, 0xff, 0xff, 0xff, 0xff, 0xff, 0xff,
  0xff, 0xff, 0xff, 0xff, 0xff, 0xff, 0xff, 0xff, 0xff, 0xff, 0xff, 0xff, 0xff, 0xff, 0xff, 0xff,
  0xff, 0xff, 0xff, 0xff, 0xff, 0xff, 0xff, 0xff, 0xff, 0xff, 0xff, 0xff, 0xff, 0xff, 0xff, 0xff,
  0xff, 0xff, 0xff, 0xff, 0xff, 0xff, 0xff, 0xff, 0xff, 0xff, 0xff, 0xff, 0xff, 0xff, 0xff, 0xff,
  0xff, 0xff, 0xff, 0xff, 0xff, 0xff, 0xff, 0xff, 0xff, 0xff, 0xff, 0xff, 0xff, 0xff, 0xff, 0xff,
  0xff, 0xff, 0xff, 0xff, 0xff, 0xff, 0xff, 0xff, 0xff, 0xff, 0xff, 0xff, 0xff, 0xff, 0xff, 0xff,
  0xff, 0xff, 0xff, 0xff, 0xff, 0xff, 0xff, 0xff, 0xff, 0xff, 0xff, 0xff, 0xff, 0xff, 0xff, 0xff,
  0xff, 0xff, 0xff, 0xff, 0xff, 0xff, 0xff, 0xff, 0xff, 0xff, 0xff, 0xff, 0xff, 0xff, 0xff, 0xff,
  0xff, 0xff, 0xff, 0xff, 0xff, 0xff, 0xff, 0xff, 0xff, 0xff, 0xff, 0xff, 0xff, 0xff, 0xff, 0xff,
  0xff, 0xff, 0xff, 0xff, 0xff, 0xff, 0xff, 0xff, 0xff, 0xff, 0xff, 0xff, 0xff, 0xff, 0xff, 0xff,
  0xff, 0xff, 0xff, 0xff, 0xff, 0xff, 0xff, 0xff, 0xff, 0xff, 0xff, 0xff, 0xff, 0xff, 0xff, 0xff,
  0xff, 0xff, 0xff, 0xff, 0xff, 0xff, 0xff, 0xff, 0xff, 0xff, 0xff, 0xff, 0xff, 0xff, 0xff, 0xff,
  0xff, 0xff, 0xff, 0xff, 0xff, 0xff, 0xff, 0xff, 0xff, 0xff, 0xff, 0xff, 0xff, 0xff, 0xff, 0xff,
  0xff, 0xff, 0xff, 0xff, 0xff, 0xff, 0xff, 0xff, 0xff, 0xff, 0xff, 0xff, 0xff, 0xff, 0xff, 0xff,
  0xff, 0xff, 0xff, 0xff, 0xff, 0xff, 0xff, 0xff, 0xff, 0xff, 0xff, 0xff, 0xff, 0xff, 0xff, 0xff,
  0xff, 0xff, 0xff, 0xff, 0xff, 0xff, 0xff, 0xff, 0xff, 0xff, 0xff, 0xff, 0xff, 0xff, 0xff, 0xff,
  0xff, 0xff, 0xff, 0xff, 0xff, 0xff, 0xff, 0xff, 0xff, 0xff, 0xff, 0xff, 0xff, 0xff, 0xff, 0xff,
  0xff, 0xff, 0xff, 0xff, 0xff, 0xff, 0xff, 0xff, 0xff, 0xff, 0xff, 0xff, 0xff, 0xff, 0xff, 0xff,
  0xff, 0xff, 0xff, 0xff, 0xff, 0xff, 0xff, 0xff, 0xff, 0xff, 0xff, 0xff, 0xff, 0xff, 0xff, 0xff,
  0xff, 0xff, 0xff, 0xff, 0xff, 0xff, 0xff, 0xff, 0xff, 0xff, 0xff, 0xff, 0xff, 0xff, 0xff, 0xff,
  0xff, 0xff, 0xff, 0xff, 0xff, 0xff, 0xff, 0xff, 0xff, 0xff, 0xff, 0xff, 0xff, 0xff, 0xff, 0xff,
  0xff, 0xff, 0xff, 0xff, 0xff, 0xff, 0xff, 0xff, 0xff, 0xff, 0xff, 0xff, 0xff, 0xff, 0xff, 0xff,
  0xff, 0xff, 0xff, 0xff, 0xff, 0xff, 0xff, 0xff, 0xff, 0xff, 0xff, 0xff, 0xff, 0xff, 0xff, 0xff,
  0xff, 0xff, 0xff, 0xff, 0xff, 0xff, 0xff, 0xff, 0xff, 0xff, 0xff, 0xff, 0xff, 0xff, 0xff, 0xff,
  0xff, 0xff, 0xff, 0xff, 0xff, 0xff, 0xff, 0xff, 0xff, 0xff, 0xff, 0xff, 0xff, 0xff, 0xff, 0xff,
  0xff, 0xff, 0xff, 0xff, 0xff, 0xff, 0xff, 0xff, 0xff, 0xff, 0xff, 0xff, 0xff, 0xff, 0xff, 0xff,
  0xff, 0xff, 0xff, 0xff, 0xff, 0xff, 0xff, 0xff, 0xff, 0xff, 0xff, 0xff, 0xff, 0xff, 0xff, 0xff,
  0xff, 0xff, 0xff, 0xff, 0xff, 0xff, 0xff, 0xff, 0xff, 0xff, 0xff, 0xff, 0xff, 0xff, 0xff, 0xff,
  0xff, 0xff, 0xff, 0xff, 0xff, 0xff, 0xff, 0xff, 0xff, 0xff, 0xff, 0xff, 0xff, 0xff, 0xff, 0xff,
  0xff, 0xff, 0xff, 0xff, 0xff, 0xff, 0xff, 0xff, 0xff, 0xff, 0xff, 0xff, 0xff, 0xff, 0xff, 0xff,
  0xff, 0xff, 0xff, 0xff, 0xff, 0xff, 0xff, 0xff, 0xff, 0xff, 0xff, 0xff, 0xff, 0xff, 0xff, 0xff,
  0xff, 0xff, 0xff, 0xff, 0xff, 0xff, 0xff, 0xff, 0xff, 0xff, 0xff, 0xff, 0xff, 0xff, 0xff, 0xff,
  0xff, 0xff, 0xff, 0xff, 0xff, 0xff, 0xff, 0xff, 0xff, 0xff, 0xff, 0xff, 0xff, 0xff, 0xff, 0xff,
  0xff, 0xff, 0xff, 0xff, 0xff, 0xff, 0xff, 0xff, 0xff, 0xff, 0xff, 0xff, 0xff, 0xff, 0xff, 0xff,
  0xff, 0xff, 0xff, 0xff, 0xff, 0xff, 0xff, 0xff, 0xff, 0xff, 0xff, 0xff, 0xff, 0xff, 0xff, 0xff,
  0xff, 0xff, 0xff, 0xff, 0xff, 0xff, 0xff, 0xff, 0xff, 0xff, 0xff, 0xff, 0xff, 0xff, 0xff, 0xff,
  0xff, 0xff, 0xff, 0xff, 0xff, 0xff, 0xff, 0xff, 0xff, 0xff, 0xff, 0xff, 0xff, 0xff, 0xff, 0xff,
  0xff, 0xff, 0xff, 0xff, 0xff, 0xff, 0xff, 0xff, 0xff, 0xff, 0xff, 0xff, 0xff, 0xff, 0xff, 0xff,
  0xff, 0xff, 0xff, 0xff, 0xff, 0xff, 0xff, 0xff, 0xff, 0xff, 0xff, 0xff, 0xff, 0xff, 0xff, 0xff,
  0xff, 0xff, 0xff, 0xff, 0xff, 0xff, 0xff, 0xff, 0xff, 0xff, 0xff, 0xff, 0xff, 0xff, 0xff, 0xff,
  0xff, 0xff, 0xff, 0xff, 0xff, 0xff, 0xff, 0xff, 0xff, 0xff, 0xff, 0xff, 0xff, 0xff, 0xff, 0xff,
  0xff, 0xff, 0xff, 0xff, 0xff, 0xff, 0xff, 0xff, 0xff, 0xff, 0xff, 0xff, 0xff, 0xff, 0xff, 0xff,
  0xff, 0xff, 0xff, 0xff, 0xff, 0xff, 0xff, 0xff, 0xff, 0xff, 0xff, 0xff, 0xff, 0xff, 0xff, 0xff,
  0xff, 0xff, 0xff, 0xff, 0xff, 0xff, 0xff, 0xff, 0xff, 0xff, 0xff, 0xff, 0xff, 0xff, 0xff, 0xff,
  0xff, 0xff, 0xff, 0xff, 0xff, 0xff, 0xff, 0xff, 0xff, 0xff, 0xff, 0xff, 0xff, 0xff, 0xff, 0xff,
  0xff, 0xff, 0xff, 0xff, 0xff, 0xff, 0xff, 0xff, 0xff, 0xff, 0xff, 0xff, 0xff, 0xff, 0xff, 0xff,
  0xff, 0xff, 0xff, 0xff, 0xff, 0xff, 0xff, 0xff, 0xff, 0xff, 0xff, 0xff, 0xff, 0xff, 0xff, 0xff,
  0xff, 0xff, 0xff, 0xff, 0xff, 0xff, 0xff, 0xff, 0xff, 0xff, 0xff, 0xff, 0xff, 0xff, 0xff, 0xff,
  0xff, 0xff, 0xff, 0xff, 0xff, 0xff, 0xff, 0xff, 0xff, 0xff, 0xff, 0xff, 0xff, 0xff, 0xff, 0xff,
  0xff, 0xff, 0xff, 0xff, 0xff, 0xff, 0xff, 0xff, 0xff, 0xff, 0xff, 0xff, 0xff, 0xff, 0xff, 0xff,
  0xff, 0xff, 0xff, 0xff, 0xff, 0xff, 0xff, 0xff, 0xff, 0xff, 0xff, 0xff, 0xff, 0xff, 0xff, 0xff,
  0xff, 0xff, 0xff, 0xff, 0xff, 0xff, 0xff, 0xff, 0xff, 0xff, 0xff, 0xff, 0xff, 0xff, 0x1c, 0x00,
  0x00, 0x00, 0x1c, 0x00, 0x00, 0x00, 0x1c, 0x00, 0x00, 0x00, 0x1c, 0x00, 0x00, 0x00, 0x1c, 0x00,
  0x00, 0x00, 0x1c, 0x00, 0x00, 0x00, 0x1c, 0x00, 0x00, 0x00, 0x1c, 0x00, 0x00, 0x00, 0x1c, 0x00,
  0x00, 0x00, 0x1c, 0x00, 0x00, 0x00, 0xff, 0xff, 0xff, 0xff, 0xff, 0xff, 0xff, 0xff, 0xff, 0xff,
  0xff, 0xff, 0xff, 0xff, 0xff, 0xff, 0xff, 0xff, 0xff, 0xff, 0xff, 0xff, 0xff, 0xff, 0xff, 0xff,
  0xff, 0xff, 0x1c, 0x00, 0x00, 0x00, 0x1c, 0x00, 0x00, 0x00, 0x1c, 0x00, 0x00, 0x00, 0x1c, 0x00,
  0x00, 0x00, 0x1c, 0x00, 0x00, 0x00, 0x1c, 0x00, 0x00, 0x00, 0x1c, 0x00, 0x00, 0x00, 0x1c, 0x00,
  0x00, 0x00, 0x1c, 0x00, 0x00, 0x00, 0x1c, 0x00, 0x00, 0x00, 0x1c, 0x00, 0x00, 0x00, 0x1c, 0x00,
  0x00, 0x00, 0x1c, 0x00, 0x00, 0x00, 0x1c, 0x00, 0x00, 0x00, 0x1c, 0x00, 0x00, 0x00, 0x1c, 0x00,
  0x00, 0x00, 0x1c, 0x00, 0x00, 0x00, 0x1c, 0x00, 0x00, 0x00, 0x1c, 0x00, 0x00, 0x00, 0x1c, 0x00,
  0x00, 0x00, 0x1c, 0x00, 0x00, 0x00, 0x1c, 0x00, 0x00, 0x00, 0x1c, 0x00, 0x00, 0x00, 0x1c, 0x00,
  0x00, 0x00, 0x1c, 0x00, 0x00, 0x00, 0x1c, 0x00, 0x00, 0x00, 0xff, 0xff, 0xff, 0xff, 0xff, 0xff,
  0xff, 0xff, 0xff, 0xff, 0xff, 0xff, 0xff, 0xff, 0xff, 0xff, 0x1c, 0x00, 0x00, 0x00, 0xff, 0xff,
  0xff, 0xff, 0x1c, 0x00, 0x00, 0x00, 0x1c, 0x00, 0x00, 0x00, 0x1c, 0x00, 0x00, 0x00, 0x1c, 0x00,
  0x00, 0x00, 0x1c, 0x00, 0x00, 0x00, 0x1c, 0x00, 0x00, 0x00, 0x1c, 0x00, 0x00, 0x00, 0x1c, 0x00,
  0x00, 0x00, 0x1c, 0x00, 0x00, 0x00, 0x1c, 0x00, 0x00, 0x00, 0x1c, 0x00, 0x00, 0x00, 0x1c, 0x00,
  0x00, 0x00, 0x1c, 0x00, 0x00, 0x00, 0x1c, 0x00, 0x00, 0x00, 0x1c, 0x00, 0x00, 0x00, 0x1c, 0x00,
  0x00, 0x00, 0x1c, 0x00, 0x00, 0x00, 0x1c, 0x00, 0x00, 0x00, 0x1c, 0x00, 0x00, 0x00, 0x1c, 0x00,
  0x00, 0x00, 0x1c, 0x00, 0x00, 0x00, 0x1c, 0x00, 0x00, 0x00, 0x1c, 0x00, 0x00, 0x00, 0x1c, 0x00,
  0x00, 0x00, 0x1c, 0x00, 0x00, 0x00, 0x1c, 0x00, 0x00, 0x00, 0xff, 0xff, 0xff, 0xff, 0xff, 0xff,
  0xff, 0xff, 0xff, 0xff, 0xff, 0xff, 0xff, 0xff, 0xff, 0xff, 0xff, 0xff, 0xff, 0xff, 0xff, 0xff,
  0xff, 0xff, 0xff, 0xff, 0xff, 0xff, 0xff, 0xff, 0xff, 0xff, 0xff, 0xff, 0xff, 0xff, 0xff, 0xff,
  0xff, 0xff, 0xff, 0xff, 0xff, 0xff, 0xff, 0xff, 0xff, 0xff, 0xff, 0xff, 0xff, 0xff, 0xff, 0xff,
  0xff, 0xff, 0xff, 0xff, 0xff, 0xff, 0xff, 0xff, 0xff, 0xff, 0xff, 0xff, 0xff, 0xff, 0xff, 0xff,
  0xff, 0xff, 0xff, 0xff, 0xff, 0xff, 0xff, 0xff, 0xff, 0xff, 0xff, 0xff, 0xff, 0xff, 0xff, 0xff,
  0xff, 0xff, 0xff, 0xff, 0xff, 0xff, 0xff, 0xff, 0xff, 0xff, 0xff, 0xff, 0xff, 0xff, 0xff, 0xff,
  0xff, 0xff, 0xff, 0xff, 0xff, 0xff, 0xff, 0xff, 0xff, 0xff, 0xff, 0xff, 0xff, 0xff, 0xff, 0xff,
  0xff, 0xff, 0xff, 0xff, 0xff, 0xff, 0xff, 0xff, 0xff, 0xff, 0xff, 0xff, 0xff, 0xff, 0xff, 0xff,
  0xff, 0xff, 0xff, 0xff, 0xff, 0xff, 0xff, 0xff, 0xff, 0xff, 0xff, 0xff, 0xff, 0xff, 0xff, 0xff,
  0xff, 0xff, 0xff, 0xff, 0xff, 0xff, 0xff, 0xff, 0xff, 0xff, 0xff, 0xff, 0xff, 0xff, 0xff, 0xff,
  0xff, 0xff, 0xff, 0xff, 0xff, 0xff, 0xff, 0xff, 0xff, 0xff, 0xff, 0xff, 0xff, 0xff, 0xff, 0xff,
  0xff, 0xff, 0xff, 0xff, 0xff, 0xff, 0xff, 0xff, 0xff, 0xff, 0xff, 0xff, 0xff, 0xff, 0xff, 0xff,
  0xff, 0xff, 0xff, 0xff, 0xff, 0xff, 0xff, 0xff, 0xff, 0xff, 0xff, 0xff, 0xff, 0xff, 0xff, 0xff,
  0xff, 0xff, 0xff, 0xff, 0xff, 0xff, 0xff, 0xff, 0xff, 0xff, 0xff, 0xff, 0xff, 0xff, 0xff, 0xff,
  0xff, 0xff, 0xff, 0xff, 0xff, 0xff, 0xff, 0xff, 0xff, 0xff, 0xff, 0xff, 0xff, 0xff, 0xff, 0xff,
  0xff, 0xff, 0xff, 0xff, 0xff, 0xff, 0xff, 0xff, 0xff, 0xff, 0xff, 0xff, 0xff, 0xff, 0xff, 0xff,
  0xff, 0xff, 0xff, 0xff, 0xff, 0xff, 0xff, 0xff, 0xff, 0xff, 0xff, 0xff, 0xff, 0xff, 0xff, 0xff,
  0xff, 0xff, 0xff, 0xff, 0xff, 0xff, 0xff, 0xff, 0xff, 0xff, 0xff, 0xff, 0xff, 0xff, 0xff, 0xff,
  0xff, 0xff, 0xff, 0xff, 0xff, 0xff, 0xff, 0xff, 0xff, 0xff, 0xff, 0xff, 0xff, 0xff, 0xff, 0xff,
  0xff, 0xff, 0xff, 0xff, 0xff, 0xff, 0xff, 0xff, 0xff, 0xff, 0xff, 0xff, 0xff, 0xff, 0xff, 0xff,
  0xff, 0xff, 0xff, 0xff, 0xff, 0xff, 0xff, 0xff, 0xff, 0xff, 0xff, 0xff, 0xff, 0xff, 0xff, 0xff,
  0xff, 0xff, 0xff, 0xff, 0xff, 0xff, 0xff, 0xff, 0xff, 0xff, 0xff, 0xff, 0xff, 0xff, 0xff, 0xff,
  0xff, 0xff, 0xff, 0xff, 0xff, 0xff, 0xff, 0xff, 0xff, 0xff, 0xff, 0xff, 0xff, 0xff, 0xff, 0xff,
  0xff, 0xff, 0xff, 0xff, 0xff, 0xff, 0xff, 0xff, 0xff, 0xff, 0xff, 0xff, 0xff, 0xff, 0xff, 0xff,
  0xff, 0xff, 0xff, 0xff, 0xff, 0xff, 0xff, 0xff, 0xff, 0xff, 0xff, 0xff, 0xff, 0xff, 0xff, 0xff,
  0xff, 0xff, 0xff, 0xff, 0xff, 0xff, 0xff, 0xff, 0xff, 0xff, 0xff, 0xff, 0xff, 0xff, 0xff, 0xff,
  0xff, 0xff, 0xff, 0xff, 0xff, 0xff, 0xff, 0xff, 0xff, 0xff, 0xff, 0xff, 0xff, 0xff, 0xff, 0xff,
  0xff, 0xff, 0xff, 0xff, 0xff, 0xff, 0xff, 0xff, 0xff, 0xff, 0xff, 0xff, 0xff, 0xff, 0xff, 0xff,
  0xff, 0xff, 0xff, 0xff, 0xff, 0xff, 0xff, 0xff, 0xff, 0xff, 0xff, 0xff, 0xff, 0xff, 0xff, 0xff,
  0xff, 0xff, 0xff, 0xff, 0xff, 0xff, 0xff, 0xff, 0xff, 0xff, 0xff, 0xff, 0xff, 0xff, 0xff, 0xff,
  0xff, 0xff, 0xff, 0xff, 0xff, 0xff, 0xff, 0xff, 0xff, 0xff, 0xff, 0xff, 0xff, 0xff, 0xff, 0xff,
  0xff, 0xff, 0xff, 0xff, 0xff, 0xff, 0xff, 0xff, 0xff, 0xff, 0xff, 0xff, 0xff, 0xff, 0xff, 0xff,
  0xff, 0xff, 0xff, 0xff, 0xff, 0xff, 0xff, 0xff, 0xff, 0xff, 0xff, 0xff, 0xff, 0xff, 0xff, 0xff,
  0xff, 0xff, 0xff, 0xff, 0xff, 0xff, 0xff, 0xff, 0xff, 0xff, 0xff, 0xff, 0xff, 0xff, 0xff, 0xff,
  0xff, 0xff, 0xff, 0xff, 0xff, 0xff, 0xff, 0xff, 0xff, 0xff, 0xff, 0xff, 0xff, 0xff, 0xff, 0xff,
  0xff, 0xff, 0xff, 0xff, 0xff, 0xff, 0xff, 0xff, 0xff, 0xff, 0xff, 0xff, 0xff, 0xff, 0xff, 0xff,
  0xff, 0xff, 0xff, 0xff, 0xff, 0xff, 0xff, 0xff, 0xff, 0xff, 0xff, 0xff, 0xff, 0xff, 0xff, 0xff,
  0xff, 0xff, 0xff, 0xff, 0xff, 0xff, 0xff, 0xff, 0xff, 0xff, 0xff, 0xff, 0xff, 0xff, 0xff, 0xff,
  0xff, 0xff, 0xff, 0xff, 0xff, 0xff, 0xff, 0xff, 0xff, 0xff, 0xff, 0xff, 0xff, 0xff, 0xff, 0xff,
  0xff, 0xff, 0xff, 0xff, 0xff, 0xff, 0xff, 0xff, 0xff, 0xff, 0xff, 0xff, 0xff, 0xff, 0xff, 0xff,
  0xff, 0xff, 0xff, 0xff, 0xff, 0xff, 0xff, 0xff, 0xff, 0xff, 0xff, 0xff, 0xff, 0xff, 0xff, 0xff,
  0xff, 0xff, 0xff, 0xff, 0xff, 0xff, 0xff, 0xff, 0xff, 0xff, 0xff, 0xff, 0xff, 0xff, 0xff, 0xff,
  0xff, 0xff, 0xff, 0xff, 0xff, 0xff, 0xff, 0xff, 0xff, 0xff, 0xff, 0xff, 0xff, 0xff, 0xff, 0xff,
  0xff, 0xff, 0xff, 0xff, 0xff, 0xff, 0xff, 0xff, 0xff, 0xff, 0xff, 0xff, 0xff, 0xff, 0xff, 0xff,
  0xff, 0xff, 0xff, 0xff, 0xff, 0xff, 0xff, 0xff, 0xff, 0xff, 0xff, 0xff, 0xff, 0xff, 0xff, 0xff,
  0xff, 0xff, 0xff, 0xff, 0xff, 0xff, 0xff, 0xff, 0xff, 0xff, 0xff, 0xff, 0xff, 0xff, 0xff, 0xff,
  0xff, 0xff, 0xff, 0xff, 0xff, 0xff, 0xff, 0xff, 0xff, 0xff, 0xff, 0xff, 0xff, 0xff, 0xff, 0xff,
  0xff, 0xff, 0xff, 0xff, 0xff, 0xff, 0xff, 0xff, 0xff, 0xff, 0xff, 0xff, 0xff, 0xff, 0xff, 0xff,
  0xff, 0xff, 0xff, 0xff, 0xff, 0xff, 0xff, 0xff, 0xff, 0xff, 0xff, 0xff, 0xff, 0xff, 0xff, 0xff,
  0xff, 0xff, 0xff, 0xff, 0xff, 0xff, 0xff, 0xff, 0xff, 0xff, 0xff, 0xff, 0xff, 0xff, 0xff, 0xff,
  0xff, 0xff, 0xff, 0xff, 0xff, 0xff, 0xff, 0xff, 0xff, 0xff, 0xff, 0xff, 0xff, 0xff, 0xff, 0xff,
  0xff, 0xff, 0xff, 0xff, 0xff, 0xff, 0xff, 0xff, 0xff, 0xff, 0xff, 0xff, 0xff, 0xff, 0xff, 0xff,
  0xff, 0xff, 0xff, 0xff, 0xff, 0xff, 0xff, 0xff, 0xff, 0xff, 0xff, 0xff, 0xff, 0xff, 0xff, 0xff,
  0xff, 0xff, 0xff, 0xff, 0xff, 0xff, 0xff, 0xff, 0xff, 0xff, 0xff, 0xff, 0xff, 0xff, 0xff, 0xff,
  0xff, 0xff, 0xff, 0xff, 0xff, 0xff, 0xff, 0xff, 0xff, 0xff, 0xff, 0xff, 0xff, 0xff, 0xff, 0xff,
  0xff, 0xff, 0xff, 0xff, 0xff, 0xff, 0xff, 0xff, 0xff, 0xff, 0xff, 0xff, 0xff, 0xff, 0xff, 0xff,
  0xff, 0xff, 0xff, 0xff, 0xff, 0xff, 0xff, 0xff, 0xff, 0xff, 0xff, 0xff, 0xff, 0xff, 0xff, 0xff,
  0xff, 0xff, 0xff, 0xff, 0xff, 0xff, 0xff, 0xff, 0xff, 0xff, 0xff, 0xff, 0xff, 0xff, 0xff, 0xff,
  0xff, 0xff, 0xff, 0xff, 0xff, 0xff, 0xff, 0xff, 0xff, 0xff, 0xff, 0xff, 0xff, 0xff, 0xff, 0xff,
  0xff, 0xff, 0xff, 0xff, 0xff, 0xff, 0xff, 0xff, 0xff, 0xff, 0xff, 0xff, 0xff, 0xff, 0xff, 0xff,
  0xff, 0xff, 0xff, 0xff, 0xff, 0xff, 0xff, 0xff, 0xff, 0xff, 0xff, 0xff, 0xff, 0xff, 0xff, 0xff,
  0xff, 0xff, 0xff, 0xff, 0xff, 0xff, 0xff, 0xff, 0xff, 0xff, 0xff, 0xff, 0xff, 0xff, 0xff, 0xff,
  0xff, 0xff, 0xff, 0xff, 0xff, 0xff, 0xff, 0xff, 0xff, 0xff, 0xff, 0xff, 0xff, 0xff, 0xff, 0xff,
  0xff, 0xff, 0xff, 0xff, 0xff, 0xff, 0xff, 0xff, 0xff, 0xff, 0xff, 0xff, 0xff, 0xff, 0xff, 0xff,
  0xff, 0xff, 0xff, 0xff, 0xff, 0xff, 0xff, 0xff, 0xff, 0xff, 0xff, 0xff, 0xff, 0xff, 0xff, 0xff,
  0xff, 0xff, 0xff, 0xff, 0xff, 0xff, 0xff, 0xff, 0xff, 0xff, 0xff, 0xff, 0xff, 0xff, 0xff, 0xff,
  0xff, 0xff, 0xff, 0xff, 0xff, 0xff, 0xff, 0xff, 0xff, 0xff, 0xff, 0xff, 0xff, 0xff, 0xff, 0xff,
  0xff, 0xff, 0xff, 0xff, 0xff, 0xff, 0xff, 0xff, 0xff, 0xff, 0xff, 0xff, 0xff, 0xff, 0xff, 0xff,
  0xff, 0xff, 0xff, 0xff, 0xff, 0xff, 0xff, 0xff, 0xff, 0xff, 0xff, 0xff, 0xff, 0xff, 0xff, 0xff,
  0xff, 0xff, 0xff, 0xff, 0xff, 0xff, 0xff, 0xff, 0xff, 0xff, 0xff, 0xff, 0xff, 0xff, 0xff, 0xff,
  0xff, 0xff, 0xff, 0xff, 0xff, 0xff, 0xff, 0xff, 0xff, 0xff, 0xff, 0xff, 0xff, 0xff, 0xff, 0xff,
  0xff, 0xff, 0xff, 0xff, 0xff, 0xff, 0xff, 0xff, 0xff, 0xff, 0xff, 0xff, 0xff, 0xff, 0xff, 0xff,
  0xff, 0xff, 0xff, 0xff, 0xff, 0xff, 0xff, 0xff, 0xff, 0xff, 0xff, 0xff, 0xff, 0xff, 0xff, 0xff,
  0xff, 0xff, 0xff, 0xff, 0xff, 0xff, 0xff, 0xff, 0xff, 0xff, 0xff, 0xff, 0xff, 0xff, 0xff, 0xff,
  0xff, 0xff, 0xff, 0xff, 0xff, 0xff, 0xff, 0xff, 0xff, 0xff, 0xff, 0xff, 0xff, 0xff, 0xff, 0xff,
  0xff, 0xff, 0xff, 0xff, 0xff, 0xff, 0xff, 0xff, 0xff, 0xff, 0xff, 0xff, 0xff, 0xff, 0xff, 0xff,
  0xff, 0xff, 0xff, 0xff, 0xff, 0xff, 0xff, 0xff, 0xff, 0xff, 0xff, 0xff, 0xff, 0xff, 0x1d, 0x00,
  0x00, 0x00, 0x1d, 0x00, 0x00, 0x00, 0x1d, 0x00, 0x00, 0x00, 0x1d, 0x00, 0x00, 0x00, 0x1d, 0x00,
  0x00, 0x00, 0x1d, 0x00, 0x00, 0x00, 0x1d, 0x00, 0x00, 0x00, 0x1d, 0x00, 0x00, 0x00, 0x1d, 0x00,
  0x00, 0x00, 0x1d, 0x00, 0x00, 0x00, 0xff, 0xff, 0xff, 0xff, 0xff, 0xff, 0xff, 0xff, 0xff, 0xff,
  0xff, 0xff, 0xff, 0xff, 0xff, 0xff, 0xff, 0xff, 0xff, 0xff, 0xff, 0xff, 0xff, 0xff, 0xff, 0xff,
  0xff, 0xff, 0x1d, 0x00, 0x00, 0x00, 0x1d, 0x00, 0x00, 0x00, 0x1d, 0x00, 0x00, 0x00, 0x1d, 0x00,
  0x00, 0x00, 0x1d, 0x00, 0x00, 0x00, 0x1d, 0x00, 0x00, 0x00, 0x1d, 0x00, 0x00, 0x00, 0x1d, 0x00,
  0x00, 0x00, 0x1d, 0x00, 0x00, 0x00, 0x1d, 0x00, 0x00, 0x00, 0x1d, 0x00, 0x00, 0x00, 0x1d, 0x00,
  0x00, 0x00, 0x1d, 0x00, 0x00, 0x00, 0x1d, 0x00, 0x00, 0x00, 0x1d, 0x00, 0x00, 0x00, 0x1d, 0x00,
  0x00, 0x00, 0x1d, 0x00, 0x00, 0x00, 0x1d, 0x00, 0x00, 0x00, 0x1d, 0x00, 0x00, 0x00, 0x1d, 0x00,
  0x00, 0x00, 0x1d, 0x00, 0x00, 0x00, 0x1d, 0x00, 0x00, 0x00, 0x1d, 0x00, 0x00, 0x00, 0x1d, 0x00,
  0x00, 0x00, 0x1d, 0x00, 0x00, 0x00, 0x1d, 0x00, 0x00, 0x00, 0xff, 0xff, 0xff, 0xff, 0xff, 0xff,
  0xff, 0xff, 0xff, 0xff, 0xff, 0xff, 0xff, 0xff, 0xff, 0xff, 0x1d, 0x00, 0x00, 0x00, 0xff, 0xff,
  0xff, 0xff, 0x1d, 0x00, 0x00, 0x00, 0x1d, 0x00, 0x00, 0x00, 0x1d, 0x00, 0x00, 0x00, 0x1d, 0x00,
  0x00, 0x00, 0x1d, 0x00, 0x00, 0x00, 0x1d, 0x00, 0x00, 0x00, 0x1d, 0x00, 0x00, 0x00, 0x1d, 0x00,
  0x00, 0x00, 0x1d, 0x00, 0x00, 0x00, 0x1d, 0x00, 0x00, 0x00, 0x1d, 0x00, 0x00, 0x00, 0x1d, 0x00,
  0x00, 0x00, 0x1d, 0x00, 0x00, 0x00, 0x1d, 0x00, 0x00, 0x00, 0x1d, 0x00, 0x00, 0x00, 0x1d, 0x00,
  0x00, 0x00, 0x1d, 0x00, 0x00, 0x00, 0x1d, 0x00, 0x00, 0x00, 0x1d, 0x00, 0x00, 0x00, 0x1d, 0x00,
  0x00, 0x00, 0x1d, 0x00, 0x00, 0x00, 0x1d, 0x00, 0x00, 0x00, 0x1d, 0x00, 0x00, 0x00, 0x1d, 0x00,
  0x00, 0x00, 0x1d, 0x00, 0x00, 0x00, 0x1d, 0x00, 0x00, 0x00, 0xff, 0xff, 0xff, 0xff, 0xff, 0xff,
  0xff, 0xff, 0xff, 0xff, 0xff, 0xff, 0xff, 0xff, 0xff, 0xff, 0xff, 0xff, 0xff, 0xff, 0xff, 0xff,
  0xff, 0xff, 0xff, 0xff, 0xff, 0xff, 0xff, 0xff, 0xff, 0xff, 0xff, 0xff, 0xff, 0xff, 0xff, 0xff,
  0xff, 0xff, 0xff, 0xff, 0xff, 0xff, 0xff, 0xff, 0xff, 0xff, 0xff, 0xff, 0xff, 0xff, 0xff, 0xff,
  0xff, 0xff, 0xff, 0xff, 0xff, 0xff, 0xff, 0xff, 0xff, 0xff, 0xff, 0xff, 0xff, 0xff, 0xff, 0xff,
  0xff, 0xff, 0xff, 0xff, 0xff, 0xff, 0xff, 0xff, 0xff, 0xff, 0xff, 0xff, 0xff, 0xff, 0xff, 0xff,
  0xff, 0xff, 0xff, 0xff, 0xff, 0xff, 0xff, 0xff, 0xff, 0xff, 0xff, 0xff, 0xff, 0xff, 0xff, 0xff,
  0xff, 0xff, 0xff, 0xff, 0xff, 0xff, 0xff, 0xff, 0xff, 0xff, 0xff, 0xff, 0xff, 0xff, 0xff, 0xff,
  0xff, 0xff, 0xff, 0xff, 0xff, 0xff, 0xff, 0xff, 0xff, 0xff, 0xff, 0xff, 0xff, 0xff, 0xff, 0xff,
  0xff, 0xff, 0xff, 0xff, 0xff, 0xff, 0xff, 0xff, 0xff, 0xff, 0xff, 0xff, 0xff, 0xff, 0xff, 0xff,
  0xff, 0xff, 0xff, 0xff, 0xff, 0xff, 0xff, 0xff, 0xff, 0xff, 0xff, 0xff, 0xff, 0xff, 0xff, 0xff,
  0xff, 0xff, 0xff, 0xff, 0xff, 0xff, 0xff, 0xff, 0xff, 0xff, 0xff, 0xff, 0xff, 0xff, 0xff, 0xff,
  0xff, 0xff, 0xff, 0xff, 0xff, 0xff, 0xff, 0xff, 0xff, 0xff, 0xff, 0xff, 0xff, 0xff, 0xff, 0xff,
  0xff, 0xff, 0xff, 0xff, 0xff, 0xff, 0xff, 0xff, 0xff, 0xff, 0xff, 0xff, 0xff, 0xff, 0xff, 0xff,
  0xff, 0xff, 0xff, 0xff, 0xff, 0xff, 0xff, 0xff, 0xff, 0xff, 0xff, 0xff, 0xff, 0xff, 0xff, 0xff,
  0xff, 0xff, 0xff, 0xff, 0xff, 0xff, 0xff, 0xff, 0xff, 0xff, 0xff, 0xff, 0xff, 0xff, 0xff, 0xff,
  0xff, 0xff, 0xff, 0xff, 0xff, 0xff, 0xff, 0xff, 0xff, 0xff, 0xff, 0xff, 0xff, 0xff, 0xff, 0xff,
  0xff, 0xff, 0xff, 0xff, 0xff, 0xff, 0xff, 0xff, 0xff, 0xff, 0xff, 0xff, 0xff, 0xff, 0xff, 0xff,
  0xff, 0xff, 0xff, 0xff, 0xff, 0xff, 0xff, 0xff, 0xff, 0xff, 0xff, 0xff, 0xff, 0xff, 0xff, 0xff,
  0xff, 0xff, 0xff, 0xff, 0xff, 0xff, 0xff, 0xff, 0xff, 0xff, 0xff, 0xff, 0xff, 0xff, 0xff, 0xff,
  0xff, 0xff, 0xff, 0xff, 0xff, 0xff, 0xff, 0xff, 0xff, 0xff, 0xff, 0xff, 0xff, 0xff, 0xff, 0xff,
  0xff, 0xff, 0xff, 0xff, 0xff, 0xff, 0xff, 0xff, 0xff, 0xff, 0xff, 0xff, 0xff, 0xff, 0xff, 0xff,
  0xff, 0xff, 0xff, 0xff, 0xff, 0xff, 0xff, 0xff, 0xff, 0xff, 0xff, 0xff, 0xff, 0xff, 0xff, 0xff,
  0xff, 0xff, 0xff, 0xff, 0xff, 0xff, 0xff, 0xff, 0xff, 0xff, 0xff, 0xff, 0xff, 0xff, 0xff, 0xff,
  0xff, 0xff, 0xff, 0xff, 0xff, 0xff, 0xff, 0xff, 0xff, 0xff, 0xff, 0xff, 0xff, 0xff, 0xff, 0xff,
  0xff, 0xff, 0xff, 0xff, 0xff, 0xff, 0xff, 0xff, 0xff, 0xff, 0xff, 0xff, 0xff, 0xff, 0xff, 0xff,
  0xff, 0xff, 0xff, 0xff, 0xff, 0xff, 0xff, 0xff, 0xff, 0xff, 0xff, 0xff, 0xff, 0xff, 0xff, 0xff,
  0xff, 0xff, 0xff, 0xff, 0xff, 0xff, 0xff, 0xff, 0xff, 0xff, 0xff, 0xff, 0xff, 0xff, 0xff, 0xff,
  0xff, 0xff, 0xff, 0xff, 0xff, 0xff, 0xff, 0xff, 0xff, 0xff, 0xff, 0xff, 0xff, 0xff, 0xff, 0xff,
  0xff, 0xff, 0xff, 0xff, 0xff, 0xff, 0xff, 0xff, 0xff, 0xff, 0xff, 0xff, 0xff, 0xff, 0xff, 0xff,
  0xff, 0xff, 0xff, 0xff, 0xff, 0xff, 0xff, 0xff, 0xff, 0xff, 0xff, 0xff, 0xff, 0xff, 0xff, 0xff,
  0xff, 0xff, 0xff, 0xff, 0xff, 0xff, 0xff, 0xff, 0xff, 0xff, 0xff, 0xff, 0xff, 0xff, 0xff, 0xff,
  0xff, 0xff, 0xff, 0xff, 0xff, 0xff, 0xff, 0xff, 0xff, 0xff, 0xff, 0xff, 0xff, 0xff, 0xff, 0xff,
  0xff, 0xff, 0xff, 0xff, 0xff, 0xff, 0xff, 0xff, 0xff, 0xff, 0xff, 0xff, 0xff, 0xff, 0xff, 0xff,
  0xff, 0xff, 0xff, 0xff, 0xff, 0xff, 0xff, 0xff, 0xff, 0xff, 0xff, 0xff, 0xff, 0xff, 0xff, 0xff,
  0xff, 0xff, 0xff, 0xff, 0xff, 0xff, 0xff, 0xff, 0xff, 0xff, 0xff, 0xff, 0xff, 0xff, 0xff, 0xff,
  0xff, 0xff, 0x16, 0x00, 0x00, 0x00, 0x16, 0x00, 0x00, 0x00, 0xff, 0xff, 0xff, 0xff, 0xff, 0xff,
  0xff, 0xff, 0x16, 0x00, 0x00, 0x00, 0xff, 0xff, 0xff, 0xff, 0xff, 0xff, 0xff, 0xff, 0xff, 0xff,
  0xff, 0xff, 0xff, 0xff, 0xff, 0xff, 0xff, 0xff, 0xff, 0xff, 0xff, 0xff, 0xff, 0xff, 0xff, 0xff,
  0xff, 0xff, 0xff, 0xff, 0xff, 0xff, 0xff, 0xff, 0xff, 0xff, 0xff, 0xff, 0xff, 0xff, 0xff, 0xff,
  0xff, 0xff, 0xff, 0xff, 0xff, 0xff, 0xff, 0xff, 0xff, 0xff, 0xff, 0xff, 0xff, 0xff, 0xff, 0xff,
  0xff, 0xff, 0xff, 0xff, 0xff, 0xff, 0xff, 0xff, 0xff, 0xff, 0xff, 0xff, 0xff, 0xff, 0x16, 0x00,
  0x00, 0x00, 0xff, 0xff, 0xff, 0xff, 0xff, 0xff, 0xff, 0xff, 0xff, 0xff, 0xff, 0xff, 0xff, 0xff,
  0xff, 0xff, 0xff, 0xff, 0xff, 0xff, 0xff, 0xff, 0xff, 0xff, 0xff, 0xff, 0xff, 0xff, 0xff, 0xff,
  0xff, 0xff, 0xff, 0xff, 0xff, 0xff, 0xff, 0xff, 0xff, 0xff, 0xff, 0xff, 0xff, 0xff, 0xff, 0xff,
  0xff, 0xff, 0xff, 0xff, 0xff, 0xff, 0xff, 0xff, 0xff, 0xff, 0xff, 0xff, 0xff, 0xff, 0xff, 0xff,
  0xff, 0xff, 0xff, 0xff, 0xff, 0xff, 0xff, 0xff, 0xff, 0xff, 0xff, 0xff, 0xff, 0xff, 0xff, 0xff,
  0xff, 0xff, 0xff, 0xff, 0xff, 0xff, 0xff, 0xff, 0xff, 0xff, 0xff, 0xff, 0xff, 0xff, 0xff, 0xff,
  0xff, 0xff, 0xff, 0xff, 0xff, 0xff, 0xff, 0xff, 0xff, 0xff, 0xff, 0xff, 0xff, 0xff, 0xff, 0xff,
  0xff, 0xff, 0xff, 0xff, 0xff, 0xff, 0xff, 0xff, 0xff, 0xff, 0xff, 0xff, 0xff, 0xff, 0xff, 0xff,
  0xff, 0xff, 0xff, 0xff, 0xff, 0xff, 0xff, 0xff, 0xff, 0xff, 0xff, 0xff, 0xff, 0xff, 0xff, 0xff,
  0xff, 0xff, 0xff, 0xff, 0xff, 0xff, 0xff, 0xff, 0xff, 0xff, 0xff, 0xff, 0xff, 0xff, 0xff, 0xff,
  0xff, 0xff, 0xff, 0xff, 0xff, 0xff, 0xff, 0xff, 0xff, 0xff, 0xff, 0xff, 0xff, 0xff, 0xff, 0xff,
  0xff, 0xff, 0xff, 0xff, 0xff, 0xff, 0xff, 0xff, 0xff, 0xff, 0xff, 0xff, 0xff, 0xff, 0xff, 0xff,
  0xff, 0xff, 0xff, 0xff, 0xff, 0xff, 0xff, 0xff, 0xff, 0xff, 0xff, 0xff, 0xff, 0xff, 0xff, 0xff,
  0xff, 0xff, 0xff, 0xff, 0xff, 0xff, 0xff, 0xff, 0xff, 0xff, 0xff, 0xff, 0xff, 0xff, 0xff, 0xff,
  0xff, 0xff, 0xff, 0xff, 0xff, 0xff, 0xff, 0xff, 0xff, 0xff, 0xff, 0xff, 0xff, 0xff, 0xff, 0xff,
  0xff, 0xff, 0xff, 0xff, 0xff, 0xff, 0xff, 0xff, 0xff, 0xff, 0xff, 0xff, 0xff, 0xff, 0xff, 0xff,
  0xff, 0xff, 0xff, 0xff, 0xff, 0xff, 0xff, 0xff, 0xff, 0xff, 0xff, 0xff, 0xff, 0xff, 0xff, 0xff,
  0xff, 0xff, 0xff, 0xff, 0xff, 0xff, 0xff, 0xff, 0xff, 0xff, 0xff, 0xff, 0xff, 0xff, 0xff, 0xff,
  0xff, 0xff, 0xff, 0xff, 0xff, 0xff, 0xff, 0xff, 0xff, 0xff, 0xff, 0xff, 0xff, 0xff, 0xff, 0xff,
  0xff, 0xff, 0xff, 0xff, 0xff, 0xff, 0xff, 0xff, 0xff, 0xff, 0xff, 0xff, 0xff, 0xff, 0xff, 0xff,
  0xff, 0xff, 0xff, 0xff, 0xff, 0xff, 0xff, 0xff, 0xff, 0xff, 0xff, 0xff, 0xff, 0xff, 0xff, 0xff,
  0xff, 0xff, 0xff, 0xff, 0xff, 0xff, 0xff, 0xff, 0xff, 0xff, 0xff, 0xff, 0xff, 0xff, 0xff, 0xff,
  0xff, 0xff, 0xff, 0xff, 0xff, 0xff, 0xff, 0xff, 0xff, 0xff, 0xff, 0xff, 0xff, 0xff, 0xff, 0xff,
  0xff, 0xff, 0xff, 0xff, 0xff, 0xff, 0xff, 0xff, 0xff, 0xff, 0xff, 0xff, 0xff, 0xff, 0x17, 0x00,
  0x00, 0x00, 0x17, 0x00, 0x00, 0x00, 0x17, 0x00, 0x00, 0x00, 0x17, 0x00, 0x00, 0x00, 0x17, 0x00,
  0x00, 0x00, 0x17, 0x00, 0x00, 0x00, 0x17, 0x00, 0x00, 0x00, 0x17, 0x00, 0x00, 0x00, 0x17, 0x00,
  0x00, 0x00, 0x17, 0x00, 0x00, 0x00, 0x17, 0x00, 0x00, 0x00, 0x17, 0x00, 0x00, 0x00, 0x17, 0x00,
  0x00, 0x00, 0x17, 0x00, 0x00, 0x00, 0x17, 0x00, 0x00, 0x00, 0x17, 0x00, 0x00, 0x00, 0x17, 0x00,
  0x00, 0x00, 0x17, 0x00, 0x00, 0x00, 0x17, 0x00, 0x00, 0x00, 0x17, 0x00, 0x00, 0x00, 0x17, 0x00,
  0x00, 0x00, 0x17, 0x00, 0x00, 0x00, 0x17, 0x00, 0x00, 0x00, 0x17, 0x00, 0x00, 0x00, 0x17, 0x00,
  0x00, 0x00, 0x17, 0x00, 0x00, 0x00, 0x17, 0x00, 0x00, 0x00, 0x17, 0x00, 0x00, 0x00, 0x17, 0x00,
  0x00, 0x00, 0x17, 0x00, 0x00, 0x00, 0x17, 0x00, 0x00, 0x00, 0x17, 0x00, 0x00, 0x00, 0x17, 0x00,
  0x00, 0x00, 0x17, 0x00, 0x00, 0x00, 0x18, 0x00, 0x00, 0x00, 0x17, 0x00, 0x00, 0x00, 0x17, 0x00,
  0x00, 0x00, 0x17, 0x00, 0x00, 0x00, 0x17, 0x00, 0x00, 0x00, 0x17, 0x00, 0x00, 0x00, 0x17, 0x00,
  0x00, 0x00, 0x17, 0x00, 0x00, 0x00, 0x17, 0x00, 0x00, 0x00, 0x17, 0x00, 0x00, 0x00, 0x17, 0x00,
  0x00, 0x00, 0x17, 0x00, 0x00, 0x00, 0x17, 0x00, 0x00, 0x00, 0x17, 0x00, 0x00, 0x00, 0x17, 0x00,
  0x00, 0x00, 0x17, 0x00, 0x00, 0x00, 0x17, 0x00, 0x00, 0x00, 0x17, 0x00, 0x00, 0x00, 0x17, 0x00,
  0x00, 0x00, 0x17, 0x00, 0x00, 0x00, 0x17, 0x00, 0x00, 0x00, 0x17, 0x00, 0x00, 0x00, 0x17, 0x00,
  0x00, 0x00, 0x17, 0x00, 0x00, 0x00, 0x17, 0x00, 0x00, 0x00, 0x17, 0x00, 0x00, 0x00, 0x17, 0x00,
  0x00, 0x00, 0x17, 0x00, 0x00, 0x00, 0x17, 0x00, 0x00, 0x00, 0x17, 0x00, 0x00, 0x00, 0x17, 0x00,
  0x00, 0x00, 0x17, 0x00, 0x00, 0x00, 0x17, 0x00, 0x00, 0x00, 0x17, 0x00, 0x00, 0x00, 0x17, 0x00,
  0x00, 0x00, 0x17, 0x00, 0x00, 0x00, 0x17, 0x00, 0x00, 0x00, 0x17, 0x00, 0x00, 0x00, 0x17, 0x00,
  0x00, 0x00, 0x17, 0x00, 0x00, 0x00, 0x17, 0x00, 0x00, 0x00, 0x17, 0x00, 0x00, 0x00, 0x17, 0x00,
  0x00, 0x00, 0x17, 0x00, 0x00, 0x00, 0x17, 0x00, 0x00, 0x00, 0x17, 0x00, 0x00, 0x00, 0x17, 0x00,
  0x00, 0x00, 0x17, 0x00, 0x00, 0x00, 0x17, 0x00, 0x00, 0x00, 0x17, 0x00, 0x00, 0x00, 0x17, 0x00,
  0x00, 0x00, 0x17, 0x00, 0x00, 0x00, 0x17, 0x00, 0x00, 0x00, 0x17, 0x00, 0x00, 0x00, 0x17, 0x00,
  0x00, 0x00, 0x17, 0x00, 0x00, 0x00, 0x17, 0x00, 0x00, 0x00, 0x17, 0x00, 0x00, 0x00, 0x19, 0x00,
  0x00, 0x00, 0x17, 0x00, 0x00, 0x00, 0x17, 0x00, 0x00, 0x00, 0x17, 0x00, 0x00, 0x00, 0x17, 0x00,
  0x00, 0x00, 0x17, 0x00, 0x00, 0x00, 0x17, 0x00, 0x00, 0x00, 0x17, 0x00, 0x00, 0x00, 0x17, 0x00,
  0x00, 0x00, 0x17, 0x00, 0x00, 0x00, 0x17, 0x00, 0x00, 0x00, 0x17, 0x00, 0x00, 0x00, 0x17, 0x00,
  0x00, 0x00, 0x17, 0x00, 0x00, 0x00, 0x17, 0x00, 0x00, 0x00, 0x17, 0x00, 0x00, 0x00, 0x17, 0x00,
  0x00, 0x00, 0x17, 0x00, 0x00, 0x00, 0x17, 0x00, 0x00, 0x00, 0x17, 0x00, 0x00, 0x00, 0x17, 0x00,
  0x00, 0x00, 0x17, 0x00, 0x00, 0x00, 0x17, 0x00, 0x00, 0x00, 0x17, 0x00, 0x00, 0x00, 0x17, 0x00,
  0x00, 0x00, 0x17, 0x00, 0x00, 0x00, 0x17, 0x00, 0x00, 0x00, 0x17, 0x00, 0x00, 0x00, 0x17, 0x00,
  0x00, 0x00, 0x17, 0x00, 0x00, 0x00, 0x17, 0x00, 0x00, 0x00, 0x17, 0x00, 0x00, 0x00, 0x17, 0x00,
  0x00, 0x00, 0x17, 0x00, 0x00, 0x00, 0x17, 0x00, 0x00, 0x00, 0x17, 0x00, 0x00, 0x00, 0xff, 0xff,
  0xff, 0xff, 0xff, 0xff, 0xff, 0xff, 0xff, 0xff, 0xff, 0xff, 0xff, 0xff, 0xff, 0xff, 0xff, 0xff,
  0xff, 0xff, 0xff, 0xff, 0xff, 0xff, 0xff, 0xff, 0xff, 0xff, 0xff, 0xff, 0xff, 0xff, 0xff, 0xff,
  0xff, 0xff, 0xff, 0xff, 0xff, 0xff, 0xff, 0xff, 0xff, 0xff, 0xff, 0xff, 0xff, 0xff, 0xff, 0xff,
  0xff, 0xff, 0xff, 0xff, 0xff, 0xff, 0xff, 0xff, 0xff, 0xff, 0xff, 0xff, 0xff, 0xff, 0xff, 0xff,
  0xff, 0xff, 0xff, 0xff, 0xff, 0xff, 0xff, 0xff, 0xff, 0xff, 0xff, 0xff, 0xff, 0xff, 0xff, 0xff,
  0xff, 0xff, 0xff, 0xff, 0xff, 0xff, 0xff, 0xff, 0xff, 0xff, 0xff, 0xff, 0xff, 0xff, 0xff, 0xff,
  0xff, 0xff, 0xff, 0xff, 0xff, 0xff, 0xff, 0xff, 0xff, 0xff, 0xff, 0xff, 0xff, 0xff, 0xff, 0xff,
  0xff, 0xff, 0xff, 0xff, 0xff, 0xff, 0xff, 0xff, 0xff, 0xff, 0xff, 0xff, 0xff, 0xff, 0xff, 0xff,
  0xff, 0xff, 0xff, 0xff, 0xff, 0xff, 0xff, 0xff, 0xff, 0xff, 0xff, 0xff, 0xff, 0xff, 0xff, 0xff,
  0xff, 0xff, 0xff, 0xff, 0xff, 0xff, 0xff, 0xff, 0xff, 0xff, 0xff, 0xff, 0xff, 0xff, 0xff, 0xff,
  0xff, 0xff, 0xff, 0xff, 0xff, 0xff, 0xff, 0xff, 0xff, 0xff, 0xff, 0xff, 0xff, 0xff, 0xff, 0xff,
  0xff, 0xff, 0xff, 0xff, 0xff, 0xff, 0xff, 0xff, 0xff, 0xff, 0xff, 0xff, 0xff, 0xff, 0xff, 0xff,
  0xff, 0xff, 0xff, 0xff, 0xff, 0xff, 0xff, 0xff, 0xff, 0xff, 0xff, 0xff, 0xff, 0xff, 0xff, 0xff,
  0xff, 0xff, 0xff, 0xff, 0xff, 0xff, 0xff, 0xff, 0xff, 0xff, 0xff, 0xff, 0xff, 0xff, 0xff, 0xff,
  0xff, 0xff, 0xff, 0xff, 0xff, 0xff, 0xff, 0xff, 0xff, 0xff, 0xff, 0xff, 0xff, 0xff, 0xff, 0xff,
  0xff, 0xff, 0xff, 0xff, 0xff, 0xff, 0xff, 0xff, 0xff, 0xff, 0xff, 0xff, 0xff, 0xff, 0xff, 0xff,
  0xff, 0xff, 0xff, 0xff, 0xff, 0xff, 0xff, 0xff, 0xff, 0xff, 0xff, 0xff, 0xff, 0xff, 0xff, 0xff,
  0xff, 0xff, 0xff, 0xff, 0xff, 0xff, 0xff, 0xff, 0xff, 0xff, 0xff, 0xff, 0xff, 0xff, 0xff, 0xff,
  0xff, 0xff, 0xff, 0xff, 0xff, 0xff, 0xff, 0xff, 0xff, 0xff, 0xff, 0xff, 0xff, 0xff, 0xff, 0xff,
  0xff, 0xff, 0xff, 0xff, 0xff, 0xff, 0xff, 0xff, 0xff, 0xff, 0xff, 0xff, 0xff, 0xff, 0xff, 0xff,
  0xff, 0xff, 0xff, 0xff, 0xff, 0xff, 0xff, 0xff, 0xff, 0xff, 0xff, 0xff, 0xff, 0xff, 0xff, 0xff,
  0xff, 0xff, 0xff, 0xff, 0xff, 0xff, 0xff, 0xff, 0xff, 0xff, 0xff, 0xff, 0xff, 0xff, 0xff, 0xff,
  0xff, 0xff, 0xff, 0xff, 0xff, 0xff, 0xff, 0xff, 0xff, 0xff, 0xff, 0xff, 0xff, 0xff, 0xff, 0xff,
  0xff, 0xff, 0xff, 0xff, 0xff, 0xff, 0xff, 0xff, 0xff, 0xff, 0xff, 0xff, 0xff, 0xff, 0xff, 0xff,
  0xff, 0xff, 0xff, 0xff, 0xff, 0xff, 0xff, 0xff, 0xff, 0xff, 0xff, 0xff, 0xff, 0xff, 0xff, 0xff,
  0xff, 0xff, 0xff, 0xff, 0xff, 0xff, 0xff, 0xff, 0xff, 0xff, 0xff, 0xff, 0xff, 0xff, 0xff, 0xff,
  0xff, 0xff, 0xff, 0xff, 0xff, 0xff, 0xff, 0xff, 0xff, 0xff, 0xff, 0xff, 0xff, 0xff, 0xff, 0xff,
  0xff, 0xff, 0xff, 0xff, 0xff, 0xff, 0xff, 0xff, 0xff, 0xff, 0xff, 0xff, 0xff, 0xff, 0xff, 0xff,
  0xff, 0xff, 0xff, 0xff, 0xff, 0xff, 0xff, 0xff, 0xff, 0xff, 0xff, 0xff, 0xff, 0xff, 0xff, 0xff,
  0xff, 0xff, 0xff, 0xff, 0xff, 0xff, 0xff, 0xff, 0xff, 0xff, 0xff, 0xff, 0xff, 0xff, 0xff, 0xff,
  0xff, 0xff, 0xff, 0xff, 0xff, 0xff, 0xff, 0xff, 0xff, 0xff, 0xff, 0xff, 0xff, 0xff, 0xff, 0xff,
  0xff, 0xff, 0xff, 0xff, 0xff, 0xff, 0xff, 0xff, 0xff, 0xff, 0xff, 0xff, 0xff, 0xff, 0x1e, 0x00,
  0x00, 0x00, 0x1e, 0x00, 0x00, 0x00, 0x1e, 0x00, 0x00, 0x00, 0x1e, 0x00, 0x00, 0x00, 0x1e, 0x00,
  0x00, 0x00, 0x1e, 0x00, 0x00, 0x00, 0x1e, 0x00, 0x00, 0x00, 0x1e, 0x00, 0x00, 0x00, 0x1e, 0x00,
  0x00, 0x00, 0x1e, 0x00, 0x00, 0x00, 0xff, 0xff, 0xff, 0xff, 0x1e, 0x00, 0x00, 0x00, 0x1e, 0x00,
  0x00, 0x00, 0xff, 0xff, 0xff, 0xff, 0x1e, 0x00, 0x00, 0x00, 0x1e, 0x00, 0x00, 0x00, 0x1e, 0x00,
  0x00, 0x00, 0x1e, 0x00, 0x00, 0x00, 0x1e, 0x00, 0x00, 0x00, 0x1e, 0x00, 0x00, 0x00, 0x1e, 0x00,
  0x00, 0x00, 0x1e, 0x00, 0x00, 0x00, 0x1e, 0x00, 0x00, 0x00, 0x1e, 0x00, 0x00, 0x00, 0x1e, 0x00,
  0x00, 0x00, 0x1e, 0x00, 0x00, 0x00, 0x1e, 0x00, 0x00, 0x00, 0x1e, 0x00, 0x00, 0x00, 0x1e, 0x00,
  0x00, 0x00, 0x1e, 0x00, 0x00, 0x00, 0x1e, 0x00, 0x00, 0x00, 0x1e, 0x00, 0x00, 0x00, 0x1e, 0x00,
  0x00, 0x00, 0x1e, 0x00, 0x00, 0x00, 0x1e, 0x00, 0x00, 0x00, 0x1e, 0x00, 0x00, 0x00, 0x1e, 0x00,
  0x00, 0x00, 0x1e, 0x00, 0x00, 0x00, 0x1e, 0x00, 0x00, 0x00, 0x1e, 0x00, 0x00, 0x00, 0x1e, 0x00,
  0x00, 0x00, 0x1e, 0x00, 0x00, 0x00, 0x1e, 0x00, 0x00, 0x00, 0x1e, 0x00, 0x00, 0x00, 0x1e, 0x00,
  0x00, 0x00, 0x1e, 0x00, 0x00, 0x00, 0x1e, 0x00, 0x00, 0x00, 0x1e, 0x00, 0x00, 0x00, 0x1e, 0x00,
  0x00, 0x00, 0x1e, 0x00, 0x00, 0x00, 0x1e, 0x00, 0x00, 0x00, 0x1e, 0x00, 0x00, 0x00, 0x1e, 0x00,
  0x00, 0x00, 0x1e, 0x00, 0x00, 0x00, 0x1e, 0x00, 0x00, 0x00, 0x1e, 0x00, 0x00, 0x00, 0x1e, 0x00,
  0x00, 0x00, 0x1e, 0x00, 0x00, 0x00, 0x1e, 0x00, 0x00, 0x00, 0x1e, 0x00, 0x00, 0x00, 0x1e, 0x00,
  0x00, 0x00, 0x1e, 0x00, 0x00, 0x00, 0x1e, 0x00, 0x00, 0x00, 0x1e, 0x00, 0x00, 0x00, 0x1e, 0x00,
  0x00, 0x00, 0x1e, 0x00, 0x00, 0x00, 0x1e, 0x00, 0x00, 0x00, 0x1e, 0x00, 0x00, 0x00, 0x1e, 0x00,
  0x00, 0x00, 0x1e, 0x00, 0x00, 0x00, 0x1e, 0x00, 0x00, 0x00, 0x1e, 0x00, 0x00, 0x00, 0x1e, 0x00,
  0x00, 0x00, 0x1e, 0x00, 0x00, 0x00, 0x1e, 0x00, 0x00, 0x00, 0x1e, 0x00, 0x00, 0x00, 0x1e, 0x00,
  0x00, 0x00, 0x1e, 0x00, 0x00, 0x00, 0x1e, 0x00, 0x00, 0x00, 0x1e, 0x00, 0x00, 0x00, 0x1e, 0x00,
  0x00, 0x00, 0x1e, 0x00, 0x00, 0x00, 0x1e, 0x00, 0x00, 0x00, 0x1e, 0x00, 0x00, 0x00, 0x1e, 0x00,
  0x00, 0x00, 0x1e, 0x00, 0x00, 0x00, 0x1e, 0x00, 0x00, 0x00, 0x1e, 0x00, 0x00, 0x00, 0x1e, 0x00,
  0x00, 0x00, 0x1e, 0x00, 0x00, 0x00, 0x1e, 0x00, 0x00, 0x00, 0x1e, 0x00, 0x00, 0x00, 0x1e, 0x00,
  0x00, 0x00, 0x1e, 0x00, 0x00, 0x00, 0x1e, 0x00, 0x00, 0x00, 0x1e, 0x00, 0x00, 0x00, 0x1e, 0x00,
  0x00, 0x00, 0x1e, 0x00, 0x00, 0x00, 0x1e, 0x00, 0x00, 0x00, 0x1e, 0x00, 0x00, 0x00, 0x1e, 0x00,
  0x00, 0x00, 0x1e, 0x00, 0x00, 0x00, 0x1e, 0x00, 0x00, 0x00, 0x1e, 0x00, 0x00, 0x00, 0x1e, 0x00,
  0x00, 0x00, 0x1e, 0x00, 0x00, 0x00, 0x1e, 0x00, 0x00, 0x00, 0x1e, 0x00, 0x00, 0x00, 0x1e, 0x00,
  0x00, 0x00, 0x1e, 0x00, 0x00, 0x00, 0x1e, 0x00, 0x00, 0x00, 0x1e, 0x00, 0x00, 0x00, 0x1e, 0x00,
  0x00, 0x00, 0x1e, 0x00, 0x00, 0x00, 0x1e, 0x00, 0x00, 0x00, 0x1e, 0x00, 0x00, 0x00, 0x1e, 0x00,
  0x00, 0x00, 0x1e, 0x00, 0x00, 0x00, 0x1e, 0x00, 0x00, 0x00, 0x1e, 0x00, 0x00, 0x00, 0x1e, 0x00,
  0x00, 0x00, 0x1e, 0x00, 0x00, 0x00, 0x1e, 0x00, 0x00, 0x00, 0x1e, 0x00, 0x00, 0x00, 0x1e, 0x00,
  0x00, 0x00, 0x1e, 0x00, 0x00, 0x00, 0x1e, 0x00, 0x00, 0x00, 0x1e, 0x00, 0x00, 0x00, 0x1f, 0x00,
  0x00, 0x00, 0x1f, 0x00, 0x00, 0x00, 0x1f, 0x00, 0x00, 0x00, 0x1f, 0x00, 0x00, 0x00, 0x1f, 0x00,
  0x00, 0x00, 0x1f, 0x00, 0x00, 0x00, 0x1f, 0x00, 0x00, 0x00, 0x1f, 0x00, 0x00, 0x00, 0x1f, 0x00,
  0x00, 0x00, 0x1f, 0x00, 0x00, 0x00, 0xff, 0xff, 0xff, 0xff, 0x1f, 0x00, 0x00, 0x00, 0x1f, 0x00,
  0x00, 0x00, 0x1f, 0x00, 0x00, 0x00, 0x1f, 0x00, 0x00, 0x00, 0x1f, 0x00, 0x00, 0x00, 0x1f, 0x00,
  0x00, 0x00, 0x1f, 0x00, 0x00, 0x00, 0x1f, 0x00, 0x00, 0x00, 0x1f, 0x00, 0x00, 0x00, 0x1f, 0x00,
  0x00, 0x00, 0x1f, 0x00, 0x00, 0x00, 0x1f, 0x00, 0x00, 0x00, 0x1f, 0x00, 0x00, 0x00, 0x1f, 0x00,
  0x00, 0x00, 0x1f, 0x00, 0x00, 0x00, 0x1f, 0x00, 0x00, 0x00, 0x1f, 0x00, 0x00, 0x00, 0x1f, 0x00,
  0x00, 0x00, 0x1f, 0x00, 0x00, 0x00, 0x1f, 0x00, 0x00, 0x00, 0x1f, 0x00, 0x00, 0x00, 0x1f, 0x00,
  0x00, 0x00, 0x1f, 0x00, 0x00, 0x00, 0x1f, 0x00, 0x00, 0x00, 0x1f, 0x00, 0x00, 0x00, 0x1f, 0x00,
  0x00, 0x00, 0x1f, 0x00, 0x00, 0x00, 0x1f, 0x00, 0x00, 0x00, 0x1f, 0x00, 0x00, 0x00, 0x1f, 0x00,
  0x00, 0x00, 0x1f, 0x00, 0x00, 0x00, 0x1f, 0x00, 0x00, 0x00, 0x1f, 0x00, 0x00, 0x00, 0x1f, 0x00,
  0x00, 0x00, 0x1f, 0x00, 0x00, 0x00, 0x1f, 0x00, 0x00, 0x00, 0x1f, 0x00, 0x00, 0x00, 0x1f, 0x00,
  0x00, 0x00, 0x1f, 0x00, 0x00, 0x00, 0x1f, 0x00, 0x00, 0x00, 0x1f, 0x00, 0x00, 0x00, 0x1f, 0x00,
  0x00, 0x00, 0x1f, 0x00, 0x00, 0x00, 0x1f, 0x00, 0x00, 0x00, 0x1f, 0x00, 0x00, 0x00, 0x1f, 0x00,
  0x00, 0x00, 0x1f, 0x00, 0x00, 0x00, 0x1f, 0x00, 0x00, 0x00, 0x1f, 0x00, 0x00, 0x00, 0x1f, 0x00,
  0x00, 0x00, 0x1f, 0x00, 0x00, 0x00, 0x1f, 0x00, 0x00, 0x00, 0x1f, 0x00, 0x00, 0x00, 0x1f, 0x00,
  0x00, 0x00, 0x1f, 0x00, 0x00, 0x00, 0x1f, 0x00, 0x00, 0x00, 0x1f, 0x00, 0x00, 0x00, 0x1f, 0x00,
  0x00, 0x00, 0x1f, 0x00, 0x00, 0x00, 0x1f, 0x00, 0x00, 0x00, 0x1f, 0x00, 0x00, 0x00, 0x1f, 0x00,
  0x00, 0x00, 0x1f, 0x00, 0x00, 0x00, 0x1f, 0x00, 0x00, 0x00, 0x1f, 0x00, 0x00, 0x00, 0x1f, 0x00,
  0x00, 0x00, 0x1f, 0x00, 0x00, 0x00, 0x1f, 0x00, 0x00, 0x00, 0x1f, 0x00, 0x00, 0x00, 0x1f, 0x00,
  0x00, 0x00, 0x1f, 0x00, 0x00, 0x00, 0x1f, 0x00, 0x00, 0x00, 0x1f, 0x00, 0x00, 0x00, 0x1f, 0x00,
  0x00, 0x00, 0x1f, 0x00, 0x00, 0x00, 0x1f, 0x00, 0x00, 0x00, 0x1f, 0x00, 0x00, 0x00, 0x1f, 0x00,
  0x00, 0x00, 0x1f, 0x00, 0x00, 0x00, 0x1f, 0x00, 0x00, 0x00, 0x1f, 0x00, 0x00, 0x00, 0x1f, 0x00,
  0x00, 0x00, 0x1f, 0x00, 0x00, 0x00, 0x1f, 0x00, 0x00, 0x00, 0x1f, 0x00, 0x00, 0x00, 0x1f, 0x00,
  0x00, 0x00, 0x1f, 0x00, 0x00, 0x00, 0x1f, 0x00, 0x00, 0x00, 0x1f, 0x00, 0x00, 0x00, 0x1f, 0x00,
  0x00, 0x00, 0x1f, 0x00, 0x00, 0x00, 0x1f, 0x00, 0x00, 0x00, 0x1f, 0x00, 0x00, 0x00, 0x1f, 0x00,
  0x00, 0x00, 0x1f, 0x00, 0x00, 0x00, 0x1f, 0x00, 0x00, 0x00, 0x1f, 0x00, 0x00, 0x00, 0x1f, 0x00,
  0x00, 0x00, 0x1f, 0x00, 0x00, 0x00, 0x1f, 0x00, 0x00, 0x00, 0x1f, 0x00, 0x00, 0x00, 0x1f, 0x00,
  0x00, 0x00, 0x1f, 0x00, 0x00, 0x00, 0x1f, 0x00, 0x00, 0x00, 0x1f, 0x00, 0x00, 0x00, 0x1f, 0x00,
  0x00, 0x00, 0x1f, 0x00, 0x00, 0x00, 0x1f, 0x00, 0x00, 0x00, 0x1f, 0x00, 0x00, 0x00, 0x1f, 0x00,
  0x00, 0x00, 0x1f, 0x00, 0x00, 0x00, 0x1f, 0x00, 0x00, 0x00, 0x1f, 0x00, 0x00, 0x00, 0x1f, 0x00,
  0x00, 0x00, 0x1f, 0x00, 0x00, 0x00, 0x1f, 0x00, 0x00, 0x00, 0x1f, 0x00, 0x00, 0x00, 0xff, 0xff,
  0xff, 0xff, 0xff, 0xff, 0xff, 0xff, 0xff, 0xff, 0xff, 0xff, 0xff, 0xff, 0xff, 0xff, 0xff, 0xff,
  0xff, 0xff, 0xff, 0xff, 0xff, 0xff, 0xff, 0xff, 0xff, 0xff, 0xff, 0xff, 0xff, 0xff, 0xff, 0xff,
  0xff, 0xff, 0xff, 0xff, 0xff, 0xff, 0xff, 0xff, 0xff, 0xff, 0xff, 0xff, 0xff, 0xff, 0xff, 0xff,
  0xff, 0xff, 0xff, 0xff, 0xff, 0xff, 0xff, 0xff, 0xff, 0xff, 0xff, 0xff, 0xff, 0xff, 0xff, 0xff,
  0xff, 0xff, 0xff, 0xff, 0xff, 0xff, 0xff, 0xff, 0xff, 0xff, 0xff, 0xff, 0xff, 0xff, 0xff, 0xff,
  0xff, 0xff, 0xff, 0xff, 0xff, 0xff, 0xff, 0xff, 0xff, 0xff, 0xff, 0xff, 0xff, 0xff, 0xff, 0xff,
  0xff, 0xff, 0xff, 0xff, 0xff, 0xff, 0xff, 0xff, 0xff, 0xff, 0xff, 0xff, 0xff, 0xff, 0xff, 0xff,
  0xff, 0xff, 0xff, 0xff, 0xff, 0xff, 0xff, 0xff, 0xff, 0xff, 0xff, 0xff, 0xff, 0xff, 0xff, 0xff,
  0xff, 0xff, 0xff, 0xff, 0xff, 0xff, 0xff, 0xff, 0xff, 0xff, 0xff, 0xff, 0xff, 0xff, 0xff, 0xff,
  0xff, 0xff, 0xff, 0xff, 0xff, 0xff, 0xff, 0xff, 0xff, 0xff, 0xff, 0xff, 0xff, 0xff, 0xff, 0xff,
  0xff, 0xff, 0xff, 0xff, 0xff, 0xff, 0xff, 0xff, 0xff, 0xff, 0xff, 0xff, 0xff, 0xff, 0xff, 0xff,
  0xff, 0xff, 0xff, 0xff, 0xff, 0xff, 0xff, 0xff, 0xff, 0xff, 0xff, 0xff, 0xff, 0xff, 0x1b, 0x00,
  0x00, 0x00, 0x1b, 0x00, 0x00, 0x00, 0x1b, 0x00, 0x00, 0x00, 0x1b, 0x00, 0x00, 0x00, 0x1b, 0x00,
  0x00, 0x00, 0x1b, 0x00, 0x00, 0x00, 0x1b, 0x00, 0x00, 0x00, 0x1b, 0x00, 0x00, 0x00, 0x1b, 0x00,
  0x00, 0x00, 0x1b, 0x00, 0x00, 0x00, 0xff, 0xff, 0xff, 0xff, 0xff, 0xff, 0xff, 0xff, 0xff, 0xff,
  0xff, 0xff, 0xff, 0xff, 0xff, 0xff, 0xff, 0xff, 0xff, 0xff, 0xff, 0xff, 0xff, 0xff, 0xff, 0xff,
  0xff, 0xff, 0xff, 0xff, 0xff, 0xff, 0xff, 0xff, 0xff, 0xff, 0xff, 0xff, 0xff, 0xff, 0xff, 0xff,
  0xff, 0xff, 0xff, 0xff, 0xff, 0xff, 0xff, 0xff, 0xff, 0xff, 0xff, 0xff, 0xff, 0xff, 0xff, 0xff,
  0xff, 0xff, 0xff, 0xff, 0xff, 0xff, 0xff, 0xff, 0xff, 0xff, 0xff, 0xff, 0xff, 0xff, 0xff, 0xff,
  0xff, 0xff, 0xff, 0xff, 0xff, 0xff, 0xff, 0xff, 0xff, 0xff, 0xff, 0xff, 0xff, 0xff, 0xff, 0xff,
  0xff, 0xff, 0xff, 0xff, 0xff, 0xff, 0xff, 0xff, 0xff, 0xff, 0xff, 0xff, 0xff, 0xff, 0xff, 0xff,
  0xff, 0xff, 0xff, 0xff, 0xff, 0xff, 0xff, 0xff, 0xff, 0xff, 0xff, 0xff, 0xff, 0xff, 0xff, 0xff,
  0xff, 0xff, 0xff, 0xff, 0xff, 0xff, 0xff, 0xff, 0xff, 0xff, 0xff, 0xff, 0xff, 0xff, 0xff, 0xff,
  0xff, 0xff, 0xff, 0xff, 0xff, 0xff, 0xff, 0xff, 0xff, 0xff, 0xff, 0xff, 0xff, 0xff, 0xff, 0xff,
  0xff, 0xff, 0xff, 0xff, 0xff, 0xff, 0xff, 0xff, 0xff, 0xff, 0xff, 0xff, 0xff, 0xff, 0xff, 0xff,
  0xff, 0xff, 0xff, 0xff, 0xff, 0xff, 0xff, 0xff, 0xff, 0xff, 0xff, 0xff, 0xff, 0xff, 0xff, 0xff,
  0xff, 0xff, 0xff, 0xff, 0xff, 0xff, 0xff, 0xff, 0xff, 0xff, 0xff, 0xff, 0xff, 0xff, 0xff, 0xff,
  0xff, 0xff, 0xff, 0xff, 0xff, 0xff, 0xff, 0xff, 0xff, 0xff, 0xff, 0xff, 0xff, 0xff, 0xff, 0xff,
  0xff, 0xff, 0xff, 0xff, 0xff, 0xff, 0xff, 0xff, 0xff, 0xff, 0xff, 0xff, 0xff, 0xff, 0xff, 0xff,
  0xff, 0xff, 0xff, 0xff, 0xff, 0xff, 0xff, 0xff, 0xff, 0xff, 0xff, 0xff, 0xff, 0xff, 0xff, 0xff,
  0xff, 0xff, 0xff, 0xff, 0xff, 0xff, 0xff, 0xff, 0xff, 0xff, 0xff, 0xff, 0xff, 0xff, 0xff, 0xff,
  0xff, 0xff, 0xff, 0xff, 0xff, 0xff, 0xff, 0xff, 0xff, 0xff, 0xff, 0xff, 0xff, 0xff, 0xff, 0xff,
  0xff, 0xff, 0xff, 0xff, 0xff, 0xff, 0xff, 0xff, 0xff, 0xff, 0xff, 0xff, 0xff, 0xff, 0xff, 0xff,
  0xff, 0xff, 0xff, 0xff, 0xff, 0xff, 0xff, 0xff, 0xff, 0xff, 0xff, 0xff, 0xff, 0xff, 0xff, 0xff,
  0xff, 0xff, 0xff, 0xff, 0xff, 0xff, 0xff, 0xff, 0xff, 0xff, 0xff, 0xff, 0xff, 0xff, 0xff, 0xff,
  0xff, 0xff, 0xff, 0xff, 0xff, 0xff, 0xff, 0xff, 0xff, 0xff, 0xff, 0xff, 0xff, 0xff, 0xff, 0xff,
  0xff, 0xff, 0xff, 0xff, 0xff, 0xff, 0xff, 0xff, 0xff, 0xff, 0xff, 0xff, 0xff, 0xff, 0xff, 0xff,
  0xff, 0xff, 0xff, 0xff, 0xff, 0xff, 0xff, 0xff, 0xff, 0xff, 0xff, 0xff, 0xff, 0xff, 0xff, 0xff,
  0xff, 0xff, 0xff, 0xff, 0xff, 0xff, 0xff, 0xff, 0xff, 0xff, 0xff, 0xff, 0xff, 0xff, 0xff, 0xff,
  0xff, 0xff, 0xff, 0xff, 0xff, 0xff, 0xff, 0xff, 0xff, 0xff, 0xff, 0xff, 0xff, 0xff, 0xff, 0xff,
  0xff, 0xff, 0xff, 0xff, 0xff, 0xff, 0xff, 0xff, 0xff, 0xff, 0xff, 0xff, 0xff, 0xff, 0xff, 0xff,
  0xff, 0xff, 0xff, 0xff, 0xff, 0xff, 0xff, 0xff, 0xff, 0xff, 0xff, 0xff, 0xff, 0xff, 0xff, 0xff,
  0xff, 0xff, 0xff, 0xff, 0xff, 0xff, 0xff, 0xff, 0xff, 0xff, 0xff, 0xff, 0xff, 0xff, 0xff, 0xff,
  0xff, 0xff, 0xff, 0xff, 0xff, 0xff, 0xff, 0xff, 0xff, 0xff, 0xff, 0xff, 0xff, 0xff, 0x1c, 0x00,
  0x00, 0x00, 0x1c, 0x00, 0x00, 0x00, 0x1c, 0x00, 0x00, 0x00, 0x1c, 0x00, 0x00, 0x00, 0x1c, 0x00,
  0x00, 0x00, 0x1c, 0x00, 0x00, 0x00, 0x1c, 0x00, 0x00, 0x00, 0x1c, 0x00, 0x00, 0x00, 0x1c, 0x00,
  0x00, 0x00, 0x1c, 0x00, 0x00, 0x00, 0xff, 0xff, 0xff, 0xff, 0xff, 0xff, 0xff, 0xff, 0xff, 0xff,
  0xff, 0xff, 0xff, 0xff, 0xff, 0xff, 0xff, 0xff, 0xff, 0xff, 0xff, 0xff, 0xff, 0xff, 0xff, 0xff,
  0xff, 0xff, 0x1c, 0x00, 0x00, 0x00, 0x1c, 0x00, 0x00, 0x00, 0x1c, 0x00, 0x00, 0x00, 0x1c, 0x00,
  0x00, 0x00, 0x1c, 0x00, 0x00, 0x00, 0x1c, 0x00, 0x00, 0x00, 0x1c, 0x00, 0x00, 0x00, 0x1c, 0x00,
  0x00, 0x00, 0x1c, 0x00, 0x00, 0x00, 0x1c, 0x00, 0x00, 0x00, 0x1c, 0x00, 0x00, 0x00, 0x1c, 0x00,
  0x00, 0x00, 0x1c, 0x00, 0x00, 0x00, 0x1c, 0x00, 0x00, 0x00, 0x1c, 0x00, 0x00, 0x00, 0x1c, 0x00,
  0x00, 0x00, 0x1c, 0x00, 0x00, 0x00, 0x1c, 0x00, 0x00, 0x00, 0x1c, 0x00, 0x00, 0x00, 0x1c, 0x00,
  0x00, 0x00, 0x1c, 0x00, 0x00, 0x00, 0x1c, 0x00, 0x00, 0x00, 0x1c, 0x00, 0x00, 0x00, 0x1c, 0x00,
  0x00, 0x00, 0x1c, 0x00, 0x00, 0x00, 0x1c, 0x00, 0x00, 0x00, 0xff, 0xff, 0xff, 0xff, 0xff, 0xff,
  0xff, 0xff, 0xff, 0xff, 0xff, 0xff, 0xff, 0xff, 0xff, 0xff, 0x1c, 0x00, 0x00, 0x00, 0xff, 0xff,
  0xff, 0xff, 0x1c, 0x00, 0x00, 0x00, 0x1c, 0x00, 0x00, 0x00, 0x1c, 0x00, 0x00, 0x00, 0x1c, 0x00,
  0x00, 0x00, 0x1c, 0x00, 0x00, 0x00, 0x1c, 0x00, 0x00, 0x00, 0x1c, 0x00, 0x00, 0x00, 0x1c, 0x00,
  0x00, 0x00, 0x1c, 0x00, 0x00, 0x00, 0x1c, 0x00, 0x00, 0x00, 0x1c, 0x00, 0x00, 0x00, 0x1c, 0x00,
  0x00, 0x00, 0x1c, 0x00, 0x00, 0x00, 0x1c, 0x00, 0x00, 0x00, 0x1c, 0x00, 0x00, 0x00, 0x1c, 0x00,
  0x00, 0x00, 0x1c, 0x00, 0x00, 0x00, 0x1c, 0x00, 0x00, 0x00, 0x1c, 0x00, 0x00, 0x00, 0x1c, 0x00,
  0x00, 0x00, 0x1c, 0x00, 0x00, 0x00, 0x1c, 0x00, 0x00, 0x00, 0x1c, 0x00, 0x00, 0x00, 0x1c, 0x00,
  0x00, 0x00, 0x1c, 0x00, 0x00, 0x00, 0x1c, 0x00, 0x00, 0x00, 0xff, 0xff, 0xff, 0xff, 0xff, 0xff,
  0xff, 0xff, 0xff, 0xff, 0xff, 0xff, 0xff, 0xff, 0xff, 0xff, 0xff, 0xff, 0xff, 0xff, 0xff, 0xff,
  0xff, 0xff, 0xff, 0xff, 0xff, 0xff, 0xff, 0xff, 0xff, 0xff, 0xff, 0xff, 0xff, 0xff, 0xff, 0xff,
  0xff, 0xff, 0xff, 0xff, 0xff, 0xff, 0xff, 0xff, 0xff, 0xff, 0xff, 0xff, 0xff, 0xff, 0xff, 0xff,
  0xff, 0xff, 0xff, 0xff, 0xff, 0xff, 0xff, 0xff, 0xff, 0xff, 0xff, 0xff, 0xff, 0xff, 0xff, 0xff,
  0xff, 0xff, 0xff, 0xff, 0xff, 0xff, 0xff, 0xff, 0xff, 0xff, 0xff, 0xff, 0xff, 0xff, 0xff, 0xff,
  0xff, 0xff, 0xff, 0xff, 0xff, 0xff, 0xff, 0xff, 0xff, 0xff, 0xff, 0xff, 0xff, 0xff, 0xff, 0xff,
  0xff, 0xff, 0xff, 0xff, 0xff, 0xff, 0xff, 0xff, 0xff, 0xff, 0xff, 0xff, 0xff, 0xff, 0xff, 0xff,
  0xff, 0xff, 0xff, 0xff, 0xff, 0xff, 0xff, 0xff, 0xff, 0xff, 0xff, 0xff, 0xff, 0xff, 0xff, 0xff,
  0xff, 0xff, 0xff, 0xff, 0xff, 0xff, 0xff, 0xff, 0xff, 0xff, 0xff, 0xff, 0xff, 0xff, 0xff, 0xff,
  0xff, 0xff, 0xff, 0xff, 0xff, 0xff, 0xff, 0xff, 0xff, 0xff, 0xff, 0xff, 0xff, 0xff, 0xff, 0xff,
  0xff, 0xff, 0xff, 0xff, 0xff, 0xff, 0xff, 0xff, 0xff, 0xff, 0xff, 0xff, 0xff, 0xff, 0xff, 0xff,
  0xff, 0xff, 0xff, 0xff, 0xff, 0xff, 0xff, 0xff, 0xff, 0xff, 0xff, 0xff, 0xff, 0xff, 0xff, 0xff,
  0xff, 0xff, 0xff, 0xff, 0xff, 0xff, 0xff, 0xff, 0xff, 0xff, 0xff, 0xff, 0xff, 0xff, 0x1d, 0x00,
  0x00, 0x00, 0x1d, 0x00, 0x00, 0x00, 0x1d, 0x00, 0x00, 0x00, 0x1d, 0x00, 0x00, 0x00, 0x1d, 0x00,
  0x00, 0x00, 0x1d, 0x00, 0x00, 0x00, 0x1d, 0x00, 0x00, 0x00, 0x1d, 0x00, 0x00, 0x00, 0x1d, 0x00,
  0x00, 0x00, 0x1d, 0x00, 0x00, 0x00, 0xff, 0xff, 0xff, 0xff, 0xff, 0xff, 0xff, 0xff, 0xff, 0xff,
  0xff, 0xff, 0xff, 0xff, 0xff, 0xff, 0xff, 0xff, 0xff, 0xff, 0xff, 0xff, 0xff, 0xff, 0xff, 0xff,
  0xff, 0xff, 0x1d, 0x00, 0x00, 0x00, 0x1d, 0x00, 0x00, 0x00, 0x1d, 0x00, 0x00, 0x00, 0x1d, 0x00,
  0x00, 0x00, 0x1d, 0x00, 0x00, 0x00, 0x1d, 0x00, 0x00, 0x00, 0x1d, 0x00, 0x00, 0x00, 0x1d, 0x00,
  0x00, 0x00, 0x1d, 0x00, 0x00, 0x00, 0x1d, 0x00, 0x00, 0x00, 0x1d, 0x00, 0x00, 0x00, 0x1d, 0x00,
  0x00, 0x00, 0x1d, 0x00, 0x00, 0x00, 0x1d, 0x00, 0x00, 0x00, 0x1d, 0x00, 0x00, 0x00, 0x1d, 0x00,
  0x00, 0x00, 0x1d, 0x00, 0x00, 0x00, 0x1d, 0x00, 0x00, 0x00, 0x1d, 0x00, 0x00, 0x00, 0x1d, 0x00,
  0x00, 0x00, 0x1d, 0x00, 0x00, 0x00, 0x1d, 0x00, 0x00, 0x00, 0x1d, 0x00, 0x00, 0x00, 0x1d, 0x00,
  0x00, 0x00, 0x1d, 0x00, 0x00, 0x00, 0x1d, 0x00, 0x00, 0x00, 0xff, 0xff, 0xff, 0xff, 0xff, 0xff,
  0xff, 0xff, 0xff, 0xff, 0xff, 0xff, 0xff, 0xff, 0xff, 0xff, 0x1d, 0x00, 0x00, 0x00, 0xff, 0xff,
  0xff, 0xff, 0x1d, 0x00, 0x00, 0x00, 0x1d, 0x00, 0x00, 0x00, 0x1d, 0x00, 0x00, 0x00, 0x1d, 0x00,
  0x00, 0x00, 0x1d, 0x00, 0x00, 0x00, 0x1d, 0x00, 0x00, 0x00, 0x1d, 0x00, 0x00, 0x00, 0x1d, 0x00,
  0x00, 0x00, 0x1d, 0x00, 0x00, 0x00, 0x1d, 0x00, 0x00, 0x00, 0x1d, 0x00, 0x00, 0x00, 0x1d, 0x00,
  0x00, 0x00, 0x1d, 0x00, 0x00, 0x00, 0x1d, 0x00, 0x00, 0x00, 0x1d, 0x00, 0x00, 0x00, 0x1d, 0x00,
  0x00, 0x00, 0x1d, 0x00, 0x00, 0x00, 0x1d, 0x00, 0x00, 0x00, 0x1d, 0x00, 0x00, 0x00, 0x1d, 0x00,
  0x00, 0x00, 0x1d, 0x00, 0x00, 0x00, 0x1d, 0x00, 0x00, 0x00, 0x1d, 0x00, 0x00, 0x00, 0x1d, 0x00,
  0x00, 0x00, 0x1d, 0x00, 0x00, 0x00, 0x1d, 0x00, 0x00, 0x00, 0xff, 0xff, 0xff, 0xff, 0xff, 0xff,
  0xff, 0xff, 0xff, 0xff, 0xff, 0xff, 0xff, 0xff, 0xff, 0xff, 0xff, 0xff, 0xff, 0xff, 0x17, 0x00,
  0x00, 0x00, 0x17, 0x00, 0x00, 0x00, 0x17, 0x00, 0x00, 0x00, 0x17, 0x00, 0x00, 0x00, 0x17, 0x00,
  0x00, 0x00, 0x17, 0x00, 0x00, 0x00, 0x17, 0x00, 0x00, 0x00, 0x17, 0x00, 0x00, 0x00, 0x17, 0x00,
  0x00, 0x00, 0x17, 0x00, 0x00, 0x00, 0x17, 0x00, 0x00, 0x00, 0x17, 0x00, 0x00, 0x00, 0x17, 0x00,
  0x00, 0x00, 0x17, 0x00, 0x00, 0x00, 0x17, 0x00, 0x00, 0x00, 0x17, 0x00, 0x00, 0x00, 0x17, 0x00,
  0x00, 0x00, 0x17, 0x00, 0x00, 0x00, 0x17, 0x00, 0x00, 0x00, 0x17, 0x00, 0x00, 0x00, 0x17, 0x00,
  0x00, 0x00, 0x17, 0x00, 0x00, 0x00, 0x17, 0x00, 0x00, 0x00, 0x17, 0x00, 0x00, 0x00, 0x17, 0x00,
  0x00, 0x00, 0x17, 0x00, 0x00, 0x00, 0x17, 0x00, 0x00, 0x00, 0x17, 0x00, 0x00, 0x00, 0x17, 0x00,
  0x00, 0x00, 0x17, 0x00, 0x00, 0x00, 0x17, 0x00, 0x00, 0x00, 0x17, 0x00, 0x00, 0x00, 0x17, 0x00,
  0x00, 0x00, 0x17, 0x00, 0x00, 0x00, 0x18, 0x00, 0x00, 0x00, 0x17, 0x00, 0x00, 0x00, 0x17, 0x00,
  0x00, 0x00, 0x17, 0x00, 0x00, 0x00, 0x17, 0x00, 0x00, 0x00, 0x17, 0x00, 0x00, 0x00, 0x17, 0x00,
  0x00, 0x00, 0x17, 0x00, 0x00, 0x00, 0x17, 0x00, 0x00, 0x00, 0x17, 0x00, 0x00, 0x00, 0x17, 0x00,
  0x00, 0x00, 0x17, 0x00, 0x00, 0x00, 0x17, 0x00, 0x00, 0x00, 0x17, 0x00, 0x00, 0x00, 0x17, 0x00,
  0x00, 0x00, 0x17, 0x00, 0x00, 0x00, 0x17, 0x00, 0x00, 0x00, 0x17, 0x00, 0x00, 0x00, 0x17, 0x00,
  0x00, 0x00, 0x17, 0x00, 0x00, 0x00, 0x17, 0x00, 0x00, 0x00, 0x17, 0x00, 0x00, 0x00, 0x17, 0x00,
  0x00, 0x00, 0x17, 0x00, 0x00, 0x00, 0x17, 0x00, 0x00, 0x00, 0x17, 0x00, 0x00, 0x00, 0x17, 0x00,
  0x00, 0x00, 0x17, 0x00, 0x00, 0x00, 0x17, 0x00, 0x00, 0x00, 0x17, 0x00, 0x00, 0x00, 0x17, 0x00,
  0x00, 0x00, 0x17, 0x00, 0x00, 0x00, 0x17, 0x00, 0x00, 0x00, 0x17, 0x00, 0x00, 0x00, 0x17, 0x00,
  0x00, 0x00, 0x17, 0x00, 0x00, 0x00, 0x17, 0x00, 0x00, 0x00, 0x17, 0x00, 0x00, 0x00, 0x17, 0x00,
  0x00, 0x00, 0x17, 0x00, 0x00, 0x00, 0x17, 0x00, 0x00, 0x00, 0x17, 0x00, 0x00, 0x00, 0x17, 0x00,
  0x00, 0x00, 0x17, 0x00, 0x00, 0x00, 0x17, 0x00, 0x00, 0x00, 0x17, 0x00, 0x00, 0x00, 0x17, 0x00,
  0x00, 0x00, 0x17, 0x00, 0x00, 0x00, 0x17, 0x00, 0x00, 0x00, 0x17, 0x00, 0x00, 0x00, 0x17, 0x00,
  0x00, 0x00, 0x17, 0x00, 0x00, 0x00, 0x17, 0x00, 0x00, 0x00, 0x17, 0x00, 0x00, 0x00, 0x17, 0x00,
  0x00, 0x00, 0x17, 0x00, 0x00, 0x00, 0x17, 0x00, 0x00, 0x00, 0x17, 0x00, 0x00, 0x00, 0x19, 0x00,
  0x00, 0x00, 0x17, 0x00, 0x00, 0x00, 0x17, 0x00, 0x00, 0x00, 0x17, 0x00, 0x00, 0x00, 0x17, 0x00,
  0x00, 0x00, 0x17, 0x00, 0x00, 0x00, 0x17, 0x00, 0x00, 0x00, 0x17, 0x00, 0x00, 0x00, 0x17, 0x00,
  0x00, 0x00, 0x17, 0x00, 0x00, 0x00, 0x17, 0x00, 0x00, 0x00, 0x17, 0x00, 0x00, 0x00, 0x17, 0x00,
  0x00, 0x00, 0x17, 0x00, 0x00, 0x00, 0x17, 0x00, 0x00, 0x00, 0x17, 0x00, 0x00, 0x00, 0x17, 0x00,
  0x00, 0x00, 0x17, 0x00, 0x00, 0x00, 0x17, 0x00, 0x00, 0x00, 0x17, 0x00, 0x00, 0x00, 0x17, 0x00,
  0x00, 0x00, 0x17, 0x00, 0x00, 0x00, 0x17, 0x00, 0x00, 0x00, 0x17, 0x00, 0x00, 0x00, 0x17, 0x00,
  0x00, 0x00, 0x17, 0x00, 0x00, 0x00, 0x17, 0x00, 0x00, 0x00, 0x17, 0x00, 0x00, 0x00, 0x17, 0x00,
  0x00, 0x00, 0x17, 0x00, 0x00, 0x00, 0x17, 0x00, 0x00, 0x00, 0x17, 0x00, 0x00, 0x00, 0x17, 0x00,
  0x00, 0x00, 0x17, 0x00, 0x00, 0x00, 0x17, 0x00, 0x00, 0x00, 0x17, 0x00, 0x00, 0x00, 0x1f, 0x00,
  0x00, 0x00, 0x1f, 0x00, 0x00, 0x00, 0x1f, 0x00, 0x00, 0x00, 0x1f, 0x00, 0x00, 0x00, 0x1f, 0x00,
  0x00, 0x00, 0x1f, 0x00, 0x00, 0x00, 0x1f, 0x00, 0x00, 0x00, 0x1f, 0x00, 0x00, 0x00, 0x1f, 0x00,
  0x00, 0x00, 0x1f, 0x00, 0x00, 0x00, 0xff, 0xff, 0xff, 0xff, 0x1f, 0x00, 0x00, 0x00, 0x1f, 0x00,
  0x00, 0x00, 0x1f, 0x00, 0x00, 0x00, 0x1f, 0x00, 0x00, 0x00, 0x1f, 0x00, 0x00, 0x00, 0x1f, 0x00,
  0x00, 0x00, 0x1f, 0x00, 0x00, 0x00, 0x1f, 0x00, 0x00, 0x00, 0x1f, 0x00, 0x00, 0x00, 0x1f, 0x00,
  0x00, 0x00, 0x1f, 0x00, 0x00, 0x00, 0x1f, 0x00, 0x00, 0x00, 0x1f, 0x00, 0x00, 0x00, 0x1f, 0x00,
  0x00, 0x00, 0x1f, 0x00, 0x00, 0x00, 0x1f, 0x00, 0x00, 0x00, 0x1f, 0x00, 0x00, 0x00, 0x1f, 0x00,
  0x00, 0x00, 0x1f, 0x00, 0x00, 0x00, 0x1f, 0x00, 0x00, 0x00, 0x1f, 0x00, 0x00, 0x00, 0x1f, 0x00,
  0x00, 0x00, 0x1f, 0x00, 0x00, 0x00, 0x1f, 0x00, 0x00, 0x00, 0x1f, 0x00, 0x00, 0x00, 0x1f, 0x00,
  0x00, 0x00, 0x1f, 0x00, 0x00, 0x00, 0x1f, 0x00, 0x00, 0x00, 0x1f, 0x00, 0x00, 0x00, 0x1f, 0x00,
  0x00, 0x00, 0x1f, 0x00, 0x00, 0x00, 0x1f, 0x00, 0x00, 0x00, 0x1f, 0x00, 0x00, 0x00, 0x1f, 0x00,
  0x00, 0x00, 0x1f, 0x00, 0x00, 0x00, 0x1f, 0x00, 0x00, 0x00, 0x1f, 0x00, 0x00, 0x00, 0x1f, 0x00,
  0x00, 0x00, 0x1f, 0x00, 0x00, 0x00, 0x1f, 0x00, 0x00, 0x00, 0x1f, 0x00, 0x00, 0x00, 0x1f, 0x00,
  0x00, 0x00, 0x1f, 0x00, 0x00, 0x00, 0x1f, 0x00, 0x00, 0x00, 0x1f, 0x00, 0x00, 0x00, 0x1f, 0x00,
  0x00, 0x00, 0x1f, 0x00, 0x00, 0x00, 0x1f, 0x00, 0x00, 0x00, 0x1f, 0x00, 0x00, 0x00, 0x1f, 0x00,
  0x00, 0x00, 0x1f, 0x00, 0x00, 0x00, 0x1f, 0x00, 0x00, 0x00, 0x1f, 0x00, 0x00, 0x00, 0x1f, 0x00,
  0x00, 0x00, 0x1f, 0x00, 0x00, 0x00, 0x1f, 0x00, 0x00, 0x00, 0x1f, 0x00, 0x00, 0x00, 0x1f, 0x00,
  0x00, 0x00, 0x1f, 0x00, 0x00, 0x00, 0x1f, 0x00, 0x00, 0x00, 0x1f, 0x00, 0x00, 0x00, 0x1f, 0x00,
  0x00, 0x00, 0x1f, 0x00, 0x00, 0x00, 0x1f, 0x00, 0x00, 0x00, 0x1f, 0x00, 0x00, 0x00, 0x1f, 0x00,
  0x00, 0x00, 0x1f, 0x00, 0x00, 0x00, 0x1f, 0x00, 0x00, 0x00, 0x1f, 0x00, 0x00, 0x00, 0x1f, 0x00,
  0x00, 0x00, 0x1f, 0x00, 0x00, 0x00, 0x1f, 0x00, 0x00, 0x00, 0x1f, 0x00, 0x00, 0x00, 0x1f, 0x00,
  0x00, 0x00, 0x1f, 0x00, 0x00, 0x00, 0x1f, 0x00, 0x00, 0x00, 0x1f, 0x00, 0x00, 0x00, 0x1f, 0x00,
  0x00, 0x00, 0x1f, 0x00, 0x00, 0x00, 0x1f, 0x00, 0x00, 0x00, 0x1f, 0x00, 0x00, 0x00, 0x1f, 0x00,
  0x00, 0x00, 0x1f, 0x00, 0x00, 0x00, 0x1f, 0x00, 0x00, 0x00, 0x1f, 0x00, 0x00, 0x00, 0x1f, 0x00,
  0x00, 0x00, 0x1f, 0x00, 0x00, 0x00, 0x1f, 0x00, 0x00, 0x00, 0x1f, 0x00, 0x00, 0x00, 0x1f, 0x00,
  0x00, 0x00, 0x1f, 0x00, 0x00, 0x00, 0x1f, 0x00, 0x00, 0x00, 0x1f, 0x00, 0x00, 0x00, 0x1f, 0x00,
  0x00, 0x00, 0x1f, 0x00, 0x00, 0x00, 0x1f, 0x00, 0x00, 0x00, 0x1f, 0x00, 0x00, 0x00, 0x1f, 0x00,
  0x00, 0x00, 0x1f, 0x00, 0x00, 0x00, 0x1f, 0x00, 0x00, 0x00, 0x1f, 0x00, 0x00, 0x00, 0x1f, 0x00,
  0x00, 0x00, 0x1f, 0x00, 0x00, 0x00, 0x1f, 0x00, 0x00, 0x00, 0x1f, 0x00, 0x00, 0x00, 0x1f, 0x00,
  0x00, 0x00, 0x1f, 0x00, 0x00, 0x00, 0x1f, 0x00, 0x00, 0x00, 0x1f, 0x00, 0x00, 0x00, 0x1f, 0x00,
  0x00, 0x00, 0x1f, 0x00, 0x00, 0x00, 0x1f, 0x00, 0x00, 0x00, 0x1f, 0x00, 0x00, 0x00, 0x1f, 0x00,
  0x00, 0x00, 0x1f, 0x00, 0x00, 0x00, 0x1f, 0x00, 0x00, 0x00, 0x1f, 0x00, 0x00, 0x00, 0x00, 0x00,
  0x00, 0x00, 0x18, 0x00, 0x00, 0x00, 0x1b, 0x00, 0x00, 0x00, 0x1b, 0x00, 0x00, 0x00, 0x20, 0x00,
  0x00, 0x00, 0x20, 0x00, 0x00, 0x00, 0x20, 0x00, 0x00, 0x00, 0x20, 0x00, 0x00, 0x00, 0x20, 0x00,
  0x00, 0x00, 0x21, 0x00, 0x00, 0x00, 0x22, 0x00, 0x00, 0x00, 0x22, 0x00, 0x00, 0x00, 0x22, 0x00,
  0x00, 0x00, 0x22, 0x00, 0x00, 0x00, 0x22, 0x00, 0x00, 0x00, 0x22, 0x00, 0x00, 0x00, 0x22, 0x00,
  0x00, 0x00, 0x22, 0x00, 0x00, 0x00, 0x26, 0x00, 0x00, 0x00, 0x26, 0x00, 0x00, 0x00, 0x26, 0x00,
  0x00, 0x00, 0x2a, 0x00, 0x00, 0x00, 0x2a, 0x00, 0x00, 0x00, 0x2d, 0x00, 0x00, 0x00, 0x32, 0x00,
  0x00, 0x00, 0x32, 0x00, 0x00, 0x00, 0x36, 0x00, 0x00, 0x00, 0x38, 0x00, 0x00, 0x00, 0x39, 0x00,
  0x00, 0x00, 0x3d, 0x00, 0x00, 0x00, 0x41, 0x00, 0x00, 0x00, 0x46, 0x00, 0x00, 0x00, 0x48, 0x00,
  0x00, 0x00, 0x09, 0x00, 0x00, 0x00, 0x0a, 0x00, 0x00, 0x00, 0x01, 0x00, 0x00, 0x00, 0x0d, 0x00,
  0x00, 0x00, 0x0d, 0x00, 0x00, 0x00, 0x01, 0x00, 0x00, 0x00, 0x20, 0x00, 0x00, 0x00, 0x20, 0x00,
  0x00, 0x00, 0x01, 0x00, 0x00, 0x00, 0x21, 0x00, 0x00, 0x00, 0x21, 0x00, 0x00, 0x00, 0x02, 0x00,
  0x00, 0x00, 0x22, 0x00, 0x00, 0x00, 0x22, 0x00, 0x00, 0x00, 0x03, 0x00, 0x00, 0x00, 0x23, 0x00,
  0x00, 0x00, 0x23, 0x00, 0x00, 0x00, 0x04, 0x00, 0x00, 0x00, 0x28, 0x00, 0x00, 0x00, 0x28, 0x00,
  0x00, 0x00, 0x05, 0x00, 0x00, 0x00, 0x29, 0x00, 0x00, 0x00, 0x29, 0x00, 0x00, 0x00, 0x06, 0x00,
  0x00, 0x00, 0x2c, 0x00, 0x00, 0x00, 0x2c, 0x00, 0x00, 0x00, 0x07, 0x00, 0x00, 0x00, 0x2f, 0x00,
  0x00, 0x00, 0x2f, 0x00, 0x00, 0x00, 0x08, 0x00, 0x00, 0x00, 0x30, 0x00, 0x00, 0x00, 0x39, 0x00,
  0x00, 0x00, 0x09, 0x00, 0x00, 0x00, 0x3a, 0x00, 0x00, 0x00, 0x3a, 0x00, 0x00, 0x00, 0x0a, 0x00,
  0x00, 0x00, 0x3b, 0x00, 0x00, 0x00, 0x3b, 0x00, 0x00, 0x00, 0x0b, 0x00, 0x00, 0x00, 0x3c, 0x00,
  0x00, 0x00, 0x3c, 0x00, 0x00, 0x00, 0x0c, 0x00, 0x00, 0x00, 0x3d, 0x00, 0x00, 0x00, 0x3d, 0x00,
  0x00, 0x00, 0x0d, 0x00, 0x00, 0x00, 0x3e, 0x00, 0x00, 0x00, 0x3e, 0x00, 0x00, 0x00, 0x0e, 0x00,
  0x00, 0x00, 0x3f, 0x00, 0x00, 0x00, 0x3f, 0x00, 0x00, 0x00, 0x0f, 0x00, 0x00, 0x00, 0x40, 0x00,
  0x00, 0x00, 0x40, 0x00, 0x00, 0x00, 0x10, 0x00, 0x00, 0x00, 0x41, 0x00, 0x00, 0x00, 0x5a, 0x00,
  0x00, 0x00, 0x11, 0x00, 0x00, 0x00, 0x5b, 0x00, 0x00, 0x00, 0x5b, 0x00, 0x00, 0x00, 0x12, 0x00,
  0x00, 0x00, 0x5d, 0x00, 0x00, 0x00, 0x5d, 0x00, 0x00, 0x00, 0x13, 0x00, 0x00, 0x00, 0x61, 0x00,
  0x00, 0x00, 0x77, 0x00, 0x00, 0x00, 0x14, 0x00, 0x00, 0x00, 0x78, 0x00, 0x00, 0x00, 0x78, 0x00,
  0x00, 0x00, 0x15, 0x00, 0x00, 0x00, 0x79, 0x00, 0x00, 0x00, 0x7a, 0x00, 0x00, 0x00, 0x14, 0x00,
  0x00, 0x00, 0x09, 0x00, 0x00, 0x00, 0x0a, 0x00, 0x00, 0x00, 0x16, 0x00, 0x00, 0x00, 0x0d, 0x00,
  0x00, 0x00, 0x0d, 0x00, 0x00, 0x00, 0x16, 0x00, 0x00, 0x00, 0x20, 0x00, 0x00, 0x00, 0x20, 0x00,
  0x00, 0x00, 0x16, 0x00, 0x00, 0x00, 0x00, 0x00, 0x00, 0x00, 0x21, 0x00, 0x00, 0x00, 0x17, 0x00,
  0x00, 0x00, 0x22, 0x00, 0x00, 0x00, 0x22, 0x00, 0x00, 0x00, 0x18, 0x00, 0x00, 0x00, 0x23, 0x00,
  0x00, 0x00, 0x5b, 0x00, 0x00, 0x00, 0x17, 0x00, 0x00, 0x00, 0x5c, 0x00, 0x00, 0x00, 0x5c, 0x00,
  0x00, 0x00, 0x19, 0x00, 0x00, 0x00, 0x5d, 0x00, 0x00, 0x00, 0xff, 0xff, 0x10, 0x00, 0x17, 0x00,
  0x00, 0x00, 0x2f, 0x00, 0x00, 0x00, 0x2f, 0x00, 0x00, 0x00, 0x1a, 0x00, 0x00, 0x00, 0x30, 0x00,
  0x00, 0x00, 0x39, 0x00, 0x00, 0x00, 0x1b, 0x00, 0x00, 0x00, 0x30, 0x00, 0x00, 0x00, 0x39, 0x00,
  0x00, 0x00, 0x1c, 0x00, 0x00, 0x00, 0x41, 0x00, 0x00, 0x00, 0x5a, 0x00, 0x00, 0x00, 0x1c, 0x00,
  0x00, 0x00, 0x5f, 0x00, 0x00, 0x00, 0x5f, 0x00, 0x00, 0x00, 0x1c, 0x00, 0x00, 0x00, 0x61, 0x00,
  0x00, 0x00, 0x7a, 0x00, 0x00, 0x00, 0x1c, 0x00, 0x00, 0x00, 0x30, 0x00, 0x00, 0x00, 0x39, 0x00,
  0x00, 0x00, 0x1d, 0x00, 0x00, 0x00, 0x41, 0x00, 0x00, 0x00, 0x5a, 0x00, 0x00, 0x00, 0x1d, 0x00,
  0x00, 0x00, 0x5f, 0x00, 0x00, 0x00, 0x5f, 0x00, 0x00, 0x00, 0x1d, 0x00, 0x00, 0x00, 0x61, 0x00,
  0x00, 0x00, 0x7a, 0x00, 0x00, 0x00, 0x1d, 0x00, 0x00, 0x00, 0x09, 0x00, 0x00, 0x00, 0x0a, 0x00,
  0x00, 0x00, 0x16, 0x00, 0x00, 0x00, 0x0d, 0x00, 0x00, 0x00, 0x0d, 0x00, 0x00, 0x00, 0x16, 0x00,
  0x00, 0x00, 0x20, 0x00, 0x00, 0x00, 0x20, 0x00, 0x00, 0x00, 0x16, 0x00, 0x00, 0x00, 0x00, 0x00,
  0x00, 0x00, 0x21, 0x00, 0x00, 0x00, 0x17, 0x00, 0x00, 0x00, 0x22, 0x00, 0x00, 0x00, 0x22, 0x00,
  0x00, 0x00, 0x18, 0x00, 0x00, 0x00, 0x23, 0x00, 0x00, 0x00, 0x5b, 0x00, 0x00, 0x00, 0x17, 0x00,
  0x00, 0x00, 0x5c, 0x00, 0x00, 0x00, 0x5c, 0x00, 0x00, 0x00, 0x19, 0x00, 0x00, 0x00, 0x5d, 0x00,
  0x00, 0x00, 0xff, 0xff, 0x10, 0x00, 0x17, 0x00, 0x00, 0x00, 0x00, 0x00, 0x00, 0x00, 0x09, 0x00,
  0x00, 0x00, 0x1e, 0x00, 0x00, 0x00, 0x0b, 0x00, 0x00, 0x00, 0x0c, 0x00, 0x00, 0x00, 0x1e, 0x00,
  0x00, 0x00, 0x0e, 0x00, 0x00, 0x00, 0x27, 0x20, 0x00, 0x00, 0x1e, 0x00, 0x00, 0x00, 0x2a, 0x20,
  0x00, 0x00, 0xff, 0xff, 0x10, 0x00, 0x1e, 0x00, 0x00, 0x00, 0x00, 0x00, 0x00, 0x00, 0x09, 0x00,
  0x00, 0x00, 0x1f, 0x00, 0x00, 0x00, 0x0b, 0x00, 0x00, 0x00, 0xff, 0xff, 0x10, 0x00, 0x1f, 0x00,
  0x00, 0x00, 0x30, 0x00, 0x00, 0x00, 0x39, 0x00, 0x00, 0x00, 0x1b, 0x00, 0x00, 0x00, 0x30, 0x00,
  0x00, 0x00, 0x39, 0x00, 0x00, 0x00, 0x1c, 0x00, 0x00, 0x00, 0x41, 0x00, 0x00, 0x00, 0x5a, 0x00,
  0x00, 0x00, 0x1c, 0x00, 0x00, 0x00, 0x5f, 0x00, 0x00, 0x00, 0x5f, 0x00, 0x00, 0x00, 0x1c, 0x00,
  0x00, 0x00, 0x61, 0x00, 0x00, 0x00, 0x7a, 0x00, 0x00, 0x00, 0x1c, 0x00, 0x00, 0x00, 0x30, 0x00,
  0x00, 0x00, 0x39, 0x00, 0x00, 0x00, 0x1d, 0x00, 0x00, 0x00, 0x41, 0x00, 0x00, 0x00, 0x5a, 0x00,
  0x00, 0x00, 0x1d, 0x00, 0x00, 0x00, 0x5f, 0x00, 0x00, 0x00, 0x5f, 0x00, 0x00, 0x00, 0x1d, 0x00,
  0x00, 0x00, 0x61, 0x00, 0x00, 0x00, 0x7a, 0x00, 0x00, 0x00, 0x1d, 0x00, 0x00, 0x00, 0x00, 0x00,
  0x00, 0x00, 0x21, 0x00, 0x00, 0x00, 0x17, 0x00, 0x00, 0x00, 0x22, 0x00, 0x00, 0x00, 0x22, 0x00,
  0x00, 0x00, 0x18, 0x00, 0x00, 0x00, 0x23, 0x00, 0x00, 0x00, 0x5b, 0x00, 0x00, 0x00, 0x17, 0x00,
  0x00, 0x00, 0x5c, 0x00, 0x00, 0x00, 0x5c, 0x00, 0x00, 0x00, 0x19, 0x00, 0x00, 0x00, 0x5d, 0x00,
  0x00, 0x00, 0xff, 0xff, 0x10, 0x00, 0x17, 0x00, 0x00, 0x00, 0x00, 0x00, 0x00, 0x00, 0x09, 0x00,
  0x00, 0x00, 0x1f, 0x00, 0x00, 0x00, 0x0b, 0x00, 0x00, 0x00, 0xff, 0xff, 0x10, 0x00, 0x1f, 0x00,
  0x00, 0x00, 0x00, 0x00, 0x00, 0x00, 0x06, 0x00, 0x00, 0x00, 0x07, 0x00, 0x00, 0x00, 0x08, 0x00,
  0x00, 0x00, 0x0e, 0x00, 0x00, 0x00, 0x0f, 0x00, 0x00, 0x00, 0x10, 0x00, 0x00, 0x00, 0x14, 0x00,
  0x00, 0x00, 0x15, 0x00, 0x00, 0x00, 0x16, 0x00, 0x00, 0x00, 0x1c, 0x00, 0x00, 0x00, 0x22, 0x00,
  0x00, 0x00, 0x28, 0x00, 0x00, 0x00, 0x2e, 0x00, 0x00, 0x00, 0x34, 0x00, 0x00, 0x00, 0x3a, 0x00,
  0x00, 0x00, 0x40, 0x00, 0x00, 0x00, 0x46, 0x00, 0x00, 0x00, 0x4c, 0x00, 0x00, 0x00, 0x52, 0x00,
  0x00, 0x00, 0x54, 0x00, 0x00, 0x00, 0x56, 0x00, 0x00, 0x00, 0x58, 0x00, 0x00, 0x00, 0x59, 0x00,
  0x00, 0x00, 0x5a, 0x00, 0x00, 0x00, 0x5b, 0x00, 0x00, 0x00, 0x5e, 0x00, 0x00, 0x00, 0x5f, 0x00,
  0x00, 0x00, 0x60, 0x00, 0x00, 0x00, 0x61, 0x00, 0x00, 0x00, 0x62, 0x00, 0x00, 0x00, 0x63, 0x00,
  0x00, 0x00, 0x64, 0x00, 0x00, 0x00, 0x65, 0x00, 0x00, 0x00, 0x66, 0x00, 0x00, 0x00, 0x67, 0x00,
  0x00, 0x00, 0x68, 0x00, 0x00, 0x00, 0x69, 0x00, 0x00, 0x00, 0x6a, 0x00, 0x00, 0x00, 0x6c, 0x00,
  0x00, 0x00, 0x6f, 0x00, 0x00, 0x00, 0x70, 0x00, 0x00, 0x00, 0x71, 0x00, 0x00, 0x00, 0x72, 0x00,
  0x00, 0x00, 0x73, 0x00, 0x00, 0x00, 0x74, 0x00, 0x00, 0x00, 0x75, 0x00, 0x00, 0x00, 0x79, 0x00,
  0x00, 0x00, 0x7a, 0x00, 0x00, 0x00, 0x7b, 0x00, 0x00, 0x00, 0x7c, 0x00, 0x00, 0x00, 0x7d, 0x00,
  0x00, 0x00, 0x81, 0x00, 0x00, 0x00, 0x83, 0x00, 0x00, 0x00, 0x84, 0x00, 0x00, 0x00, 0x85, 0x00,
  0x00, 0x00, 0x86, 0x00, 0x00, 0x00, 0x87, 0x00, 0x00, 0x00, 0x89, 0x00, 0x00, 0x00, 0x8b, 0x00,
  0x00, 0x00, 0x91, 0x00, 0x00, 0x00, 0x92, 0x00, 0x00, 0x00, 0x96, 0x00, 0x00, 0x00, 0x97, 0x00,
  0x00, 0x00, 0x98, 0x00, 0x00, 0x00, 0x99, 0x00, 0x00, 0x00, 0x9a, 0x00, 0x00, 0x00, 0x9d, 0x00,
  0x00, 0x00, 0xa0, 0x00, 0x00, 0x00, 0xa3, 0x00, 0x00, 0x00, 0xa9, 0x00, 0x00, 0x00, 0xaf, 0x00,
  0x00, 0x00, 0xb2, 0x00, 0x00, 0x00, 0xb3, 0x00, 0x00, 0x00, 0xb4, 0x00, 0x00, 0x00, 0xb5, 0x00,
  0x00, 0x00, 0xb6, 0x00, 0x00, 0x00, 0xb7, 0x00, 0x00, 0x00, 0xb8, 0x00, 0x00, 0x00, 0xb9, 0x00,
  0x00, 0x00, 0xba, 0x00, 0x00, 0x00, 0xbb, 0x00, 0x00, 0x00, 0xbc, 0x00, 0x00, 0x00, 0xbd, 0x00,
  0x00, 0x00, 0xbe, 0x00, 0x00, 0x00, 0xc0, 0x00, 0x00, 0x00, 0xc4, 0x00, 0x00, 0x00, 0xc5, 0x00,
  0x00, 0x00, 0xc6, 0x00, 0x00, 0x00, 0xc7, 0x00, 0x00, 0x00, 0xca, 0x00, 0x00, 0x00, 0xcb, 0x00,
  0x00, 0x00, 0xcd, 0x00, 0x00, 0x00, 0xd1, 0x00, 0x00, 0x00, 0xd3, 0x00, 0x00, 0x00, 0xd5, 0x00,
  0x00, 0x00, 0xd7, 0x00, 0x00, 0x00, 0xd9, 0x00, 0x00, 0x00, 0xdc, 0x00, 0x00, 0x00, 0xdd, 0x00,
  0x00, 0x00, 0xde, 0x00, 0x00, 0x00, 0xdf, 0x00, 0x00, 0x00, 0xe0, 0x00, 0x00, 0x00, 0xe1, 0x00,
  0x00, 0x00, 0xe2, 0x00, 0x00, 0x00, 0xe3, 0x00, 0x00, 0x00, 0xe4, 0x00, 0x00, 0x00, 0xe5, 0x00,
  0x00, 0x00, 0xe6, 0x00, 0x00, 0x00, 0xe8, 0x00, 0x00, 0x00, 0xe9, 0x00, 0x00, 0x00, 0xea, 0x00,
  0x00, 0x00, 0xeb, 0x00, 0x00, 0x00, 0xef, 0x00, 0x00, 0x00, 0xf0, 0x00, 0x00, 0x00, 0xf1, 0x00,
  0x00, 0x00, 0xf2, 0x00, 0x00, 0x00, 0xf3, 0x00, 0x00, 0x00, 0xf5, 0x00, 0x00, 0x00, 0xf6, 0x00,
  0x00, 0x00, 0xf7, 0x00, 0x00, 0x00, 0xfc, 0x00, 0x00, 0x00, 0xfd, 0x00, 0x00, 0x00, 0xfe, 0x00,
  0x00, 0x00, 0xff, 0x00, 0x00, 0x00, 0x00, 0x01, 0x00, 0x00, 0x01, 0x01, 0x00, 0x00, 0x02, 0x01,
  0x00, 0x00, 0x03, 0x01, 0x00, 0x00, 0x04, 0x01, 0x00, 0x00, 0x05, 0x01, 0x00, 0x00, 0x06, 0x01,
  0x00, 0x00, 0x07, 0x01, 0x00, 0x00, 0x08, 0x01, 0x00, 0x00, 0x09, 0x01, 0x00, 0x00, 0x0a, 0x01,
  0x00, 0x00, 0x0b, 0x01, 0x00, 0x00, 0x0c, 0x01, 0x00, 0x00, 0x12, 0x01, 0x00, 0x00, 0x13, 0x01,
  0x00, 0x00, 0x14, 0x01, 0x00, 0x00, 0x15, 0x01, 0x00, 0x00, 0x16, 0x01, 0x00, 0x00, 0x17, 0x01,
  0x00, 0x00, 0x18, 0x01, 0x00, 0x00, 0x19, 0x01, 0x00, 0x00, 0x1a, 0x01, 0x00, 0x00, 0x1e, 0x01,
  0x00, 0x00, 0x1f, 0x01, 0x00, 0x00, 0x20, 0x01, 0x00, 0x00, 0x21, 0x01, 0x00, 0x00, 0x22, 0x01,
  0x00, 0x00, 0x25, 0x01, 0x00, 0x00, 0x26, 0x01, 0x00, 0x00, 0x27, 0x01, 0x00, 0x00, 0x2a, 0x01,
  0x00, 0x00, 0x2c, 0x01, 0x00, 0x00, 0x2e, 0x01, 0x00, 0x00, 0x33, 0x01, 0x00, 0x00, 0x35, 0x01,
  0x00, 0x00, 0x37, 0x01, 0x00, 0x00, 0x39, 0x01, 0x00, 0x00, 0x3b, 0x01, 0x00, 0x00, 0x3d, 0x01,
  0x00, 0x00, 0x3f, 0x01, 0x00, 0x00, 0x41, 0x01, 0x00, 0x00, 0x43, 0x01, 0x00, 0x00, 0x44, 0x01,
  0x00, 0x00, 0x46, 0x01, 0x00, 0x00, 0x47, 0x01, 0x00, 0x00, 0x48, 0x01, 0x00, 0x00, 0x4a, 0x01,
  0x00, 0x00, 0x4c, 0x01, 0x00, 0x00, 0x4e, 0x01, 0x00, 0x00, 0x50, 0x01, 0x00, 0x00, 0x56, 0x01,
  0x00, 0x00, 0x5b, 0x01, 0x00, 0x00, 0x5c, 0x01, 0x00, 0x00, 0x5e, 0x01, 0x00, 0x00, 0x61, 0x01,
  0x00, 0x00, 0x62, 0x01, 0x00, 0x00, 0x63, 0x01, 0x00, 0x00, 0x64, 0x01, 0x00, 0x00, 0x65, 0x01,
  0x00, 0x00, 0x66, 0x01, 0x00, 0x00, 0x6b, 0x01, 0x00, 0x00, 0x6c, 0x01, 0x00, 0x00, 0x70, 0x01,
  0x00, 0x00, 0x73, 0x01, 0x00, 0x00, 0x75, 0x01, 0x00, 0x00, 0x77, 0x01, 0x00, 0x00, 0x7c, 0x01,
  0x00, 0x00, 0x7e, 0x01, 0x00, 0x00, 0x80, 0x01, 0x00, 0x00, 0x82, 0x01, 0x00, 0x00, 0x84, 0x01,
  0x00, 0x00, 0x86, 0x01, 0x00, 0x00, 0x88, 0x01, 0x00, 0x00, 0x8a, 0x01, 0x00, 0x00, 0x8c, 0x01,
  0x00, 0x00, 0x8d, 0x01, 0x00, 0x00, 0x8e, 0x01, 0x00, 0x00, 0x8f, 0x01, 0x00, 0x00, 0x91, 0x01,
  0x00, 0x00, 0x93, 0x01, 0x00, 0x00, 0x95, 0x01, 0x00, 0x00, 0x97, 0x01, 0x00, 0x00, 0x99, 0x01,
  0x00, 0x00, 0x9a, 0x01, 0x00, 0x00, 0x9b, 0x01, 0x00, 0x00, 0x9c, 0x01, 0x00, 0x00, 0x9e, 0x01,
  0x00, 0x00, 0x9f, 0x01, 0x00, 0x00, 0xa1, 0x01, 0x00, 0x00, 0xa2, 0x01, 0x00, 0x00, 0xa7, 0x01,
  0x00, 0x00, 0xa8, 0x01, 0x00, 0x00, 0xac, 0x01, 0x00, 0x00, 0xad, 0x01, 0x00, 0x00, 0xaf, 0x01,
  0x00, 0x00, 0xb1, 0x01, 0x00, 0x00, 0xb2, 0x01, 0x00, 0x00, 0xb4, 0x01, 0x00, 0x00, 0xb6, 0x01,
  0x00, 0x00, 0x00, 0x00, 0x00, 0x00, 0x01, 0x00, 0x00, 0x02, 0x07, 0x00, 0x00, 0x00, 0x01, 0x00,
  0x00, 0x02, 0x0b, 0x00, 0x00, 0x00, 0x01, 0x00, 0x00, 0x02, 0x0c, 0x00, 0x00, 0x00, 0x01, 0x00,
  0x00, 0x02, 0x0d, 0x00, 0x00, 0x00, 0x01, 0x00, 0x00, 0x02, 0x0e, 0x00, 0x00, 0x00, 0x01, 0x00,
  0x00, 0x02, 0x00, 0x00, 0x00, 0x00, 0x00, 0x00, 0x00, 0x03, 0x00, 0x00, 0x00, 0x00, 0x04, 0x00,
  0x00, 0x02, 0x00, 0x00, 0x00, 0x00, 0x03, 0x00, 0x00, 0x02, 0x07, 0x00, 0x00, 0x00, 0x04, 0x00,
  0x00, 0x01, 0x0b, 0x00, 0x00, 0x00, 0x05, 0x00, 0x00, 0x01, 0x0c, 0x00, 0x00, 0x00, 0x06, 0x00,
  0x00, 0x01, 0x0d, 0x00, 0x00, 0x00, 0x07, 0x00, 0x00, 0x01, 0x0e, 0x00, 0x00, 0x00, 0x08, 0x00,
  0x00, 0x01, 0x03, 0x00, 0x00, 0x00, 0x13, 0x00, 0x00, 0x01, 0x04, 0x00, 0x00, 0x00, 0x16, 0x00,
  0x00, 0x01, 0x04, 0x00, 0x00, 0x00, 0x54, 0x00, 0x00, 0x02, 0x0f, 0x00, 0x00, 0x00, 0x19, 0x00,
  0x00, 0x01, 0x0f, 0x00, 0x00, 0x00, 0x54, 0x00, 0x00, 0x02, 0x14, 0x00, 0x00, 0x00, 0x54, 0x00,
  0x00, 0x02, 0x01, 0x00, 0x00, 0x00, 0x28, 0x00, 0x00, 0x01, 0x02, 0x00, 0x00, 0x00, 0x2b, 0x00,
  0x00, 0x01, 0x00, 0x00, 0x00, 0x00, 0x02, 0x00, 0x00, 0x02, 0x07, 0x00, 0x00, 0x00, 0x02, 0x00,
  0x00, 0x02, 0x0b, 0x00, 0x00, 0x00, 0x02, 0x00, 0x00, 0x02, 0x0c, 0x00, 0x00, 0x00, 0x02, 0x00,
  0x00, 0x02, 0x0d, 0x00, 0x00, 0x00, 0x02, 0x00, 0x00, 0x02, 0x0e, 0x00, 0x00, 0x00, 0x02, 0x00,
  0x00, 0x02, 0x00, 0x00, 0x00, 0x00, 0x05, 0x00, 0x00, 0x02, 0x07, 0x00, 0x00, 0x00, 0x05, 0x00,
  0x00, 0x02, 0x0b, 0x00, 0x00, 0x00, 0x05, 0x00, 0x00, 0x02, 0x0c, 0x00, 0x00, 0x00, 0x05, 0x00,
  0x00, 0x02, 0x0d, 0x00, 0x00, 0x00, 0x05, 0x00, 0x00, 0x02, 0x0e, 0x00, 0x00, 0x00, 0x05, 0x00,
  0x00, 0x02, 0x00, 0x00, 0x00, 0x00, 0x06, 0x00, 0x00, 0x02, 0x07, 0x00, 0x00, 0x00, 0x06, 0x00,
  0x00, 0x02, 0x0b, 0x00, 0x00, 0x00, 0x06, 0x00, 0x00, 0x02, 0x0c, 0x00, 0x00, 0x00, 0x06, 0x00,
  0x00, 0x02, 0x0d, 0x00, 0x00, 0x00, 0x06, 0x00, 0x00, 0x02, 0x0e, 0x00, 0x00, 0x00, 0x06, 0x00,
  0x00, 0x02, 0x00, 0x00, 0x00, 0x00, 0x07, 0x00, 0x00, 0x02, 0x07, 0x00, 0x00, 0x00, 0x07, 0x00,
  0x00, 0x02, 0x0b, 0x00, 0x00, 0x00, 0x07, 0x00, 0x00, 0x02, 0x0c, 0x00, 0x00, 0x00, 0x07, 0x00,
  0x00, 0x02, 0x0d, 0x00, 0x00, 0x00, 0x07, 0x00, 0x00, 0x02, 0x0e, 0x00, 0x00, 0x00, 0x07, 0x00,
  0x00, 0x02, 0x00, 0x00, 0x00, 0x00, 0x08, 0x00, 0x00, 0x02, 0x07, 0x00, 0x00, 0x00, 0x08, 0x00,
  0x00, 0x02, 0x0b, 0x00, 0x00, 0x00, 0x08, 0x00, 0x00, 0x02, 0x0c, 0x00, 0x00, 0x00, 0x08, 0x00,
  0x00, 0x02, 0x0d, 0x00, 0x00, 0x00, 0x08, 0x00, 0x00, 0x02, 0x0e, 0x00, 0x00, 0x00, 0x08, 0x00,
  0x00, 0x02, 0x00, 0x00, 0x00, 0x00, 0x09, 0x00, 0x00, 0x02, 0x07, 0x00, 0x00, 0x00, 0x09, 0x00,
  0x00, 0x02, 0x0b, 0x00, 0x00, 0x00, 0x09, 0x00, 0x00, 0x02, 0x0c, 0x00, 0x00, 0x00, 0x09, 0x00,
  0x00, 0x02, 0x0d, 0x00, 0x00, 0x00, 0x09, 0x00, 0x00, 0x02, 0x0e, 0x00, 0x00, 0x00, 0x09, 0x00,
  0x00, 0x02, 0x00, 0x00, 0x00, 0x00, 0x12, 0x00, 0x00, 0x02, 0x07, 0x00, 0x00, 0x00, 0x12, 0x00,
  0x00, 0x02, 0x0b, 0x00, 0x00, 0x00, 0x12, 0x00, 0x00, 0x02, 0x0c, 0x00, 0x00, 0x00, 0x12, 0x00,
  0x00, 0x02, 0x0d, 0x00, 0x00, 0x00, 0x12, 0x00, 0x00, 0x02, 0x0e, 0x00, 0x00, 0x00, 0x12, 0x00,
  0x00, 0x02, 0x00, 0x00, 0x00, 0x00, 0x1c, 0x00, 0x00, 0x02, 0x07, 0x00, 0x00, 0x00, 0x1c, 0x00,
  0x00, 0x02, 0x0b, 0x00, 0x00, 0x00, 0x1c, 0x00, 0x00, 0x02, 0x0c, 0x00, 0x00, 0x00, 0x1c, 0x00,
  0x00, 0x02, 0x0d, 0x00, 0x00, 0x00, 0x1c, 0x00, 0x00, 0x02, 0x0e, 0x00, 0x00, 0x00, 0x1c, 0x00,
  0x00, 0x02, 0x00, 0x00, 0x00, 0x00, 0x20, 0x00, 0x00, 0x02, 0x07, 0x00, 0x00, 0x00, 0x20, 0x00,
  0x00, 0x02, 0x0b, 0x00, 0x00, 0x00, 0x20, 0x00, 0x00, 0x02, 0x0c, 0x00, 0x00, 0x00, 0x20, 0x00,
  0x00, 0x02, 0x0d, 0x00, 0x00, 0x00, 0x20, 0x00, 0x00, 0x02, 0x0e, 0x00, 0x00, 0x00, 0x20, 0x00,
  0x00, 0x02, 0x00, 0x00, 0x00, 0x00, 0x27, 0x00, 0x00, 0x02, 0x07, 0x00, 0x00, 0x00, 0x27, 0x00,
  0x00, 0x02, 0x0b, 0x00, 0x00, 0x00, 0x27, 0x00, 0x00, 0x02, 0x0c, 0x00, 0x00, 0x00, 0x27, 0x00,
  0x00, 0x02, 0x0d, 0x00, 0x00, 0x00, 0x27, 0x00, 0x00, 0x02, 0x0e, 0x00, 0x00, 0x00, 0x27, 0x00,
  0x00, 0x02, 0x08, 0x00, 0x00, 0x00, 0x0a, 0x00, 0x00, 0x02, 0x0a, 0x00, 0x00, 0x00, 0x0a, 0x00,
  0x00, 0x02, 0x08, 0x00, 0x00, 0x00, 0x0c, 0x00, 0x00, 0x02, 0x0a, 0x00, 0x00, 0x00, 0x2e, 0x00,
  0x00, 0x01, 0x08, 0x00, 0x00, 0x00, 0x0b, 0x00, 0x00, 0x02, 0x0a, 0x00, 0x00, 0x00, 0x0b, 0x00,
  0x00, 0x02, 0x08, 0x00, 0x00, 0x00, 0x17, 0x00, 0x00, 0x02, 0x08, 0x00, 0x00, 0x00, 0x33, 0x00,
  0x00, 0x01, 0x08, 0x00, 0x00, 0x00, 0x18, 0x00, 0x00, 0x02, 0x04, 0x00, 0x00, 0x00, 0x54, 0x00,
  0x00, 0x02, 0x0f, 0x00, 0x00, 0x00, 0x54, 0x00, 0x00, 0x02, 0x14, 0x00, 0x00, 0x00, 0x54, 0x00,
  0x00, 0x02, 0x09, 0x00, 0x00, 0x00, 0x1d, 0x00, 0x00, 0x02, 0x09, 0x00, 0x00, 0x00, 0x44, 0x00,
  0x00, 0x02, 0x09, 0x00, 0x00, 0x00, 0x46, 0x00, 0x00, 0x02, 0x09, 0x00, 0x00, 0x00, 0x47, 0x00,
  0x00, 0x02, 0x09, 0x00, 0x00, 0x00, 0x48, 0x00, 0x00, 0x02, 0x09, 0x00, 0x00, 0x00, 0x3b, 0x00,
  0x00, 0x01, 0x09, 0x00, 0x00, 0x00, 0x1e, 0x00, 0x00, 0x02, 0x09, 0x00, 0x00, 0x00, 0x45, 0x00,
  0x00, 0x02, 0x09, 0x00, 0x00, 0x00, 0x49, 0x00, 0x00, 0x02, 0x09, 0x00, 0x00, 0x00, 0x4f, 0x00,
  0x00, 0x02, 0x09, 0x00, 0x00, 0x00, 0x53, 0x00, 0x00, 0x02, 0x09, 0x00, 0x00, 0x00, 0x5a, 0x00,
  0x00, 0x02, 0x04, 0x00, 0x00, 0x00, 0x3c, 0x00, 0x00, 0x01, 0x0f, 0x00, 0x00, 0x00, 0x3d, 0x00,
  0x00, 0x01, 0x04, 0x00, 0x00, 0x00, 0x56, 0x00, 0x00, 0x02, 0x0f, 0x00, 0x00, 0x00, 0x56, 0x00,
  0x00, 0x02, 0x14, 0x00, 0x00, 0x00, 0x42, 0x00, 0x00, 0x01, 0x09, 0x00, 0x00, 0x00, 0x21, 0x00,
  0x00, 0x02, 0x09, 0x00, 0x00, 0x00, 0x45, 0x00, 0x00, 0x01, 0x09, 0x00, 0x00, 0x00, 0x22, 0x00,
  0x00, 0x02, 0x09, 0x00, 0x00, 0x00, 0x24, 0x00, 0x00, 0x02, 0x09, 0x00, 0x00, 0x00, 0x46, 0x00,
  0x00, 0x01, 0x09, 0x00, 0x00, 0x00, 0x25, 0x00, 0x00, 0x02, 0x04, 0x00, 0x00, 0x00, 0x54, 0x00,
  0x00, 0x02, 0x0f, 0x00, 0x00, 0x00, 0x47, 0x00, 0x00, 0x01, 0x0f, 0x00, 0x00, 0x00, 0x54, 0x00,
  0x00, 0x02, 0x14, 0x00, 0x00, 0x00, 0x54, 0x00, 0x00, 0x02, 0x08, 0x00, 0x00, 0x00, 0x0d, 0x00,
  0x00, 0x02, 0x08, 0x00, 0x00, 0x00, 0x55, 0x00, 0x00, 0x01, 0x08, 0x00, 0x00, 0x00, 0x0e, 0x00,
  0x00, 0x02, 0x08, 0x00, 0x00, 0x00, 0x16, 0x00, 0x00, 0x02, 0x04, 0x00, 0x00, 0x00, 0x54, 0x00,
  0x00, 0x02, 0x0f, 0x00, 0x00, 0x00, 0x19, 0x00, 0x00, 0x01, 0x0f, 0x00, 0x00, 0x00, 0x54, 0x00,
  0x00, 0x02, 0x14, 0x00, 0x00, 0x00, 0x54, 0x00, 0x00, 0x02, 0x10, 0x00, 0x00, 0x00, 0x4a, 0x00,
  0x00, 0x02, 0x11, 0x00, 0x00, 0x00, 0x50, 0x00, 0x00, 0x02, 0x10, 0x00, 0x00, 0x00, 0x59, 0x00,
  0x00, 0x01, 0x10, 0x00, 0x00, 0x00, 0x4b, 0x00, 0x00, 0x02, 0x11, 0x00, 0x00, 0x00, 0x5a, 0x00,
  0x00, 0x01, 0x11, 0x00, 0x00, 0x00, 0x51, 0x00, 0x00, 0x02, 0x10, 0x00, 0x00, 0x00, 0x5a, 0x00,
  0x00, 0x02, 0x11, 0x00, 0x00, 0x00, 0x5a, 0x00, 0x00, 0x02, 0x04, 0x00, 0x00, 0x00, 0x5b, 0x00,
  0x00, 0x01, 0x0f, 0x00, 0x00, 0x00, 0x5c, 0x00, 0x00, 0x01, 0x00, 0x00, 0x00, 0x00, 0x1f, 0x00,
  0x00, 0x02, 0x07, 0x00, 0x00, 0x00, 0x1f, 0x00, 0x00, 0x02, 0x0b, 0x00, 0x00, 0x00, 0x1f, 0x00,
  0x00, 0x02, 0x0c, 0x00, 0x00, 0x00, 0x1f, 0x00, 0x00, 0x02, 0x0d, 0x00, 0x00, 0x00, 0x1f, 0x00,
  0x00, 0x02, 0x0e, 0x00, 0x00, 0x00, 0x1f, 0x00, 0x00, 0x02, 0x09, 0x00, 0x00, 0x00, 0x5d, 0x00,
  0x00, 0x02, 0x04, 0x00, 0x00, 0x00, 0x54, 0x00, 0x00, 0x02, 0x0f, 0x00, 0x00, 0x00, 0x61, 0x00,
  0x00, 0x01, 0x0f, 0x00, 0x00, 0x00, 0x54, 0x00, 0x00, 0x02, 0x14, 0x00, 0x00, 0x00, 0x54, 0x00,
  0x00, 0x02, 0x09, 0x00, 0x00, 0x00, 0x57, 0x00, 0x00, 0x02, 0x09, 0x00, 0x00, 0x00, 0x59, 0x00,
  0x00, 0x02, 0x09, 0x00, 0x00, 0x00, 0x58, 0x00, 0x00, 0x02, 0x09, 0x00, 0x00, 0x00, 0x5f, 0x00,
  0x00, 0x02, 0x04, 0x00, 0x00, 0x00, 0x5b, 0x00, 0x00, 0x02, 0x0f, 0x00, 0x00, 0x00, 0x5b, 0x00,
  0x00, 0x02, 0x14, 0x00, 0x00, 0x00, 0x5b, 0x00, 0x00, 0x02, 0x04, 0x00, 0x00, 0x00, 0x55, 0x00,
  0x00, 0x02, 0x0f, 0x00, 0x00, 0x00, 0x55, 0x00, 0x00, 0x02, 0x14, 0x00, 0x00, 0x00, 0x55, 0x00,
  0x00, 0x02, 0x04, 0x00, 0x00, 0x00, 0x5c, 0x00, 0x00, 0x02, 0x0f, 0x00, 0x00, 0x00, 0x5c, 0x00,
  0x00, 0x02, 0x14, 0x00, 0x00, 0x00, 0x5c, 0x00, 0x00, 0x02, 0x00, 0x00, 0x00, 0x00, 0x23, 0x00,
  0x00, 0x02, 0x07, 0x00, 0x00, 0x00, 0x23, 0x00, 0x00, 0x02, 0x0b, 0x00, 0x00, 0x00, 0x23, 0x00,
  0x00, 0x02, 0x0c, 0x00, 0x00, 0x00, 0x23, 0x00, 0x00, 0x02, 0x0d, 0x00, 0x00, 0x00, 0x23, 0x00,
  0x00, 0x02, 0x0e, 0x00, 0x00, 0x00, 0x23, 0x00, 0x00, 0x02, 0x00, 0x00, 0x00, 0x00, 0x26, 0x00,
  0x00, 0x02, 0x07, 0x00, 0x00, 0x00, 0x26, 0x00, 0x00, 0x02, 0x0b, 0x00, 0x00, 0x00, 0x26, 0x00,
  0x00, 0x02, 0x0c, 0x00, 0x00, 0x00, 0x26, 0x00, 0x00, 0x02, 0x0d, 0x00, 0x00, 0x00, 0x26, 0x00,
  0x00, 0x02, 0x0e, 0x00, 0x00, 0x00, 0x26, 0x00, 0x00, 0x02, 0x04, 0x00, 0x00, 0x00, 0x54, 0x00,
  0x00, 0x02, 0x0f, 0x00, 0x00, 0x00, 0x54, 0x00, 0x00, 0x02, 0x14, 0x00, 0x00, 0x00, 0x54, 0x00,
  0x00, 0x02, 0x08, 0x00, 0x00, 0x00, 0x13, 0x00, 0x00, 0x02, 0x08, 0x00, 0x00, 0x00, 0x44, 0x00,
  0x00, 0x02, 0x08, 0x00, 0x00, 0x00, 0x46, 0x00, 0x00, 0x02, 0x08, 0x00, 0x00, 0x00, 0x47, 0x00,
  0x00, 0x02, 0x08, 0x00, 0x00, 0x00, 0x48, 0x00, 0x00, 0x02, 0x08, 0x00, 0x00, 0x00, 0x15, 0x00,
  0x00, 0x02, 0x08, 0x00, 0x00, 0x00, 0x14, 0x00, 0x00, 0x02, 0x08, 0x00, 0x00, 0x00, 0x45, 0x00,
  0x00, 0x02, 0x08, 0x00, 0x00, 0x00, 0x49, 0x00, 0x00, 0x02, 0x08, 0x00, 0x00, 0x00, 0x4f, 0x00,
  0x00, 0x02, 0x08, 0x00, 0x00, 0x00, 0x53, 0x00, 0x00, 0x02, 0x08, 0x00, 0x00, 0x00, 0x5a, 0x00,
  0x00, 0x02, 0x04, 0x00, 0x00, 0x00, 0x6f, 0x00, 0x00, 0x01, 0x0f, 0x00, 0x00, 0x00, 0x70, 0x00,
  0x00, 0x01, 0x03, 0x00, 0x00, 0x00, 0x75, 0x00, 0x00, 0x01, 0x05, 0x00, 0x00, 0x00, 0x76, 0x00,
  0x00, 0x01, 0x06, 0x00, 0x00, 0x00, 0x77, 0x00, 0x00, 0x01, 0x12, 0x00, 0x00, 0x00, 0x78, 0x00,
  0x00, 0x01, 0x09, 0x00, 0x00, 0x00, 0x19, 0x00, 0x00, 0x02, 0x09, 0x00, 0x00, 0x00, 0x89, 0x00,
  0x00, 0x01, 0x09, 0x00, 0x00, 0x00, 0x1a, 0x00, 0x00, 0x02, 0x04, 0x00, 0x00, 0x00, 0x54, 0x00,
  0x00, 0x02, 0x0f, 0x00, 0x00, 0x00, 0x54, 0x00, 0x00, 0x02, 0x14, 0x00, 0x00, 0x00, 0x54, 0x00,
  0x00, 0x02, 0x09, 0x00, 0x00, 0x00, 0x52, 0x00, 0x00, 0x02, 0x10, 0x00, 0x00, 0x00, 0x5d, 0x00,
  0x00, 0x02, 0x11, 0x00, 0x00, 0x00, 0x5d, 0x00, 0x00, 0x02, 0x04, 0x00, 0x00, 0x00, 0x54, 0x00,
  0x00, 0x02, 0x0f, 0x00, 0x00, 0x00, 0x61, 0x00, 0x00, 0x01, 0x0f, 0x00, 0x00, 0x00, 0x54, 0x00,
  0x00, 0x02, 0x14, 0x00, 0x00, 0x00, 0x54, 0x00, 0x00, 0x02, 0x10, 0x00, 0x00, 0x00, 0x57, 0x00,
  0x00, 0x02, 0x11, 0x00, 0x00, 0x00, 0x57, 0x00, 0x00, 0x02, 0x10, 0x00, 0x00, 0x00, 0x59, 0x00,
  0x00, 0x02, 0x11, 0x00, 0x00, 0x00, 0x59, 0x00, 0x00, 0x02, 0x10, 0x00, 0x00, 0x00, 0x58, 0x00,
  0x00, 0x02, 0x11, 0x00, 0x00, 0x00, 0x58, 0x00, 0x00, 0x02, 0x10, 0x00, 0x00, 0x00, 0x5f, 0x00,
  0x00, 0x02, 0x11, 0x00, 0x00, 0x00, 0x5f, 0x00, 0x00, 0x02, 0x04, 0x00, 0x00, 0x00, 0x54, 0x00,
  0x00, 0x02, 0x0f, 0x00, 0x00, 0x00, 0x54, 0x00, 0x00, 0x02, 0x14, 0x00, 0x00, 0x00, 0x54, 0x00,
  0x00, 0x02, 0x11, 0x00, 0x00, 0x00, 0x90, 0x00, 0x00, 0x01, 0x11, 0x00, 0x00, 0x00, 0x44, 0x00,
  0x00, 0x02, 0x11, 0x00, 0x00, 0x00, 0x46, 0x00, 0x00, 0x02, 0x11, 0x00, 0x00, 0x00, 0x47, 0x00,
  0x00, 0x02, 0x11, 0x00, 0x00, 0x00, 0x48, 0x00, 0x00, 0x02, 0x11, 0x00, 0x00, 0x00, 0x45, 0x00,
  0x00, 0x02, 0x11, 0x00, 0x00, 0x00, 0x49, 0x00, 0x00, 0x02, 0x11, 0x00, 0x00, 0x00, 0x4f, 0x00,
  0x00, 0x02, 0x11, 0x00, 0x00, 0x00, 0x53, 0x00, 0x00, 0x02, 0x11, 0x00, 0x00, 0x00, 0x5a, 0x00,
  0x00, 0x02, 0x04, 0x00, 0x00, 0x00, 0x91, 0x00, 0x00, 0x01, 0x0f, 0x00, 0x00, 0x00, 0x92, 0x00,
  0x00, 0x01, 0x10, 0x00, 0x00, 0x00, 0x97, 0x00, 0x00, 0x01, 0x11, 0x00, 0x00, 0x00, 0x98, 0x00,
  0x00, 0x01, 0x08, 0x00, 0x00, 0x00, 0x5d, 0x00, 0x00, 0x02, 0x04, 0x00, 0x00, 0x00, 0x54, 0x00,
  0x00, 0x02, 0x0f, 0x00, 0x00, 0x00, 0x61, 0x00, 0x00, 0x01, 0x0f, 0x00, 0x00, 0x00, 0x54, 0x00,
  0x00, 0x02, 0x14, 0x00, 0x00, 0x00, 0x54, 0x00, 0x00, 0x02, 0x08, 0x00, 0x00, 0x00, 0x57, 0x00,
  0x00, 0x02, 0x08, 0x00, 0x00, 0x00, 0x59, 0x00, 0x00, 0x02, 0x08, 0x00, 0x00, 0x00, 0x58, 0x00,
  0x00, 0x02, 0x08, 0x00, 0x00, 0x00, 0x5f, 0x00, 0x00, 0x02, 0x09, 0x00, 0x00, 0x00, 0x42, 0x00,
  0x00, 0x02, 0x0f, 0x00, 0x00, 0x00, 0x2e, 0x00, 0x00, 0x02, 0x09, 0x00, 0x00, 0x00, 0x3e, 0x00,
  0x00, 0x02, 0x09, 0x00, 0x00, 0x00, 0x40, 0x00, 0x00, 0x02, 0x03, 0x00, 0x00, 0x00, 0x9a, 0x00,
  0x00, 0x01, 0x05, 0x00, 0x00, 0x00, 0x9b, 0x00, 0x00, 0x01, 0x06, 0x00, 0x00, 0x00, 0x9c, 0x00,
  0x00, 0x01, 0x12, 0x00, 0x00, 0x00, 0x9d, 0x00, 0x00, 0x01, 0x13, 0x00, 0x00, 0x00, 0x39, 0x00,
  0x00, 0x02, 0x09, 0x00, 0x00, 0x00, 0x0f, 0x00, 0x00, 0x02, 0x09, 0x00, 0x00, 0x00, 0x28, 0x00,
  0x00, 0x02, 0x09, 0x00, 0x00, 0x00, 0x29, 0x00, 0x00, 0x02, 0x09, 0x00, 0x00, 0x00, 0x2a, 0x00,
  0x00, 0x02, 0x09, 0x00, 0x00, 0x00, 0x2b, 0x00, 0x00, 0x02, 0x09, 0x00, 0x00, 0x00, 0x2c, 0x00,
  0x00, 0x02, 0x09, 0x00, 0x00, 0x00, 0xae, 0x00, 0x00, 0x01, 0x09, 0x00, 0x00, 0x00, 0x10, 0x00,
  0x00, 0x02, 0x09, 0x00, 0x00, 0x00, 0x2d, 0x00, 0x00, 0x02, 0x09, 0x00, 0x00, 0x00, 0x36, 0x00,
  0x00, 0x02, 0x0f, 0x00, 0x00, 0x00, 0xaf, 0x00, 0x00, 0x01, 0x0f, 0x00, 0x00, 0x00, 0x2f, 0x00,
  0x00, 0x02, 0x09, 0x00, 0x00, 0x00, 0x3d, 0x00, 0x00, 0x02, 0x09, 0x00, 0x00, 0x00, 0x3f, 0x00,
  0x00, 0x02, 0x09, 0x00, 0x00, 0x00, 0x41, 0x00, 0x00, 0x02, 0x09, 0x00, 0x00, 0x00, 0x43, 0x00,
  0x00, 0x02, 0x00, 0x00, 0x00, 0x00, 0x1b, 0x00, 0x00, 0x02, 0x07, 0x00, 0x00, 0x00, 0x1b, 0x00,
  0x00, 0x02, 0x0b, 0x00, 0x00, 0x00, 0x1b, 0x00, 0x00, 0x02, 0x0c, 0x00, 0x00, 0x00, 0x1b, 0x00,
  0x00, 0x02, 0x0d, 0x00, 0x00, 0x00, 0x1b, 0x00, 0x00, 0x02, 0x0e, 0x00, 0x00, 0x00, 0x1b, 0x00,
  0x00, 0x02, 0x11, 0x00, 0x00, 0x00, 0x4c, 0x00, 0x00, 0x02, 0x11, 0x00, 0x00, 0x00, 0xb0, 0x00,
  0x00, 0x01, 0x11, 0x00, 0x00, 0x00, 0x4d, 0x00, 0x00, 0x02, 0x11, 0x00, 0x00, 0x00, 0xb1, 0x00,
  0x00, 0x01, 0x10, 0x00, 0x00, 0x00, 0xb2, 0x00, 0x00, 0x01, 0x11, 0x00, 0x00, 0x00, 0xb3, 0x00,
  0x00, 0x01, 0x09, 0x00, 0x00, 0x00, 0x5e, 0x00, 0x00, 0x02, 0x11, 0x00, 0x00, 0x00, 0x5d, 0x00,
  0x00, 0x02, 0x04, 0x00, 0x00, 0x00, 0x54, 0x00, 0x00, 0x02, 0x0f, 0x00, 0x00, 0x00, 0x61, 0x00,
  0x00, 0x01, 0x0f, 0x00, 0x00, 0x00, 0x54, 0x00, 0x00, 0x02, 0x14, 0x00, 0x00, 0x00, 0x54, 0x00,
  0x00, 0x02, 0x11, 0x00, 0x00, 0x00, 0x57, 0x00, 0x00, 0x02, 0x11, 0x00, 0x00, 0x00, 0x59, 0x00,
  0x00, 0x02, 0x11, 0x00, 0x00, 0x00, 0x58, 0x00, 0x00, 0x02, 0x11, 0x00, 0x00, 0x00, 0x5f, 0x00,
  0x00, 0x02, 0x04, 0x00, 0x00, 0x00, 0x54, 0x00, 0x00, 0x02, 0x0f, 0x00, 0x00, 0x00, 0x54, 0x00,
  0x00, 0x02, 0x14, 0x00, 0x00, 0x00, 0x54, 0x00, 0x00, 0x02, 0x08, 0x00, 0x00, 0x00, 0x52, 0x00,
  0x00, 0x02, 0x11, 0x00, 0x00, 0x00, 0xb6, 0x00, 0x00, 0x01, 0x0f, 0x00, 0x00, 0x00, 0x2e, 0x00,
  0x00, 0x02, 0x10, 0x00, 0x00, 0x00, 0x42, 0x00, 0x00, 0x02, 0x13, 0x00, 0x00, 0x00, 0x42, 0x00,
  0x00, 0x02, 0x10, 0x00, 0x00, 0x00, 0x3e, 0x00, 0x00, 0x02, 0x13, 0x00, 0x00, 0x00, 0x3e, 0x00,
  0x00, 0x02, 0x10, 0x00, 0x00, 0x00, 0x40, 0x00, 0x00, 0x02, 0x13, 0x00, 0x00, 0x00, 0x40, 0x00,
  0x00, 0x02, 0x03, 0x00, 0x00, 0x00, 0x9a, 0x00, 0x00, 0x01, 0x05, 0x00, 0x00, 0x00, 0x9b, 0x00,
  0x00, 0x01, 0x06, 0x00, 0x00, 0x00, 0x9c, 0x00, 0x00, 0x01, 0x12, 0x00, 0x00, 0x00, 0x9d, 0x00,
  0x00, 0x01, 0x13, 0x00, 0x00, 0x00, 0x39, 0x00, 0x00, 0x02, 0x10, 0x00, 0x00, 0x00, 0x37, 0x00,
  0x00, 0x02, 0x13, 0x00, 0x00, 0x00, 0x37, 0x00, 0x00, 0x02, 0x10, 0x00, 0x00, 0x00, 0x28, 0x00,
  0x00, 0x02, 0x13, 0x00, 0x00, 0x00, 0x28, 0x00, 0x00, 0x02, 0x10, 0x00, 0x00, 0x00, 0x29, 0x00,
  0x00, 0x02, 0x13, 0x00, 0x00, 0x00, 0x29, 0x00, 0x00, 0x02, 0x10, 0x00, 0x00, 0x00, 0x2a, 0x00,
  0x00, 0x02, 0x13, 0x00, 0x00, 0x00, 0x2a, 0x00, 0x00, 0x02, 0x10, 0x00, 0x00, 0x00, 0x2b, 0x00,
  0x00, 0x02, 0x13, 0x00, 0x00, 0x00, 0x2b, 0x00, 0x00, 0x02, 0x10, 0x00, 0x00, 0x00, 0x2c, 0x00,
  0x00, 0x02, 0x13, 0x00, 0x00, 0x00, 0x2c, 0x00, 0x00, 0x02, 0x10, 0x00, 0x00, 0x00, 0x2d, 0x00,
  0x00, 0x02, 0x13, 0x00, 0x00, 0x00, 0x2d, 0x00, 0x00, 0x02, 0x10, 0x00, 0x00, 0x00, 0x36, 0x00,
  0x00, 0x02, 0x13, 0x00, 0x00, 0x00, 0x36, 0x00, 0x00, 0x02, 0x0f, 0x00, 0x00, 0x00, 0xb8, 0x00,
  0x00, 0x01, 0x10, 0x00, 0x00, 0x00, 0x3d, 0x00, 0x00, 0x02, 0x13, 0x00, 0x00, 0x00, 0x3d, 0x00,
  0x00, 0x02, 0x13, 0x00, 0x00, 0x00, 0xb9, 0x00, 0x00, 0x01, 0x13, 0x00, 0x00, 0x00, 0x3b, 0x00,
  0x00, 0x02, 0x10, 0x00, 0x00, 0x00, 0xba, 0x00, 0x00, 0x01, 0x13, 0x00, 0x00, 0x00, 0x3a, 0x00,
  0x00, 0x02, 0x10, 0x00, 0x00, 0x00, 0x3f, 0x00, 0x00, 0x02, 0x13, 0x00, 0x00, 0x00, 0x3f, 0x00,
  0x00, 0x02, 0x10, 0x00, 0x00, 0x00, 0x41, 0x00, 0x00, 0x02, 0x13, 0x00, 0x00, 0x00, 0x41, 0x00,
  0x00, 0x02, 0x10, 0x00, 0x00, 0x00, 0x43, 0x00, 0x00, 0x02, 0x13, 0x00, 0x00, 0x00, 0x43, 0x00,
  0x00, 0x02, 0x00, 0x00, 0x00, 0x00, 0x11, 0x00, 0x00, 0x02, 0x07, 0x00, 0x00, 0x00, 0x11, 0x00,
  0x00, 0x02, 0x0b, 0x00, 0x00, 0x00, 0x11, 0x00, 0x00, 0x02, 0x0c, 0x00, 0x00, 0x00, 0x11, 0x00,
  0x00, 0x02, 0x0d, 0x00, 0x00, 0x00, 0x11, 0x00, 0x00, 0x02, 0x0e, 0x00, 0x00, 0x00, 0x11, 0x00,
  0x00, 0x02, 0x03, 0x00, 0x00, 0x00, 0xbb, 0x00, 0x00, 0x01, 0x05, 0x00, 0x00, 0x00, 0xbc, 0x00,
  0x00, 0x01, 0x06, 0x00, 0x00, 0x00, 0xbd, 0x00, 0x00, 0x01, 0x11, 0x00, 0x00, 0x00, 0x32, 0x00,
  0x00, 0x02, 0x12, 0x00, 0x00, 0x00, 0xbe, 0x00, 0x00, 0x01, 0x09, 0x00, 0x00, 0x00, 0x4e, 0x00,
  0x00, 0x02, 0x10, 0x00, 0x00, 0x00, 0x5e, 0x00, 0x00, 0x02, 0x11, 0x00, 0x00, 0x00, 0x5e, 0x00,
  0x00, 0x02, 0x04, 0x00, 0x00, 0x00, 0x54, 0x00, 0x00, 0x02, 0x0f, 0x00, 0x00, 0x00, 0x54, 0x00,
  0x00, 0x02, 0x14, 0x00, 0x00, 0x00, 0x54, 0x00, 0x00, 0x02, 0x11, 0x00, 0x00, 0x00, 0x52, 0x00,
  0x00, 0x02, 0x11, 0x00, 0x00, 0x00, 0xd0, 0x00, 0x00, 0x01, 0x11, 0x00, 0x00, 0x00, 0xd1, 0x00,
  0x00, 0x01, 0x08, 0x00, 0x00, 0x00, 0x5e, 0x00, 0x00, 0x02, 0x13, 0x00, 0x00, 0x00, 0xd2, 0x00,
  0x00, 0x01, 0x03, 0x00, 0x00, 0x00, 0xbb, 0x00, 0x00, 0x01, 0x05, 0x00, 0x00, 0x00, 0xbc, 0x00,
  0x00, 0x01, 0x06, 0x00, 0x00, 0x00, 0xbd, 0x00, 0x00, 0x01, 0x11, 0x00, 0x00, 0x00, 0x32, 0x00,
  0x00, 0x02, 0x12, 0x00, 0x00, 0x00, 0xbe, 0x00, 0x00, 0x01, 0x09, 0x00, 0x00, 0x00, 0x3c, 0x00,
  0x00, 0x02, 0x03, 0x00, 0x00, 0x00, 0x9a, 0x00, 0x00, 0x01, 0x05, 0x00, 0x00, 0x00, 0x9b, 0x00,
  0x00, 0x01, 0x06, 0x00, 0x00, 0x00, 0x9c, 0x00, 0x00, 0x01, 0x12, 0x00, 0x00, 0x00, 0x9d, 0x00,
  0x00, 0x01, 0x0f, 0x00, 0x00, 0x00, 0x2e, 0x00, 0x00, 0x02, 0x10, 0x00, 0x00, 0x00, 0x42, 0x00,
  0x00, 0x02, 0x11, 0x00, 0x00, 0x00, 0x42, 0x00, 0x00, 0x02, 0x10, 0x00, 0x00, 0x00, 0x3e, 0x00,
  0x00, 0x02, 0x11, 0x00, 0x00, 0x00, 0x3e, 0x00, 0x00, 0x02, 0x10, 0x00, 0x00, 0x00, 0x40, 0x00,
  0x00, 0x02, 0x11, 0x00, 0x00, 0x00, 0x40, 0x00, 0x00, 0x02, 0x03, 0x00, 0x00, 0x00, 0x9a, 0x00,
  0x00, 0x01, 0x05, 0x00, 0x00, 0x00, 0x9b, 0x00, 0x00, 0x01, 0x06, 0x00, 0x00, 0x00, 0x9c, 0x00,
  0x00, 0x01, 0x12, 0x00, 0x00, 0x00, 0x9d, 0x00, 0x00, 0x01, 0x13, 0x00, 0x00, 0x00, 0x39, 0x00,
  0x00, 0x02, 0x10, 0x00, 0x00, 0x00, 0x30, 0x00, 0x00, 0x02, 0x11, 0x00, 0x00, 0x00, 0x30, 0x00,
  0x00, 0x02, 0x10, 0x00, 0x00, 0x00, 0x28, 0x00, 0x00, 0x02, 0x11, 0x00, 0x00, 0x00, 0x28, 0x00,
  0x00, 0x02, 0x10, 0x00, 0x00, 0x00, 0x29, 0x00, 0x00, 0x02, 0x11, 0x00, 0x00, 0x00, 0x29, 0x00,
  0x00, 0x02, 0x10, 0x00, 0x00, 0x00, 0x2a, 0x00, 0x00, 0x02, 0x11, 0x00, 0x00, 0x00, 0x2a, 0x00,
  0x00, 0x02, 0x10, 0x00, 0x00, 0x00, 0x2b, 0x00, 0x00, 0x02, 0x11, 0x00, 0x00, 0x00, 0x2b, 0x00,
  0x00, 0x02, 0x10, 0x00, 0x00, 0x00, 0x2c, 0x00, 0x00, 0x02, 0x11, 0x00, 0x00, 0x00, 0x2c, 0x00,
  0x00, 0x02, 0x10, 0x00, 0x00, 0x00, 0x2d, 0x00, 0x00, 0x02, 0x11, 0x00, 0x00, 0x00, 0x2d, 0x00,
  0x00, 0x02, 0x10, 0x00, 0x00, 0x00, 0x36, 0x00, 0x00, 0x02, 0x11, 0x00, 0x00, 0x00, 0x36, 0x00,
  0x00, 0x02, 0x0f, 0x00, 0x00, 0x00, 0xd6, 0x00, 0x00, 0x01, 0x11, 0x00, 0x00, 0x00, 0xd7, 0x00,
  0x00, 0x01, 0x11, 0x00, 0x00, 0x00, 0x34, 0x00, 0x00, 0x02, 0x10, 0x00, 0x00, 0x00, 0xd8, 0x00,
  0x00, 0x01, 0x11, 0x00, 0x00, 0x00, 0x33, 0x00, 0x00, 0x02, 0x10, 0x00, 0x00, 0x00, 0x3d, 0x00,
  0x00, 0x02, 0x11, 0x00, 0x00, 0x00, 0x3d, 0x00, 0x00, 0x02, 0x10, 0x00, 0x00, 0x00, 0x3f, 0x00,
  0x00, 0x02, 0x11, 0x00, 0x00, 0x00, 0x3f, 0x00, 0x00, 0x02, 0x10, 0x00, 0x00, 0x00, 0x41, 0x00,
  0x00, 0x02, 0x11, 0x00, 0x00, 0x00, 0x41, 0x00, 0x00, 0x02, 0x10, 0x00, 0x00, 0x00, 0x43, 0x00,
  0x00, 0x02, 0x11, 0x00, 0x00, 0x00, 0x43, 0x00, 0x00, 0x02, 0x11, 0x00, 0x00, 0x00, 0xd9, 0x00,
  0x00, 0x01, 0x11, 0x00, 0x00, 0x00, 0x5e, 0x00, 0x00, 0x02, 0x08, 0x00, 0x00, 0x00, 0x4e, 0x00,
  0x00, 0x02, 0x10, 0x00, 0x00, 0x00, 0x3c, 0x00, 0x00, 0x02, 0x13, 0x00, 0x00, 0x00, 0x3c, 0x00,
  0x00, 0x02, 0x11, 0x00, 0x00, 0x00, 0xda, 0x00, 0x00, 0x01, 0x10, 0x00, 0x00, 0x00, 0x38, 0x00,
  0x00, 0x02, 0x13, 0x00, 0x00, 0x00, 0x38, 0x00, 0x00, 0x02, 0x13, 0x00, 0x00, 0x00, 0xdb, 0x00,
  0x00, 0x01, 0x03, 0x00, 0x00, 0x00, 0xbb, 0x00, 0x00, 0x01, 0x05, 0x00, 0x00, 0x00, 0xbc, 0x00,
  0x00, 0x01, 0x06, 0x00, 0x00, 0x00, 0xbd, 0x00, 0x00, 0x01, 0x11, 0x00, 0x00, 0x00, 0x32, 0x00,
  0x00, 0x02, 0x12, 0x00, 0x00, 0x00, 0xbe, 0x00, 0x00, 0x01, 0x09, 0x00, 0x00, 0x00, 0x35, 0x00,
  0x00, 0x02, 0x03, 0x00, 0x00, 0x00, 0xbb, 0x00, 0x00, 0x01, 0x05, 0x00, 0x00, 0x00, 0xbc, 0x00,
  0x00, 0x01, 0x06, 0x00, 0x00, 0x00, 0xbd, 0x00, 0x00, 0x01, 0x12, 0x00, 0x00, 0x00, 0xbe, 0x00,
  0x00, 0x01, 0x11, 0x00, 0x00, 0x00, 0x4e, 0x00, 0x00, 0x02, 0x10, 0x00, 0x00, 0x00, 0x35, 0x00,
  0x00, 0x02, 0x13, 0x00, 0x00, 0x00, 0x35, 0x00, 0x00, 0x02, 0x10, 0x00, 0x00, 0x00, 0x3c, 0x00,
  0x00, 0x02, 0x11, 0x00, 0x00, 0x00, 0x3c, 0x00, 0x00, 0x02, 0x11, 0x00, 0x00, 0x00, 0xde, 0x00,
  0x00, 0x01, 0x10, 0x00, 0x00, 0x00, 0x31, 0x00, 0x00, 0x02, 0x11, 0x00, 0x00, 0x00, 0x31, 0x00,
  0x00, 0x02, 0x10, 0x00, 0x00, 0x00, 0x35, 0x00, 0x00, 0x02, 0x11, 0x00, 0x00, 0x00, 0x35, 0x00,
  0x00, 0x02, 0x00, 0x00, 0x00, 0x00, 0x03, 0x00, 0x00, 0x00, 0x03, 0x00, 0x00, 0x00, 0x03, 0x00,
  0x00, 0x00, 0x0d, 0x00, 0x00, 0x00, 0x0f, 0x00, 0x00, 0x00, 0x11, 0x00, 0x00, 0x00, 0x1f, 0x00,
  0x00, 0x00, 0x21, 0x00, 0x00, 0x00, 0x23, 0x00, 0x00, 0x00, 0x23, 0x00, 0x00, 0x00, 0x23, 0x00,
  0x00, 0x00, 0x23, 0x00, 0x00, 0x00, 0x23, 0x00, 0x00, 0x00, 0x23, 0x00, 0x00, 0x00, 0x23, 0x00,
  0x00, 0x00, 0x23, 0x00, 0x00, 0x00, 0x23, 0x00, 0x00, 0x00, 0x23, 0x00, 0x00, 0x00, 0x23, 0x00,
  0x00, 0x00, 0x23, 0x00, 0x00, 0x00, 0x27, 0x00, 0x00, 0x00, 0x27, 0x00, 0x00, 0x00, 0x27, 0x00,
  0x00, 0x00, 0x27, 0x00, 0x00, 0x00, 0x27, 0x00, 0x00, 0x00, 0x2f, 0x00, 0x00, 0x00, 0x2f, 0x00,
  0x00, 0x00, 0x2f, 0x00, 0x00, 0x00, 0x2f, 0x00, 0x00, 0x00, 0x2f, 0x00, 0x00, 0x00, 0x2f, 0x00,
  0x00, 0x00, 0x2f, 0x00, 0x00, 0x00, 0x2f, 0x00, 0x00, 0x00, 0x2f, 0x00, 0x00, 0x00, 0x2f, 0x00,
  0x00, 0x00, 0x2f, 0x00, 0x00, 0x00, 0x2f, 0x00, 0x00, 0x00, 0x2f, 0x00, 0x00, 0x00, 0x33, 0x00,
  0x00, 0x00, 0x35, 0x00, 0x00, 0x00, 0x35, 0x00, 0x00, 0x00, 0x35, 0x00, 0x00, 0x00, 0x35, 0x00,
  0x00, 0x00, 0x35, 0x00, 0x00, 0x00, 0x35, 0x00, 0x00, 0x00, 0x35, 0x00, 0x00, 0x00, 0x43, 0x00,
  0x00, 0x00, 0x43, 0x00, 0x00, 0x00, 0x43, 0x00, 0x00, 0x00, 0x43, 0x00, 0x00, 0x00, 0x43, 0x00,
  0x00, 0x00, 0x51, 0x00, 0x00, 0x00, 0x51, 0x00, 0x00, 0x00, 0x51, 0x00, 0x00, 0x00, 0x51, 0x00,
  0x00, 0x00, 0x51, 0x00, 0x00, 0x00, 0x51, 0x00, 0x00, 0x00, 0x51, 0x00, 0x00, 0x00, 0x55, 0x00,
  0x00, 0x00, 0x55, 0x00, 0x00, 0x00, 0x55, 0x00, 0x00, 0x00, 0x61, 0x00, 0x00, 0x00, 0x61, 0x00,
  0x00, 0x00, 0x61, 0x00, 0x00, 0x00, 0x61, 0x00, 0x00, 0x00, 0x61, 0x00, 0x00, 0x00, 0x61, 0x00,
  0x00, 0x00, 0x61, 0x00, 0x00, 0x00, 0x61, 0x00, 0x00, 0x00, 0x61, 0x00, 0x00, 0x00, 0x61, 0x00,
  0x00, 0x00, 0x69, 0x00, 0x00, 0x00, 0x69, 0x00, 0x00, 0x00, 0x69, 0x00, 0x00, 0x00, 0x69, 0x00,
  0x00, 0x00, 0x69, 0x00, 0x00, 0x00, 0x69, 0x00, 0x00, 0x00, 0x69, 0x00, 0x00, 0x00, 0x69, 0x00,
  0x00, 0x00, 0x69, 0x00, 0x00, 0x00, 0x69, 0x00, 0x00, 0x00, 0x69, 0x00, 0x00, 0x00, 0x69, 0x00,
  0x00, 0x00, 0x69, 0x00, 0x00, 0x00, 0x6d, 0x00, 0x00, 0x00, 0x7d, 0x00, 0x00, 0x00, 0x7d, 0x00,
  0x00, 0x00, 0x7d, 0x00, 0x00, 0x00, 0x7d, 0x00, 0x00, 0x00, 0x83, 0x00, 0x00, 0x00, 0x83, 0x00,
  0x00, 0x00, 0x83, 0x00, 0x00, 0x00, 0x8f, 0x00, 0x00, 0x00, 0x8f, 0x00, 0x00, 0x00, 0x8f, 0x00,
  0x00, 0x00, 0x8f, 0x00, 0x00, 0x00, 0x8f, 0x00, 0x00, 0x00, 0x97, 0x00, 0x00, 0x00, 0x97, 0x00,
  0x00, 0x00, 0x97, 0x00, 0x00, 0x00, 0x97, 0x00, 0x00, 0x00, 0x97, 0x00, 0x00, 0x00, 0x97, 0x00,
  0x00, 0x00, 0x97, 0x00, 0x00, 0x00, 0x97, 0x00, 0x00, 0x00, 0x97, 0x00, 0x00, 0x00, 0x97, 0x00,
  0x00, 0x00, 0x97, 0x00, 0x00, 0x00, 0x9b, 0x00, 0x00, 0x00, 0x9b, 0x00, 0x00, 0x00, 0x9b, 0x00,
  0x00, 0x00, 0x9b, 0x00, 0x00, 0x00, 0xa7, 0x00, 0x00, 0x00, 0xa7, 0x00, 0x00, 0x00, 0xa7, 0x00,
  0x00, 0x00, 0xa7, 0x00, 0x00, 0x00, 0xa7, 0x00, 0x00, 0x00, 0xa7, 0x00, 0x00, 0x00, 0xa7, 0x00,
  0x00, 0x00, 0xa7, 0x00, 0x00, 0x00, 0xb8, 0x00, 0x00, 0x00, 0xb8, 0x00, 0x00, 0x00, 0xb8, 0x00,
  0x00, 0x00, 0xb8, 0x00, 0x00, 0x00, 0xb8, 0x00, 0x00, 0x00, 0xb8, 0x00, 0x00, 0x00, 0xb8, 0x00,
  0x00, 0x00, 0xb8, 0x00, 0x00, 0x00, 0xb8, 0x00, 0x00, 0x00, 0xb8, 0x00, 0x00, 0x00, 0xb8, 0x00,
  0x00, 0x00, 0xb8, 0x00, 0x00, 0x00, 0xb8, 0x00, 0x00, 0x00, 0xb8, 0x00, 0x00, 0x00, 0xb8, 0x00,
  0x00, 0x00, 0xb8, 0x00, 0x00, 0x00, 0xb8, 0x00, 0x00, 0x00, 0xb8, 0x00, 0x00, 0x00, 0xb8, 0x00,
  0x00, 0x00, 0xb8, 0x00, 0x00, 0x00, 0xb8, 0x00, 0x00, 0x00, 0xb8, 0x00, 0x00, 0x00, 0xb8, 0x00,
  0x00, 0x00, 0xb8, 0x00, 0x00, 0x00, 0xb8, 0x00, 0x00, 0x00, 0xb8, 0x00, 0x00, 0x00, 0xc4, 0x00,
  0x00, 0x00, 0xc4, 0x00, 0x00, 0x00, 0xc4, 0x00, 0x00, 0x00, 0xc4, 0x00, 0x00, 0x00, 0xc4, 0x00,
  0x00, 0x00, 0xca, 0x00, 0x00, 0x00, 0xca, 0x00, 0x00, 0x00, 0xca, 0x00, 0x00, 0x00, 0xca, 0x00,
  0x00, 0x00, 0xca, 0x00, 0x00, 0x00, 0xca, 0x00, 0x00, 0x00, 0xdb, 0x00, 0x00, 0x00, 0xdb, 0x00,
  0x00, 0x00, 0xdb, 0x00, 0x00, 0x00, 0xdb, 0x00, 0x00, 0x00, 0xdb, 0x00, 0x00, 0x00, 0xdb, 0x00,
  0x00, 0x00, 0xdb, 0x00, 0x00, 0x00, 0xdb, 0x00, 0x00, 0x00, 0xdb, 0x00, 0x00, 0x00, 0xdb, 0x00,
  0x00, 0x00, 0xdb, 0x00, 0x00, 0x00, 0xdb, 0x00, 0x00, 0x00, 0xdb, 0x00, 0x00, 0x00, 0xdb, 0x00,
  0x00, 0x00, 0xdb, 0x00, 0x00, 0x00, 0xdb, 0x00, 0x00, 0x00, 0xdb, 0x00, 0x00, 0x00, 0xdb, 0x00,
  0x00, 0x00, 0xec, 0x00, 0x00, 0x00, 0xec, 0x00, 0x00, 0x00, 0xec, 0x00, 0x00, 0x00, 0xf2, 0x00,
  0x00, 0x00, 0xf2, 0x00, 0x00, 0x00, 0xf2, 0x00, 0x00, 0x00, 0xf2, 0x00, 0x00, 0x00, 0xf2, 0x00,
  0x00, 0x00, 0xf2, 0x00, 0x00, 0x00, 0x03, 0x01, 0x00, 0x00, 0x03, 0x01, 0x00, 0x00, 0x11, 0x01,
  0x00, 0x00, 0x11, 0x01, 0x00, 0x00, 0x11, 0x01, 0x00, 0x00, 0x11, 0x01, 0x00, 0x00, 0x22, 0x01,
  0x00, 0x00, 0x22, 0x01, 0x00, 0x00, 0x22, 0x01, 0x00, 0x00, 0x22, 0x01, 0x00, 0x00, 0x22, 0x01,
  0x00, 0x00, 0x22, 0x01, 0x00, 0x00, 0x22, 0x01, 0x00, 0x00, 0x22, 0x01, 0x00, 0x00, 0x22, 0x01,
  0x00, 0x00, 0x22, 0x01, 0x00, 0x00, 0x22, 0x01, 0x00, 0x00, 0x22, 0x01, 0x00, 0x00, 0x22, 0x01,
  0x00, 0x00, 0x22, 0x01, 0x00, 0x00, 0x22, 0x01, 0x00, 0x00, 0x22, 0x01, 0x00, 0x00, 0x22, 0x01,
  0x00, 0x00, 0x22, 0x01, 0x00, 0x00, 0x22, 0x01, 0x00, 0x00, 0x22, 0x01, 0x00, 0x00, 0x22, 0x01,
  0x00, 0x00, 0x22, 0x01, 0x00, 0x00, 0x22, 0x01, 0x00, 0x00, 0x22, 0x01, 0x00, 0x00, 0x33, 0x01,
  0x00, 0x00, 0x33, 0x01, 0x00, 0x00, 0x41, 0x01, 0x00, 0x00, 0x41, 0x01, 0x00, 0x00, 0x41, 0x01,
  0x00, 0x00, 0x41, 0x01, 0x00, 0x00, 0x41, 0x01, 0x00, 0x00, 0x41, 0x01, 0x00, 0x00, 0x41, 0x01,
  0x00, 0x00, 0x01, 0x00, 0x00, 0x00, 0x01, 0x00, 0x00, 0x00, 0x15, 0x00, 0x00, 0x00, 0x02, 0x00,
  0x00, 0x00, 0x16, 0x00, 0x00, 0x00, 0x03, 0x00, 0x00, 0x00, 0x02, 0x00, 0x00, 0x00, 0x09, 0x00,
  0x00, 0x00, 0x03, 0x00, 0x00, 0x00, 0x0a, 0x00, 0x00, 0x00, 0x05, 0x00, 0x00, 0x00, 0x0b, 0x00,
  0x00, 0x00, 0x06, 0x00, 0x00, 0x00, 0x0c, 0x00, 0x00, 0x00, 0x07, 0x00, 0x00, 0x00, 0x0d, 0x00,
  0x00, 0x00, 0x17, 0x00, 0x00, 0x00, 0x0e, 0x00, 0x00, 0x00, 0x18, 0x00, 0x00, 0x00, 0x0f, 0x00,
  0x00, 0x00, 0x22, 0x00, 0x00, 0x00, 0x10, 0x00, 0x00, 0x00, 0x27, 0x00, 0x00, 0x00, 0x11, 0x00,
  0x00, 0x00, 0x2a, 0x00, 0x00, 0x00, 0x12, 0x00, 0x00, 0x00, 0x19, 0x00, 0x00, 0x00, 0x14, 0x00,
  0x00, 0x00, 0x1a, 0x00, 0x00, 0x00, 0x15, 0x00, 0x00, 0x00, 0x23, 0x00, 0x00, 0x00, 0x17, 0x00,
  0x00, 0x00, 0x24, 0x00, 0x00, 0x00, 0x18, 0x00, 0x00, 0x00, 0x0e, 0x00, 0x00, 0x00, 0x1a, 0x00,
  0x00, 0x00, 0x0f, 0x00, 0x00, 0x00, 0x1b, 0x00, 0x00, 0x00, 0x10, 0x00, 0x00, 0x00, 0x1c, 0x00,
  0x00, 0x00, 0x11, 0x00, 0x00, 0x00, 0x1d, 0x00, 0x00, 0x00, 0x12, 0x00, 0x00, 0x00, 0x1e, 0x00,
  0x00, 0x00, 0x28, 0x00, 0x00, 0x00, 0x1f, 0x00, 0x00, 0x00, 0x29, 0x00, 0x00, 0x00, 0x20, 0x00,
  0x00, 0x00, 0x3d, 0x00, 0x00, 0x00, 0x21, 0x00, 0x00, 0x00, 0x3e, 0x00, 0x00, 0x00, 0x22, 0x00,
  0x00, 0x00, 0x3f, 0x00, 0x00, 0x00, 0x23, 0x00, 0x00, 0x00, 0x44, 0x00, 0x00, 0x00, 0x24, 0x00,
  0x00, 0x00, 0x47, 0x00, 0x00, 0x00, 0x25, 0x00, 0x00, 0x00, 0x48, 0x00, 0x00, 0x00, 0x26, 0x00,
  0x00, 0x00, 0x49, 0x00, 0x00, 0x00, 0x27, 0x00, 0x00, 0x00, 0x2b, 0x00, 0x00, 0x00, 0x29, 0x00,
  0x00, 0x00, 0x2c, 0x00, 0x00, 0x00, 0x2a, 0x00, 0x00, 0x00, 0x2d, 0x00, 0x00, 0x00, 0x2c, 0x00,
  0x00, 0x00, 0x2e, 0x00, 0x00, 0x00, 0x2d, 0x00, 0x00, 0x00, 0x04, 0x00, 0x00, 0x00, 0x2f, 0x00,
  0x00, 0x00, 0x1b, 0x00, 0x00, 0x00, 0x30, 0x00, 0x00, 0x00, 0x1c, 0x00, 0x00, 0x00, 0x31, 0x00,
  0x00, 0x00, 0x1f, 0x00, 0x00, 0x00, 0x32, 0x00, 0x00, 0x00, 0x12, 0x00, 0x00, 0x00, 0x34, 0x00,
  0x00, 0x00, 0x40, 0x00, 0x00, 0x00, 0x35, 0x00, 0x00, 0x00, 0x41, 0x00, 0x00, 0x00, 0x36, 0x00,
  0x00, 0x00, 0x45, 0x00, 0x00, 0x00, 0x37, 0x00, 0x00, 0x00, 0x46, 0x00, 0x00, 0x00, 0x38, 0x00,
  0x00, 0x00, 0x47, 0x00, 0x00, 0x00, 0x39, 0x00, 0x00, 0x00, 0x48, 0x00, 0x00, 0x00, 0x3a, 0x00,
  0x00, 0x00, 0x49, 0x00, 0x00, 0x00, 0x27, 0x00, 0x00, 0x00, 0x14, 0x00, 0x00, 0x00, 0x3e, 0x00,
  0x00, 0x00, 0x4a, 0x00, 0x00, 0x00, 0x3f, 0x00, 0x00, 0x00, 0x4b, 0x00, 0x00, 0x00, 0x40, 0x00,
  0x00, 0x00, 0x4d, 0x00, 0x00, 0x00, 0x41, 0x00, 0x00, 0x00, 0x13, 0x00, 0x00, 0x00, 0x43, 0x00,
  0x00, 0x00, 0x4c, 0x00, 0x00, 0x00, 0x44, 0x00, 0x00, 0x00, 0x0e, 0x00, 0x00, 0x00, 0x48, 0x00,
  0x00, 0x00, 0x0f, 0x00, 0x00, 0x00, 0x49, 0x00, 0x00, 0x00, 0x10, 0x00, 0x00, 0x00, 0x4a, 0x00,
  0x00, 0x00, 0x11, 0x00, 0x00, 0x00, 0x4b, 0x00, 0x00, 0x00, 0x12, 0x00, 0x00, 0x00, 0x4c, 0x00,
  0x00, 0x00, 0x20, 0x00, 0x00, 0x00, 0x4d, 0x00, 0x00, 0x00, 0x21, 0x00, 0x00, 0x00, 0x4e, 0x00,
  0x00, 0x00, 0x3d, 0x00, 0x00, 0x00, 0x4f, 0x00, 0x00, 0x00, 0x3e, 0x00, 0x00, 0x00, 0x50, 0x00,
  0x00, 0x00, 0x3f, 0x00, 0x00, 0x00, 0x51, 0x00, 0x00, 0x00, 0x44, 0x00, 0x00, 0x00, 0x52, 0x00,
  0x00, 0x00, 0x47, 0x00, 0x00, 0x00, 0x53, 0x00, 0x00, 0x00, 0x48, 0x00, 0x00, 0x00, 0x54, 0x00,
  0x00, 0x00, 0x49, 0x00, 0x00, 0x00, 0x27, 0x00, 0x00, 0x00, 0x0e, 0x00, 0x00, 0x00, 0x56, 0x00,
  0x00, 0x00, 0x0f, 0x00, 0x00, 0x00, 0x1b, 0x00, 0x00, 0x00, 0x10, 0x00, 0x00, 0x00, 0x1c, 0x00,
  0x00, 0x00, 0x11, 0x00, 0x00, 0x00, 0x1d, 0x00, 0x00, 0x00, 0x12, 0x00, 0x00, 0x00, 0x1e, 0x00,
  0x00, 0x00, 0x25, 0x00, 0x00, 0x00, 0x57, 0x00, 0x00, 0x00, 0x26, 0x00, 0x00, 0x00, 0x58, 0x00,
  0x00, 0x00, 0x3d, 0x00, 0x00, 0x00, 0x21, 0x00, 0x00, 0x00, 0x3e, 0x00, 0x00, 0x00, 0x22, 0x00,
  0x00, 0x00, 0x3f, 0x00, 0x00, 0x00, 0x23, 0x00, 0x00, 0x00, 0x44, 0x00, 0x00, 0x00, 0x24, 0x00,
  0x00, 0x00, 0x47, 0x00, 0x00, 0x00, 0x25, 0x00, 0x00, 0x00, 0x48, 0x00, 0x00, 0x00, 0x26, 0x00,
  0x00, 0x00, 0x49, 0x00, 0x00, 0x00, 0x27, 0x00, 0x00, 0x00, 0x14, 0x00, 0x00, 0x00, 0x5d, 0x00,
  0x00, 0x00, 0x4a, 0x00, 0x00, 0x00, 0x5e, 0x00, 0x00, 0x00, 0x4b, 0x00, 0x00, 0x00, 0x5f, 0x00,
  0x00, 0x00, 0x4d, 0x00, 0x00, 0x00, 0x60, 0x00, 0x00, 0x00, 0x0e, 0x00, 0x00, 0x00, 0x62, 0x00,
  0x00, 0x00, 0x0f, 0x00, 0x00, 0x00, 0x63, 0x00, 0x00, 0x00, 0x10, 0x00, 0x00, 0x00, 0x64, 0x00,
  0x00, 0x00, 0x11, 0x00, 0x00, 0x00, 0x65, 0x00, 0x00, 0x00, 0x12, 0x00, 0x00, 0x00, 0x66, 0x00,
  0x00, 0x00, 0x3d, 0x00, 0x00, 0x00, 0x67, 0x00, 0x00, 0x00, 0x3e, 0x00, 0x00, 0x00, 0x68, 0x00,
  0x00, 0x00, 0x3f, 0x00, 0x00, 0x00, 0x69, 0x00, 0x00, 0x00, 0x44, 0x00, 0x00, 0x00, 0x6a, 0x00,
  0x00, 0x00, 0x47, 0x00, 0x00, 0x00, 0x6b, 0x00, 0x00, 0x00, 0x48, 0x00, 0x00, 0x00, 0x6c, 0x00,
  0x00, 0x00, 0x49, 0x00, 0x00, 0x00, 0x27, 0x00, 0x00, 0x00, 0x12, 0x00, 0x00, 0x00, 0x34, 0x00,
  0x00, 0x00, 0x40, 0x00, 0x00, 0x00, 0x6d, 0x00, 0x00, 0x00, 0x41, 0x00, 0x00, 0x00, 0x36, 0x00,
  0x00, 0x00, 0x45, 0x00, 0x00, 0x00, 0x6e, 0x00, 0x00, 0x00, 0x46, 0x00, 0x00, 0x00, 0x38, 0x00,
  0x00, 0x00, 0x47, 0x00, 0x00, 0x00, 0x39, 0x00, 0x00, 0x00, 0x48, 0x00, 0x00, 0x00, 0x3a, 0x00,
  0x00, 0x00, 0x49, 0x00, 0x00, 0x00, 0x27, 0x00, 0x00, 0x00, 0x14, 0x00, 0x00, 0x00, 0x71, 0x00,
  0x00, 0x00, 0x4a, 0x00, 0x00, 0x00, 0x72, 0x00, 0x00, 0x00, 0x4b, 0x00, 0x00, 0x00, 0x73, 0x00,
  0x00, 0x00, 0x4d, 0x00, 0x00, 0x00, 0x74, 0x00, 0x00, 0x00, 0x08, 0x00, 0x00, 0x00, 0x79, 0x00,
  0x00, 0x00, 0x09, 0x00, 0x00, 0x00, 0x7a, 0x00, 0x00, 0x00, 0x0a, 0x00, 0x00, 0x00, 0x7b, 0x00,
  0x00, 0x00, 0x0b, 0x00, 0x00, 0x00, 0x7c, 0x00, 0x00, 0x00, 0x0c, 0x00, 0x00, 0x00, 0x7d, 0x00,
  0x00, 0x00, 0x0d, 0x00, 0x00, 0x00, 0x7e, 0x00, 0x00, 0x00, 0x1d, 0x00, 0x00, 0x00, 0x7f, 0x00,
  0x00, 0x00, 0x1e, 0x00, 0x00, 0x00, 0x80, 0x00, 0x00, 0x00, 0x2f, 0x00, 0x00, 0x00, 0x81, 0x00,
  0x00, 0x00, 0x30, 0x00, 0x00, 0x00, 0x82, 0x00, 0x00, 0x00, 0x31, 0x00, 0x00, 0x00, 0x83, 0x00,
  0x00, 0x00, 0x32, 0x00, 0x00, 0x00, 0x84, 0x00, 0x00, 0x00, 0x36, 0x00, 0x00, 0x00, 0x85, 0x00,
  0x00, 0x00, 0x3a, 0x00, 0x00, 0x00, 0x86, 0x00, 0x00, 0x00, 0x3b, 0x00, 0x00, 0x00, 0x87, 0x00,
  0x00, 0x00, 0x3c, 0x00, 0x00, 0x00, 0x88, 0x00, 0x00, 0x00, 0x12, 0x00, 0x00, 0x00, 0x8a, 0x00,
  0x00, 0x00, 0x42, 0x00, 0x00, 0x00, 0x8b, 0x00, 0x00, 0x00, 0x43, 0x00, 0x00, 0x00, 0x8c, 0x00,
  0x00, 0x00, 0x47, 0x00, 0x00, 0x00, 0x6b, 0x00, 0x00, 0x00, 0x48, 0x00, 0x00, 0x00, 0x6c, 0x00,
  0x00, 0x00, 0x49, 0x00, 0x00, 0x00, 0x27, 0x00, 0x00, 0x00, 0x0e, 0x00, 0x00, 0x00, 0x8d, 0x00,
  0x00, 0x00, 0x0f, 0x00, 0x00, 0x00, 0x63, 0x00, 0x00, 0x00, 0x10, 0x00, 0x00, 0x00, 0x64, 0x00,
  0x00, 0x00, 0x11, 0x00, 0x00, 0x00, 0x65, 0x00, 0x00, 0x00, 0x12, 0x00, 0x00, 0x00, 0x66, 0x00,
  0x00, 0x00, 0x3d, 0x00, 0x00, 0x00, 0x67, 0x00, 0x00, 0x00, 0x3e, 0x00, 0x00, 0x00, 0x68, 0x00,
  0x00, 0x00, 0x3f, 0x00, 0x00, 0x00, 0x69, 0x00, 0x00, 0x00, 0x44, 0x00, 0x00, 0x00, 0x6a, 0x00,
  0x00, 0x00, 0x47, 0x00, 0x00, 0x00, 0x6b, 0x00, 0x00, 0x00, 0x48, 0x00, 0x00, 0x00, 0x6c, 0x00,
  0x00, 0x00, 0x49, 0x00, 0x00, 0x00, 0x27, 0x00, 0x00, 0x00, 0x12, 0x00, 0x00, 0x00, 0x34, 0x00,
  0x00, 0x00, 0x40, 0x00, 0x00, 0x00, 0x8e, 0x00, 0x00, 0x00, 0x41, 0x00, 0x00, 0x00, 0x36, 0x00,
  0x00, 0x00, 0x45, 0x00, 0x00, 0x00, 0x8f, 0x00, 0x00, 0x00, 0x46, 0x00, 0x00, 0x00, 0x38, 0x00,
  0x00, 0x00, 0x47, 0x00, 0x00, 0x00, 0x39, 0x00, 0x00, 0x00, 0x48, 0x00, 0x00, 0x00, 0x3a, 0x00,
  0x00, 0x00, 0x49, 0x00, 0x00, 0x00, 0x27, 0x00, 0x00, 0x00, 0x14, 0x00, 0x00, 0x00, 0x93, 0x00,
  0x00, 0x00, 0x4a, 0x00, 0x00, 0x00, 0x94, 0x00, 0x00, 0x00, 0x4b, 0x00, 0x00, 0x00, 0x95, 0x00,
  0x00, 0x00, 0x4d, 0x00, 0x00, 0x00, 0x96, 0x00, 0x00, 0x00, 0x0e, 0x00, 0x00, 0x00, 0x99, 0x00,
  0x00, 0x00, 0x0f, 0x00, 0x00, 0x00, 0x63, 0x00, 0x00, 0x00, 0x10, 0x00, 0x00, 0x00, 0x64, 0x00,
  0x00, 0x00, 0x11, 0x00, 0x00, 0x00, 0x65, 0x00, 0x00, 0x00, 0x12, 0x00, 0x00, 0x00, 0x66, 0x00,
  0x00, 0x00, 0x3d, 0x00, 0x00, 0x00, 0x67, 0x00, 0x00, 0x00, 0x3e, 0x00, 0x00, 0x00, 0x68, 0x00,
  0x00, 0x00, 0x3f, 0x00, 0x00, 0x00, 0x69, 0x00, 0x00, 0x00, 0x44, 0x00, 0x00, 0x00, 0x6a, 0x00,
  0x00, 0x00, 0x47, 0x00, 0x00, 0x00, 0x6b, 0x00, 0x00, 0x00, 0x48, 0x00, 0x00, 0x00, 0x6c, 0x00,
  0x00, 0x00, 0x49, 0x00, 0x00, 0x00, 0x27, 0x00, 0x00, 0x00, 0x08, 0x00, 0x00, 0x00, 0x9e, 0x00,
  0x00, 0x00, 0x09, 0x00, 0x00, 0x00, 0x9f, 0x00, 0x00, 0x00, 0x0a, 0x00, 0x00, 0x00, 0xa0, 0x00,
  0x00, 0x00, 0x0b, 0x00, 0x00, 0x00, 0xa1, 0x00, 0x00, 0x00, 0x0c, 0x00, 0x00, 0x00, 0xa2, 0x00,
  0x00, 0x00, 0x0d, 0x00, 0x00, 0x00, 0xa3, 0x00, 0x00, 0x00, 0x2f, 0x00, 0x00, 0x00, 0xa4, 0x00,
  0x00, 0x00, 0x30, 0x00, 0x00, 0x00, 0xa5, 0x00, 0x00, 0x00, 0x31, 0x00, 0x00, 0x00, 0xa6, 0x00,
  0x00, 0x00, 0x32, 0x00, 0x00, 0x00, 0x84, 0x00, 0x00, 0x00, 0x36, 0x00, 0x00, 0x00, 0xa7, 0x00,
  0x00, 0x00, 0x37, 0x00, 0x00, 0x00, 0xa8, 0x00, 0x00, 0x00, 0x38, 0x00, 0x00, 0x00, 0xa9, 0x00,
  0x00, 0x00, 0x39, 0x00, 0x00, 0x00, 0xaa, 0x00, 0x00, 0x00, 0x3a, 0x00, 0x00, 0x00, 0xab, 0x00,
  0x00, 0x00, 0x3b, 0x00, 0x00, 0x00, 0xac, 0x00, 0x00, 0x00, 0x3c, 0x00, 0x00, 0x00, 0xad, 0x00,
  0x00, 0x00, 0x0e, 0x00, 0x00, 0x00, 0xb4, 0x00, 0x00, 0x00, 0x0f, 0x00, 0x00, 0x00, 0x63, 0x00,
  0x00, 0x00, 0x10, 0x00, 0x00, 0x00, 0x64, 0x00, 0x00, 0x00, 0x11, 0x00, 0x00, 0x00, 0x65, 0x00,
  0x00, 0x00, 0x12, 0x00, 0x00, 0x00, 0x66, 0x00, 0x00, 0x00, 0x3d, 0x00, 0x00, 0x00, 0x67, 0x00,
  0x00, 0x00, 0x3e, 0x00, 0x00, 0x00, 0x68, 0x00, 0x00, 0x00, 0x3f, 0x00, 0x00, 0x00, 0x69, 0x00,
  0x00, 0x00, 0x44, 0x00, 0x00, 0x00, 0x6a, 0x00, 0x00, 0x00, 0x47, 0x00, 0x00, 0x00, 0x6b, 0x00,
  0x00, 0x00, 0x48, 0x00, 0x00, 0x00, 0x6c, 0x00, 0x00, 0x00, 0x49, 0x00, 0x00, 0x00, 0x27, 0x00,
  0x00, 0x00, 0x12, 0x00, 0x00, 0x00, 0x8a, 0x00, 0x00, 0x00, 0x42, 0x00, 0x00, 0x00, 0xb5, 0x00,
  0x00, 0x00, 0x43, 0x00, 0x00, 0x00, 0x8c, 0x00, 0x00, 0x00, 0x47, 0x00, 0x00, 0x00, 0x6b, 0x00,
  0x00, 0x00, 0x48, 0x00, 0x00, 0x00, 0x6c, 0x00, 0x00, 0x00, 0x49, 0x00, 0x00, 0x00, 0x27, 0x00,
  0x00, 0x00, 0x08, 0x00, 0x00, 0x00, 0x9e, 0x00, 0x00, 0x00, 0x09, 0x00, 0x00, 0x00, 0x9f, 0x00,
  0x00, 0x00, 0x0a, 0x00, 0x00, 0x00, 0xa0, 0x00, 0x00, 0x00, 0x0b, 0x00, 0x00, 0x00, 0xa1, 0x00,
  0x00, 0x00, 0x0c, 0x00, 0x00, 0x00, 0xa2, 0x00, 0x00, 0x00, 0x0d, 0x00, 0x00, 0x00, 0xa3, 0x00,
  0x00, 0x00, 0x2f, 0x00, 0x00, 0x00, 0xa4, 0x00, 0x00, 0x00, 0x30, 0x00, 0x00, 0x00, 0xa5, 0x00,
  0x00, 0x00, 0x31, 0x00, 0x00, 0x00, 0xa6, 0x00, 0x00, 0x00, 0x32, 0x00, 0x00, 0x00, 0x84, 0x00,
  0x00, 0x00, 0x36, 0x00, 0x00, 0x00, 0xa7, 0x00, 0x00, 0x00, 0x37, 0x00, 0x00, 0x00, 0xb7, 0x00,
  0x00, 0x00, 0x38, 0x00, 0x00, 0x00, 0xa9, 0x00, 0x00, 0x00, 0x39, 0x00, 0x00, 0x00, 0xaa, 0x00,
  0x00, 0x00, 0x3a, 0x00, 0x00, 0x00, 0xab, 0x00, 0x00, 0x00, 0x3b, 0x00, 0x00, 0x00, 0xac, 0x00,
  0x00, 0x00, 0x3c, 0x00, 0x00, 0x00, 0xad, 0x00, 0x00, 0x00, 0x08, 0x00, 0x00, 0x00, 0xbf, 0x00,
  0x00, 0x00, 0x09, 0x00, 0x00, 0x00, 0xc0, 0x00, 0x00, 0x00, 0x0a, 0x00, 0x00, 0x00, 0xc1, 0x00,
  0x00, 0x00, 0x0b, 0x00, 0x00, 0x00, 0xc2, 0x00, 0x00, 0x00, 0x0c, 0x00, 0x00, 0x00, 0xc3, 0x00,
  0x00, 0x00, 0x0d, 0x00, 0x00, 0x00, 0xc4, 0x00, 0x00, 0x00, 0x2f, 0x00, 0x00, 0x00, 0xc5, 0x00,
  0x00, 0x00, 0x30, 0x00, 0x00, 0x00, 0xc6, 0x00, 0x00, 0x00, 0x31, 0x00, 0x00, 0x00, 0xc7, 0x00,
  0x00, 0x00, 0x32, 0x00, 0x00, 0x00, 0x84, 0x00, 0x00, 0x00, 0x33, 0x00, 0x00, 0x00, 0xc8, 0x00,
  0x00, 0x00, 0x34, 0x00, 0x00, 0x00, 0xc9, 0x00, 0x00, 0x00, 0x35, 0x00, 0x00, 0x00, 0xca, 0x00,
  0x00, 0x00, 0x36, 0x00, 0x00, 0x00, 0xcb, 0x00, 0x00, 0x00, 0x3a, 0x00, 0x00, 0x00, 0xcc, 0x00,
  0x00, 0x00, 0x3b, 0x00, 0x00, 0x00, 0xcd, 0x00, 0x00, 0x00, 0x3c, 0x00, 0x00, 0x00, 0xce, 0x00,
  0x00, 0x00, 0x12, 0x00, 0x00, 0x00, 0x8a, 0x00, 0x00, 0x00, 0x42, 0x00, 0x00, 0x00, 0xcf, 0x00,
  0x00, 0x00, 0x43, 0x00, 0x00, 0x00, 0x8c, 0x00, 0x00, 0x00, 0x47, 0x00, 0x00, 0x00, 0x6b, 0x00,
  0x00, 0x00, 0x48, 0x00, 0x00, 0x00, 0x6c, 0x00, 0x00, 0x00, 0x49, 0x00, 0x00, 0x00, 0x27, 0x00,
  0x00, 0x00, 0x08, 0x00, 0x00, 0x00, 0xbf, 0x00, 0x00, 0x00, 0x09, 0x00, 0x00, 0x00, 0xc0, 0x00,
  0x00, 0x00, 0x0a, 0x00, 0x00, 0x00, 0xc1, 0x00, 0x00, 0x00, 0x0b, 0x00, 0x00, 0x00, 0xc2, 0x00,
  0x00, 0x00, 0x0c, 0x00, 0x00, 0x00, 0xc3, 0x00, 0x00, 0x00, 0x0d, 0x00, 0x00, 0x00, 0xc4, 0x00,
  0x00, 0x00, 0x2f, 0x00, 0x00, 0x00, 0xc5, 0x00, 0x00, 0x00, 0x30, 0x00, 0x00, 0x00, 0xc6, 0x00,
  0x00, 0x00, 0x31, 0x00, 0x00, 0x00, 0xc7, 0x00, 0x00, 0x00, 0x32, 0x00, 0x00, 0x00, 0x84, 0x00,
  0x00, 0x00, 0x33, 0x00, 0x00, 0x00, 0xd3, 0x00, 0x00, 0x00, 0x34, 0x00, 0x00, 0x00, 0xc9, 0x00,
  0x00, 0x00, 0x35, 0x00, 0x00, 0x00, 0xca, 0x00, 0x00, 0x00, 0x36, 0x00, 0x00, 0x00, 0xcb, 0x00,
  0x00, 0x00, 0x3a, 0x00, 0x00, 0x00, 0xcc, 0x00, 0x00, 0x00, 0x3b, 0x00, 0x00, 0x00, 0xcd, 0x00,
  0x00, 0x00, 0x3c, 0x00, 0x00, 0x00, 0xce, 0x00, 0x00, 0x00, 0x08, 0x00, 0x00, 0x00, 0xd4, 0x00,
  0x00, 0x00, 0x09, 0x00, 0x00, 0x00, 0x9f, 0x00, 0x00, 0x00, 0x0a, 0x00, 0x00, 0x00, 0xa0, 0x00,
  0x00, 0x00, 0x0b, 0x00, 0x00, 0x00, 0xa1, 0x00, 0x00, 0x00, 0x0c, 0x00, 0x00, 0x00, 0xa2, 0x00,
  0x00, 0x00, 0x0d, 0x00, 0x00, 0x00, 0xa3, 0x00, 0x00, 0x00, 0x2f, 0x00, 0x00, 0x00, 0xa4, 0x00,
  0x00, 0x00, 0x30, 0x00, 0x00, 0x00, 0xa5, 0x00, 0x00, 0x00, 0x31, 0x00, 0x00, 0x00, 0xa6, 0x00,
  0x00, 0x00, 0x32, 0x00, 0x00, 0x00, 0x84, 0x00, 0x00, 0x00, 0x36, 0x00, 0x00, 0x00, 0xa7, 0x00,
  0x00, 0x00, 0x3a, 0x00, 0x00, 0x00, 0xab, 0x00, 0x00, 0x00, 0x3b, 0x00, 0x00, 0x00, 0xac, 0x00,
  0x00, 0x00, 0x3c, 0x00, 0x00, 0x00, 0xad, 0x00, 0x00, 0x00, 0x08, 0x00, 0x00, 0x00, 0x9e, 0x00,
  0x00, 0x00, 0x09, 0x00, 0x00, 0x00, 0x9f, 0x00, 0x00, 0x00, 0x0a, 0x00, 0x00, 0x00, 0xa0, 0x00,
  0x00, 0x00, 0x0b, 0x00, 0x00, 0x00, 0xa1, 0x00, 0x00, 0x00, 0x0c, 0x00, 0x00, 0x00, 0xa2, 0x00,
  0x00, 0x00, 0x0d, 0x00, 0x00, 0x00, 0xa3, 0x00, 0x00, 0x00, 0x2f, 0x00, 0x00, 0x00, 0xa4, 0x00,
  0x00, 0x00, 0x30, 0x00, 0x00, 0x00, 0xa5, 0x00, 0x00, 0x00, 0x31, 0x00, 0x00, 0x00, 0xa6, 0x00,
  0x00, 0x00, 0x32, 0x00, 0x00, 0x00, 0x84, 0x00, 0x00, 0x00, 0x36, 0x00, 0x00, 0x00, 0xa7, 0x00,
  0x00, 0x00, 0x37, 0x00, 0x00, 0x00, 0xd5, 0x00, 0x00, 0x00, 0x38, 0x00, 0x00, 0x00, 0xa9, 0x00,
  0x00, 0x00, 0x39, 0x00, 0x00, 0x00, 0xaa, 0x00, 0x00, 0x00, 0x3a, 0x00, 0x00, 0x00, 0xab, 0x00,
  0x00, 0x00, 0x3b, 0x00, 0x00, 0x00, 0xac, 0x00, 0x00, 0x00, 0x3c, 0x00, 0x00, 0x00, 0xad, 0x00,
  0x00, 0x00, 0x08, 0x00, 0x00, 0x00, 0xbf, 0x00, 0x00, 0x00, 0x09, 0x00, 0x00, 0x00, 0xc0, 0x00,
  0x00, 0x00, 0x0a, 0x00, 0x00, 0x00, 0xc1, 0x00, 0x00, 0x00, 0x0b, 0x00, 0x00, 0x00, 0xc2, 0x00,
  0x00, 0x00, 0x0c, 0x00, 0x00, 0x00, 0xc3, 0x00, 0x00, 0x00, 0x0d, 0x00, 0x00, 0x00, 0xc4, 0x00,
  0x00, 0x00, 0x2f, 0x00, 0x00, 0x00, 0xc5, 0x00, 0x00, 0x00, 0x30, 0x00, 0x00, 0x00, 0xc6, 0x00,
  0x00, 0x00, 0x31, 0x00, 0x00, 0x00, 0xc7, 0x00, 0x00, 0x00, 0x32, 0x00, 0x00, 0x00, 0x84, 0x00,
  0x00, 0x00, 0x33, 0x00, 0x00, 0x00, 0xdc, 0x00, 0x00, 0x00, 0x34, 0x00, 0x00, 0x00, 0xc9, 0x00,
  0x00, 0x00, 0x35, 0x00, 0x00, 0x00, 0xca, 0x00, 0x00, 0x00, 0x36, 0x00, 0x00, 0x00, 0xcb, 0x00,
  0x00, 0x00, 0x3a, 0x00, 0x00, 0x00, 0xcc, 0x00, 0x00, 0x00, 0x3b, 0x00, 0x00, 0x00, 0xcd, 0x00,
  0x00, 0x00, 0x3c, 0x00, 0x00, 0x00, 0xce, 0x00, 0x00, 0x00, 0x08, 0x00, 0x00, 0x00, 0xdd, 0x00,
  0x00, 0x00, 0x09, 0x00, 0x00, 0x00, 0xc0, 0x00, 0x00, 0x00, 0x0a, 0x00, 0x00, 0x00, 0xc1, 0x00,
  0x00, 0x00, 0x0b, 0x00, 0x00, 0x00, 0xc2, 0x00, 0x00, 0x00, 0x0c, 0x00, 0x00, 0x00, 0xc3, 0x00,
  0x00, 0x00, 0x0d, 0x00, 0x00, 0x00, 0xc4, 0x00, 0x00, 0x00, 0x2f, 0x00, 0x00, 0x00, 0xc5, 0x00,
  0x00, 0x00, 0x30, 0x00, 0x00, 0x00, 0xc6, 0x00, 0x00, 0x00, 0x31, 0x00, 0x00, 0x00, 0xc7, 0x00,
  0x00, 0x00, 0x32, 0x00, 0x00, 0x00, 0x84, 0x00, 0x00, 0x00, 0x36, 0x00, 0x00, 0x00, 0xcb, 0x00,
  0x00, 0x00, 0x3a, 0x00, 0x00, 0x00, 0xcc, 0x00, 0x00, 0x00, 0x3b, 0x00, 0x00, 0x00, 0xcd, 0x00,
  0x00, 0x00, 0x3c, 0x00, 0x00, 0x00, 0xce, 0x00, 0x00, 0x00,
]);
const parserTraceRuntimeBytes = new Uint8Array([
  0x00, 0x61, 0x73, 0x6d, 0x01, 0x00, 0x00, 0x00, 0x01, 0xd1, 0x02, 0x3d, 0x60, 0x03, 0x7f, 0x7f,
  0x7f, 0x01, 0x7f, 0x60, 0x02, 0x7f, 0x7f, 0x01, 0x7f, 0x60, 0x02, 0x7f, 0x7f, 0x01, 0x7f, 0x60,
  0x01, 0x7f, 0x01, 0x7f, 0x60, 0x01, 0x7f, 0x01, 0x7f, 0x60, 0x01, 0x7f, 0x01, 0x7f, 0x60, 0x01,
  0x7f, 0x01, 0x7f, 0x60, 0x01, 0x7f, 0x01, 0x7f, 0x60, 0x00, 0x01, 0x7f, 0x60, 0x01, 0x7f, 0x01,
  0x7f, 0x60, 0x00, 0x01, 0x7f, 0x60, 0x01, 0x7f, 0x01, 0x7f, 0x60, 0x01, 0x7f, 0x01, 0x7f, 0x60,
  0x02, 0x7f, 0x7f, 0x01, 0x7f, 0x60, 0x01, 0x7f, 0x01, 0x7f, 0x60, 0x01, 0x7f, 0x01, 0x7f, 0x60,
  0x02, 0x7f, 0x7f, 0x01, 0x7f, 0x60, 0x02, 0x7f, 0x7f, 0x01, 0x7f, 0x60, 0x03, 0x7f, 0x7f, 0x7f,
  0x01, 0x7f, 0x60, 0x02, 0x7f, 0x7f, 0x01, 0x7f, 0x60, 0x01, 0x7f, 0x01, 0x7f, 0x60, 0x01, 0x7f,
  0x01, 0x7f, 0x60, 0x02, 0x7f, 0x7f, 0x01, 0x7f, 0x60, 0x02, 0x7f, 0x7f, 0x01, 0x7f, 0x60, 0x03,
  0x7f, 0x7f, 0x7f, 0x01, 0x7f, 0x60, 0x01, 0x7f, 0x01, 0x7f, 0x60, 0x01, 0x7f, 0x01, 0x7f, 0x60,
  0x01, 0x7f, 0x01, 0x7f, 0x60, 0x01, 0x7f, 0x01, 0x7f, 0x60, 0x02, 0x7f, 0x7f, 0x01, 0x7f, 0x60,
  0x03, 0x7f, 0x7f, 0x7f, 0x01, 0x7f, 0x60, 0x02, 0x7f, 0x7f, 0x01, 0x7f, 0x60, 0x01, 0x7f, 0x01,
  0x7f, 0x60, 0x02, 0x7f, 0x7f, 0x01, 0x7f, 0x60, 0x02, 0x7f, 0x7f, 0x01, 0x7f, 0x60, 0x02, 0x7f,
  0x7f, 0x01, 0x7f, 0x60, 0x02, 0x7f, 0x7f, 0x01, 0x7f, 0x60, 0x01, 0x7f, 0x01, 0x7f, 0x60, 0x01,
  0x7f, 0x01, 0x7f, 0x60, 0x02, 0x7f, 0x7f, 0x01, 0x7f, 0x60, 0x02, 0x7f, 0x7f, 0x01, 0x7f, 0x60,
  0x03, 0x7f, 0x7f, 0x7f, 0x01, 0x7f, 0x60, 0x02, 0x7f, 0x7f, 0x01, 0x7f, 0x60, 0x03, 0x7f, 0x7f,
  0x7f, 0x01, 0x7f, 0x60, 0x02, 0x7f, 0x7f, 0x01, 0x7f, 0x60, 0x02, 0x7f, 0x7f, 0x01, 0x7f, 0x60,
  0x02, 0x7f, 0x7f, 0x01, 0x7f, 0x60, 0x05, 0x7f, 0x7f, 0x7f, 0x7f, 0x7f, 0x01, 0x7f, 0x60, 0x00,
  0x01, 0x7f, 0x60, 0x00, 0x01, 0x7f, 0x60, 0x00, 0x01, 0x7f, 0x60, 0x01, 0x7f, 0x01, 0x7f, 0x60,
  0x01, 0x7f, 0x01, 0x7f, 0x60, 0x01, 0x7f, 0x01, 0x7f, 0x60, 0x01, 0x7f, 0x01, 0x7f, 0x60, 0x01,
  0x7f, 0x01, 0x7f, 0x60, 0x01, 0x7f, 0x01, 0x7f, 0x60, 0x01, 0x7f, 0x01, 0x7f, 0x60, 0x01, 0x7f,
  0x01, 0x7f, 0x60, 0x02, 0x7f, 0x7f, 0x00, 0x60, 0x01, 0x7f, 0x01, 0x7f, 0x03, 0x3e, 0x3d, 0x00,
  0x01, 0x02, 0x03, 0x04, 0x05, 0x06, 0x07, 0x08, 0x09, 0x0a, 0x0b, 0x0c, 0x0d, 0x0e, 0x0f, 0x10,
  0x11, 0x12, 0x13, 0x14, 0x15, 0x16, 0x17, 0x18, 0x19, 0x1a, 0x1b, 0x1c, 0x1d, 0x1e, 0x1f, 0x20,
  0x21, 0x22, 0x23, 0x24, 0x25, 0x26, 0x27, 0x28, 0x29, 0x2a, 0x2b, 0x2c, 0x2d, 0x2e, 0x2f, 0x30,
  0x31, 0x32, 0x33, 0x34, 0x35, 0x36, 0x37, 0x38, 0x39, 0x3a, 0x3b, 0x3c, 0x05, 0x06, 0x01, 0x01,
  0x01, 0xff, 0xff, 0x03, 0x07, 0x97, 0x01, 0x07, 0x16, 0x70, 0x61, 0x72, 0x73, 0x65, 0x72, 0x54,
  0x72, 0x61, 0x63, 0x65, 0x53, 0x65, 0x74, 0x54, 0x65, 0x72, 0x6d, 0x69, 0x6e, 0x61, 0x6c, 0x00,
  0x23, 0x0b, 0x70, 0x61, 0x72, 0x73, 0x65, 0x72, 0x54, 0x72, 0x61, 0x63, 0x65, 0x00, 0x2f, 0x15,
  0x70, 0x61, 0x72, 0x73, 0x65, 0x72, 0x54, 0x72, 0x61, 0x63, 0x65, 0x45, 0x72, 0x72, 0x6f, 0x72,
  0x53, 0x74, 0x61, 0x74, 0x65, 0x00, 0x30, 0x15, 0x70, 0x61, 0x72, 0x73, 0x65, 0x72, 0x54, 0x72,
  0x61, 0x63, 0x65, 0x45, 0x72, 0x72, 0x6f, 0x72, 0x49, 0x6e, 0x64, 0x65, 0x78, 0x00, 0x31, 0x10,
  0x70, 0x61, 0x72, 0x73, 0x65, 0x72, 0x54, 0x72, 0x61, 0x63, 0x65, 0x43, 0x6f, 0x75, 0x6e, 0x74,
  0x00, 0x32, 0x11, 0x70, 0x61, 0x72, 0x73, 0x65, 0x72, 0x54, 0x72, 0x61, 0x63, 0x65, 0x41, 0x63,
  0x74, 0x69, 0x6f, 0x6e, 0x00, 0x33, 0x15, 0x70, 0x61, 0x72, 0x73, 0x65, 0x72, 0x54, 0x72, 0x61,
  0x63, 0x65, 0x53, 0x74, 0x61, 0x74, 0x75, 0x73, 0x4b, 0x69, 0x6e, 0x64, 0x00, 0x34, 0x0a, 0xdc,
  0x24, 0x3d, 0x9e, 0x01, 0x01, 0x06, 0x7f, 0x20, 0x00, 0x21, 0x03, 0x20, 0x03, 0x10, 0x35, 0x21,
  0x05, 0x20, 0x00, 0x41, 0x01, 0x6a, 0x21, 0x03, 0x20, 0x03, 0x10, 0x35, 0x21, 0x04, 0x20, 0x04,
  0x21, 0x06, 0x02, 0x40, 0x03, 0x40, 0x20, 0x05, 0x20, 0x06, 0x48, 0x45, 0x0d, 0x01, 0x20, 0x05,
  0x20, 0x06, 0x6a, 0x41, 0x01, 0x76, 0x21, 0x07, 0x20, 0x07, 0x41, 0x02, 0x6c, 0x21, 0x03, 0x20,
  0x03, 0x10, 0x36, 0x21, 0x08, 0x20, 0x08, 0x20, 0x01, 0x48, 0x04, 0x40, 0x20, 0x07, 0x41, 0x01,
  0x6a, 0x21, 0x05, 0x05, 0x20, 0x07, 0x21, 0x06, 0x0b, 0x0c, 0x00, 0x0b, 0x0b, 0x20, 0x05, 0x20,
  0x02, 0x6a, 0x21, 0x03, 0x20, 0x03, 0x20, 0x04, 0x48, 0x04, 0x40, 0x20, 0x03, 0x41, 0x02, 0x6c,
  0x21, 0x03, 0x20, 0x03, 0x10, 0x36, 0x21, 0x08, 0x20, 0x01, 0x20, 0x08, 0x48, 0x04, 0x40, 0x41,
  0x00, 0x0f, 0x05, 0x20, 0x08, 0x20, 0x01, 0x48, 0x04, 0x40, 0x41, 0x00, 0x0f, 0x05, 0x20, 0x03,
  0x41, 0x01, 0x6a, 0x21, 0x03, 0x20, 0x03, 0x10, 0x36, 0x0f, 0x0b, 0x0b, 0x0b, 0x41, 0x00, 0x0f,
  0x00, 0x0b, 0x39, 0x01, 0x03, 0x7f, 0x41, 0x00, 0x21, 0x02, 0x41, 0x01, 0x21, 0x04, 0x02, 0x40,
  0x03, 0x40, 0x20, 0x04, 0x45, 0x0d, 0x01, 0x20, 0x00, 0x20, 0x01, 0x20, 0x02, 0x10, 0x00, 0x21,
  0x03, 0x20, 0x03, 0x41, 0x00, 0x46, 0x04, 0x40, 0x20, 0x02, 0x0f, 0x0b, 0x20, 0x02, 0x41, 0x01,
  0x6a, 0x21, 0x02, 0x0c, 0x00, 0x0b, 0x0b, 0x20, 0x02, 0x0f, 0x00, 0x0b, 0x6f, 0x01, 0x05, 0x7f,
  0x20, 0x00, 0x21, 0x02, 0x20, 0x02, 0x10, 0x37, 0x21, 0x03, 0x20, 0x00, 0x41, 0x01, 0x6a, 0x21,
  0x02, 0x20, 0x02, 0x10, 0x37, 0x21, 0x04, 0x02, 0x40, 0x03, 0x40, 0x20, 0x03, 0x20, 0x04, 0x48,
  0x45, 0x0d, 0x01, 0x20, 0x03, 0x20, 0x04, 0x6a, 0x41, 0x01, 0x76, 0x21, 0x05, 0x20, 0x05, 0x41,
  0x02, 0x6c, 0x21, 0x02, 0x20, 0x02, 0x10, 0x38, 0x21, 0x06, 0x20, 0x01, 0x20, 0x06, 0x48, 0x04,
  0x40, 0x20, 0x05, 0x21, 0x04, 0x05, 0x20, 0x06, 0x20, 0x01, 0x48, 0x04, 0x40, 0x20, 0x05, 0x41,
  0x01, 0x6a, 0x21, 0x03, 0x05, 0x20, 0x02, 0x41, 0x01, 0x6a, 0x21, 0x02, 0x20, 0x02, 0x10, 0x38,
  0x0f, 0x0b, 0x0b, 0x0c, 0x00, 0x0b, 0x0b, 0x41, 0x7f, 0x0f, 0x00, 0x0b, 0x0c, 0x00, 0x20, 0x00,
  0x41, 0x80, 0x80, 0x80, 0x78, 0x71, 0x0f, 0x00, 0x0b, 0x0c, 0x00, 0x20, 0x00, 0x41, 0xff, 0xff,
  0xff, 0x07, 0x71, 0x0f, 0x00, 0x0b, 0x30, 0x00, 0x20, 0x00, 0x41, 0x80, 0x80, 0x80, 0x08, 0x46,
  0x04, 0x40, 0x41, 0x01, 0x0f, 0x0b, 0x20, 0x00, 0x41, 0x80, 0x80, 0x80, 0x10, 0x46, 0x04, 0x40,
  0x41, 0x02, 0x0f, 0x0b, 0x20, 0x00, 0x41, 0x80, 0x80, 0x80, 0x18, 0x46, 0x04, 0x40, 0x41, 0x03,
  0x0f, 0x0b, 0x41, 0x00, 0x0f, 0x00, 0x0b, 0x20, 0x01, 0x01, 0x7f, 0x20, 0x00, 0x41, 0xe0, 0x00,
  0x48, 0x04, 0x40, 0x20, 0x00, 0x41, 0x02, 0x6c, 0x41, 0x00, 0x6a, 0x21, 0x01, 0x20, 0x01, 0x10,
  0x39, 0x0f, 0x0b, 0x41, 0x7f, 0x0f, 0x00, 0x0b, 0x20, 0x01, 0x01, 0x7f, 0x20, 0x00, 0x41, 0xe0,
  0x00, 0x48, 0x04, 0x40, 0x20, 0x00, 0x41, 0x02, 0x6c, 0x41, 0x01, 0x6a, 0x21, 0x01, 0x20, 0x01,
  0x10, 0x39, 0x0f, 0x0b, 0x41, 0x7f, 0x0f, 0x00, 0x0b, 0x08, 0x00, 0x41, 0x01, 0x10, 0x09, 0x0f,
  0x00, 0x0b, 0x1d, 0x01, 0x01, 0x7f, 0x20, 0x00, 0x41, 0x00, 0x46, 0x04, 0x40, 0x00, 0x0b, 0x20,
  0x00, 0x10, 0x3c, 0x21, 0x01, 0x41, 0x00, 0x20, 0x00, 0x10, 0x3b, 0x20, 0x00, 0x0f, 0x00, 0x0b,
  0x08, 0x00, 0x41, 0x00, 0x10, 0x3a, 0x0f, 0x00, 0x0b, 0x3c, 0x01, 0x03, 0x7f, 0x41, 0x00, 0x10,
  0x3a, 0x21, 0x01, 0x20, 0x01, 0x41, 0x00, 0x46, 0x04, 0x40, 0x41, 0x01, 0x21, 0x01, 0x41, 0x00,
  0x20, 0x01, 0x10, 0x3b, 0x0b, 0x20, 0x01, 0x20, 0x00, 0x6a, 0x21, 0x02, 0x20, 0x02, 0x20, 0x01,
  0x49, 0x04, 0x40, 0x00, 0x0b, 0x20, 0x02, 0x10, 0x3c, 0x21, 0x03, 0x41, 0x00, 0x20, 0x02, 0x10,
  0x3b, 0x20, 0x01, 0x0f, 0x00, 0x0b, 0x23, 0x01, 0x01, 0x7f, 0x20, 0x00, 0x41, 0x00, 0x46, 0x04,
  0x40, 0x00, 0x0b, 0x41, 0x00, 0x10, 0x3a, 0x21, 0x01, 0x20, 0x00, 0x20, 0x01, 0x49, 0x04, 0x40,
  0x05, 0x00, 0x0b, 0x20, 0x00, 0x10, 0x3a, 0x0f, 0x00, 0x0b, 0x18, 0x01, 0x01, 0x7f, 0x20, 0x00,
  0x10, 0x0c, 0x21, 0x02, 0x20, 0x02, 0x20, 0x01, 0x46, 0x04, 0x40, 0x05, 0x00, 0x0b, 0x20, 0x00,
  0x0f, 0x00, 0x0b, 0x58, 0x01, 0x04, 0x7f, 0x20, 0x00, 0x41, 0x02, 0x6a, 0x21, 0x02, 0x20, 0x02,
  0x20, 0x00, 0x49, 0x04, 0x40, 0x00, 0x0b, 0x20, 0x02, 0x10, 0x0b, 0x21, 0x01, 0x20, 0x01, 0x41,
  0x01, 0x10, 0x3b, 0x20, 0x01, 0x41, 0x01, 0x6a, 0x20, 0x00, 0x10, 0x3b, 0x41, 0x00, 0x21, 0x03,
  0x02, 0x40, 0x03, 0x40, 0x20, 0x03, 0x20, 0x00, 0x49, 0x45, 0x0d, 0x01, 0x20, 0x01, 0x41, 0x02,
  0x6a, 0x20, 0x03, 0x6a, 0x21, 0x04, 0x20, 0x04, 0x41, 0x00, 0x10, 0x3b, 0x20, 0x03, 0x41, 0x01,
  0x6a, 0x21, 0x03, 0x0c, 0x00, 0x0b, 0x0b, 0x20, 0x01, 0x0f, 0x00, 0x0b, 0x15, 0x01, 0x01, 0x7f,
  0x20, 0x00, 0x41, 0x01, 0x10, 0x0d, 0x21, 0x01, 0x20, 0x00, 0x41, 0x01, 0x6a, 0x10, 0x3a, 0x0f,
  0x00, 0x0b, 0x46, 0x01, 0x03, 0x7f, 0x20, 0x00, 0x10, 0x0f, 0x21, 0x02, 0x20, 0x01, 0x20, 0x02,
  0x49, 0x04, 0x40, 0x05, 0x00, 0x0b, 0x20, 0x00, 0x41, 0x02, 0x6a, 0x20, 0x01, 0x6a, 0x21, 0x03,
  0x20, 0x03, 0x20, 0x00, 0x49, 0x04, 0x40, 0x00, 0x0b, 0x20, 0x03, 0x41, 0x01, 0x6a, 0x21, 0x04,
  0x20, 0x04, 0x20, 0x03, 0x49, 0x04, 0x40, 0x00, 0x0b, 0x41, 0x00, 0x10, 0x3a, 0x20, 0x04, 0x49,
  0x04, 0x40, 0x00, 0x0b, 0x20, 0x03, 0x0f, 0x00, 0x0b, 0x0c, 0x00, 0x20, 0x00, 0x20, 0x01, 0x10,
  0x10, 0x10, 0x3a, 0x0f, 0x00, 0x0b, 0x16, 0x01, 0x01, 0x7f, 0x20, 0x00, 0x20, 0x01, 0x10, 0x10,
  0x21, 0x03, 0x20, 0x03, 0x20, 0x02, 0x10, 0x3b, 0x20, 0x02, 0x0f, 0x00, 0x0b, 0x61, 0x01, 0x04,
  0x7f, 0x20, 0x01, 0x41, 0x03, 0x6a, 0x21, 0x03, 0x20, 0x03, 0x20, 0x01, 0x49, 0x04, 0x40, 0x00,
  0x0b, 0x20, 0x03, 0x10, 0x0b, 0x21, 0x02, 0x20, 0x02, 0x41, 0x02, 0x10, 0x3b, 0x20, 0x02, 0x41,
  0x01, 0x6a, 0x20, 0x00, 0x10, 0x3b, 0x20, 0x02, 0x41, 0x02, 0x6a, 0x20, 0x01, 0x10, 0x3b, 0x41,
  0x00, 0x21, 0x04, 0x02, 0x40, 0x03, 0x40, 0x20, 0x04, 0x20, 0x01, 0x49, 0x45, 0x0d, 0x01, 0x20,
  0x02, 0x41, 0x03, 0x6a, 0x20, 0x04, 0x6a, 0x21, 0x05, 0x20, 0x05, 0x41, 0x00, 0x10, 0x3b, 0x20,
  0x04, 0x41, 0x01, 0x6a, 0x21, 0x04, 0x0c, 0x00, 0x0b, 0x0b, 0x20, 0x02, 0x0f, 0x00, 0x0b, 0x15,
  0x01, 0x01, 0x7f, 0x20, 0x00, 0x41, 0x02, 0x10, 0x0d, 0x21, 0x01, 0x20, 0x00, 0x41, 0x01, 0x6a,
  0x10, 0x3a, 0x0f, 0x00, 0x0b, 0x15, 0x01, 0x01, 0x7f, 0x20, 0x00, 0x41, 0x02, 0x10, 0x0d, 0x21,
  0x01, 0x20, 0x00, 0x41, 0x02, 0x6a, 0x10, 0x3a, 0x0f, 0x00, 0x0b, 0x46, 0x01, 0x03, 0x7f, 0x20,
  0x00, 0x10, 0x15, 0x21, 0x02, 0x20, 0x01, 0x20, 0x02, 0x49, 0x04, 0x40, 0x05, 0x00, 0x0b, 0x20,
  0x00, 0x41, 0x03, 0x6a, 0x20, 0x01, 0x6a, 0x21, 0x03, 0x20, 0x03, 0x20, 0x00, 0x49, 0x04, 0x40,
  0x00, 0x0b, 0x20, 0x03, 0x41, 0x01, 0x6a, 0x21, 0x04, 0x20, 0x04, 0x20, 0x03, 0x49, 0x04, 0x40,
  0x00, 0x0b, 0x41, 0x00, 0x10, 0x3a, 0x20, 0x04, 0x49, 0x04, 0x40, 0x00, 0x0b, 0x20, 0x03, 0x0f,
  0x00, 0x0b, 0x0c, 0x00, 0x20, 0x00, 0x20, 0x01, 0x10, 0x16, 0x10, 0x3a, 0x0f, 0x00, 0x0b, 0x16,
  0x01, 0x01, 0x7f, 0x20, 0x00, 0x20, 0x01, 0x10, 0x16, 0x21, 0x03, 0x20, 0x03, 0x20, 0x02, 0x10,
  0x3b, 0x20, 0x02, 0x0f, 0x00, 0x0b, 0x35, 0x01, 0x02, 0x7f, 0x20, 0x00, 0x10, 0x0e, 0x21, 0x02,
  0x41, 0x04, 0x10, 0x0b, 0x21, 0x01, 0x20, 0x01, 0x41, 0x03, 0x10, 0x3b, 0x20, 0x01, 0x41, 0x01,
  0x6a, 0x41, 0x00, 0x10, 0x3b, 0x20, 0x01, 0x41, 0x02, 0x6a, 0x20, 0x00, 0x10, 0x3b, 0x20, 0x01,
  0x41, 0x03, 0x6a, 0x20, 0x02, 0x10, 0x3b, 0x20, 0x01, 0x0f, 0x00, 0x0b, 0x15, 0x01, 0x01, 0x7f,
  0x20, 0x00, 0x41, 0x03, 0x10, 0x0d, 0x21, 0x01, 0x20, 0x00, 0x41, 0x01, 0x6a, 0x10, 0x3a, 0x0f,
  0x00, 0x0b, 0x13, 0x01, 0x01, 0x7f, 0x20, 0x00, 0x10, 0x1a, 0x21, 0x01, 0x20, 0x00, 0x41, 0x02,
  0x6a, 0x10, 0x3a, 0x0f, 0x00, 0x0b, 0x13, 0x01, 0x01, 0x7f, 0x20, 0x00, 0x10, 0x1a, 0x21, 0x01,
  0x20, 0x00, 0x41, 0x03, 0x6a, 0x10, 0x3a, 0x0f, 0x00, 0x0b, 0x22, 0x01, 0x02, 0x7f, 0x20, 0x00,
  0x10, 0x1a, 0x21, 0x02, 0x20, 0x01, 0x20, 0x02, 0x49, 0x04, 0x40, 0x05, 0x00, 0x0b, 0x20, 0x00,
  0x10, 0x1c, 0x21, 0x03, 0x20, 0x03, 0x20, 0x01, 0x10, 0x11, 0x0f, 0x00, 0x0b, 0x24, 0x01, 0x02,
  0x7f, 0x20, 0x00, 0x10, 0x1a, 0x21, 0x03, 0x20, 0x01, 0x20, 0x03, 0x49, 0x04, 0x40, 0x05, 0x00,
  0x0b, 0x20, 0x00, 0x10, 0x1c, 0x21, 0x04, 0x20, 0x04, 0x20, 0x01, 0x20, 0x02, 0x10, 0x12, 0x0f,
  0x00, 0x0b, 0x20, 0x01, 0x01, 0x7f, 0x20, 0x00, 0x10, 0x1a, 0x21, 0x02, 0x20, 0x02, 0x20, 0x01,
  0x49, 0x04, 0x40, 0x00, 0x0b, 0x20, 0x00, 0x41, 0x01, 0x6a, 0x20, 0x01, 0x10, 0x3b, 0x20, 0x01,
  0x0f, 0x00, 0x0b, 0x3f, 0x01, 0x04, 0x7f, 0x20, 0x00, 0x10, 0x1a, 0x21, 0x01, 0x20, 0x01, 0x10,
  0x19, 0x21, 0x02, 0x41, 0x00, 0x21, 0x03, 0x02, 0x40, 0x03, 0x40, 0x20, 0x03, 0x20, 0x01, 0x49,
  0x45, 0x0d, 0x01, 0x20, 0x00, 0x20, 0x03, 0x10, 0x1d, 0x21, 0x04, 0x20, 0x02, 0x20, 0x04, 0x10,
  0x21, 0x21, 0x04, 0x20, 0x03, 0x41, 0x01, 0x6a, 0x21, 0x03, 0x0c, 0x00, 0x0b, 0x0b, 0x20, 0x02,
  0x0f, 0x00, 0x0b, 0xa3, 0x01, 0x01, 0x07, 0x7f, 0x20, 0x00, 0x10, 0x1a, 0x21, 0x02, 0x20, 0x00,
  0x10, 0x1b, 0x21, 0x03, 0x20, 0x00, 0x10, 0x1c, 0x21, 0x05, 0x20, 0x02, 0x20, 0x03, 0x49, 0x04,
  0x40, 0x05, 0x20, 0x03, 0x41, 0x00, 0x46, 0x04, 0x40, 0x41, 0x01, 0x21, 0x04, 0x05, 0x20, 0x03,
  0x20, 0x03, 0x6a, 0x21, 0x04, 0x20, 0x04, 0x20, 0x03, 0x49, 0x04, 0x40, 0x00, 0x0b, 0x0b, 0x20,
  0x04, 0x10, 0x0e, 0x21, 0x06, 0x41, 0x00, 0x21, 0x07, 0x02, 0x40, 0x03, 0x40, 0x20, 0x07, 0x20,
  0x02, 0x49, 0x45, 0x0d, 0x01, 0x20, 0x05, 0x20, 0x07, 0x10, 0x11, 0x21, 0x08, 0x20, 0x06, 0x20,
  0x07, 0x20, 0x08, 0x10, 0x12, 0x21, 0x08, 0x20, 0x07, 0x41, 0x01, 0x6a, 0x21, 0x07, 0x0c, 0x00,
  0x0b, 0x0b, 0x20, 0x00, 0x41, 0x02, 0x6a, 0x20, 0x04, 0x10, 0x3b, 0x20, 0x00, 0x41, 0x03, 0x6a,
  0x20, 0x06, 0x10, 0x3b, 0x20, 0x04, 0x21, 0x03, 0x20, 0x06, 0x21, 0x05, 0x0b, 0x20, 0x05, 0x20,
  0x02, 0x20, 0x01, 0x10, 0x12, 0x21, 0x08, 0x20, 0x00, 0x41, 0x01, 0x6a, 0x20, 0x02, 0x41, 0x01,
  0x6a, 0x10, 0x3b, 0x20, 0x01, 0x0f, 0x00, 0x0b, 0x39, 0x01, 0x03, 0x7f, 0x20, 0x01, 0x10, 0x1a,
  0x21, 0x02, 0x41, 0x00, 0x21, 0x03, 0x02, 0x40, 0x03, 0x40, 0x20, 0x03, 0x20, 0x02, 0x49, 0x45,
  0x0d, 0x01, 0x20, 0x01, 0x20, 0x03, 0x10, 0x1d, 0x21, 0x04, 0x20, 0x00, 0x20, 0x04, 0x10, 0x21,
  0x21, 0x04, 0x20, 0x03, 0x41, 0x01, 0x6a, 0x21, 0x03, 0x0c, 0x00, 0x0b, 0x0b, 0x20, 0x00, 0x0f,
  0x00, 0x0b, 0x1e, 0x01, 0x01, 0x7f, 0x41, 0x08, 0x20, 0x00, 0x6a, 0x21, 0x00, 0x20, 0x00, 0x41,
  0x01, 0x6a, 0x10, 0x3c, 0x21, 0x02, 0x20, 0x00, 0x20, 0x01, 0x10, 0x3b, 0x41, 0x00, 0x0f, 0x00,
  0x0b, 0x11, 0x00, 0x20, 0x00, 0x20, 0x01, 0x48, 0x04, 0x40, 0x41, 0x01, 0x0f, 0x0b, 0x41, 0x00,
  0x0f, 0x00, 0x0b, 0x11, 0x00, 0x20, 0x00, 0x41, 0x00, 0x46, 0x04, 0x40, 0x41, 0x00, 0x0f, 0x0b,
  0x41, 0x01, 0x0f, 0x00, 0x0b, 0x11, 0x00, 0x20, 0x00, 0x41, 0x00, 0x46, 0x04, 0x40, 0x41, 0x00,
  0x0f, 0x0b, 0x41, 0x01, 0x0f, 0x00, 0x0b, 0x1c, 0x00, 0x20, 0x00, 0x41, 0x7f, 0x46, 0x04, 0x40,
  0x41, 0x01, 0x0f, 0x0b, 0x20, 0x00, 0x20, 0x01, 0x48, 0x04, 0x40, 0x41, 0x01, 0x0f, 0x0b, 0x41,
  0x00, 0x0f, 0x00, 0x0b, 0x14, 0x00, 0x20, 0x00, 0x20, 0x01, 0x48, 0x04, 0x40, 0x20, 0x00, 0x41,
  0x01, 0x6a, 0x0f, 0x0b, 0x20, 0x01, 0x0f, 0x00, 0x0b, 0x24, 0x00, 0x20, 0x00, 0x41, 0x00, 0x46,
  0x04, 0x40, 0x41, 0x01, 0x0f, 0x0b, 0x20, 0x01, 0x04, 0x40, 0x41, 0x02, 0x0f, 0x0b, 0x20, 0x02,
  0x41, 0x00, 0x46, 0x04, 0x40, 0x41, 0x01, 0x0f, 0x0b, 0x41, 0x00, 0x0f, 0x00, 0x0b, 0x11, 0x00,
  0x20, 0x00, 0x20, 0x01, 0x48, 0x04, 0x40, 0x41, 0x01, 0x0f, 0x0b, 0x41, 0x00, 0x0f, 0x00, 0x0b,
  0x1e, 0x00, 0x20, 0x00, 0x20, 0x01, 0x48, 0x04, 0x40, 0x05, 0x41, 0x04, 0x0f, 0x0b, 0x20, 0x00,
  0x20, 0x02, 0x48, 0x04, 0x40, 0x05, 0x41, 0x02, 0x0f, 0x0b, 0x41, 0x00, 0x0f, 0x00, 0x0b, 0x11,
  0x00, 0x20, 0x00, 0x20, 0x01, 0x48, 0x04, 0x40, 0x41, 0x00, 0x0f, 0x0b, 0x41, 0x02, 0x0f, 0x00,
  0x0b, 0x11, 0x00, 0x20, 0x01, 0x20, 0x00, 0x48, 0x04, 0x40, 0x41, 0x03, 0x0f, 0x0b, 0x41, 0x00,
  0x0f, 0x00, 0x0b, 0x1a, 0x00, 0x20, 0x01, 0x41, 0x00, 0x46, 0x04, 0x40, 0x05, 0x41, 0x00, 0x0f,
  0x0b, 0x20, 0x00, 0x04, 0x40, 0x41, 0x01, 0x0f, 0x0b, 0x41, 0x02, 0x0f, 0x00, 0x0b, 0xbe, 0x12,
  0x01, 0x29, 0x7f, 0x41, 0x08, 0x20, 0x00, 0x6a, 0x10, 0x3c, 0x21, 0x05, 0x41, 0x08, 0x20, 0x00,
  0x6a, 0x10, 0x09, 0x21, 0x05, 0x20, 0x00, 0x41, 0xe0, 0x00, 0x6a, 0x41, 0x10, 0x6a, 0x21, 0x07,
  0x20, 0x00, 0x41, 0xe1, 0x00, 0x6c, 0x41, 0xe0, 0x00, 0x41, 0x10, 0x6a, 0x6a, 0x21, 0x09, 0x20,
  0x07, 0x10, 0x19, 0x21, 0x06, 0x20, 0x09, 0x10, 0x19, 0x21, 0x08, 0x41, 0x00, 0x10, 0x19, 0x21,
  0x0a, 0x41, 0x00, 0x10, 0x19, 0x21, 0x0b, 0x41, 0x00, 0x10, 0x19, 0x21, 0x0c, 0x41, 0x00, 0x10,
  0x19, 0x21, 0x0d, 0x41, 0x00, 0x10, 0x19, 0x21, 0x0e, 0x41, 0x00, 0x10, 0x19, 0x21, 0x0f, 0x41,
  0x00, 0x21, 0x10, 0x41, 0x00, 0x21, 0x11, 0x41, 0x00, 0x21, 0x12, 0x20, 0x06, 0x41, 0x00, 0x10,
  0x21, 0x21, 0x05, 0x41, 0x01, 0x41, 0x00, 0x10, 0x3b, 0x41, 0x02, 0x41, 0x00, 0x10, 0x3b, 0x41,
  0x03, 0x41, 0x00, 0x10, 0x3b, 0x41, 0x04, 0x41, 0x00, 0x10, 0x3b, 0x41, 0x05, 0x20, 0x08, 0x10,
  0x3b, 0x41, 0x01, 0x21, 0x15, 0x41, 0x00, 0x21, 0x16, 0x41, 0x00, 0x21, 0x17, 0x41, 0x00, 0x21,
  0x13, 0x41, 0x01, 0x21, 0x14, 0x41, 0x00, 0x21, 0x1b, 0x41, 0x00, 0x21, 0x29, 0x41, 0x7f, 0x21,
  0x2a, 0x41, 0x01, 0x21, 0x1a, 0x02, 0x40, 0x03, 0x40, 0x20, 0x1a, 0x45, 0x0d, 0x01, 0x41, 0x00,
  0x21, 0x1c, 0x20, 0x06, 0x20, 0x15, 0x41, 0x01, 0x6b, 0x10, 0x1d, 0x21, 0x1d, 0x20, 0x1b, 0x04,
  0x40, 0x20, 0x22, 0x21, 0x21, 0x41, 0x00, 0x21, 0x1b, 0x41, 0x01, 0x21, 0x1c, 0x05, 0x20, 0x16,
  0x20, 0x00, 0x10, 0x24, 0x04, 0x40, 0x41, 0x08, 0x20, 0x16, 0x6a, 0x10, 0x3a, 0x21, 0x1e, 0x20,
  0x1d, 0x20, 0x1e, 0x10, 0x01, 0x21, 0x1f, 0x20, 0x1f, 0x10, 0x25, 0x04, 0x40, 0x20, 0x1f, 0x41,
  0x01, 0x6b, 0x21, 0x20, 0x02, 0x40, 0x03, 0x40, 0x20, 0x20, 0x10, 0x26, 0x45, 0x0d, 0x01, 0x20,
  0x1d, 0x20, 0x1e, 0x20, 0x20, 0x10, 0x00, 0x21, 0x22, 0x20, 0x13, 0x20, 0x03, 0x10, 0x2a, 0x04,
  0x40, 0x05, 0x41, 0x01, 0x41, 0x03, 0x10, 0x3b, 0x41, 0x02, 0x20, 0x1d, 0x10, 0x3b, 0x41, 0x03,
  0x20, 0x16, 0x10, 0x3b, 0x41, 0x04, 0x20, 0x17, 0x10, 0x3b, 0x41, 0x03, 0x0f, 0x0b, 0x20, 0x0a,
  0x20, 0x22, 0x10, 0x21, 0x21, 0x05, 0x20, 0x0b, 0x20, 0x15, 0x10, 0x21, 0x21, 0x05, 0x20, 0x0c,
  0x20, 0x16, 0x10, 0x21, 0x21, 0x05, 0x20, 0x0d, 0x20, 0x17, 0x10, 0x21, 0x21, 0x05, 0x20, 0x0e,
  0x20, 0x06, 0x10, 0x20, 0x10, 0x21, 0x21, 0x05, 0x20, 0x0f, 0x20, 0x08, 0x10, 0x20, 0x10, 0x21,
  0x21, 0x05, 0x20, 0x13, 0x41, 0x01, 0x6a, 0x21, 0x13, 0x20, 0x20, 0x41, 0x01, 0x6b, 0x21, 0x20,
  0x0c, 0x00, 0x0b, 0x0b, 0x20, 0x1d, 0x20, 0x1e, 0x41, 0x00, 0x10, 0x00, 0x21, 0x21, 0x41, 0x01,
  0x21, 0x1c, 0x05, 0x20, 0x2a, 0x20, 0x16, 0x10, 0x27, 0x04, 0x40, 0x20, 0x16, 0x21, 0x2a, 0x20,
  0x1d, 0x21, 0x29, 0x0b, 0x41, 0x00, 0x21, 0x1c, 0x20, 0x12, 0x20, 0x13, 0x10, 0x2e, 0x21, 0x2d,
  0x20, 0x2d, 0x41, 0x01, 0x46, 0x04, 0x40, 0x20, 0x10, 0x21, 0x08, 0x20, 0x11, 0x21, 0x17, 0x41,
  0x05, 0x20, 0x08, 0x10, 0x3b, 0x41, 0x01, 0x41, 0x00, 0x10, 0x3b, 0x41, 0x02, 0x20, 0x1d, 0x10,
  0x3b, 0x41, 0x03, 0x20, 0x16, 0x10, 0x3b, 0x41, 0x04, 0x20, 0x17, 0x10, 0x3b, 0x41, 0x00, 0x0f,
  0x0b, 0x20, 0x2d, 0x41, 0x02, 0x46, 0x04, 0x40, 0x20, 0x29, 0x21, 0x1d, 0x20, 0x2a, 0x21, 0x16,
  0x41, 0x01, 0x41, 0x01, 0x10, 0x3b, 0x41, 0x02, 0x20, 0x1d, 0x10, 0x3b, 0x41, 0x03, 0x20, 0x16,
  0x10, 0x3b, 0x41, 0x04, 0x20, 0x17, 0x10, 0x3b, 0x41, 0x01, 0x0f, 0x0b, 0x20, 0x2d, 0x41, 0x00,
  0x46, 0x04, 0x40, 0x20, 0x13, 0x41, 0x01, 0x6b, 0x21, 0x13, 0x20, 0x0a, 0x20, 0x13, 0x10, 0x1d,
  0x21, 0x22, 0x20, 0x0b, 0x20, 0x13, 0x10, 0x1d, 0x21, 0x15, 0x20, 0x0c, 0x20, 0x13, 0x10, 0x1d,
  0x21, 0x16, 0x20, 0x0d, 0x20, 0x13, 0x10, 0x1d, 0x21, 0x17, 0x20, 0x0e, 0x20, 0x13, 0x10, 0x1d,
  0x21, 0x06, 0x20, 0x0f, 0x20, 0x13, 0x10, 0x1d, 0x21, 0x08, 0x41, 0x05, 0x20, 0x08, 0x10, 0x3b,
  0x20, 0x0a, 0x20, 0x13, 0x10, 0x1f, 0x21, 0x05, 0x20, 0x0b, 0x20, 0x13, 0x10, 0x1f, 0x21, 0x05,
  0x20, 0x0c, 0x20, 0x13, 0x10, 0x1f, 0x21, 0x05, 0x20, 0x0d, 0x20, 0x13, 0x10, 0x1f, 0x21, 0x05,
  0x20, 0x0e, 0x20, 0x13, 0x10, 0x1f, 0x21, 0x05, 0x20, 0x0f, 0x20, 0x13, 0x10, 0x1f, 0x21, 0x05,
  0x20, 0x14, 0x41, 0x01, 0x6a, 0x21, 0x14, 0x20, 0x14, 0x20, 0x01, 0x10, 0x2d, 0x21, 0x2c, 0x20,
  0x2c, 0x41, 0x03, 0x46, 0x04, 0x40, 0x20, 0x29, 0x21, 0x1d, 0x20, 0x2a, 0x21, 0x16, 0x41, 0x01,
  0x41, 0x03, 0x10, 0x3b, 0x41, 0x02, 0x20, 0x1d, 0x10, 0x3b, 0x41, 0x03, 0x20, 0x16, 0x10, 0x3b,
  0x41, 0x04, 0x20, 0x17, 0x10, 0x3b, 0x41, 0x03, 0x0f, 0x0b, 0x41, 0x01, 0x21, 0x1b, 0x0b, 0x0b,
  0x05, 0x20, 0x2a, 0x20, 0x16, 0x10, 0x27, 0x04, 0x40, 0x20, 0x16, 0x21, 0x2a, 0x20, 0x1d, 0x21,
  0x29, 0x0b, 0x41, 0x00, 0x21, 0x1c, 0x20, 0x12, 0x20, 0x13, 0x10, 0x2e, 0x21, 0x2d, 0x20, 0x2d,
  0x41, 0x01, 0x46, 0x04, 0x40, 0x20, 0x10, 0x21, 0x08, 0x20, 0x11, 0x21, 0x17, 0x41, 0x05, 0x20,
  0x08, 0x10, 0x3b, 0x41, 0x01, 0x41, 0x00, 0x10, 0x3b, 0x41, 0x02, 0x20, 0x1d, 0x10, 0x3b, 0x41,
  0x03, 0x20, 0x16, 0x10, 0x3b, 0x41, 0x04, 0x20, 0x17, 0x10, 0x3b, 0x41, 0x00, 0x0f, 0x0b, 0x20,
  0x2d, 0x41, 0x02, 0x46, 0x04, 0x40, 0x20, 0x29, 0x21, 0x1d, 0x20, 0x2a, 0x21, 0x16, 0x41, 0x01,
  0x41, 0x01, 0x10, 0x3b, 0x41, 0x02, 0x20, 0x1d, 0x10, 0x3b, 0x41, 0x03, 0x20, 0x16, 0x10, 0x3b,
  0x41, 0x04, 0x20, 0x17, 0x10, 0x3b, 0x41, 0x01, 0x0f, 0x0b, 0x20, 0x2d, 0x41, 0x00, 0x46, 0x04,
  0x40, 0x20, 0x13, 0x41, 0x01, 0x6b, 0x21, 0x13, 0x20, 0x0a, 0x20, 0x13, 0x10, 0x1d, 0x21, 0x22,
  0x20, 0x0b, 0x20, 0x13, 0x10, 0x1d, 0x21, 0x15, 0x20, 0x0c, 0x20, 0x13, 0x10, 0x1d, 0x21, 0x16,
  0x20, 0x0d, 0x20, 0x13, 0x10, 0x1d, 0x21, 0x17, 0x20, 0x0e, 0x20, 0x13, 0x10, 0x1d, 0x21, 0x06,
  0x20, 0x0f, 0x20, 0x13, 0x10, 0x1d, 0x21, 0x08, 0x41, 0x05, 0x20, 0x08, 0x10, 0x3b, 0x20, 0x0a,
  0x20, 0x13, 0x10, 0x1f, 0x21, 0x05, 0x20, 0x0b, 0x20, 0x13, 0x10, 0x1f, 0x21, 0x05, 0x20, 0x0c,
  0x20, 0x13, 0x10, 0x1f, 0x21, 0x05, 0x20, 0x0d, 0x20, 0x13, 0x10, 0x1f, 0x21, 0x05, 0x20, 0x0e,
  0x20, 0x13, 0x10, 0x1f, 0x21, 0x05, 0x20, 0x0f, 0x20, 0x13, 0x10, 0x1f, 0x21, 0x05, 0x20, 0x14,
  0x41, 0x01, 0x6a, 0x21, 0x14, 0x20, 0x14, 0x20, 0x01, 0x10, 0x2d, 0x21, 0x2c, 0x20, 0x2c, 0x41,
  0x03, 0x46, 0x04, 0x40, 0x20, 0x29, 0x21, 0x1d, 0x20, 0x2a, 0x21, 0x16, 0x41, 0x01, 0x41, 0x03,
  0x10, 0x3b, 0x41, 0x02, 0x20, 0x1d, 0x10, 0x3b, 0x41, 0x03, 0x20, 0x16, 0x10, 0x3b, 0x41, 0x04,
  0x20, 0x17, 0x10, 0x3b, 0x41, 0x03, 0x0f, 0x0b, 0x41, 0x01, 0x21, 0x1b, 0x0b, 0x0b, 0x0b, 0x20,
  0x1c, 0x04, 0x40, 0x20, 0x21, 0x10, 0x03, 0x21, 0x23, 0x20, 0x21, 0x10, 0x04, 0x21, 0x24, 0x20,
  0x23, 0x41, 0x80, 0x80, 0x80, 0x08, 0x46, 0x04, 0x40, 0x20, 0x17, 0x20, 0x02, 0x20, 0x09, 0x10,
  0x2b, 0x21, 0x18, 0x20, 0x18, 0x41, 0x00, 0x46, 0x04, 0x40, 0x20, 0x08, 0x20, 0x21, 0x10, 0x21,
  0x21, 0x05, 0x20, 0x17, 0x41, 0x01, 0x6a, 0x21, 0x17, 0x05, 0x20, 0x18, 0x41, 0x04, 0x46, 0x04,
  0x40, 0x41, 0x01, 0x41, 0x04, 0x10, 0x3b, 0x41, 0x02, 0x20, 0x1d, 0x10, 0x3b, 0x41, 0x03, 0x20,
  0x16, 0x10, 0x3b, 0x41, 0x04, 0x20, 0x17, 0x10, 0x3b, 0x41, 0x04, 0x0f, 0x05, 0x41, 0x01, 0x41,
  0x02, 0x10, 0x3b, 0x41, 0x02, 0x20, 0x1d, 0x10, 0x3b, 0x41, 0x03, 0x20, 0x16, 0x10, 0x3b, 0x41,
  0x04, 0x20, 0x17, 0x10, 0x3b, 0x41, 0x02, 0x0f, 0x0b, 0x0b, 0x20, 0x15, 0x20, 0x07, 0x10, 0x2c,
  0x21, 0x19, 0x20, 0x19, 0x41, 0x00, 0x46, 0x04, 0x40, 0x20, 0x06, 0x20, 0x24, 0x10, 0x21, 0x21,
  0x05, 0x20, 0x15, 0x20, 0x07, 0x10, 0x28, 0x21, 0x15, 0x20, 0x16, 0x41, 0x01, 0x6a, 0x21, 0x16,
  0x05, 0x41, 0x01, 0x41, 0x02, 0x10, 0x3b, 0x41, 0x02, 0x20, 0x1d, 0x10, 0x3b, 0x41, 0x03, 0x20,
  0x16, 0x10, 0x3b, 0x41, 0x04, 0x20, 0x17, 0x10, 0x3b, 0x41, 0x02, 0x0f, 0x0b, 0x05, 0x20, 0x23,
  0x41, 0x80, 0x80, 0x80, 0x10, 0x46, 0x04, 0x40, 0x20, 0x24, 0x21, 0x25, 0x20, 0x25, 0x10, 0x06,
  0x21, 0x26, 0x20, 0x25, 0x10, 0x07, 0x21, 0x27, 0x20, 0x27, 0x41, 0x7f, 0x46, 0x04, 0x40, 0x41,
  0x01, 0x41, 0x02, 0x10, 0x3b, 0x41, 0x02, 0x20, 0x1d, 0x10, 0x3b, 0x41, 0x03, 0x20, 0x16, 0x10,
  0x3b, 0x41, 0x04, 0x20, 0x17, 0x10, 0x3b, 0x41, 0x02, 0x0f, 0x05, 0x20, 0x15, 0x20, 0x27, 0x41,
  0x01, 0x6a, 0x48, 0x04, 0x40, 0x41, 0x01, 0x41, 0x02, 0x10, 0x3b, 0x41, 0x02, 0x20, 0x1d, 0x10,
  0x3b, 0x41, 0x03, 0x20, 0x16, 0x10, 0x3b, 0x41, 0x04, 0x20, 0x17, 0x10, 0x3b, 0x41, 0x02, 0x0f,
  0x05, 0x20, 0x15, 0x20, 0x27, 0x6b, 0x21, 0x15, 0x20, 0x06, 0x20, 0x15, 0x10, 0x1f, 0x21, 0x05,
  0x20, 0x06, 0x20, 0x15, 0x41, 0x01, 0x6b, 0x10, 0x1d, 0x21, 0x1d, 0x20, 0x1d, 0x20, 0x26, 0x10,
  0x02, 0x21, 0x28, 0x20, 0x28, 0x41, 0x7f, 0x46, 0x04, 0x40, 0x20, 0x2a, 0x20, 0x16, 0x10, 0x27,
  0x04, 0x40, 0x20, 0x16, 0x21, 0x2a, 0x20, 0x1d, 0x21, 0x29, 0x0b, 0x41, 0x00, 0x21, 0x1c, 0x20,
  0x12, 0x20, 0x13, 0x10, 0x2e, 0x21, 0x2d, 0x20, 0x2d, 0x41, 0x01, 0x46, 0x04, 0x40, 0x20, 0x10,
  0x21, 0x08, 0x20, 0x11, 0x21, 0x17, 0x41, 0x05, 0x20, 0x08, 0x10, 0x3b, 0x41, 0x01, 0x41, 0x00,
  0x10, 0x3b, 0x41, 0x02, 0x20, 0x1d, 0x10, 0x3b, 0x41, 0x03, 0x20, 0x16, 0x10, 0x3b, 0x41, 0x04,
  0x20, 0x17, 0x10, 0x3b, 0x41, 0x00, 0x0f, 0x0b, 0x20, 0x2d, 0x41, 0x02, 0x46, 0x04, 0x40, 0x20,
  0x29, 0x21, 0x1d, 0x20, 0x2a, 0x21, 0x16, 0x41, 0x01, 0x41, 0x01, 0x10, 0x3b, 0x41, 0x02, 0x20,
  0x1d, 0x10, 0x3b, 0x41, 0x03, 0x20, 0x16, 0x10, 0x3b, 0x41, 0x04, 0x20, 0x17, 0x10, 0x3b, 0x41,
  0x01, 0x0f, 0x0b, 0x20, 0x2d, 0x41, 0x00, 0x46, 0x04, 0x40, 0x20, 0x13, 0x41, 0x01, 0x6b, 0x21,
  0x13, 0x20, 0x0a, 0x20, 0x13, 0x10, 0x1d, 0x21, 0x22, 0x20, 0x0b, 0x20, 0x13, 0x10, 0x1d, 0x21,
  0x15, 0x20, 0x0c, 0x20, 0x13, 0x10, 0x1d, 0x21, 0x16, 0x20, 0x0d, 0x20, 0x13, 0x10, 0x1d, 0x21,
  0x17, 0x20, 0x0e, 0x20, 0x13, 0x10, 0x1d, 0x21, 0x06, 0x20, 0x0f, 0x20, 0x13, 0x10, 0x1d, 0x21,
  0x08, 0x41, 0x05, 0x20, 0x08, 0x10, 0x3b, 0x20, 0x0a, 0x20, 0x13, 0x10, 0x1f, 0x21, 0x05, 0x20,
  0x0b, 0x20, 0x13, 0x10, 0x1f, 0x21, 0x05, 0x20, 0x0c, 0x20, 0x13, 0x10, 0x1f, 0x21, 0x05, 0x20,
  0x0d, 0x20, 0x13, 0x10, 0x1f, 0x21, 0x05, 0x20, 0x0e, 0x20, 0x13, 0x10, 0x1f, 0x21, 0x05, 0x20,
  0x0f, 0x20, 0x13, 0x10, 0x1f, 0x21, 0x05, 0x20, 0x14, 0x41, 0x01, 0x6a, 0x21, 0x14, 0x20, 0x14,
  0x20, 0x01, 0x10, 0x2d, 0x21, 0x2c, 0x20, 0x2c, 0x41, 0x03, 0x46, 0x04, 0x40, 0x20, 0x29, 0x21,
  0x1d, 0x20, 0x2a, 0x21, 0x16, 0x41, 0x01, 0x41, 0x03, 0x10, 0x3b, 0x41, 0x02, 0x20, 0x1d, 0x10,
  0x3b, 0x41, 0x03, 0x20, 0x16, 0x10, 0x3b, 0x41, 0x04, 0x20, 0x17, 0x10, 0x3b, 0x41, 0x03, 0x0f,
  0x0b, 0x41, 0x01, 0x21, 0x1b, 0x0b, 0x05, 0x20, 0x17, 0x20, 0x02, 0x20, 0x09, 0x10, 0x2b, 0x21,
  0x18, 0x20, 0x18, 0x41, 0x00, 0x46, 0x04, 0x40, 0x20, 0x08, 0x20, 0x21, 0x10, 0x21, 0x21, 0x05,
  0x20, 0x17, 0x41, 0x01, 0x6a, 0x21, 0x17, 0x05, 0x20, 0x18, 0x41, 0x04, 0x46, 0x04, 0x40, 0x41,
  0x01, 0x41, 0x04, 0x10, 0x3b, 0x41, 0x02, 0x20, 0x1d, 0x10, 0x3b, 0x41, 0x03, 0x20, 0x16, 0x10,
  0x3b, 0x41, 0x04, 0x20, 0x17, 0x10, 0x3b, 0x41, 0x04, 0x0f, 0x05, 0x41, 0x01, 0x41, 0x02, 0x10,
  0x3b, 0x41, 0x02, 0x20, 0x1d, 0x10, 0x3b, 0x41, 0x03, 0x20, 0x16, 0x10, 0x3b, 0x41, 0x04, 0x20,
  0x17, 0x10, 0x3b, 0x41, 0x02, 0x0f, 0x0b, 0x0b, 0x20, 0x15, 0x20, 0x07, 0x10, 0x2c, 0x21, 0x19,
  0x20, 0x19, 0x41, 0x00, 0x46, 0x04, 0x40, 0x20, 0x06, 0x20, 0x28, 0x10, 0x21, 0x21, 0x05, 0x20,
  0x15, 0x20, 0x07, 0x10, 0x28, 0x21, 0x15, 0x05, 0x41, 0x01, 0x41, 0x02, 0x10, 0x3b, 0x41, 0x02,
  0x20, 0x1d, 0x10, 0x3b, 0x41, 0x03, 0x20, 0x16, 0x10, 0x3b, 0x41, 0x04, 0x20, 0x17, 0x10, 0x3b,
  0x41, 0x02, 0x0f, 0x0b, 0x0b, 0x0b, 0x0b, 0x05, 0x20, 0x23, 0x41, 0x80, 0x80, 0x80, 0x18, 0x46,
  0x04, 0x40, 0x20, 0x17, 0x20, 0x02, 0x20, 0x09, 0x10, 0x2b, 0x21, 0x18, 0x20, 0x18, 0x41, 0x00,
  0x46, 0x04, 0x40, 0x20, 0x08, 0x20, 0x21, 0x10, 0x21, 0x21, 0x05, 0x20, 0x17, 0x41, 0x01, 0x6a,
  0x21, 0x17, 0x05, 0x20, 0x18, 0x41, 0x04, 0x46, 0x04, 0x40, 0x41, 0x01, 0x41, 0x04, 0x10, 0x3b,
  0x41, 0x02, 0x20, 0x1d, 0x10, 0x3b, 0x41, 0x03, 0x20, 0x16, 0x10, 0x3b, 0x41, 0x04, 0x20, 0x17,
  0x10, 0x3b, 0x41, 0x04, 0x0f, 0x05, 0x41, 0x01, 0x41, 0x02, 0x10, 0x3b, 0x41, 0x02, 0x20, 0x1d,
  0x10, 0x3b, 0x41, 0x03, 0x20, 0x16, 0x10, 0x3b, 0x41, 0x04, 0x20, 0x17, 0x10, 0x3b, 0x41, 0x02,
  0x0f, 0x0b, 0x0b, 0x20, 0x04, 0x20, 0x12, 0x20, 0x13, 0x10, 0x29, 0x21, 0x2b, 0x20, 0x2b, 0x41,
  0x01, 0x46, 0x04, 0x40, 0x41, 0x01, 0x41, 0x00, 0x10, 0x3b, 0x41, 0x02, 0x20, 0x1d, 0x10, 0x3b,
  0x41, 0x03, 0x20, 0x16, 0x10, 0x3b, 0x41, 0x04, 0x20, 0x17, 0x10, 0x3b, 0x41, 0x00, 0x0f, 0x0b,
  0x20, 0x2b, 0x41, 0x02, 0x46, 0x04, 0x40, 0x41, 0x01, 0x41, 0x05, 0x10, 0x3b, 0x41, 0x02, 0x20,
  0x1d, 0x10, 0x3b, 0x41, 0x03, 0x20, 0x16, 0x10, 0x3b, 0x41, 0x04, 0x20, 0x17, 0x10, 0x3b, 0x41,
  0x05, 0x0f, 0x0b, 0x41, 0x01, 0x21, 0x12, 0x20, 0x17, 0x21, 0x11, 0x20, 0x08, 0x10, 0x20, 0x21,
  0x10, 0x20, 0x2a, 0x20, 0x16, 0x10, 0x27, 0x04, 0x40, 0x20, 0x16, 0x21, 0x2a, 0x20, 0x1d, 0x21,
  0x29, 0x0b, 0x41, 0x00, 0x21, 0x1c, 0x20, 0x12, 0x20, 0x13, 0x10, 0x2e, 0x21, 0x2d, 0x20, 0x2d,
  0x41, 0x01, 0x46, 0x04, 0x40, 0x20, 0x10, 0x21, 0x08, 0x20, 0x11, 0x21, 0x17, 0x41, 0x05, 0x20,
  0x08, 0x10, 0x3b, 0x41, 0x01, 0x41, 0x00, 0x10, 0x3b, 0x41, 0x02, 0x20, 0x1d, 0x10, 0x3b, 0x41,
  0x03, 0x20, 0x16, 0x10, 0x3b, 0x41, 0x04, 0x20, 0x17, 0x10, 0x3b, 0x41, 0x00, 0x0f, 0x0b, 0x20,
  0x2d, 0x41, 0x02, 0x46, 0x04, 0x40, 0x20, 0x29, 0x21, 0x1d, 0x20, 0x2a, 0x21, 0x16, 0x41, 0x01,
  0x41, 0x01, 0x10, 0x3b, 0x41, 0x02, 0x20, 0x1d, 0x10, 0x3b, 0x41, 0x03, 0x20, 0x16, 0x10, 0x3b,
  0x41, 0x04, 0x20, 0x17, 0x10, 0x3b, 0x41, 0x01, 0x0f, 0x0b, 0x20, 0x2d, 0x41, 0x00, 0x46, 0x04,
  0x40, 0x20, 0x13, 0x41, 0x01, 0x6b, 0x21, 0x13, 0x20, 0x0a, 0x20, 0x13, 0x10, 0x1d, 0x21, 0x22,
  0x20, 0x0b, 0x20, 0x13, 0x10, 0x1d, 0x21, 0x15, 0x20, 0x0c, 0x20, 0x13, 0x10, 0x1d, 0x21, 0x16,
  0x20, 0x0d, 0x20, 0x13, 0x10, 0x1d, 0x21, 0x17, 0x20, 0x0e, 0x20, 0x13, 0x10, 0x1d, 0x21, 0x06,
  0x20, 0x0f, 0x20, 0x13, 0x10, 0x1d, 0x21, 0x08, 0x41, 0x05, 0x20, 0x08, 0x10, 0x3b, 0x20, 0x0a,
  0x20, 0x13, 0x10, 0x1f, 0x21, 0x05, 0x20, 0x0b, 0x20, 0x13, 0x10, 0x1f, 0x21, 0x05, 0x20, 0x0c,
  0x20, 0x13, 0x10, 0x1f, 0x21, 0x05, 0x20, 0x0d, 0x20, 0x13, 0x10, 0x1f, 0x21, 0x05, 0x20, 0x0e,
  0x20, 0x13, 0x10, 0x1f, 0x21, 0x05, 0x20, 0x0f, 0x20, 0x13, 0x10, 0x1f, 0x21, 0x05, 0x20, 0x14,
  0x41, 0x01, 0x6a, 0x21, 0x14, 0x20, 0x14, 0x20, 0x01, 0x10, 0x2d, 0x21, 0x2c, 0x20, 0x2c, 0x41,
  0x03, 0x46, 0x04, 0x40, 0x20, 0x29, 0x21, 0x1d, 0x20, 0x2a, 0x21, 0x16, 0x41, 0x01, 0x41, 0x03,
  0x10, 0x3b, 0x41, 0x02, 0x20, 0x1d, 0x10, 0x3b, 0x41, 0x03, 0x20, 0x16, 0x10, 0x3b, 0x41, 0x04,
  0x20, 0x17, 0x10, 0x3b, 0x41, 0x03, 0x0f, 0x0b, 0x41, 0x01, 0x21, 0x1b, 0x0b, 0x05, 0x41, 0x01,
  0x41, 0x02, 0x10, 0x3b, 0x41, 0x02, 0x20, 0x1d, 0x10, 0x3b, 0x41, 0x03, 0x20, 0x16, 0x10, 0x3b,
  0x41, 0x04, 0x20, 0x17, 0x10, 0x3b, 0x41, 0x02, 0x0f, 0x0b, 0x0b, 0x0b, 0x0b, 0x0c, 0x00, 0x0b,
  0x0b, 0x41, 0x01, 0x41, 0x02, 0x10, 0x3b, 0x41, 0x02, 0x20, 0x1d, 0x10, 0x3b, 0x41, 0x03, 0x20,
  0x16, 0x10, 0x3b, 0x41, 0x04, 0x20, 0x17, 0x10, 0x3b, 0x41, 0x02, 0x0f, 0x00, 0x0b, 0x08, 0x00,
  0x41, 0x02, 0x10, 0x3a, 0x0f, 0x00, 0x0b, 0x08, 0x00, 0x41, 0x03, 0x10, 0x3a, 0x0f, 0x00, 0x0b,
  0x08, 0x00, 0x41, 0x04, 0x10, 0x3a, 0x0f, 0x00, 0x0b, 0x12, 0x01, 0x01, 0x7f, 0x41, 0x05, 0x10,
  0x3a, 0x21, 0x01, 0x20, 0x01, 0x20, 0x00, 0x10, 0x1d, 0x0f, 0x00, 0x0b, 0x48, 0x00, 0x20, 0x00,
  0x41, 0x00, 0x46, 0x04, 0x40, 0x41, 0x00, 0x0f, 0x0b, 0x20, 0x00, 0x41, 0x01, 0x46, 0x04, 0x40,
  0x41, 0x01, 0x0f, 0x0b, 0x20, 0x00, 0x41, 0x02, 0x46, 0x04, 0x40, 0x41, 0x02, 0x0f, 0x0b, 0x20,
  0x00, 0x41, 0x03, 0x46, 0x04, 0x40, 0x41, 0x03, 0x0f, 0x0b, 0x20, 0x00, 0x41, 0x04, 0x46, 0x04,
  0x40, 0x41, 0x04, 0x0f, 0x0b, 0x20, 0x00, 0x41, 0x05, 0x46, 0x04, 0x40, 0x41, 0x05, 0x0f, 0x0b,
  0x41, 0x02, 0x0f, 0x00, 0x0b, 0x19, 0x00, 0x20, 0x00, 0x41, 0xe0, 0x01, 0x4f, 0x04, 0x40, 0x00,
  0x0b, 0x41, 0x00, 0x20, 0x00, 0x41, 0x02, 0x74, 0x6a, 0x28, 0x02, 0x00, 0x0f, 0x00, 0x0b, 0x1a,
  0x00, 0x20, 0x00, 0x41, 0xec, 0x06, 0x4f, 0x04, 0x40, 0x00, 0x0b, 0x41, 0x80, 0x07, 0x20, 0x00,
  0x41, 0x02, 0x74, 0x6a, 0x28, 0x02, 0x00, 0x0f, 0x00, 0x0b, 0x1a, 0x00, 0x20, 0x00, 0x41, 0xda,
  0x01, 0x4f, 0x04, 0x40, 0x00, 0x0b, 0x41, 0xb0, 0x22, 0x20, 0x00, 0x41, 0x02, 0x74, 0x6a, 0x28,
  0x02, 0x00, 0x0f, 0x00, 0x0b, 0x1a, 0x00, 0x20, 0x00, 0x41, 0x82, 0x05, 0x4f, 0x04, 0x40, 0x00,
  0x0b, 0x41, 0x98, 0x29, 0x20, 0x00, 0x41, 0x02, 0x74, 0x6a, 0x28, 0x02, 0x00, 0x0f, 0x00, 0x0b,
  0x1a, 0x00, 0x20, 0x00, 0x41, 0xc0, 0x01, 0x4f, 0x04, 0x40, 0x00, 0x0b, 0x41, 0xa0, 0x3d, 0x20,
  0x00, 0x41, 0x02, 0x74, 0x6a, 0x28, 0x02, 0x00, 0x0f, 0x00, 0x0b, 0x25, 0x01, 0x01, 0x7f, 0x41,
  0xa0, 0xc3, 0x00, 0x28, 0x02, 0x00, 0x21, 0x01, 0x20, 0x00, 0x20, 0x01, 0x4f, 0x04, 0x40, 0x00,
  0x0b, 0x41, 0xa4, 0xc3, 0x00, 0x20, 0x00, 0x41, 0x02, 0x74, 0x6a, 0x28, 0x02, 0x00, 0x0f, 0x00,
  0x0b, 0x25, 0x01, 0x01, 0x7f, 0x41, 0xa0, 0xc3, 0x00, 0x28, 0x02, 0x00, 0x21, 0x02, 0x20, 0x00,
  0x20, 0x02, 0x4f, 0x04, 0x40, 0x00, 0x0b, 0x41, 0xa4, 0xc3, 0x00, 0x20, 0x00, 0x41, 0x02, 0x74,
  0x6a, 0x20, 0x01, 0x36, 0x02, 0x00, 0x0b, 0x65, 0x01, 0x03, 0x7f, 0x20, 0x00, 0x41, 0x97, 0xef,
  0xfe, 0xff, 0x03, 0x4b, 0x04, 0x40, 0x00, 0x0b, 0x41, 0xa0, 0xc3, 0x00, 0x28, 0x02, 0x00, 0x21,
  0x03, 0x20, 0x00, 0x20, 0x03, 0x4d, 0x04, 0x40, 0x20, 0x03, 0x0f, 0x0b, 0x41, 0xa4, 0xc3, 0x00,
  0x20, 0x00, 0x41, 0x02, 0x74, 0x6a, 0x21, 0x01, 0x20, 0x01, 0x3f, 0x00, 0x41, 0x80, 0x80, 0x04,
  0x6c, 0x4b, 0x04, 0x40, 0x20, 0x01, 0x41, 0xff, 0xff, 0x03, 0x6a, 0x41, 0x10, 0x76, 0x21, 0x02,
  0x20, 0x02, 0x3f, 0x00, 0x6b, 0x40, 0x00, 0x41, 0x7f, 0x46, 0x04, 0x40, 0x00, 0x0b, 0x0b, 0x41,
  0xa0, 0xc3, 0x00, 0x20, 0x00, 0x36, 0x02, 0x00, 0x20, 0x00, 0x0f, 0x00, 0x0b, 0x0b, 0xab, 0x43,
  0x01, 0x00, 0x41, 0x00, 0x0b, 0xa4, 0x43, 0x00, 0x00, 0x00, 0x00, 0x06, 0x00, 0x00, 0x00, 0x07,
  0x00, 0x00, 0x00, 0x08, 0x00, 0x00, 0x00, 0x0e, 0x00, 0x00, 0x00, 0x0f, 0x00, 0x00, 0x00, 0x10,
  0x00, 0x00, 0x00, 0x14, 0x00, 0x00, 0x00, 0x15, 0x00, 0x00, 0x00, 0x16, 0x00, 0x00, 0x00, 0x1c,
  0x00, 0x00, 0x00, 0x22, 0x00, 0x00, 0x00, 0x28, 0x00, 0x00, 0x00, 0x2e, 0x00, 0x00, 0x00, 0x34,
  0x00, 0x00, 0x00, 0x3a, 0x00, 0x00, 0x00, 0x40, 0x00, 0x00, 0x00, 0x46, 0x00, 0x00, 0x00, 0x4c,
  0x00, 0x00, 0x00, 0x52, 0x00, 0x00, 0x00, 0x54, 0x00, 0x00, 0x00, 0x56, 0x00, 0x00, 0x00, 0x58,
  0x00, 0x00, 0x00, 0x59, 0x00, 0x00, 0x00, 0x5a, 0x00, 0x00, 0x00, 0x5b, 0x00, 0x00, 0x00, 0x5e,
  0x00, 0x00, 0x00, 0x5f, 0x00, 0x00, 0x00, 0x60, 0x00, 0x00, 0x00, 0x61, 0x00, 0x00, 0x00, 0x62,
  0x00, 0x00, 0x00, 0x63, 0x00, 0x00, 0x00, 0x64, 0x00, 0x00, 0x00, 0x65, 0x00, 0x00, 0x00, 0x66,
  0x00, 0x00, 0x00, 0x67, 0x00, 0x00, 0x00, 0x68, 0x00, 0x00, 0x00, 0x69, 0x00, 0x00, 0x00, 0x6a,
  0x00, 0x00, 0x00, 0x6c, 0x00, 0x00, 0x00, 0x6f, 0x00, 0x00, 0x00, 0x70, 0x00, 0x00, 0x00, 0x71,
  0x00, 0x00, 0x00, 0x72, 0x00, 0x00, 0x00, 0x73, 0x00, 0x00, 0x00, 0x74, 0x00, 0x00, 0x00, 0x75,
  0x00, 0x00, 0x00, 0x79, 0x00, 0x00, 0x00, 0x7a, 0x00, 0x00, 0x00, 0x7b, 0x00, 0x00, 0x00, 0x7c,
  0x00, 0x00, 0x00, 0x7d, 0x00, 0x00, 0x00, 0x81, 0x00, 0x00, 0x00, 0x83, 0x00, 0x00, 0x00, 0x84,
  0x00, 0x00, 0x00, 0x85, 0x00, 0x00, 0x00, 0x86, 0x00, 0x00, 0x00, 0x87, 0x00, 0x00, 0x00, 0x89,
  0x00, 0x00, 0x00, 0x8b, 0x00, 0x00, 0x00, 0x91, 0x00, 0x00, 0x00, 0x92, 0x00, 0x00, 0x00, 0x96,
  0x00, 0x00, 0x00, 0x97, 0x00, 0x00, 0x00, 0x98, 0x00, 0x00, 0x00, 0x99, 0x00, 0x00, 0x00, 0x9a,
  0x00, 0x00, 0x00, 0x9d, 0x00, 0x00, 0x00, 0xa0, 0x00, 0x00, 0x00, 0xa3, 0x00, 0x00, 0x00, 0xa9,
  0x00, 0x00, 0x00, 0xaf, 0x00, 0x00, 0x00, 0xb2, 0x00, 0x00, 0x00, 0xb3, 0x00, 0x00, 0x00, 0xb4,
  0x00, 0x00, 0x00, 0xb5, 0x00, 0x00, 0x00, 0xb6, 0x00, 0x00, 0x00, 0xb7, 0x00, 0x00, 0x00, 0xb8,
  0x00, 0x00, 0x00, 0xb9, 0x00, 0x00, 0x00, 0xba, 0x00, 0x00, 0x00, 0xbb, 0x00, 0x00, 0x00, 0xbc,
  0x00, 0x00, 0x00, 0xbd, 0x00, 0x00, 0x00, 0xbe, 0x00, 0x00, 0x00, 0xc0, 0x00, 0x00, 0x00, 0xc4,
  0x00, 0x00, 0x00, 0xc5, 0x00, 0x00, 0x00, 0xc6, 0x00, 0x00, 0x00, 0xc7, 0x00, 0x00, 0x00, 0xca,
  0x00, 0x00, 0x00, 0xcb, 0x00, 0x00, 0x00, 0xcd, 0x00, 0x00, 0x00, 0xd1, 0x00, 0x00, 0x00, 0xd3,
  0x00, 0x00, 0x00, 0xd5, 0x00, 0x00, 0x00, 0xd7, 0x00, 0x00, 0x00, 0xd9, 0x00, 0x00, 0x00, 0xdc,
  0x00, 0x00, 0x00, 0xdd, 0x00, 0x00, 0x00, 0xde, 0x00, 0x00, 0x00, 0xdf, 0x00, 0x00, 0x00, 0xe0,
  0x00, 0x00, 0x00, 0xe1, 0x00, 0x00, 0x00, 0xe2, 0x00, 0x00, 0x00, 0xe3, 0x00, 0x00, 0x00, 0xe4,
  0x00, 0x00, 0x00, 0xe5, 0x00, 0x00, 0x00, 0xe6, 0x00, 0x00, 0x00, 0xe8, 0x00, 0x00, 0x00, 0xe9,
  0x00, 0x00, 0x00, 0xea, 0x00, 0x00, 0x00, 0xeb, 0x00, 0x00, 0x00, 0xef, 0x00, 0x00, 0x00, 0xf0,
  0x00, 0x00, 0x00, 0xf1, 0x00, 0x00, 0x00, 0xf2, 0x00, 0x00, 0x00, 0xf3, 0x00, 0x00, 0x00, 0xf5,
  0x00, 0x00, 0x00, 0xf6, 0x00, 0x00, 0x00, 0xf7, 0x00, 0x00, 0x00, 0xfc, 0x00, 0x00, 0x00, 0xfd,
  0x00, 0x00, 0x00, 0xfe, 0x00, 0x00, 0x00, 0xff, 0x00, 0x00, 0x00, 0x00, 0x01, 0x00, 0x00, 0x01,
  0x01, 0x00, 0x00, 0x02, 0x01, 0x00, 0x00, 0x03, 0x01, 0x00, 0x00, 0x04, 0x01, 0x00, 0x00, 0x05,
  0x01, 0x00, 0x00, 0x06, 0x01, 0x00, 0x00, 0x07, 0x01, 0x00, 0x00, 0x08, 0x01, 0x00, 0x00, 0x09,
  0x01, 0x00, 0x00, 0x0a, 0x01, 0x00, 0x00, 0x0b, 0x01, 0x00, 0x00, 0x0c, 0x01, 0x00, 0x00, 0x12,
  0x01, 0x00, 0x00, 0x13, 0x01, 0x00, 0x00, 0x14, 0x01, 0x00, 0x00, 0x15, 0x01, 0x00, 0x00, 0x16,
  0x01, 0x00, 0x00, 0x17, 0x01, 0x00, 0x00, 0x18, 0x01, 0x00, 0x00, 0x19, 0x01, 0x00, 0x00, 0x1a,
  0x01, 0x00, 0x00, 0x1e, 0x01, 0x00, 0x00, 0x1f, 0x01, 0x00, 0x00, 0x20, 0x01, 0x00, 0x00, 0x21,
  0x01, 0x00, 0x00, 0x22, 0x01, 0x00, 0x00, 0x25, 0x01, 0x00, 0x00, 0x26, 0x01, 0x00, 0x00, 0x27,
  0x01, 0x00, 0x00, 0x2a, 0x01, 0x00, 0x00, 0x2c, 0x01, 0x00, 0x00, 0x2e, 0x01, 0x00, 0x00, 0x33,
  0x01, 0x00, 0x00, 0x35, 0x01, 0x00, 0x00, 0x37, 0x01, 0x00, 0x00, 0x39, 0x01, 0x00, 0x00, 0x3b,
  0x01, 0x00, 0x00, 0x3d, 0x01, 0x00, 0x00, 0x3f, 0x01, 0x00, 0x00, 0x41, 0x01, 0x00, 0x00, 0x43,
  0x01, 0x00, 0x00, 0x44, 0x01, 0x00, 0x00, 0x46, 0x01, 0x00, 0x00, 0x47, 0x01, 0x00, 0x00, 0x48,
  0x01, 0x00, 0x00, 0x4a, 0x01, 0x00, 0x00, 0x4c, 0x01, 0x00, 0x00, 0x4e, 0x01, 0x00, 0x00, 0x50,
  0x01, 0x00, 0x00, 0x56, 0x01, 0x00, 0x00, 0x5b, 0x01, 0x00, 0x00, 0x5c, 0x01, 0x00, 0x00, 0x5e,
  0x01, 0x00, 0x00, 0x61, 0x01, 0x00, 0x00, 0x62, 0x01, 0x00, 0x00, 0x63, 0x01, 0x00, 0x00, 0x64,
  0x01, 0x00, 0x00, 0x65, 0x01, 0x00, 0x00, 0x66, 0x01, 0x00, 0x00, 0x6b, 0x01, 0x00, 0x00, 0x6c,
  0x01, 0x00, 0x00, 0x70, 0x01, 0x00, 0x00, 0x73, 0x01, 0x00, 0x00, 0x75, 0x01, 0x00, 0x00, 0x77,
  0x01, 0x00, 0x00, 0x7c, 0x01, 0x00, 0x00, 0x7e, 0x01, 0x00, 0x00, 0x80, 0x01, 0x00, 0x00, 0x82,
  0x01, 0x00, 0x00, 0x84, 0x01, 0x00, 0x00, 0x86, 0x01, 0x00, 0x00, 0x88, 0x01, 0x00, 0x00, 0x8a,
  0x01, 0x00, 0x00, 0x8c, 0x01, 0x00, 0x00, 0x8d, 0x01, 0x00, 0x00, 0x8e, 0x01, 0x00, 0x00, 0x8f,
  0x01, 0x00, 0x00, 0x91, 0x01, 0x00, 0x00, 0x93, 0x01, 0x00, 0x00, 0x95, 0x01, 0x00, 0x00, 0x97,
  0x01, 0x00, 0x00, 0x99, 0x01, 0x00, 0x00, 0x9a, 0x01, 0x00, 0x00, 0x9b, 0x01, 0x00, 0x00, 0x9c,
  0x01, 0x00, 0x00, 0x9e, 0x01, 0x00, 0x00, 0x9f, 0x01, 0x00, 0x00, 0xa1, 0x01, 0x00, 0x00, 0xa2,
  0x01, 0x00, 0x00, 0xa7, 0x01, 0x00, 0x00, 0xa8, 0x01, 0x00, 0x00, 0xac, 0x01, 0x00, 0x00, 0xad,
  0x01, 0x00, 0x00, 0xaf, 0x01, 0x00, 0x00, 0xb1, 0x01, 0x00, 0x00, 0xb2, 0x01, 0x00, 0x00, 0xb4,
  0x01, 0x00, 0x00, 0xb6, 0x01, 0x00, 0x00, 0x00, 0x00, 0x00, 0x00, 0x01, 0x00, 0x00, 0x02, 0x07,
  0x00, 0x00, 0x00, 0x01, 0x00, 0x00, 0x02, 0x0b, 0x00, 0x00, 0x00, 0x01, 0x00, 0x00, 0x02, 0x0c,
  0x00, 0x00, 0x00, 0x01, 0x00, 0x00, 0x02, 0x0d, 0x00, 0x00, 0x00, 0x01, 0x00, 0x00, 0x02, 0x0e,
  0x00, 0x00, 0x00, 0x01, 0x00, 0x00, 0x02, 0x00, 0x00, 0x00, 0x00, 0x00, 0x00, 0x00, 0x03, 0x00,
  0x00, 0x00, 0x00, 0x04, 0x00, 0x00, 0x02, 0x00, 0x00, 0x00, 0x00, 0x03, 0x00, 0x00, 0x02, 0x07,
  0x00, 0x00, 0x00, 0x04, 0x00, 0x00, 0x01, 0x0b, 0x00, 0x00, 0x00, 0x05, 0x00, 0x00, 0x01, 0x0c,
  0x00, 0x00, 0x00, 0x06, 0x00, 0x00, 0x01, 0x0d, 0x00, 0x00, 0x00, 0x07, 0x00, 0x00, 0x01, 0x0e,
  0x00, 0x00, 0x00, 0x08, 0x00, 0x00, 0x01, 0x03, 0x00, 0x00, 0x00, 0x13, 0x00, 0x00, 0x01, 0x04,
  0x00, 0x00, 0x00, 0x16, 0x00, 0x00, 0x01, 0x04, 0x00, 0x00, 0x00, 0x54, 0x00, 0x00, 0x02, 0x0f,
  0x00, 0x00, 0x00, 0x19, 0x00, 0x00, 0x01, 0x0f, 0x00, 0x00, 0x00, 0x54, 0x00, 0x00, 0x02, 0x14,
  0x00, 0x00, 0x00, 0x54, 0x00, 0x00, 0x02, 0x01, 0x00, 0x00, 0x00, 0x28, 0x00, 0x00, 0x01, 0x02,
  0x00, 0x00, 0x00, 0x2b, 0x00, 0x00, 0x01, 0x00, 0x00, 0x00, 0x00, 0x02, 0x00, 0x00, 0x02, 0x07,
  0x00, 0x00, 0x00, 0x02, 0x00, 0x00, 0x02, 0x0b, 0x00, 0x00, 0x00, 0x02, 0x00, 0x00, 0x02, 0x0c,
  0x00, 0x00, 0x00, 0x02, 0x00, 0x00, 0x02, 0x0d, 0x00, 0x00, 0x00, 0x02, 0x00, 0x00, 0x02, 0x0e,
  0x00, 0x00, 0x00, 0x02, 0x00, 0x00, 0x02, 0x00, 0x00, 0x00, 0x00, 0x05, 0x00, 0x00, 0x02, 0x07,
  0x00, 0x00, 0x00, 0x05, 0x00, 0x00, 0x02, 0x0b, 0x00, 0x00, 0x00, 0x05, 0x00, 0x00, 0x02, 0x0c,
  0x00, 0x00, 0x00, 0x05, 0x00, 0x00, 0x02, 0x0d, 0x00, 0x00, 0x00, 0x05, 0x00, 0x00, 0x02, 0x0e,
  0x00, 0x00, 0x00, 0x05, 0x00, 0x00, 0x02, 0x00, 0x00, 0x00, 0x00, 0x06, 0x00, 0x00, 0x02, 0x07,
  0x00, 0x00, 0x00, 0x06, 0x00, 0x00, 0x02, 0x0b, 0x00, 0x00, 0x00, 0x06, 0x00, 0x00, 0x02, 0x0c,
  0x00, 0x00, 0x00, 0x06, 0x00, 0x00, 0x02, 0x0d, 0x00, 0x00, 0x00, 0x06, 0x00, 0x00, 0x02, 0x0e,
  0x00, 0x00, 0x00, 0x06, 0x00, 0x00, 0x02, 0x00, 0x00, 0x00, 0x00, 0x07, 0x00, 0x00, 0x02, 0x07,
  0x00, 0x00, 0x00, 0x07, 0x00, 0x00, 0x02, 0x0b, 0x00, 0x00, 0x00, 0x07, 0x00, 0x00, 0x02, 0x0c,
  0x00, 0x00, 0x00, 0x07, 0x00, 0x00, 0x02, 0x0d, 0x00, 0x00, 0x00, 0x07, 0x00, 0x00, 0x02, 0x0e,
  0x00, 0x00, 0x00, 0x07, 0x00, 0x00, 0x02, 0x00, 0x00, 0x00, 0x00, 0x08, 0x00, 0x00, 0x02, 0x07,
  0x00, 0x00, 0x00, 0x08, 0x00, 0x00, 0x02, 0x0b, 0x00, 0x00, 0x00, 0x08, 0x00, 0x00, 0x02, 0x0c,
  0x00, 0x00, 0x00, 0x08, 0x00, 0x00, 0x02, 0x0d, 0x00, 0x00, 0x00, 0x08, 0x00, 0x00, 0x02, 0x0e,
  0x00, 0x00, 0x00, 0x08, 0x00, 0x00, 0x02, 0x00, 0x00, 0x00, 0x00, 0x09, 0x00, 0x00, 0x02, 0x07,
  0x00, 0x00, 0x00, 0x09, 0x00, 0x00, 0x02, 0x0b, 0x00, 0x00, 0x00, 0x09, 0x00, 0x00, 0x02, 0x0c,
  0x00, 0x00, 0x00, 0x09, 0x00, 0x00, 0x02, 0x0d, 0x00, 0x00, 0x00, 0x09, 0x00, 0x00, 0x02, 0x0e,
  0x00, 0x00, 0x00, 0x09, 0x00, 0x00, 0x02, 0x00, 0x00, 0x00, 0x00, 0x12, 0x00, 0x00, 0x02, 0x07,
  0x00, 0x00, 0x00, 0x12, 0x00, 0x00, 0x02, 0x0b, 0x00, 0x00, 0x00, 0x12, 0x00, 0x00, 0x02, 0x0c,
  0x00, 0x00, 0x00, 0x12, 0x00, 0x00, 0x02, 0x0d, 0x00, 0x00, 0x00, 0x12, 0x00, 0x00, 0x02, 0x0e,
  0x00, 0x00, 0x00, 0x12, 0x00, 0x00, 0x02, 0x00, 0x00, 0x00, 0x00, 0x1c, 0x00, 0x00, 0x02, 0x07,
  0x00, 0x00, 0x00, 0x1c, 0x00, 0x00, 0x02, 0x0b, 0x00, 0x00, 0x00, 0x1c, 0x00, 0x00, 0x02, 0x0c,
  0x00, 0x00, 0x00, 0x1c, 0x00, 0x00, 0x02, 0x0d, 0x00, 0x00, 0x00, 0x1c, 0x00, 0x00, 0x02, 0x0e,
  0x00, 0x00, 0x00, 0x1c, 0x00, 0x00, 0x02, 0x00, 0x00, 0x00, 0x00, 0x20, 0x00, 0x00, 0x02, 0x07,
  0x00, 0x00, 0x00, 0x20, 0x00, 0x00, 0x02, 0x0b, 0x00, 0x00, 0x00, 0x20, 0x00, 0x00, 0x02, 0x0c,
  0x00, 0x00, 0x00, 0x20, 0x00, 0x00, 0x02, 0x0d, 0x00, 0x00, 0x00, 0x20, 0x00, 0x00, 0x02, 0x0e,
  0x00, 0x00, 0x00, 0x20, 0x00, 0x00, 0x02, 0x00, 0x00, 0x00, 0x00, 0x27, 0x00, 0x00, 0x02, 0x07,
  0x00, 0x00, 0x00, 0x27, 0x00, 0x00, 0x02, 0x0b, 0x00, 0x00, 0x00, 0x27, 0x00, 0x00, 0x02, 0x0c,
  0x00, 0x00, 0x00, 0x27, 0x00, 0x00, 0x02, 0x0d, 0x00, 0x00, 0x00, 0x27, 0x00, 0x00, 0x02, 0x0e,
  0x00, 0x00, 0x00, 0x27, 0x00, 0x00, 0x02, 0x08, 0x00, 0x00, 0x00, 0x0a, 0x00, 0x00, 0x02, 0x0a,
  0x00, 0x00, 0x00, 0x0a, 0x00, 0x00, 0x02, 0x08, 0x00, 0x00, 0x00, 0x0c, 0x00, 0x00, 0x02, 0x0a,
  0x00, 0x00, 0x00, 0x2e, 0x00, 0x00, 0x01, 0x08, 0x00, 0x00, 0x00, 0x0b, 0x00, 0x00, 0x02, 0x0a,
  0x00, 0x00, 0x00, 0x0b, 0x00, 0x00, 0x02, 0x08, 0x00, 0x00, 0x00, 0x17, 0x00, 0x00, 0x02, 0x08,
  0x00, 0x00, 0x00, 0x33, 0x00, 0x00, 0x01, 0x08, 0x00, 0x00, 0x00, 0x18, 0x00, 0x00, 0x02, 0x04,
  0x00, 0x00, 0x00, 0x54, 0x00, 0x00, 0x02, 0x0f, 0x00, 0x00, 0x00, 0x54, 0x00, 0x00, 0x02, 0x14,
  0x00, 0x00, 0x00, 0x54, 0x00, 0x00, 0x02, 0x09, 0x00, 0x00, 0x00, 0x1d, 0x00, 0x00, 0x02, 0x09,
  0x00, 0x00, 0x00, 0x44, 0x00, 0x00, 0x02, 0x09, 0x00, 0x00, 0x00, 0x46, 0x00, 0x00, 0x02, 0x09,
  0x00, 0x00, 0x00, 0x47, 0x00, 0x00, 0x02, 0x09, 0x00, 0x00, 0x00, 0x48, 0x00, 0x00, 0x02, 0x09,
  0x00, 0x00, 0x00, 0x3b, 0x00, 0x00, 0x01, 0x09, 0x00, 0x00, 0x00, 0x1e, 0x00, 0x00, 0x02, 0x09,
  0x00, 0x00, 0x00, 0x45, 0x00, 0x00, 0x02, 0x09, 0x00, 0x00, 0x00, 0x49, 0x00, 0x00, 0x02, 0x09,
  0x00, 0x00, 0x00, 0x4f, 0x00, 0x00, 0x02, 0x09, 0x00, 0x00, 0x00, 0x53, 0x00, 0x00, 0x02, 0x09,
  0x00, 0x00, 0x00, 0x5a, 0x00, 0x00, 0x02, 0x04, 0x00, 0x00, 0x00, 0x3c, 0x00, 0x00, 0x01, 0x0f,
  0x00, 0x00, 0x00, 0x3d, 0x00, 0x00, 0x01, 0x04, 0x00, 0x00, 0x00, 0x56, 0x00, 0x00, 0x02, 0x0f,
  0x00, 0x00, 0x00, 0x56, 0x00, 0x00, 0x02, 0x14, 0x00, 0x00, 0x00, 0x42, 0x00, 0x00, 0x01, 0x09,
  0x00, 0x00, 0x00, 0x21, 0x00, 0x00, 0x02, 0x09, 0x00, 0x00, 0x00, 0x45, 0x00, 0x00, 0x01, 0x09,
  0x00, 0x00, 0x00, 0x22, 0x00, 0x00, 0x02, 0x09, 0x00, 0x00, 0x00, 0x24, 0x00, 0x00, 0x02, 0x09,
  0x00, 0x00, 0x00, 0x46, 0x00, 0x00, 0x01, 0x09, 0x00, 0x00, 0x00, 0x25, 0x00, 0x00, 0x02, 0x04,
  0x00, 0x00, 0x00, 0x54, 0x00, 0x00, 0x02, 0x0f, 0x00, 0x00, 0x00, 0x47, 0x00, 0x00, 0x01, 0x0f,
  0x00, 0x00, 0x00, 0x54, 0x00, 0x00, 0x02, 0x14, 0x00, 0x00, 0x00, 0x54, 0x00, 0x00, 0x02, 0x08,
  0x00, 0x00, 0x00, 0x0d, 0x00, 0x00, 0x02, 0x08, 0x00, 0x00, 0x00, 0x55, 0x00, 0x00, 0x01, 0x08,
  0x00, 0x00, 0x00, 0x0e, 0x00, 0x00, 0x02, 0x08, 0x00, 0x00, 0x00, 0x16, 0x00, 0x00, 0x02, 0x04,
  0x00, 0x00, 0x00, 0x54, 0x00, 0x00, 0x02, 0x0f, 0x00, 0x00, 0x00, 0x19, 0x00, 0x00, 0x01, 0x0f,
  0x00, 0x00, 0x00, 0x54, 0x00, 0x00, 0x02, 0x14, 0x00, 0x00, 0x00, 0x54, 0x00, 0x00, 0x02, 0x10,
  0x00, 0x00, 0x00, 0x4a, 0x00, 0x00, 0x02, 0x11, 0x00, 0x00, 0x00, 0x50, 0x00, 0x00, 0x02, 0x10,
  0x00, 0x00, 0x00, 0x59, 0x00, 0x00, 0x01, 0x10, 0x00, 0x00, 0x00, 0x4b, 0x00, 0x00, 0x02, 0x11,
  0x00, 0x00, 0x00, 0x5a, 0x00, 0x00, 0x01, 0x11, 0x00, 0x00, 0x00, 0x51, 0x00, 0x00, 0x02, 0x10,
  0x00, 0x00, 0x00, 0x5a, 0x00, 0x00, 0x02, 0x11, 0x00, 0x00, 0x00, 0x5a, 0x00, 0x00, 0x02, 0x04,
  0x00, 0x00, 0x00, 0x5b, 0x00, 0x00, 0x01, 0x0f, 0x00, 0x00, 0x00, 0x5c, 0x00, 0x00, 0x01, 0x00,
  0x00, 0x00, 0x00, 0x1f, 0x00, 0x00, 0x02, 0x07, 0x00, 0x00, 0x00, 0x1f, 0x00, 0x00, 0x02, 0x0b,
  0x00, 0x00, 0x00, 0x1f, 0x00, 0x00, 0x02, 0x0c, 0x00, 0x00, 0x00, 0x1f, 0x00, 0x00, 0x02, 0x0d,
  0x00, 0x00, 0x00, 0x1f, 0x00, 0x00, 0x02, 0x0e, 0x00, 0x00, 0x00, 0x1f, 0x00, 0x00, 0x02, 0x09,
  0x00, 0x00, 0x00, 0x5d, 0x00, 0x00, 0x02, 0x04, 0x00, 0x00, 0x00, 0x54, 0x00, 0x00, 0x02, 0x0f,
  0x00, 0x00, 0x00, 0x61, 0x00, 0x00, 0x01, 0x0f, 0x00, 0x00, 0x00, 0x54, 0x00, 0x00, 0x02, 0x14,
  0x00, 0x00, 0x00, 0x54, 0x00, 0x00, 0x02, 0x09, 0x00, 0x00, 0x00, 0x57, 0x00, 0x00, 0x02, 0x09,
  0x00, 0x00, 0x00, 0x59, 0x00, 0x00, 0x02, 0x09, 0x00, 0x00, 0x00, 0x58, 0x00, 0x00, 0x02, 0x09,
  0x00, 0x00, 0x00, 0x5f, 0x00, 0x00, 0x02, 0x04, 0x00, 0x00, 0x00, 0x5b, 0x00, 0x00, 0x02, 0x0f,
  0x00, 0x00, 0x00, 0x5b, 0x00, 0x00, 0x02, 0x14, 0x00, 0x00, 0x00, 0x5b, 0x00, 0x00, 0x02, 0x04,
  0x00, 0x00, 0x00, 0x55, 0x00, 0x00, 0x02, 0x0f, 0x00, 0x00, 0x00, 0x55, 0x00, 0x00, 0x02, 0x14,
  0x00, 0x00, 0x00, 0x55, 0x00, 0x00, 0x02, 0x04, 0x00, 0x00, 0x00, 0x5c, 0x00, 0x00, 0x02, 0x0f,
  0x00, 0x00, 0x00, 0x5c, 0x00, 0x00, 0x02, 0x14, 0x00, 0x00, 0x00, 0x5c, 0x00, 0x00, 0x02, 0x00,
  0x00, 0x00, 0x00, 0x23, 0x00, 0x00, 0x02, 0x07, 0x00, 0x00, 0x00, 0x23, 0x00, 0x00, 0x02, 0x0b,
  0x00, 0x00, 0x00, 0x23, 0x00, 0x00, 0x02, 0x0c, 0x00, 0x00, 0x00, 0x23, 0x00, 0x00, 0x02, 0x0d,
  0x00, 0x00, 0x00, 0x23, 0x00, 0x00, 0x02, 0x0e, 0x00, 0x00, 0x00, 0x23, 0x00, 0x00, 0x02, 0x00,
  0x00, 0x00, 0x00, 0x26, 0x00, 0x00, 0x02, 0x07, 0x00, 0x00, 0x00, 0x26, 0x00, 0x00, 0x02, 0x0b,
  0x00, 0x00, 0x00, 0x26, 0x00, 0x00, 0x02, 0x0c, 0x00, 0x00, 0x00, 0x26, 0x00, 0x00, 0x02, 0x0d,
  0x00, 0x00, 0x00, 0x26, 0x00, 0x00, 0x02, 0x0e, 0x00, 0x00, 0x00, 0x26, 0x00, 0x00, 0x02, 0x04,
  0x00, 0x00, 0x00, 0x54, 0x00, 0x00, 0x02, 0x0f, 0x00, 0x00, 0x00, 0x54, 0x00, 0x00, 0x02, 0x14,
  0x00, 0x00, 0x00, 0x54, 0x00, 0x00, 0x02, 0x08, 0x00, 0x00, 0x00, 0x13, 0x00, 0x00, 0x02, 0x08,
  0x00, 0x00, 0x00, 0x44, 0x00, 0x00, 0x02, 0x08, 0x00, 0x00, 0x00, 0x46, 0x00, 0x00, 0x02, 0x08,
  0x00, 0x00, 0x00, 0x47, 0x00, 0x00, 0x02, 0x08, 0x00, 0x00, 0x00, 0x48, 0x00, 0x00, 0x02, 0x08,
  0x00, 0x00, 0x00, 0x15, 0x00, 0x00, 0x02, 0x08, 0x00, 0x00, 0x00, 0x14, 0x00, 0x00, 0x02, 0x08,
  0x00, 0x00, 0x00, 0x45, 0x00, 0x00, 0x02, 0x08, 0x00, 0x00, 0x00, 0x49, 0x00, 0x00, 0x02, 0x08,
  0x00, 0x00, 0x00, 0x4f, 0x00, 0x00, 0x02, 0x08, 0x00, 0x00, 0x00, 0x53, 0x00, 0x00, 0x02, 0x08,
  0x00, 0x00, 0x00, 0x5a, 0x00, 0x00, 0x02, 0x04, 0x00, 0x00, 0x00, 0x6f, 0x00, 0x00, 0x01, 0x0f,
  0x00, 0x00, 0x00, 0x70, 0x00, 0x00, 0x01, 0x03, 0x00, 0x00, 0x00, 0x75, 0x00, 0x00, 0x01, 0x05,
  0x00, 0x00, 0x00, 0x76, 0x00, 0x00, 0x01, 0x06, 0x00, 0x00, 0x00, 0x77, 0x00, 0x00, 0x01, 0x12,
  0x00, 0x00, 0x00, 0x78, 0x00, 0x00, 0x01, 0x09, 0x00, 0x00, 0x00, 0x19, 0x00, 0x00, 0x02, 0x09,
  0x00, 0x00, 0x00, 0x89, 0x00, 0x00, 0x01, 0x09, 0x00, 0x00, 0x00, 0x1a, 0x00, 0x00, 0x02, 0x04,
  0x00, 0x00, 0x00, 0x54, 0x00, 0x00, 0x02, 0x0f, 0x00, 0x00, 0x00, 0x54, 0x00, 0x00, 0x02, 0x14,
  0x00, 0x00, 0x00, 0x54, 0x00, 0x00, 0x02, 0x09, 0x00, 0x00, 0x00, 0x52, 0x00, 0x00, 0x02, 0x10,
  0x00, 0x00, 0x00, 0x5d, 0x00, 0x00, 0x02, 0x11, 0x00, 0x00, 0x00, 0x5d, 0x00, 0x00, 0x02, 0x04,
  0x00, 0x00, 0x00, 0x54, 0x00, 0x00, 0x02, 0x0f, 0x00, 0x00, 0x00, 0x61, 0x00, 0x00, 0x01, 0x0f,
  0x00, 0x00, 0x00, 0x54, 0x00, 0x00, 0x02, 0x14, 0x00, 0x00, 0x00, 0x54, 0x00, 0x00, 0x02, 0x10,
  0x00, 0x00, 0x00, 0x57, 0x00, 0x00, 0x02, 0x11, 0x00, 0x00, 0x00, 0x57, 0x00, 0x00, 0x02, 0x10,
  0x00, 0x00, 0x00, 0x59, 0x00, 0x00, 0x02, 0x11, 0x00, 0x00, 0x00, 0x59, 0x00, 0x00, 0x02, 0x10,
  0x00, 0x00, 0x00, 0x58, 0x00, 0x00, 0x02, 0x11, 0x00, 0x00, 0x00, 0x58, 0x00, 0x00, 0x02, 0x10,
  0x00, 0x00, 0x00, 0x5f, 0x00, 0x00, 0x02, 0x11, 0x00, 0x00, 0x00, 0x5f, 0x00, 0x00, 0x02, 0x04,
  0x00, 0x00, 0x00, 0x54, 0x00, 0x00, 0x02, 0x0f, 0x00, 0x00, 0x00, 0x54, 0x00, 0x00, 0x02, 0x14,
  0x00, 0x00, 0x00, 0x54, 0x00, 0x00, 0x02, 0x11, 0x00, 0x00, 0x00, 0x90, 0x00, 0x00, 0x01, 0x11,
  0x00, 0x00, 0x00, 0x44, 0x00, 0x00, 0x02, 0x11, 0x00, 0x00, 0x00, 0x46, 0x00, 0x00, 0x02, 0x11,
  0x00, 0x00, 0x00, 0x47, 0x00, 0x00, 0x02, 0x11, 0x00, 0x00, 0x00, 0x48, 0x00, 0x00, 0x02, 0x11,
  0x00, 0x00, 0x00, 0x45, 0x00, 0x00, 0x02, 0x11, 0x00, 0x00, 0x00, 0x49, 0x00, 0x00, 0x02, 0x11,
  0x00, 0x00, 0x00, 0x4f, 0x00, 0x00, 0x02, 0x11, 0x00, 0x00, 0x00, 0x53, 0x00, 0x00, 0x02, 0x11,
  0x00, 0x00, 0x00, 0x5a, 0x00, 0x00, 0x02, 0x04, 0x00, 0x00, 0x00, 0x91, 0x00, 0x00, 0x01, 0x0f,
  0x00, 0x00, 0x00, 0x92, 0x00, 0x00, 0x01, 0x10, 0x00, 0x00, 0x00, 0x97, 0x00, 0x00, 0x01, 0x11,
  0x00, 0x00, 0x00, 0x98, 0x00, 0x00, 0x01, 0x08, 0x00, 0x00, 0x00, 0x5d, 0x00, 0x00, 0x02, 0x04,
  0x00, 0x00, 0x00, 0x54, 0x00, 0x00, 0x02, 0x0f, 0x00, 0x00, 0x00, 0x61, 0x00, 0x00, 0x01, 0x0f,
  0x00, 0x00, 0x00, 0x54, 0x00, 0x00, 0x02, 0x14, 0x00, 0x00, 0x00, 0x54, 0x00, 0x00, 0x02, 0x08,
  0x00, 0x00, 0x00, 0x57, 0x00, 0x00, 0x02, 0x08, 0x00, 0x00, 0x00, 0x59, 0x00, 0x00, 0x02, 0x08,
  0x00, 0x00, 0x00, 0x58, 0x00, 0x00, 0x02, 0x08, 0x00, 0x00, 0x00, 0x5f, 0x00, 0x00, 0x02, 0x09,
  0x00, 0x00, 0x00, 0x42, 0x00, 0x00, 0x02, 0x0f, 0x00, 0x00, 0x00, 0x2e, 0x00, 0x00, 0x02, 0x09,
  0x00, 0x00, 0x00, 0x3e, 0x00, 0x00, 0x02, 0x09, 0x00, 0x00, 0x00, 0x40, 0x00, 0x00, 0x02, 0x03,
  0x00, 0x00, 0x00, 0x9a, 0x00, 0x00, 0x01, 0x05, 0x00, 0x00, 0x00, 0x9b, 0x00, 0x00, 0x01, 0x06,
  0x00, 0x00, 0x00, 0x9c, 0x00, 0x00, 0x01, 0x12, 0x00, 0x00, 0x00, 0x9d, 0x00, 0x00, 0x01, 0x13,
  0x00, 0x00, 0x00, 0x39, 0x00, 0x00, 0x02, 0x09, 0x00, 0x00, 0x00, 0x0f, 0x00, 0x00, 0x02, 0x09,
  0x00, 0x00, 0x00, 0x28, 0x00, 0x00, 0x02, 0x09, 0x00, 0x00, 0x00, 0x29, 0x00, 0x00, 0x02, 0x09,
  0x00, 0x00, 0x00, 0x2a, 0x00, 0x00, 0x02, 0x09, 0x00, 0x00, 0x00, 0x2b, 0x00, 0x00, 0x02, 0x09,
  0x00, 0x00, 0x00, 0x2c, 0x00, 0x00, 0x02, 0x09, 0x00, 0x00, 0x00, 0xae, 0x00, 0x00, 0x01, 0x09,
  0x00, 0x00, 0x00, 0x10, 0x00, 0x00, 0x02, 0x09, 0x00, 0x00, 0x00, 0x2d, 0x00, 0x00, 0x02, 0x09,
  0x00, 0x00, 0x00, 0x36, 0x00, 0x00, 0x02, 0x0f, 0x00, 0x00, 0x00, 0xaf, 0x00, 0x00, 0x01, 0x0f,
  0x00, 0x00, 0x00, 0x2f, 0x00, 0x00, 0x02, 0x09, 0x00, 0x00, 0x00, 0x3d, 0x00, 0x00, 0x02, 0x09,
  0x00, 0x00, 0x00, 0x3f, 0x00, 0x00, 0x02, 0x09, 0x00, 0x00, 0x00, 0x41, 0x00, 0x00, 0x02, 0x09,
  0x00, 0x00, 0x00, 0x43, 0x00, 0x00, 0x02, 0x00, 0x00, 0x00, 0x00, 0x1b, 0x00, 0x00, 0x02, 0x07,
  0x00, 0x00, 0x00, 0x1b, 0x00, 0x00, 0x02, 0x0b, 0x00, 0x00, 0x00, 0x1b, 0x00, 0x00, 0x02, 0x0c,
  0x00, 0x00, 0x00, 0x1b, 0x00, 0x00, 0x02, 0x0d, 0x00, 0x00, 0x00, 0x1b, 0x00, 0x00, 0x02, 0x0e,
  0x00, 0x00, 0x00, 0x1b, 0x00, 0x00, 0x02, 0x11, 0x00, 0x00, 0x00, 0x4c, 0x00, 0x00, 0x02, 0x11,
  0x00, 0x00, 0x00, 0xb0, 0x00, 0x00, 0x01, 0x11, 0x00, 0x00, 0x00, 0x4d, 0x00, 0x00, 0x02, 0x11,
  0x00, 0x00, 0x00, 0xb1, 0x00, 0x00, 0x01, 0x10, 0x00, 0x00, 0x00, 0xb2, 0x00, 0x00, 0x01, 0x11,
  0x00, 0x00, 0x00, 0xb3, 0x00, 0x00, 0x01, 0x09, 0x00, 0x00, 0x00, 0x5e, 0x00, 0x00, 0x02, 0x11,
  0x00, 0x00, 0x00, 0x5d, 0x00, 0x00, 0x02, 0x04, 0x00, 0x00, 0x00, 0x54, 0x00, 0x00, 0x02, 0x0f,
  0x00, 0x00, 0x00, 0x61, 0x00, 0x00, 0x01, 0x0f, 0x00, 0x00, 0x00, 0x54, 0x00, 0x00, 0x02, 0x14,
  0x00, 0x00, 0x00, 0x54, 0x00, 0x00, 0x02, 0x11, 0x00, 0x00, 0x00, 0x57, 0x00, 0x00, 0x02, 0x11,
  0x00, 0x00, 0x00, 0x59, 0x00, 0x00, 0x02, 0x11, 0x00, 0x00, 0x00, 0x58, 0x00, 0x00, 0x02, 0x11,
  0x00, 0x00, 0x00, 0x5f, 0x00, 0x00, 0x02, 0x04, 0x00, 0x00, 0x00, 0x54, 0x00, 0x00, 0x02, 0x0f,
  0x00, 0x00, 0x00, 0x54, 0x00, 0x00, 0x02, 0x14, 0x00, 0x00, 0x00, 0x54, 0x00, 0x00, 0x02, 0x08,
  0x00, 0x00, 0x00, 0x52, 0x00, 0x00, 0x02, 0x11, 0x00, 0x00, 0x00, 0xb6, 0x00, 0x00, 0x01, 0x0f,
  0x00, 0x00, 0x00, 0x2e, 0x00, 0x00, 0x02, 0x10, 0x00, 0x00, 0x00, 0x42, 0x00, 0x00, 0x02, 0x13,
  0x00, 0x00, 0x00, 0x42, 0x00, 0x00, 0x02, 0x10, 0x00, 0x00, 0x00, 0x3e, 0x00, 0x00, 0x02, 0x13,
  0x00, 0x00, 0x00, 0x3e, 0x00, 0x00, 0x02, 0x10, 0x00, 0x00, 0x00, 0x40, 0x00, 0x00, 0x02, 0x13,
  0x00, 0x00, 0x00, 0x40, 0x00, 0x00, 0x02, 0x03, 0x00, 0x00, 0x00, 0x9a, 0x00, 0x00, 0x01, 0x05,
  0x00, 0x00, 0x00, 0x9b, 0x00, 0x00, 0x01, 0x06, 0x00, 0x00, 0x00, 0x9c, 0x00, 0x00, 0x01, 0x12,
  0x00, 0x00, 0x00, 0x9d, 0x00, 0x00, 0x01, 0x13, 0x00, 0x00, 0x00, 0x39, 0x00, 0x00, 0x02, 0x10,
  0x00, 0x00, 0x00, 0x37, 0x00, 0x00, 0x02, 0x13, 0x00, 0x00, 0x00, 0x37, 0x00, 0x00, 0x02, 0x10,
  0x00, 0x00, 0x00, 0x28, 0x00, 0x00, 0x02, 0x13, 0x00, 0x00, 0x00, 0x28, 0x00, 0x00, 0x02, 0x10,
  0x00, 0x00, 0x00, 0x29, 0x00, 0x00, 0x02, 0x13, 0x00, 0x00, 0x00, 0x29, 0x00, 0x00, 0x02, 0x10,
  0x00, 0x00, 0x00, 0x2a, 0x00, 0x00, 0x02, 0x13, 0x00, 0x00, 0x00, 0x2a, 0x00, 0x00, 0x02, 0x10,
  0x00, 0x00, 0x00, 0x2b, 0x00, 0x00, 0x02, 0x13, 0x00, 0x00, 0x00, 0x2b, 0x00, 0x00, 0x02, 0x10,
  0x00, 0x00, 0x00, 0x2c, 0x00, 0x00, 0x02, 0x13, 0x00, 0x00, 0x00, 0x2c, 0x00, 0x00, 0x02, 0x10,
  0x00, 0x00, 0x00, 0x2d, 0x00, 0x00, 0x02, 0x13, 0x00, 0x00, 0x00, 0x2d, 0x00, 0x00, 0x02, 0x10,
  0x00, 0x00, 0x00, 0x36, 0x00, 0x00, 0x02, 0x13, 0x00, 0x00, 0x00, 0x36, 0x00, 0x00, 0x02, 0x0f,
  0x00, 0x00, 0x00, 0xb8, 0x00, 0x00, 0x01, 0x10, 0x00, 0x00, 0x00, 0x3d, 0x00, 0x00, 0x02, 0x13,
  0x00, 0x00, 0x00, 0x3d, 0x00, 0x00, 0x02, 0x13, 0x00, 0x00, 0x00, 0xb9, 0x00, 0x00, 0x01, 0x13,
  0x00, 0x00, 0x00, 0x3b, 0x00, 0x00, 0x02, 0x10, 0x00, 0x00, 0x00, 0xba, 0x00, 0x00, 0x01, 0x13,
  0x00, 0x00, 0x00, 0x3a, 0x00, 0x00, 0x02, 0x10, 0x00, 0x00, 0x00, 0x3f, 0x00, 0x00, 0x02, 0x13,
  0x00, 0x00, 0x00, 0x3f, 0x00, 0x00, 0x02, 0x10, 0x00, 0x00, 0x00, 0x41, 0x00, 0x00, 0x02, 0x13,
  0x00, 0x00, 0x00, 0x41, 0x00, 0x00, 0x02, 0x10, 0x00, 0x00, 0x00, 0x43, 0x00, 0x00, 0x02, 0x13,
  0x00, 0x00, 0x00, 0x43, 0x00, 0x00, 0x02, 0x00, 0x00, 0x00, 0x00, 0x11, 0x00, 0x00, 0x02, 0x07,
  0x00, 0x00, 0x00, 0x11, 0x00, 0x00, 0x02, 0x0b, 0x00, 0x00, 0x00, 0x11, 0x00, 0x00, 0x02, 0x0c,
  0x00, 0x00, 0x00, 0x11, 0x00, 0x00, 0x02, 0x0d, 0x00, 0x00, 0x00, 0x11, 0x00, 0x00, 0x02, 0x0e,
  0x00, 0x00, 0x00, 0x11, 0x00, 0x00, 0x02, 0x03, 0x00, 0x00, 0x00, 0xbb, 0x00, 0x00, 0x01, 0x05,
  0x00, 0x00, 0x00, 0xbc, 0x00, 0x00, 0x01, 0x06, 0x00, 0x00, 0x00, 0xbd, 0x00, 0x00, 0x01, 0x11,
  0x00, 0x00, 0x00, 0x32, 0x00, 0x00, 0x02, 0x12, 0x00, 0x00, 0x00, 0xbe, 0x00, 0x00, 0x01, 0x09,
  0x00, 0x00, 0x00, 0x4e, 0x00, 0x00, 0x02, 0x10, 0x00, 0x00, 0x00, 0x5e, 0x00, 0x00, 0x02, 0x11,
  0x00, 0x00, 0x00, 0x5e, 0x00, 0x00, 0x02, 0x04, 0x00, 0x00, 0x00, 0x54, 0x00, 0x00, 0x02, 0x0f,
  0x00, 0x00, 0x00, 0x54, 0x00, 0x00, 0x02, 0x14, 0x00, 0x00, 0x00, 0x54, 0x00, 0x00, 0x02, 0x11,
  0x00, 0x00, 0x00, 0x52, 0x00, 0x00, 0x02, 0x11, 0x00, 0x00, 0x00, 0xd0, 0x00, 0x00, 0x01, 0x11,
  0x00, 0x00, 0x00, 0xd1, 0x00, 0x00, 0x01, 0x08, 0x00, 0x00, 0x00, 0x5e, 0x00, 0x00, 0x02, 0x13,
  0x00, 0x00, 0x00, 0xd2, 0x00, 0x00, 0x01, 0x03, 0x00, 0x00, 0x00, 0xbb, 0x00, 0x00, 0x01, 0x05,
  0x00, 0x00, 0x00, 0xbc, 0x00, 0x00, 0x01, 0x06, 0x00, 0x00, 0x00, 0xbd, 0x00, 0x00, 0x01, 0x11,
  0x00, 0x00, 0x00, 0x32, 0x00, 0x00, 0x02, 0x12, 0x00, 0x00, 0x00, 0xbe, 0x00, 0x00, 0x01, 0x09,
  0x00, 0x00, 0x00, 0x3c, 0x00, 0x00, 0x02, 0x03, 0x00, 0x00, 0x00, 0x9a, 0x00, 0x00, 0x01, 0x05,
  0x00, 0x00, 0x00, 0x9b, 0x00, 0x00, 0x01, 0x06, 0x00, 0x00, 0x00, 0x9c, 0x00, 0x00, 0x01, 0x12,
  0x00, 0x00, 0x00, 0x9d, 0x00, 0x00, 0x01, 0x0f, 0x00, 0x00, 0x00, 0x2e, 0x00, 0x00, 0x02, 0x10,
  0x00, 0x00, 0x00, 0x42, 0x00, 0x00, 0x02, 0x11, 0x00, 0x00, 0x00, 0x42, 0x00, 0x00, 0x02, 0x10,
  0x00, 0x00, 0x00, 0x3e, 0x00, 0x00, 0x02, 0x11, 0x00, 0x00, 0x00, 0x3e, 0x00, 0x00, 0x02, 0x10,
  0x00, 0x00, 0x00, 0x40, 0x00, 0x00, 0x02, 0x11, 0x00, 0x00, 0x00, 0x40, 0x00, 0x00, 0x02, 0x03,
  0x00, 0x00, 0x00, 0x9a, 0x00, 0x00, 0x01, 0x05, 0x00, 0x00, 0x00, 0x9b, 0x00, 0x00, 0x01, 0x06,
  0x00, 0x00, 0x00, 0x9c, 0x00, 0x00, 0x01, 0x12, 0x00, 0x00, 0x00, 0x9d, 0x00, 0x00, 0x01, 0x13,
  0x00, 0x00, 0x00, 0x39, 0x00, 0x00, 0x02, 0x10, 0x00, 0x00, 0x00, 0x30, 0x00, 0x00, 0x02, 0x11,
  0x00, 0x00, 0x00, 0x30, 0x00, 0x00, 0x02, 0x10, 0x00, 0x00, 0x00, 0x28, 0x00, 0x00, 0x02, 0x11,
  0x00, 0x00, 0x00, 0x28, 0x00, 0x00, 0x02, 0x10, 0x00, 0x00, 0x00, 0x29, 0x00, 0x00, 0x02, 0x11,
  0x00, 0x00, 0x00, 0x29, 0x00, 0x00, 0x02, 0x10, 0x00, 0x00, 0x00, 0x2a, 0x00, 0x00, 0x02, 0x11,
  0x00, 0x00, 0x00, 0x2a, 0x00, 0x00, 0x02, 0x10, 0x00, 0x00, 0x00, 0x2b, 0x00, 0x00, 0x02, 0x11,
  0x00, 0x00, 0x00, 0x2b, 0x00, 0x00, 0x02, 0x10, 0x00, 0x00, 0x00, 0x2c, 0x00, 0x00, 0x02, 0x11,
  0x00, 0x00, 0x00, 0x2c, 0x00, 0x00, 0x02, 0x10, 0x00, 0x00, 0x00, 0x2d, 0x00, 0x00, 0x02, 0x11,
  0x00, 0x00, 0x00, 0x2d, 0x00, 0x00, 0x02, 0x10, 0x00, 0x00, 0x00, 0x36, 0x00, 0x00, 0x02, 0x11,
  0x00, 0x00, 0x00, 0x36, 0x00, 0x00, 0x02, 0x0f, 0x00, 0x00, 0x00, 0xd6, 0x00, 0x00, 0x01, 0x11,
  0x00, 0x00, 0x00, 0xd7, 0x00, 0x00, 0x01, 0x11, 0x00, 0x00, 0x00, 0x34, 0x00, 0x00, 0x02, 0x10,
  0x00, 0x00, 0x00, 0xd8, 0x00, 0x00, 0x01, 0x11, 0x00, 0x00, 0x00, 0x33, 0x00, 0x00, 0x02, 0x10,
  0x00, 0x00, 0x00, 0x3d, 0x00, 0x00, 0x02, 0x11, 0x00, 0x00, 0x00, 0x3d, 0x00, 0x00, 0x02, 0x10,
  0x00, 0x00, 0x00, 0x3f, 0x00, 0x00, 0x02, 0x11, 0x00, 0x00, 0x00, 0x3f, 0x00, 0x00, 0x02, 0x10,
  0x00, 0x00, 0x00, 0x41, 0x00, 0x00, 0x02, 0x11, 0x00, 0x00, 0x00, 0x41, 0x00, 0x00, 0x02, 0x10,
  0x00, 0x00, 0x00, 0x43, 0x00, 0x00, 0x02, 0x11, 0x00, 0x00, 0x00, 0x43, 0x00, 0x00, 0x02, 0x11,
  0x00, 0x00, 0x00, 0xd9, 0x00, 0x00, 0x01, 0x11, 0x00, 0x00, 0x00, 0x5e, 0x00, 0x00, 0x02, 0x08,
  0x00, 0x00, 0x00, 0x4e, 0x00, 0x00, 0x02, 0x10, 0x00, 0x00, 0x00, 0x3c, 0x00, 0x00, 0x02, 0x13,
  0x00, 0x00, 0x00, 0x3c, 0x00, 0x00, 0x02, 0x11, 0x00, 0x00, 0x00, 0xda, 0x00, 0x00, 0x01, 0x10,
  0x00, 0x00, 0x00, 0x38, 0x00, 0x00, 0x02, 0x13, 0x00, 0x00, 0x00, 0x38, 0x00, 0x00, 0x02, 0x13,
  0x00, 0x00, 0x00, 0xdb, 0x00, 0x00, 0x01, 0x03, 0x00, 0x00, 0x00, 0xbb, 0x00, 0x00, 0x01, 0x05,
  0x00, 0x00, 0x00, 0xbc, 0x00, 0x00, 0x01, 0x06, 0x00, 0x00, 0x00, 0xbd, 0x00, 0x00, 0x01, 0x11,
  0x00, 0x00, 0x00, 0x32, 0x00, 0x00, 0x02, 0x12, 0x00, 0x00, 0x00, 0xbe, 0x00, 0x00, 0x01, 0x09,
  0x00, 0x00, 0x00, 0x35, 0x00, 0x00, 0x02, 0x03, 0x00, 0x00, 0x00, 0xbb, 0x00, 0x00, 0x01, 0x05,
  0x00, 0x00, 0x00, 0xbc, 0x00, 0x00, 0x01, 0x06, 0x00, 0x00, 0x00, 0xbd, 0x00, 0x00, 0x01, 0x12,
  0x00, 0x00, 0x00, 0xbe, 0x00, 0x00, 0x01, 0x11, 0x00, 0x00, 0x00, 0x4e, 0x00, 0x00, 0x02, 0x10,
  0x00, 0x00, 0x00, 0x35, 0x00, 0x00, 0x02, 0x13, 0x00, 0x00, 0x00, 0x35, 0x00, 0x00, 0x02, 0x10,
  0x00, 0x00, 0x00, 0x3c, 0x00, 0x00, 0x02, 0x11, 0x00, 0x00, 0x00, 0x3c, 0x00, 0x00, 0x02, 0x11,
  0x00, 0x00, 0x00, 0xde, 0x00, 0x00, 0x01, 0x10, 0x00, 0x00, 0x00, 0x31, 0x00, 0x00, 0x02, 0x11,
  0x00, 0x00, 0x00, 0x31, 0x00, 0x00, 0x02, 0x10, 0x00, 0x00, 0x00, 0x35, 0x00, 0x00, 0x02, 0x11,
  0x00, 0x00, 0x00, 0x35, 0x00, 0x00, 0x02, 0x00, 0x00, 0x00, 0x00, 0x03, 0x00, 0x00, 0x00, 0x03,
  0x00, 0x00, 0x00, 0x03, 0x00, 0x00, 0x00, 0x0d, 0x00, 0x00, 0x00, 0x0f, 0x00, 0x00, 0x00, 0x11,
  0x00, 0x00, 0x00, 0x1f, 0x00, 0x00, 0x00, 0x21, 0x00, 0x00, 0x00, 0x23, 0x00, 0x00, 0x00, 0x23,
  0x00, 0x00, 0x00, 0x23, 0x00, 0x00, 0x00, 0x23, 0x00, 0x00, 0x00, 0x23, 0x00, 0x00, 0x00, 0x23,
  0x00, 0x00, 0x00, 0x23, 0x00, 0x00, 0x00, 0x23, 0x00, 0x00, 0x00, 0x23, 0x00, 0x00, 0x00, 0x23,
  0x00, 0x00, 0x00, 0x23, 0x00, 0x00, 0x00, 0x23, 0x00, 0x00, 0x00, 0x27, 0x00, 0x00, 0x00, 0x27,
  0x00, 0x00, 0x00, 0x27, 0x00, 0x00, 0x00, 0x27, 0x00, 0x00, 0x00, 0x27, 0x00, 0x00, 0x00, 0x2f,
  0x00, 0x00, 0x00, 0x2f, 0x00, 0x00, 0x00, 0x2f, 0x00, 0x00, 0x00, 0x2f, 0x00, 0x00, 0x00, 0x2f,
  0x00, 0x00, 0x00, 0x2f, 0x00, 0x00, 0x00, 0x2f, 0x00, 0x00, 0x00, 0x2f, 0x00, 0x00, 0x00, 0x2f,
  0x00, 0x00, 0x00, 0x2f, 0x00, 0x00, 0x00, 0x2f, 0x00, 0x00, 0x00, 0x2f, 0x00, 0x00, 0x00, 0x2f,
  0x00, 0x00, 0x00, 0x33, 0x00, 0x00, 0x00, 0x35, 0x00, 0x00, 0x00, 0x35, 0x00, 0x00, 0x00, 0x35,
  0x00, 0x00, 0x00, 0x35, 0x00, 0x00, 0x00, 0x35, 0x00, 0x00, 0x00, 0x35, 0x00, 0x00, 0x00, 0x35,
  0x00, 0x00, 0x00, 0x43, 0x00, 0x00, 0x00, 0x43, 0x00, 0x00, 0x00, 0x43, 0x00, 0x00, 0x00, 0x43,
  0x00, 0x00, 0x00, 0x43, 0x00, 0x00, 0x00, 0x51, 0x00, 0x00, 0x00, 0x51, 0x00, 0x00, 0x00, 0x51,
  0x00, 0x00, 0x00, 0x51, 0x00, 0x00, 0x00, 0x51, 0x00, 0x00, 0x00, 0x51, 0x00, 0x00, 0x00, 0x51,
  0x00, 0x00, 0x00, 0x55, 0x00, 0x00, 0x00, 0x55, 0x00, 0x00, 0x00, 0x55, 0x00, 0x00, 0x00, 0x61,
  0x00, 0x00, 0x00, 0x61, 0x00, 0x00, 0x00, 0x61, 0x00, 0x00, 0x00, 0x61, 0x00, 0x00, 0x00, 0x61,
  0x00, 0x00, 0x00, 0x61, 0x00, 0x00, 0x00, 0x61, 0x00, 0x00, 0x00, 0x61, 0x00, 0x00, 0x00, 0x61,
  0x00, 0x00, 0x00, 0x61, 0x00, 0x00, 0x00, 0x69, 0x00, 0x00, 0x00, 0x69, 0x00, 0x00, 0x00, 0x69,
  0x00, 0x00, 0x00, 0x69, 0x00, 0x00, 0x00, 0x69, 0x00, 0x00, 0x00, 0x69, 0x00, 0x00, 0x00, 0x69,
  0x00, 0x00, 0x00, 0x69, 0x00, 0x00, 0x00, 0x69, 0x00, 0x00, 0x00, 0x69, 0x00, 0x00, 0x00, 0x69,
  0x00, 0x00, 0x00, 0x69, 0x00, 0x00, 0x00, 0x69, 0x00, 0x00, 0x00, 0x6d, 0x00, 0x00, 0x00, 0x7d,
  0x00, 0x00, 0x00, 0x7d, 0x00, 0x00, 0x00, 0x7d, 0x00, 0x00, 0x00, 0x7d, 0x00, 0x00, 0x00, 0x83,
  0x00, 0x00, 0x00, 0x83, 0x00, 0x00, 0x00, 0x83, 0x00, 0x00, 0x00, 0x8f, 0x00, 0x00, 0x00, 0x8f,
  0x00, 0x00, 0x00, 0x8f, 0x00, 0x00, 0x00, 0x8f, 0x00, 0x00, 0x00, 0x8f, 0x00, 0x00, 0x00, 0x97,
  0x00, 0x00, 0x00, 0x97, 0x00, 0x00, 0x00, 0x97, 0x00, 0x00, 0x00, 0x97, 0x00, 0x00, 0x00, 0x97,
  0x00, 0x00, 0x00, 0x97, 0x00, 0x00, 0x00, 0x97, 0x00, 0x00, 0x00, 0x97, 0x00, 0x00, 0x00, 0x97,
  0x00, 0x00, 0x00, 0x97, 0x00, 0x00, 0x00, 0x97, 0x00, 0x00, 0x00, 0x9b, 0x00, 0x00, 0x00, 0x9b,
  0x00, 0x00, 0x00, 0x9b, 0x00, 0x00, 0x00, 0x9b, 0x00, 0x00, 0x00, 0xa7, 0x00, 0x00, 0x00, 0xa7,
  0x00, 0x00, 0x00, 0xa7, 0x00, 0x00, 0x00, 0xa7, 0x00, 0x00, 0x00, 0xa7, 0x00, 0x00, 0x00, 0xa7,
  0x00, 0x00, 0x00, 0xa7, 0x00, 0x00, 0x00, 0xa7, 0x00, 0x00, 0x00, 0xb8, 0x00, 0x00, 0x00, 0xb8,
  0x00, 0x00, 0x00, 0xb8, 0x00, 0x00, 0x00, 0xb8, 0x00, 0x00, 0x00, 0xb8, 0x00, 0x00, 0x00, 0xb8,
  0x00, 0x00, 0x00, 0xb8, 0x00, 0x00, 0x00, 0xb8, 0x00, 0x00, 0x00, 0xb8, 0x00, 0x00, 0x00, 0xb8,
  0x00, 0x00, 0x00, 0xb8, 0x00, 0x00, 0x00, 0xb8, 0x00, 0x00, 0x00, 0xb8, 0x00, 0x00, 0x00, 0xb8,
  0x00, 0x00, 0x00, 0xb8, 0x00, 0x00, 0x00, 0xb8, 0x00, 0x00, 0x00, 0xb8, 0x00, 0x00, 0x00, 0xb8,
  0x00, 0x00, 0x00, 0xb8, 0x00, 0x00, 0x00, 0xb8, 0x00, 0x00, 0x00, 0xb8, 0x00, 0x00, 0x00, 0xb8,
  0x00, 0x00, 0x00, 0xb8, 0x00, 0x00, 0x00, 0xb8, 0x00, 0x00, 0x00, 0xb8, 0x00, 0x00, 0x00, 0xb8,
  0x00, 0x00, 0x00, 0xc4, 0x00, 0x00, 0x00, 0xc4, 0x00, 0x00, 0x00, 0xc4, 0x00, 0x00, 0x00, 0xc4,
  0x00, 0x00, 0x00, 0xc4, 0x00, 0x00, 0x00, 0xca, 0x00, 0x00, 0x00, 0xca, 0x00, 0x00, 0x00, 0xca,
  0x00, 0x00, 0x00, 0xca, 0x00, 0x00, 0x00, 0xca, 0x00, 0x00, 0x00, 0xca, 0x00, 0x00, 0x00, 0xdb,
  0x00, 0x00, 0x00, 0xdb, 0x00, 0x00, 0x00, 0xdb, 0x00, 0x00, 0x00, 0xdb, 0x00, 0x00, 0x00, 0xdb,
  0x00, 0x00, 0x00, 0xdb, 0x00, 0x00, 0x00, 0xdb, 0x00, 0x00, 0x00, 0xdb, 0x00, 0x00, 0x00, 0xdb,
  0x00, 0x00, 0x00, 0xdb, 0x00, 0x00, 0x00, 0xdb, 0x00, 0x00, 0x00, 0xdb, 0x00, 0x00, 0x00, 0xdb,
  0x00, 0x00, 0x00, 0xdb, 0x00, 0x00, 0x00, 0xdb, 0x00, 0x00, 0x00, 0xdb, 0x00, 0x00, 0x00, 0xdb,
  0x00, 0x00, 0x00, 0xdb, 0x00, 0x00, 0x00, 0xec, 0x00, 0x00, 0x00, 0xec, 0x00, 0x00, 0x00, 0xec,
  0x00, 0x00, 0x00, 0xf2, 0x00, 0x00, 0x00, 0xf2, 0x00, 0x00, 0x00, 0xf2, 0x00, 0x00, 0x00, 0xf2,
  0x00, 0x00, 0x00, 0xf2, 0x00, 0x00, 0x00, 0xf2, 0x00, 0x00, 0x00, 0x03, 0x01, 0x00, 0x00, 0x03,
  0x01, 0x00, 0x00, 0x11, 0x01, 0x00, 0x00, 0x11, 0x01, 0x00, 0x00, 0x11, 0x01, 0x00, 0x00, 0x11,
  0x01, 0x00, 0x00, 0x22, 0x01, 0x00, 0x00, 0x22, 0x01, 0x00, 0x00, 0x22, 0x01, 0x00, 0x00, 0x22,
  0x01, 0x00, 0x00, 0x22, 0x01, 0x00, 0x00, 0x22, 0x01, 0x00, 0x00, 0x22, 0x01, 0x00, 0x00, 0x22,
  0x01, 0x00, 0x00, 0x22, 0x01, 0x00, 0x00, 0x22, 0x01, 0x00, 0x00, 0x22, 0x01, 0x00, 0x00, 0x22,
  0x01, 0x00, 0x00, 0x22, 0x01, 0x00, 0x00, 0x22, 0x01, 0x00, 0x00, 0x22, 0x01, 0x00, 0x00, 0x22,
  0x01, 0x00, 0x00, 0x22, 0x01, 0x00, 0x00, 0x22, 0x01, 0x00, 0x00, 0x22, 0x01, 0x00, 0x00, 0x22,
  0x01, 0x00, 0x00, 0x22, 0x01, 0x00, 0x00, 0x22, 0x01, 0x00, 0x00, 0x22, 0x01, 0x00, 0x00, 0x22,
  0x01, 0x00, 0x00, 0x33, 0x01, 0x00, 0x00, 0x33, 0x01, 0x00, 0x00, 0x41, 0x01, 0x00, 0x00, 0x01,
  0x00, 0x00, 0x00, 0x01, 0x00, 0x00, 0x00, 0x15, 0x00, 0x00, 0x00, 0x02, 0x00, 0x00, 0x00, 0x16,
  0x00, 0x00, 0x00, 0x03, 0x00, 0x00, 0x00, 0x02, 0x00, 0x00, 0x00, 0x09, 0x00, 0x00, 0x00, 0x03,
  0x00, 0x00, 0x00, 0x0a, 0x00, 0x00, 0x00, 0x05, 0x00, 0x00, 0x00, 0x0b, 0x00, 0x00, 0x00, 0x06,
  0x00, 0x00, 0x00, 0x0c, 0x00, 0x00, 0x00, 0x07, 0x00, 0x00, 0x00, 0x0d, 0x00, 0x00, 0x00, 0x17,
  0x00, 0x00, 0x00, 0x0e, 0x00, 0x00, 0x00, 0x18, 0x00, 0x00, 0x00, 0x0f, 0x00, 0x00, 0x00, 0x22,
  0x00, 0x00, 0x00, 0x10, 0x00, 0x00, 0x00, 0x27, 0x00, 0x00, 0x00, 0x11, 0x00, 0x00, 0x00, 0x2a,
  0x00, 0x00, 0x00, 0x12, 0x00, 0x00, 0x00, 0x19, 0x00, 0x00, 0x00, 0x14, 0x00, 0x00, 0x00, 0x1a,
  0x00, 0x00, 0x00, 0x15, 0x00, 0x00, 0x00, 0x23, 0x00, 0x00, 0x00, 0x17, 0x00, 0x00, 0x00, 0x24,
  0x00, 0x00, 0x00, 0x18, 0x00, 0x00, 0x00, 0x0e, 0x00, 0x00, 0x00, 0x1a, 0x00, 0x00, 0x00, 0x0f,
  0x00, 0x00, 0x00, 0x1b, 0x00, 0x00, 0x00, 0x10, 0x00, 0x00, 0x00, 0x1c, 0x00, 0x00, 0x00, 0x11,
  0x00, 0x00, 0x00, 0x1d, 0x00, 0x00, 0x00, 0x12, 0x00, 0x00, 0x00, 0x1e, 0x00, 0x00, 0x00, 0x28,
  0x00, 0x00, 0x00, 0x1f, 0x00, 0x00, 0x00, 0x29, 0x00, 0x00, 0x00, 0x20, 0x00, 0x00, 0x00, 0x3d,
  0x00, 0x00, 0x00, 0x21, 0x00, 0x00, 0x00, 0x3e, 0x00, 0x00, 0x00, 0x22, 0x00, 0x00, 0x00, 0x3f,
  0x00, 0x00, 0x00, 0x23, 0x00, 0x00, 0x00, 0x44, 0x00, 0x00, 0x00, 0x24, 0x00, 0x00, 0x00, 0x47,
  0x00, 0x00, 0x00, 0x25, 0x00, 0x00, 0x00, 0x48, 0x00, 0x00, 0x00, 0x26, 0x00, 0x00, 0x00, 0x49,
  0x00, 0x00, 0x00, 0x27, 0x00, 0x00, 0x00, 0x2b, 0x00, 0x00, 0x00, 0x29, 0x00, 0x00, 0x00, 0x2c,
  0x00, 0x00, 0x00, 0x2a, 0x00, 0x00, 0x00, 0x2d, 0x00, 0x00, 0x00, 0x2c, 0x00, 0x00, 0x00, 0x2e,
  0x00, 0x00, 0x00, 0x2d, 0x00, 0x00, 0x00, 0x04, 0x00, 0x00, 0x00, 0x2f, 0x00, 0x00, 0x00, 0x1b,
  0x00, 0x00, 0x00, 0x30, 0x00, 0x00, 0x00, 0x1c, 0x00, 0x00, 0x00, 0x31, 0x00, 0x00, 0x00, 0x1f,
  0x00, 0x00, 0x00, 0x32, 0x00, 0x00, 0x00, 0x12, 0x00, 0x00, 0x00, 0x34, 0x00, 0x00, 0x00, 0x40,
  0x00, 0x00, 0x00, 0x35, 0x00, 0x00, 0x00, 0x41, 0x00, 0x00, 0x00, 0x36, 0x00, 0x00, 0x00, 0x45,
  0x00, 0x00, 0x00, 0x37, 0x00, 0x00, 0x00, 0x46, 0x00, 0x00, 0x00, 0x38, 0x00, 0x00, 0x00, 0x47,
  0x00, 0x00, 0x00, 0x39, 0x00, 0x00, 0x00, 0x48, 0x00, 0x00, 0x00, 0x3a, 0x00, 0x00, 0x00, 0x49,
  0x00, 0x00, 0x00, 0x27, 0x00, 0x00, 0x00, 0x14, 0x00, 0x00, 0x00, 0x3e, 0x00, 0x00, 0x00, 0x4a,
  0x00, 0x00, 0x00, 0x3f, 0x00, 0x00, 0x00, 0x4b, 0x00, 0x00, 0x00, 0x40, 0x00, 0x00, 0x00, 0x4d,
  0x00, 0x00, 0x00, 0x41, 0x00, 0x00, 0x00, 0x13, 0x00, 0x00, 0x00, 0x43, 0x00, 0x00, 0x00, 0x4c,
  0x00, 0x00, 0x00, 0x44, 0x00, 0x00, 0x00, 0x0e, 0x00, 0x00, 0x00, 0x48, 0x00, 0x00, 0x00, 0x0f,
  0x00, 0x00, 0x00, 0x49, 0x00, 0x00, 0x00, 0x10, 0x00, 0x00, 0x00, 0x4a, 0x00, 0x00, 0x00, 0x11,
  0x00, 0x00, 0x00, 0x4b, 0x00, 0x00, 0x00, 0x12, 0x00, 0x00, 0x00, 0x4c, 0x00, 0x00, 0x00, 0x20,
  0x00, 0x00, 0x00, 0x4d, 0x00, 0x00, 0x00, 0x21, 0x00, 0x00, 0x00, 0x4e, 0x00, 0x00, 0x00, 0x3d,
  0x00, 0x00, 0x00, 0x4f, 0x00, 0x00, 0x00, 0x3e, 0x00, 0x00, 0x00, 0x50, 0x00, 0x00, 0x00, 0x3f,
  0x00, 0x00, 0x00, 0x51, 0x00, 0x00, 0x00, 0x44, 0x00, 0x00, 0x00, 0x52, 0x00, 0x00, 0x00, 0x47,
  0x00, 0x00, 0x00, 0x53, 0x00, 0x00, 0x00, 0x48, 0x00, 0x00, 0x00, 0x54, 0x00, 0x00, 0x00, 0x49,
  0x00, 0x00, 0x00, 0x27, 0x00, 0x00, 0x00, 0x0e, 0x00, 0x00, 0x00, 0x56, 0x00, 0x00, 0x00, 0x0f,
  0x00, 0x00, 0x00, 0x1b, 0x00, 0x00, 0x00, 0x10, 0x00, 0x00, 0x00, 0x1c, 0x00, 0x00, 0x00, 0x11,
  0x00, 0x00, 0x00, 0x1d, 0x00, 0x00, 0x00, 0x12, 0x00, 0x00, 0x00, 0x1e, 0x00, 0x00, 0x00, 0x25,
  0x00, 0x00, 0x00, 0x57, 0x00, 0x00, 0x00, 0x26, 0x00, 0x00, 0x00, 0x58, 0x00, 0x00, 0x00, 0x3d,
  0x00, 0x00, 0x00, 0x21, 0x00, 0x00, 0x00, 0x3e, 0x00, 0x00, 0x00, 0x22, 0x00, 0x00, 0x00, 0x3f,
  0x00, 0x00, 0x00, 0x23, 0x00, 0x00, 0x00, 0x44, 0x00, 0x00, 0x00, 0x24, 0x00, 0x00, 0x00, 0x47,
  0x00, 0x00, 0x00, 0x25, 0x00, 0x00, 0x00, 0x48, 0x00, 0x00, 0x00, 0x26, 0x00, 0x00, 0x00, 0x49,
  0x00, 0x00, 0x00, 0x27, 0x00, 0x00, 0x00, 0x14, 0x00, 0x00, 0x00, 0x5d, 0x00, 0x00, 0x00, 0x4a,
  0x00, 0x00, 0x00, 0x5e, 0x00, 0x00, 0x00, 0x4b, 0x00, 0x00, 0x00, 0x5f, 0x00, 0x00, 0x00, 0x4d,
  0x00, 0x00, 0x00, 0x60, 0x00, 0x00, 0x00, 0x0e, 0x00, 0x00, 0x00, 0x62, 0x00, 0x00, 0x00, 0x0f,
  0x00, 0x00, 0x00, 0x63, 0x00, 0x00, 0x00, 0x10, 0x00, 0x00, 0x00, 0x64, 0x00, 0x00, 0x00, 0x11,
  0x00, 0x00, 0x00, 0x65, 0x00, 0x00, 0x00, 0x12, 0x00, 0x00, 0x00, 0x66, 0x00, 0x00, 0x00, 0x3d,
  0x00, 0x00, 0x00, 0x67, 0x00, 0x00, 0x00, 0x3e, 0x00, 0x00, 0x00, 0x68, 0x00, 0x00, 0x00, 0x3f,
  0x00, 0x00, 0x00, 0x69, 0x00, 0x00, 0x00, 0x44, 0x00, 0x00, 0x00, 0x6a, 0x00, 0x00, 0x00, 0x47,
  0x00, 0x00, 0x00, 0x6b, 0x00, 0x00, 0x00, 0x48, 0x00, 0x00, 0x00, 0x6c, 0x00, 0x00, 0x00, 0x49,
  0x00, 0x00, 0x00, 0x27, 0x00, 0x00, 0x00, 0x12, 0x00, 0x00, 0x00, 0x34, 0x00, 0x00, 0x00, 0x40,
  0x00, 0x00, 0x00, 0x6d, 0x00, 0x00, 0x00, 0x41, 0x00, 0x00, 0x00, 0x36, 0x00, 0x00, 0x00, 0x45,
  0x00, 0x00, 0x00, 0x6e, 0x00, 0x00, 0x00, 0x46, 0x00, 0x00, 0x00, 0x38, 0x00, 0x00, 0x00, 0x47,
  0x00, 0x00, 0x00, 0x39, 0x00, 0x00, 0x00, 0x48, 0x00, 0x00, 0x00, 0x3a, 0x00, 0x00, 0x00, 0x49,
  0x00, 0x00, 0x00, 0x27, 0x00, 0x00, 0x00, 0x14, 0x00, 0x00, 0x00, 0x71, 0x00, 0x00, 0x00, 0x4a,
  0x00, 0x00, 0x00, 0x72, 0x00, 0x00, 0x00, 0x4b, 0x00, 0x00, 0x00, 0x73, 0x00, 0x00, 0x00, 0x4d,
  0x00, 0x00, 0x00, 0x74, 0x00, 0x00, 0x00, 0x08, 0x00, 0x00, 0x00, 0x79, 0x00, 0x00, 0x00, 0x09,
  0x00, 0x00, 0x00, 0x7a, 0x00, 0x00, 0x00, 0x0a, 0x00, 0x00, 0x00, 0x7b, 0x00, 0x00, 0x00, 0x0b,
  0x00, 0x00, 0x00, 0x7c, 0x00, 0x00, 0x00, 0x0c, 0x00, 0x00, 0x00, 0x7d, 0x00, 0x00, 0x00, 0x0d,
  0x00, 0x00, 0x00, 0x7e, 0x00, 0x00, 0x00, 0x1d, 0x00, 0x00, 0x00, 0x7f, 0x00, 0x00, 0x00, 0x1e,
  0x00, 0x00, 0x00, 0x80, 0x00, 0x00, 0x00, 0x2f, 0x00, 0x00, 0x00, 0x81, 0x00, 0x00, 0x00, 0x30,
  0x00, 0x00, 0x00, 0x82, 0x00, 0x00, 0x00, 0x31, 0x00, 0x00, 0x00, 0x83, 0x00, 0x00, 0x00, 0x32,
  0x00, 0x00, 0x00, 0x84, 0x00, 0x00, 0x00, 0x36, 0x00, 0x00, 0x00, 0x85, 0x00, 0x00, 0x00, 0x3a,
  0x00, 0x00, 0x00, 0x86, 0x00, 0x00, 0x00, 0x3b, 0x00, 0x00, 0x00, 0x87, 0x00, 0x00, 0x00, 0x3c,
  0x00, 0x00, 0x00, 0x88, 0x00, 0x00, 0x00, 0x12, 0x00, 0x00, 0x00, 0x8a, 0x00, 0x00, 0x00, 0x42,
  0x00, 0x00, 0x00, 0x8b, 0x00, 0x00, 0x00, 0x43, 0x00, 0x00, 0x00, 0x8c, 0x00, 0x00, 0x00, 0x47,
  0x00, 0x00, 0x00, 0x6b, 0x00, 0x00, 0x00, 0x48, 0x00, 0x00, 0x00, 0x6c, 0x00, 0x00, 0x00, 0x49,
  0x00, 0x00, 0x00, 0x27, 0x00, 0x00, 0x00, 0x0e, 0x00, 0x00, 0x00, 0x8d, 0x00, 0x00, 0x00, 0x0f,
  0x00, 0x00, 0x00, 0x63, 0x00, 0x00, 0x00, 0x10, 0x00, 0x00, 0x00, 0x64, 0x00, 0x00, 0x00, 0x11,
  0x00, 0x00, 0x00, 0x65, 0x00, 0x00, 0x00, 0x12, 0x00, 0x00, 0x00, 0x66, 0x00, 0x00, 0x00, 0x3d,
  0x00, 0x00, 0x00, 0x67, 0x00, 0x00, 0x00, 0x3e, 0x00, 0x00, 0x00, 0x68, 0x00, 0x00, 0x00, 0x3f,
  0x00, 0x00, 0x00, 0x69, 0x00, 0x00, 0x00, 0x44, 0x00, 0x00, 0x00, 0x6a, 0x00, 0x00, 0x00, 0x47,
  0x00, 0x00, 0x00, 0x6b, 0x00, 0x00, 0x00, 0x48, 0x00, 0x00, 0x00, 0x6c, 0x00, 0x00, 0x00, 0x49,
  0x00, 0x00, 0x00, 0x27, 0x00, 0x00, 0x00, 0x12, 0x00, 0x00, 0x00, 0x34, 0x00, 0x00, 0x00, 0x40,
  0x00, 0x00, 0x00, 0x8e, 0x00, 0x00, 0x00, 0x41, 0x00, 0x00, 0x00, 0x36, 0x00, 0x00, 0x00, 0x45,
  0x00, 0x00, 0x00, 0x8f, 0x00, 0x00, 0x00, 0x46, 0x00, 0x00, 0x00, 0x38, 0x00, 0x00, 0x00, 0x47,
  0x00, 0x00, 0x00, 0x39, 0x00, 0x00, 0x00, 0x48, 0x00, 0x00, 0x00, 0x3a, 0x00, 0x00, 0x00, 0x49,
  0x00, 0x00, 0x00, 0x27, 0x00, 0x00, 0x00, 0x14, 0x00, 0x00, 0x00, 0x93, 0x00, 0x00, 0x00, 0x4a,
  0x00, 0x00, 0x00, 0x94, 0x00, 0x00, 0x00, 0x4b, 0x00, 0x00, 0x00, 0x95, 0x00, 0x00, 0x00, 0x4d,
  0x00, 0x00, 0x00, 0x96, 0x00, 0x00, 0x00, 0x0e, 0x00, 0x00, 0x00, 0x99, 0x00, 0x00, 0x00, 0x0f,
  0x00, 0x00, 0x00, 0x63, 0x00, 0x00, 0x00, 0x10, 0x00, 0x00, 0x00, 0x64, 0x00, 0x00, 0x00, 0x11,
  0x00, 0x00, 0x00, 0x65, 0x00, 0x00, 0x00, 0x12, 0x00, 0x00, 0x00, 0x66, 0x00, 0x00, 0x00, 0x3d,
  0x00, 0x00, 0x00, 0x67, 0x00, 0x00, 0x00, 0x3e, 0x00, 0x00, 0x00, 0x68, 0x00, 0x00, 0x00, 0x3f,
  0x00, 0x00, 0x00, 0x69, 0x00, 0x00, 0x00, 0x44, 0x00, 0x00, 0x00, 0x6a, 0x00, 0x00, 0x00, 0x47,
  0x00, 0x00, 0x00, 0x6b, 0x00, 0x00, 0x00, 0x48, 0x00, 0x00, 0x00, 0x6c, 0x00, 0x00, 0x00, 0x49,
  0x00, 0x00, 0x00, 0x27, 0x00, 0x00, 0x00, 0x08, 0x00, 0x00, 0x00, 0x9e, 0x00, 0x00, 0x00, 0x09,
  0x00, 0x00, 0x00, 0x9f, 0x00, 0x00, 0x00, 0x0a, 0x00, 0x00, 0x00, 0xa0, 0x00, 0x00, 0x00, 0x0b,
  0x00, 0x00, 0x00, 0xa1, 0x00, 0x00, 0x00, 0x0c, 0x00, 0x00, 0x00, 0xa2, 0x00, 0x00, 0x00, 0x0d,
  0x00, 0x00, 0x00, 0xa3, 0x00, 0x00, 0x00, 0x2f, 0x00, 0x00, 0x00, 0xa4, 0x00, 0x00, 0x00, 0x30,
  0x00, 0x00, 0x00, 0xa5, 0x00, 0x00, 0x00, 0x31, 0x00, 0x00, 0x00, 0xa6, 0x00, 0x00, 0x00, 0x32,
  0x00, 0x00, 0x00, 0x84, 0x00, 0x00, 0x00, 0x36, 0x00, 0x00, 0x00, 0xa7, 0x00, 0x00, 0x00, 0x37,
  0x00, 0x00, 0x00, 0xa8, 0x00, 0x00, 0x00, 0x38, 0x00, 0x00, 0x00, 0xa9, 0x00, 0x00, 0x00, 0x39,
  0x00, 0x00, 0x00, 0xaa, 0x00, 0x00, 0x00, 0x3a, 0x00, 0x00, 0x00, 0xab, 0x00, 0x00, 0x00, 0x3b,
  0x00, 0x00, 0x00, 0xac, 0x00, 0x00, 0x00, 0x3c, 0x00, 0x00, 0x00, 0xad, 0x00, 0x00, 0x00, 0x0e,
  0x00, 0x00, 0x00, 0xb4, 0x00, 0x00, 0x00, 0x0f, 0x00, 0x00, 0x00, 0x63, 0x00, 0x00, 0x00, 0x10,
  0x00, 0x00, 0x00, 0x64, 0x00, 0x00, 0x00, 0x11, 0x00, 0x00, 0x00, 0x65, 0x00, 0x00, 0x00, 0x12,
  0x00, 0x00, 0x00, 0x66, 0x00, 0x00, 0x00, 0x3d, 0x00, 0x00, 0x00, 0x67, 0x00, 0x00, 0x00, 0x3e,
  0x00, 0x00, 0x00, 0x68, 0x00, 0x00, 0x00, 0x3f, 0x00, 0x00, 0x00, 0x69, 0x00, 0x00, 0x00, 0x44,
  0x00, 0x00, 0x00, 0x6a, 0x00, 0x00, 0x00, 0x47, 0x00, 0x00, 0x00, 0x6b, 0x00, 0x00, 0x00, 0x48,
  0x00, 0x00, 0x00, 0x6c, 0x00, 0x00, 0x00, 0x49, 0x00, 0x00, 0x00, 0x27, 0x00, 0x00, 0x00, 0x12,
  0x00, 0x00, 0x00, 0x8a, 0x00, 0x00, 0x00, 0x42, 0x00, 0x00, 0x00, 0xb5, 0x00, 0x00, 0x00, 0x43,
  0x00, 0x00, 0x00, 0x8c, 0x00, 0x00, 0x00, 0x47, 0x00, 0x00, 0x00, 0x6b, 0x00, 0x00, 0x00, 0x48,
  0x00, 0x00, 0x00, 0x6c, 0x00, 0x00, 0x00, 0x49, 0x00, 0x00, 0x00, 0x27, 0x00, 0x00, 0x00, 0x08,
  0x00, 0x00, 0x00, 0x9e, 0x00, 0x00, 0x00, 0x09, 0x00, 0x00, 0x00, 0x9f, 0x00, 0x00, 0x00, 0x0a,
  0x00, 0x00, 0x00, 0xa0, 0x00, 0x00, 0x00, 0x0b, 0x00, 0x00, 0x00, 0xa1, 0x00, 0x00, 0x00, 0x0c,
  0x00, 0x00, 0x00, 0xa2, 0x00, 0x00, 0x00, 0x0d, 0x00, 0x00, 0x00, 0xa3, 0x00, 0x00, 0x00, 0x2f,
  0x00, 0x00, 0x00, 0xa4, 0x00, 0x00, 0x00, 0x30, 0x00, 0x00, 0x00, 0xa5, 0x00, 0x00, 0x00, 0x31,
  0x00, 0x00, 0x00, 0xa6, 0x00, 0x00, 0x00, 0x32, 0x00, 0x00, 0x00, 0x84, 0x00, 0x00, 0x00, 0x36,
  0x00, 0x00, 0x00, 0xa7, 0x00, 0x00, 0x00, 0x37, 0x00, 0x00, 0x00, 0xb7, 0x00, 0x00, 0x00, 0x38,
  0x00, 0x00, 0x00, 0xa9, 0x00, 0x00, 0x00, 0x39, 0x00, 0x00, 0x00, 0xaa, 0x00, 0x00, 0x00, 0x3a,
  0x00, 0x00, 0x00, 0xab, 0x00, 0x00, 0x00, 0x3b, 0x00, 0x00, 0x00, 0xac, 0x00, 0x00, 0x00, 0x3c,
  0x00, 0x00, 0x00, 0xad, 0x00, 0x00, 0x00, 0x08, 0x00, 0x00, 0x00, 0xbf, 0x00, 0x00, 0x00, 0x09,
  0x00, 0x00, 0x00, 0xc0, 0x00, 0x00, 0x00, 0x0a, 0x00, 0x00, 0x00, 0xc1, 0x00, 0x00, 0x00, 0x0b,
  0x00, 0x00, 0x00, 0xc2, 0x00, 0x00, 0x00, 0x0c, 0x00, 0x00, 0x00, 0xc3, 0x00, 0x00, 0x00, 0x0d,
  0x00, 0x00, 0x00, 0xc4, 0x00, 0x00, 0x00, 0x2f, 0x00, 0x00, 0x00, 0xc5, 0x00, 0x00, 0x00, 0x30,
  0x00, 0x00, 0x00, 0xc6, 0x00, 0x00, 0x00, 0x31, 0x00, 0x00, 0x00, 0xc7, 0x00, 0x00, 0x00, 0x32,
  0x00, 0x00, 0x00, 0x84, 0x00, 0x00, 0x00, 0x33, 0x00, 0x00, 0x00, 0xc8, 0x00, 0x00, 0x00, 0x34,
  0x00, 0x00, 0x00, 0xc9, 0x00, 0x00, 0x00, 0x35, 0x00, 0x00, 0x00, 0xca, 0x00, 0x00, 0x00, 0x36,
  0x00, 0x00, 0x00, 0xcb, 0x00, 0x00, 0x00, 0x3a, 0x00, 0x00, 0x00, 0xcc, 0x00, 0x00, 0x00, 0x3b,
  0x00, 0x00, 0x00, 0xcd, 0x00, 0x00, 0x00, 0x3c, 0x00, 0x00, 0x00, 0xce, 0x00, 0x00, 0x00, 0x12,
  0x00, 0x00, 0x00, 0x8a, 0x00, 0x00, 0x00, 0x42, 0x00, 0x00, 0x00, 0xcf, 0x00, 0x00, 0x00, 0x43,
  0x00, 0x00, 0x00, 0x8c, 0x00, 0x00, 0x00, 0x47, 0x00, 0x00, 0x00, 0x6b, 0x00, 0x00, 0x00, 0x48,
  0x00, 0x00, 0x00, 0x6c, 0x00, 0x00, 0x00, 0x49, 0x00, 0x00, 0x00, 0x27, 0x00, 0x00, 0x00, 0x08,
  0x00, 0x00, 0x00, 0xbf, 0x00, 0x00, 0x00, 0x09, 0x00, 0x00, 0x00, 0xc0, 0x00, 0x00, 0x00, 0x0a,
  0x00, 0x00, 0x00, 0xc1, 0x00, 0x00, 0x00, 0x0b, 0x00, 0x00, 0x00, 0xc2, 0x00, 0x00, 0x00, 0x0c,
  0x00, 0x00, 0x00, 0xc3, 0x00, 0x00, 0x00, 0x0d, 0x00, 0x00, 0x00, 0xc4, 0x00, 0x00, 0x00, 0x2f,
  0x00, 0x00, 0x00, 0xc5, 0x00, 0x00, 0x00, 0x30, 0x00, 0x00, 0x00, 0xc6, 0x00, 0x00, 0x00, 0x31,
  0x00, 0x00, 0x00, 0xc7, 0x00, 0x00, 0x00, 0x32, 0x00, 0x00, 0x00, 0x84, 0x00, 0x00, 0x00, 0x33,
  0x00, 0x00, 0x00, 0xd3, 0x00, 0x00, 0x00, 0x34, 0x00, 0x00, 0x00, 0xc9, 0x00, 0x00, 0x00, 0x35,
  0x00, 0x00, 0x00, 0xca, 0x00, 0x00, 0x00, 0x36, 0x00, 0x00, 0x00, 0xcb, 0x00, 0x00, 0x00, 0x3a,
  0x00, 0x00, 0x00, 0xcc, 0x00, 0x00, 0x00, 0x3b, 0x00, 0x00, 0x00, 0xcd, 0x00, 0x00, 0x00, 0x3c,
  0x00, 0x00, 0x00, 0xce, 0x00, 0x00, 0x00, 0x08, 0x00, 0x00, 0x00, 0xd4, 0x00, 0x00, 0x00, 0x09,
  0x00, 0x00, 0x00, 0x9f, 0x00, 0x00, 0x00, 0x0a, 0x00, 0x00, 0x00, 0xa0, 0x00, 0x00, 0x00, 0x0b,
  0x00, 0x00, 0x00, 0xa1, 0x00, 0x00, 0x00, 0x0c, 0x00, 0x00, 0x00, 0xa2, 0x00, 0x00, 0x00, 0x0d,
  0x00, 0x00, 0x00, 0xa3, 0x00, 0x00, 0x00, 0x2f, 0x00, 0x00, 0x00, 0xa4, 0x00, 0x00, 0x00, 0x30,
  0x00, 0x00, 0x00, 0xa5, 0x00, 0x00, 0x00, 0x31, 0x00, 0x00, 0x00, 0xa6, 0x00, 0x00, 0x00, 0x32,
  0x00, 0x00, 0x00, 0x84, 0x00, 0x00, 0x00, 0x36, 0x00, 0x00, 0x00, 0xa7, 0x00, 0x00, 0x00, 0x3a,
  0x00, 0x00, 0x00, 0xab, 0x00, 0x00, 0x00, 0x3b, 0x00, 0x00, 0x00, 0xac, 0x00, 0x00, 0x00, 0x3c,
  0x00, 0x00, 0x00, 0xad, 0x00, 0x00, 0x00, 0x08, 0x00, 0x00, 0x00, 0x9e, 0x00, 0x00, 0x00, 0x09,
  0x00, 0x00, 0x00, 0x9f, 0x00, 0x00, 0x00, 0x0a, 0x00, 0x00, 0x00, 0xa0, 0x00, 0x00, 0x00, 0x0b,
  0x00, 0x00, 0x00, 0xa1, 0x00, 0x00, 0x00, 0x0c, 0x00, 0x00, 0x00, 0xa2, 0x00, 0x00, 0x00, 0x0d,
  0x00, 0x00, 0x00, 0xa3, 0x00, 0x00, 0x00, 0x2f, 0x00, 0x00, 0x00, 0xa4, 0x00, 0x00, 0x00, 0x30,
  0x00, 0x00, 0x00, 0xa5, 0x00, 0x00, 0x00, 0x31, 0x00, 0x00, 0x00, 0xa6, 0x00, 0x00, 0x00, 0x32,
  0x00, 0x00, 0x00, 0x84, 0x00, 0x00, 0x00, 0x36, 0x00, 0x00, 0x00, 0xa7, 0x00, 0x00, 0x00, 0x37,
  0x00, 0x00, 0x00, 0xd5, 0x00, 0x00, 0x00, 0x38, 0x00, 0x00, 0x00, 0xa9, 0x00, 0x00, 0x00, 0x39,
  0x00, 0x00, 0x00, 0xaa, 0x00, 0x00, 0x00, 0x3a, 0x00, 0x00, 0x00, 0xab, 0x00, 0x00, 0x00, 0x3b,
  0x00, 0x00, 0x00, 0xac, 0x00, 0x00, 0x00, 0x3c, 0x00, 0x00, 0x00, 0xad, 0x00, 0x00, 0x00, 0x08,
  0x00, 0x00, 0x00, 0xbf, 0x00, 0x00, 0x00, 0x09, 0x00, 0x00, 0x00, 0xc0, 0x00, 0x00, 0x00, 0x0a,
  0x00, 0x00, 0x00, 0xc1, 0x00, 0x00, 0x00, 0x0b, 0x00, 0x00, 0x00, 0xc2, 0x00, 0x00, 0x00, 0x0c,
  0x00, 0x00, 0x00, 0xc3, 0x00, 0x00, 0x00, 0x0d, 0x00, 0x00, 0x00, 0xc4, 0x00, 0x00, 0x00, 0x2f,
  0x00, 0x00, 0x00, 0xc5, 0x00, 0x00, 0x00, 0x30, 0x00, 0x00, 0x00, 0xc6, 0x00, 0x00, 0x00, 0x31,
  0x00, 0x00, 0x00, 0xc7, 0x00, 0x00, 0x00, 0x32, 0x00, 0x00, 0x00, 0x84, 0x00, 0x00, 0x00, 0x33,
  0x00, 0x00, 0x00, 0xdc, 0x00, 0x00, 0x00, 0x34, 0x00, 0x00, 0x00, 0xc9, 0x00, 0x00, 0x00, 0x35,
  0x00, 0x00, 0x00, 0xca, 0x00, 0x00, 0x00, 0x36, 0x00, 0x00, 0x00, 0xcb, 0x00, 0x00, 0x00, 0x3a,
  0x00, 0x00, 0x00, 0xcc, 0x00, 0x00, 0x00, 0x3b, 0x00, 0x00, 0x00, 0xcd, 0x00, 0x00, 0x00, 0x3c,
  0x00, 0x00, 0x00, 0xce, 0x00, 0x00, 0x00, 0x08, 0x00, 0x00, 0x00, 0xdd, 0x00, 0x00, 0x00, 0x09,
  0x00, 0x00, 0x00, 0xc0, 0x00, 0x00, 0x00, 0x0a, 0x00, 0x00, 0x00, 0xc1, 0x00, 0x00, 0x00, 0x0b,
  0x00, 0x00, 0x00, 0xc2, 0x00, 0x00, 0x00, 0x0c, 0x00, 0x00, 0x00, 0xc3, 0x00, 0x00, 0x00, 0x0d,
  0x00, 0x00, 0x00, 0xc4, 0x00, 0x00, 0x00, 0x2f, 0x00, 0x00, 0x00, 0xc5, 0x00, 0x00, 0x00, 0x30,
  0x00, 0x00, 0x00, 0xc6, 0x00, 0x00, 0x00, 0x31, 0x00, 0x00, 0x00, 0xc7, 0x00, 0x00, 0x00, 0x32,
  0x00, 0x00, 0x00, 0x84, 0x00, 0x00, 0x00, 0x36, 0x00, 0x00, 0x00, 0xcb, 0x00, 0x00, 0x00, 0x3a,
  0x00, 0x00, 0x00, 0xcc, 0x00, 0x00, 0x00, 0x3b, 0x00, 0x00, 0x00, 0xcd, 0x00, 0x00, 0x00, 0x3c,
  0x00, 0x00, 0x00, 0xce, 0x00, 0x00, 0x00, 0x00, 0x00, 0x00, 0x00, 0x01, 0x00, 0x00, 0x00, 0x16,
  0x00, 0x00, 0x00, 0x00, 0x00, 0x00, 0x00, 0x16, 0x00, 0x00, 0x00, 0x02, 0x00, 0x00, 0x00, 0x15,
  0x00, 0x00, 0x00, 0x01, 0x00, 0x00, 0x00, 0x01, 0x00, 0x00, 0x00, 0x01, 0x00, 0x00, 0x00, 0x17,
  0x00, 0x00, 0x00, 0x01, 0x00, 0x00, 0x00, 0x17, 0x00, 0x00, 0x00, 0x01, 0x00, 0x00, 0x00, 0x17,
  0x00, 0x00, 0x00, 0x01, 0x00, 0x00, 0x00, 0x17, 0x00, 0x00, 0x00, 0x01, 0x00, 0x00, 0x00, 0x02,
  0x00, 0x00, 0x00, 0x01, 0x00, 0x00, 0x00, 0x1a, 0x00, 0x00, 0x00, 0x01, 0x00, 0x00, 0x00, 0x19,
  0x00, 0x00, 0x00, 0x01, 0x00, 0x00, 0x00, 0x1c, 0x00, 0x00, 0x00, 0x00, 0x00, 0x00, 0x00, 0x1c,
  0x00, 0x00, 0x00, 0x01, 0x00, 0x00, 0x00, 0x1b, 0x00, 0x00, 0x00, 0x01, 0x00, 0x00, 0x00, 0x1e,
  0x00, 0x00, 0x00, 0x01, 0x00, 0x00, 0x00, 0x1d, 0x00, 0x00, 0x00, 0x01, 0x00, 0x00, 0x00, 0x18,
  0x00, 0x00, 0x00, 0x06, 0x00, 0x00, 0x00, 0x03, 0x00, 0x00, 0x00, 0x01, 0x00, 0x00, 0x00, 0x21,
  0x00, 0x00, 0x00, 0x01, 0x00, 0x00, 0x00, 0x20, 0x00, 0x00, 0x00, 0x01, 0x00, 0x00, 0x00, 0x1f,
  0x00, 0x00, 0x00, 0x02, 0x00, 0x00, 0x00, 0x04, 0x00, 0x00, 0x00, 0x01, 0x00, 0x00, 0x00, 0x24,
  0x00, 0x00, 0x00, 0x01, 0x00, 0x00, 0x00, 0x23, 0x00, 0x00, 0x00, 0x01, 0x00, 0x00, 0x00, 0x26,
  0x00, 0x00, 0x00, 0x01, 0x00, 0x00, 0x00, 0x25, 0x00, 0x00, 0x00, 0x01, 0x00, 0x00, 0x00, 0x22,
  0x00, 0x00, 0x00, 0x05, 0x00, 0x00, 0x00, 0x05, 0x00, 0x00, 0x00, 0x01, 0x00, 0x00, 0x00, 0x29,
  0x00, 0x00, 0x00, 0x01, 0x00, 0x00, 0x00, 0x28, 0x00, 0x00, 0x00, 0x01, 0x00, 0x00, 0x00, 0x27,
  0x00, 0x00, 0x00, 0x03, 0x00, 0x00, 0x00, 0x06, 0x00, 0x00, 0x00, 0x01, 0x00, 0x00, 0x00, 0x2c,
  0x00, 0x00, 0x00, 0x01, 0x00, 0x00, 0x00, 0x2b, 0x00, 0x00, 0x00, 0x01, 0x00, 0x00, 0x00, 0x2a,
  0x00, 0x00, 0x00, 0x03, 0x00, 0x00, 0x00, 0x2e, 0x00, 0x00, 0x00, 0x01, 0x00, 0x00, 0x00, 0x2d,
  0x00, 0x00, 0x00, 0x01, 0x00, 0x00, 0x00, 0x2a, 0x00, 0x00, 0x00, 0x03, 0x00, 0x00, 0x00, 0x07,
  0x00, 0x00, 0x00, 0x01, 0x00, 0x00, 0x00, 0x2f, 0x00, 0x00, 0x00, 0x01, 0x00, 0x00, 0x00, 0x2f,
  0x00, 0x00, 0x00, 0x01, 0x00, 0x00, 0x00, 0x2f, 0x00, 0x00, 0x00, 0x01, 0x00, 0x00, 0x00, 0x2f,
  0x00, 0x00, 0x00, 0x01, 0x00, 0x00, 0x00, 0x2f, 0x00, 0x00, 0x00, 0x01, 0x00, 0x00, 0x00, 0x08,
  0x00, 0x00, 0x00, 0x01, 0x00, 0x00, 0x00, 0x32, 0x00, 0x00, 0x00, 0x01, 0x00, 0x00, 0x00, 0x31,
  0x00, 0x00, 0x00, 0x01, 0x00, 0x00, 0x00, 0x35, 0x00, 0x00, 0x00, 0x01, 0x00, 0x00, 0x00, 0x35,
  0x00, 0x00, 0x00, 0x03, 0x00, 0x00, 0x00, 0x34, 0x00, 0x00, 0x00, 0x00, 0x00, 0x00, 0x00, 0x34,
  0x00, 0x00, 0x00, 0x01, 0x00, 0x00, 0x00, 0x33, 0x00, 0x00, 0x00, 0x01, 0x00, 0x00, 0x00, 0x30,
  0x00, 0x00, 0x00, 0x04, 0x00, 0x00, 0x00, 0x09, 0x00, 0x00, 0x00, 0x01, 0x00, 0x00, 0x00, 0x39,
  0x00, 0x00, 0x00, 0x01, 0x00, 0x00, 0x00, 0x39, 0x00, 0x00, 0x00, 0x03, 0x00, 0x00, 0x00, 0x38,
  0x00, 0x00, 0x00, 0x00, 0x00, 0x00, 0x00, 0x38, 0x00, 0x00, 0x00, 0x01, 0x00, 0x00, 0x00, 0x37,
  0x00, 0x00, 0x00, 0x01, 0x00, 0x00, 0x00, 0x36, 0x00, 0x00, 0x00, 0x03, 0x00, 0x00, 0x00, 0x0a,
  0x00, 0x00, 0x00, 0x01, 0x00, 0x00, 0x00, 0x3a, 0x00, 0x00, 0x00, 0x01, 0x00, 0x00, 0x00, 0x0b,
  0x00, 0x00, 0x00, 0x01, 0x00, 0x00, 0x00, 0x3b, 0x00, 0x00, 0x00, 0x01, 0x00, 0x00, 0x00, 0x0c,
  0x00, 0x00, 0x00, 0x01, 0x00, 0x00, 0x00, 0x3c, 0x00, 0x00, 0x00, 0x01, 0x00, 0x00, 0x00, 0x0d,
  0x00, 0x00, 0x00, 0x01, 0x00, 0x00, 0x00, 0x3d, 0x00, 0x00, 0x00, 0x01, 0x00, 0x00, 0x00, 0x0e,
  0x00, 0x00, 0x00, 0x01, 0x00, 0x00, 0x00, 0x3e, 0x00, 0x00, 0x00, 0x01, 0x00, 0x00, 0x00, 0x3e,
  0x00, 0x00, 0x00, 0x01, 0x00, 0x00, 0x00, 0x3e, 0x00, 0x00, 0x00, 0x01, 0x00, 0x00, 0x00, 0x0f,
  0x00, 0x00, 0x00, 0x01, 0x00, 0x00, 0x00, 0x41, 0x00, 0x00, 0x00, 0x01, 0x00, 0x00, 0x00, 0x40,
  0x00, 0x00, 0x00, 0x01, 0x00, 0x00, 0x00, 0x43, 0x00, 0x00, 0x00, 0x01, 0x00, 0x00, 0x00, 0x42,
  0x00, 0x00, 0x00, 0x01, 0x00, 0x00, 0x00, 0x3f, 0x00, 0x00, 0x00, 0x05, 0x00, 0x00, 0x00, 0x10,
  0x00, 0x00, 0x00, 0x01, 0x00, 0x00, 0x00, 0x46, 0x00, 0x00, 0x00, 0x01, 0x00, 0x00, 0x00, 0x45,
  0x00, 0x00, 0x00, 0x01, 0x00, 0x00, 0x00, 0x44, 0x00, 0x00, 0x00, 0x03, 0x00, 0x00, 0x00, 0x11,
  0x00, 0x00, 0x00, 0x01, 0x00, 0x00, 0x00, 0x49, 0x00, 0x00, 0x00, 0x00, 0x00, 0x00, 0x00, 0x49,
  0x00, 0x00, 0x00, 0x02, 0x00, 0x00, 0x00, 0x48, 0x00, 0x00, 0x00, 0x01, 0x00, 0x00, 0x00, 0x4b,
  0x00, 0x00, 0x00, 0x01, 0x00, 0x00, 0x00, 0x4a, 0x00, 0x00, 0x00, 0x01, 0x00, 0x00, 0x00, 0x47,
  0x00, 0x00, 0x00, 0x02, 0x00, 0x00, 0x00, 0x12, 0x00, 0x00, 0x00, 0x01, 0x00, 0x00, 0x00, 0x4c,
  0x00, 0x00, 0x00, 0x01, 0x00, 0x00, 0x00, 0x13, 0x00, 0x00, 0x00, 0x01, 0x00, 0x00, 0x00, 0x4d,
  0x00, 0x00, 0x00, 0x01, 0x00, 0x00, 0x00, 0x4d, 0x00, 0x00, 0x00, 0x03, 0x00, 0x00, 0x00, 0x14,
  0x00, 0x00, 0x00, 0x01, 0x00, 0x00, 0x00, 0x00, 0x00, 0x00, 0x00,
]);

const INPUT_BASE = 25376;
const I32_BYTES = 4;
const LEX_RESULT_BYTES = 8;
const TOKEN_RECORD_BYTES = 12;
const UTF16_UNIT_BYTES = 2;
const WASM_PAGE_BYTES = 65536;
const MAX_WASM_BYTES = 4294967295;
const MAX_WASM_PAGES = 65535;
const WASM_SOURCE_ENCODING_UTF16 = 1;
const WASM_SPAN_UNIT_UTF16 = 1;
const WASM_HOST_OWNERSHIP_CALLER_MANAGED = 1;
const WASM_RESULT_LIFETIME_CALLER_BUFFER = 1;
const WASM_ADAPTER_HANDLE_CAPABILITY_EPOCH = 1;
const LEX_RESULT_I32_COUNT = 2;
const TOKEN_RECORD_I32_COUNT = 3;
const TRACE_STATUS_OK = 0;
const TRACE_STATUS_UNEXPECTED = 1;
const TRACE_STATUS_INTERNAL = 2;
const TRACE_STATUS_BRANCH_LIMIT = 3;
const TRACE_STATUS_TRACE_LIMIT = 4;
const TRACE_STATUS_AMBIGUOUS = 5;
const DEFAULT_MAX_PARSE_BRANCHES = 100_000;
const DEFAULT_MAX_QUEUED_BRANCHES = 100_000;
const DEFAULT_MAX_TRACE_ACTIONS = 1_000_000;

interface ParserWasmExports {
  memory: WebAssembly.Memory;
  lex_one(sourcePtr: number, sourceLength: number, offset: number, resultPtr: number): number;
  lex_all(sourcePtr: number, sourceLength: number, resultPtr: number, tokenPtr: number): number;
  parser_action(state: number, terminal: number): number;
  parser_goto(state: number, nonterminal: number): number;
  abi_version(): number;
  plan_version(): number;
  semantics_version(): number;
  reset(): void;
  input_base(): number;
  max_pages(): number;
  source_encoding(): number;
  span_unit(): number;
  lex_result_i32_count(): number;
  token_record_i32_count(): number;
  host_ownership_model(): number;
  result_lifetime_model(): number;
}

interface ParserTraceRuntimeExports {
  parserTraceSetTerminal(index: number, terminal: number): number;
  parserTrace(
    terminalCount: number,
    maxBranches: number,
    maxTraceActions: number,
    maxQueuedBranches: number,
    ambiguityMode: number,
  ): number;
  parserTraceErrorState(): number;
  parserTraceErrorIndex(): number;
  parserTraceCount(): number;
  parserTraceAction(index: number): number;
  parserTraceStatusKind(status: number): number;
}

let parserTraceRuntimeModule: WebAssembly.Module | null = null;

function instantiateParserTraceRuntime(): ParserTraceRuntimeExports {
  parserTraceRuntimeModule ??= new WebAssembly.Module(parserTraceRuntimeBytes);
  const instance = new WebAssembly.Instance(parserTraceRuntimeModule, {});
  return instance.exports as unknown as ParserTraceRuntimeExports;
}

export const parserPlanFormat = "baba-parser-plan" as const;
export const parserPlanSemantics = "baba-portable-v1" as const;
export const parserPlanHash = "fnv1a64:5c403aad21ae5b2c" as const;
export const runtimeImplementationFormat = "baba-runtime-implementation" as const;
export const runtimeImplementationVersion = 1;
export const runtimeImplementationSemantics = "baba-runtime-portable-v1" as const;
export const runtimeImplementationHash = "fnv1a64:89950e19b5fdfcf4" as const;

export interface WasmSourceBuffer {
  sourcePtr: number;
  sourceLength: number;
  resultPtr: number;
  tokenPtr: number;
  tokenCapacity: number;
}

export function reset(): void {
  requireActiveParser().reset();
}

export function writeSource(source: string): WasmSourceBuffer {
  return requireActiveParser().writeSource(source);
}

export function lexOne(buffer: WasmSourceBuffer, offset: number): {
  specIndex: number;
  end: number;
} | null {
  return requireActiveParser().lexOne(buffer, offset);
}

export function lexAll(buffer: WasmSourceBuffer): Int32Array {
  return requireActiveParser().lexAll(buffer);
}

export type ParseTraceResult =
  | { ok: true; trace: Int32Array }
  | {
    ok: false;
    state: number;
    index: number;
    statusKind: number;
    failureKind:
      | "unexpected"
      | "internal"
      | "branch-limit"
      | "trace-limit"
      | "ambiguous";
    internal: boolean;
    limit: boolean;
  };

export interface ParseTraceInput {
  terminals: Int32Array;
  terminalCapacity: number;
}

export interface ParseTraceOptions {
  maxBranches?: number;
  maxQueuedBranches?: number;
  maxTraceActions?: number;
  ambiguityMode?: number;
}

export type WasmResourceLimitCode =
  | "INPUT_LIMIT_EXCEEDED"
  | "TOKEN_LIMIT_EXCEEDED"
  | "PARSER_STACK_LIMIT_EXCEEDED"
  | "PARSER_BRANCH_LIMIT_EXCEEDED"
  | "TRACE_LIMIT_EXCEEDED"
  | "CST_NODE_LIMIT_EXCEEDED"
  | "DIAGNOSTIC_LIMIT_EXCEEDED"
  | "MEMORY_LIMIT_EXCEEDED";

export interface ParserInstanceLimits {
  maxInputUnits?: number;
  maxTokens?: number;
  maxParserStack?: number;
  maxTraceActions?: number;
  maxExploredBranches?: number;
  maxQueuedBranches?: number;
  maxBranchCells?: number;
  maxCstNodes?: number;
  maxCstChildren?: number;
  maxDiagnostics?: number;
  maxMemoryPages?: number;
}

export interface WasmParserInstanceOptions {
  limits?: ParserInstanceLimits;
}

export class WasmResourceLimitError extends RangeError {
  readonly code: WasmResourceLimitCode;
  readonly limit: number;
  readonly actual: number;

  constructor(code: WasmResourceLimitCode, limit: number, actual: number) {
    super(code + ": limit " + limit + ", actual " + actual + ".");
    this.name = "WasmResourceLimitError";
    this.code = code;
    this.limit = limit;
    this.actual = actual;
  }
}

export interface WasmParserInstance {
  readonly memory: WebAssembly.Memory;
  reset(): void;
  dispose(): void;
  writeSource(source: string): WasmSourceBuffer;
  lexOne(buffer: WasmSourceBuffer, offset: number): {
    specIndex: number;
    end: number;
  } | null;
  lexAll(buffer: WasmSourceBuffer): Int32Array;
  createParseTraceInput(terminalCapacity: number): ParseTraceInput;
  parseTrace(
    input: ParseTraceInput,
    terminalCount: number,
    options?: ParseTraceOptions,
  ): ParseTraceResult;
}

export function createParseTraceInput(terminalCapacity: number): ParseTraceInput {
  return requireActiveParser().createParseTraceInput(terminalCapacity);
}

export function parseTrace(
  input: ParseTraceInput,
  terminalCount: number,
  options: ParseTraceOptions = {},
): ParseTraceResult {
  return requireActiveParser().parseTrace(input, terminalCount, options);
}

export function getWasmParserInstanceLimits(): ParserInstanceLimits {
  return requireActiveParser().limits;
}

function ensureCapacity(
  memory: WebAssembly.Memory,
  requiredBytes: number,
  maxMemoryPages = MAX_WASM_PAGES,
): void {
  assertNonNegativeInteger("requiredBytes", requiredBytes);
  assertLimitOption("maxMemoryPages", maxMemoryPages);
  if (requiredBytes > MAX_WASM_BYTES) {
    throw new WasmResourceLimitError(
      "MEMORY_LIMIT_EXCEEDED",
      MAX_WASM_BYTES,
      requiredBytes,
    );
  }
  const current = memory.buffer.byteLength;
  if (requiredBytes <= current) return;
  const requiredPages = Math.ceil(requiredBytes / WASM_PAGE_BYTES);
  const currentPages = current / WASM_PAGE_BYTES;
  if (requiredPages > maxMemoryPages || requiredPages > MAX_WASM_PAGES) {
    throw new WasmResourceLimitError(
      "MEMORY_LIMIT_EXCEEDED",
      Math.min(maxMemoryPages, MAX_WASM_PAGES),
      requiredPages,
    );
  }
  memory.grow(requiredPages - currentPages);
}

function align4(value: number): number {
  assertNonNegativeInteger("byte offset", value);
  const remainder = value % I32_BYTES;
  return remainder === 0
    ? value
    : checkedAdd(value, I32_BYTES - remainder, "aligned byte offset");
}

function assertParseTraceInput(input: ParseTraceInput): void {
  assertPositiveInteger("terminalCapacity", input.terminalCapacity);
  if (!(input.terminals instanceof Int32Array)) {
    throw new TypeError("terminals must be an Int32Array.");
  }
  if (input.terminals.length < input.terminalCapacity) {
    throw new RangeError(
      "terminals length must cover parse input terminalCapacity.",
    );
  }
}

function validateWasmAbi(wasm: ParserWasmExports): void {
  if (wasm.input_base() !== INPUT_BASE) {
    throw new Error("Wasm input base does not match generated adapter.");
  }
  if (wasm.max_pages() !== MAX_WASM_PAGES) {
    throw new Error("Wasm max page count does not match generated adapter.");
  }
  if (wasm.source_encoding() !== WASM_SOURCE_ENCODING_UTF16) {
    throw new Error("Wasm source encoding is not UTF-16.");
  }
  if (wasm.span_unit() !== WASM_SPAN_UNIT_UTF16) {
    throw new Error("Wasm span unit is not UTF-16.");
  }
  if (wasm.semantics_version() !== runtimeImplementationVersion) {
    throw new Error("Wasm runtime semantics version does not match generated adapter.");
  }
  if (wasm.lex_result_i32_count() !== LEX_RESULT_I32_COUNT) {
    throw new Error("Wasm lex result width does not match generated adapter.");
  }
  if (wasm.token_record_i32_count() !== TOKEN_RECORD_I32_COUNT) {
    throw new Error("Wasm token record width does not match generated adapter.");
  }
  if (wasm.host_ownership_model() !== WASM_HOST_OWNERSHIP_CALLER_MANAGED) {
    throw new Error("Wasm host ownership model does not match generated adapter.");
  }
  if (wasm.result_lifetime_model() !== WASM_RESULT_LIFETIME_CALLER_BUFFER) {
    throw new Error("Wasm result lifetime model does not match generated adapter.");
  }
}

class WasmParserInstanceImpl implements WasmParserInstance {
  readonly memory: WebAssembly.Memory;
  readonly limits: ParserInstanceLimits;
  #parserTraceRuntime = instantiateParserTraceRuntime();
  #cachedSource: string | null = null;
  #cachedBuffer: WasmSourceBuffer | null = null;
  #sourceBufferEpoch = 0;
  #sourceBufferOwners = new WeakMap<WasmSourceBuffer, number>();
  #parseTraceInputEpoch = 0;
  #parseTraceInputOwners = new WeakMap<ParseTraceInput, number>();
  #disposed = false;

  constructor(
    private readonly wasm: ParserWasmExports,
    options: WasmParserInstanceOptions = {},
  ) {
    validateWasmAbi(wasm);
    this.memory = wasm.memory;
    this.limits = normalizeParserInstanceLimits(options.limits);
  }

  wasmExports(): ParserWasmExports {
    this.#assertLive();
    return this.wasm;
  }

  isDisposed(): boolean {
    return this.#disposed;
  }

  reset(): void {
    this.#assertLive();
    this.wasm.reset();
    this.#parserTraceRuntime = instantiateParserTraceRuntime();
    this.#sourceBufferEpoch++;
    this.#parseTraceInputEpoch++;
    this.#cachedSource = null;
    this.#cachedBuffer = null;
  }

  dispose(): void {
    if (this.#disposed) return;
    this.#disposed = true;
    this.#sourceBufferEpoch++;
    this.#parseTraceInputEpoch++;
    this.#cachedSource = null;
    this.#cachedBuffer = null;
  }

  writeSource(source: string): WasmSourceBuffer {
    this.#assertLive();
    this.#assertLimit("maxInputUnits", source.length, "INPUT_LIMIT_EXCEEDED");
    if (this.#cachedSource === source && this.#cachedBuffer) return this.#cachedBuffer;
    this.#sourceBufferEpoch++;
    const sourcePtr = INPUT_BASE;
    const sourceBytes = checkedMul(
      source.length,
      UTF16_UNIT_BYTES,
      "source byte length",
    );
    const resultPtr = align4(
      checkedAdd(sourcePtr, sourceBytes, "lexer result offset"),
    );
    const tokenPtr = align4(
      checkedAdd(resultPtr, LEX_RESULT_BYTES, "token table offset"),
    );
    const tokenCapacity = source.length;
    this.#assertLimit("maxTokens", tokenCapacity, "TOKEN_LIMIT_EXCEEDED");
    const tokenBytes = checkedMul(
      tokenCapacity,
      TOKEN_RECORD_BYTES,
      "token table byte length",
    );
    ensureCapacity(
      this.memory,
      checkedAdd(tokenPtr, tokenBytes, "token table end offset"),
      this.limits.maxMemoryPages,
    );
    const units = new Uint16Array(this.memory.buffer, sourcePtr, source.length);
    for (let index = 0; index < source.length; index++) {
      units[index] = source.charCodeAt(index);
    }
    const buffer = {
      sourcePtr,
      sourceLength: source.length,
      resultPtr,
      tokenPtr,
      tokenCapacity,
    };
    this.#sourceBufferOwners.set(buffer, this.#sourceBufferEpoch);
    this.#cachedSource = source;
    this.#cachedBuffer = buffer;
    return this.#cachedBuffer;
  }

  lexOne(buffer: WasmSourceBuffer, offset: number): {
    specIndex: number;
    end: number;
  } | null {
    this.#assertLive();
    this.#assertOwnedSourceBuffer(buffer);
    assertNonNegativeInteger("offset", offset);
    if (offset > buffer.sourceLength) {
      throw new RangeError("offset exceeds source buffer length.");
    }
    const matched = this.wasm.lex_one(
      buffer.sourcePtr,
      buffer.sourceLength,
      offset,
      buffer.resultPtr,
    );
    if (matched === 0) return null;
    const view = new DataView(this.memory.buffer);
    return {
      specIndex: view.getInt32(buffer.resultPtr, true),
      end: view.getInt32(buffer.resultPtr + 4, true),
    };
  }

  lexAll(buffer: WasmSourceBuffer): Int32Array {
    this.#assertLive();
    this.#assertOwnedSourceBuffer(buffer);
    const count = this.wasm.lex_all(
      buffer.sourcePtr,
      buffer.sourceLength,
      buffer.resultPtr,
      buffer.tokenPtr,
    );
    this.#assertLimit("maxTokens", count, "TOKEN_LIMIT_EXCEEDED");
    return new Int32Array(this.memory.buffer, buffer.tokenPtr, count * 3);
  }

  createParseTraceInput(terminalCapacity: number): ParseTraceInput {
    this.#assertLive();
    assertPositiveInteger("terminalCapacity", terminalCapacity);
    this.#assertLimit("maxTokens", terminalCapacity, "TOKEN_LIMIT_EXCEEDED");
    const input = {
      terminals: new Int32Array(terminalCapacity),
      terminalCapacity,
    };
    this.#parseTraceInputOwners.set(input, this.#parseTraceInputEpoch);
    return input;
  }

  parseTrace(
    input: ParseTraceInput,
    terminalCount: number,
    options: ParseTraceOptions = {},
  ): ParseTraceResult {
    this.#assertLive();
    this.#assertOwnedParseTraceInput(input);
    assertParseTraceInput(input);
    assertNonNegativeInteger("terminalCount", terminalCount);
    const maxBranches = options.maxBranches ?? DEFAULT_MAX_PARSE_BRANCHES;
    const maxQueuedBranches = options.maxQueuedBranches ?? DEFAULT_MAX_QUEUED_BRANCHES;
    const maxTraceActions = options.maxTraceActions ?? DEFAULT_MAX_TRACE_ACTIONS;
    const ambiguityMode = options.ambiguityMode ?? 0;
    assertPositiveInteger("maxBranches", maxBranches);
    assertPositiveInteger("maxQueuedBranches", maxQueuedBranches);
    assertPositiveInteger("maxTraceActions", maxTraceActions);
    assertAmbiguityMode(ambiguityMode);
    if (terminalCount > input.terminalCapacity) {
      throw new RangeError("terminalCount exceeds parse input terminalCapacity.");
    }
    this.#assertLimit("maxTokens", terminalCount, "TOKEN_LIMIT_EXCEEDED");
    this.#assertLimit(
      "maxParserStack",
      terminalCount,
      "PARSER_STACK_LIMIT_EXCEEDED",
    );
    const effectiveMaxBranches = this.#boundedOption(
      "maxExploredBranches",
      maxBranches,
      "PARSER_BRANCH_LIMIT_EXCEEDED",
    );
    const effectiveMaxQueuedBranches = this.#boundedOption(
      "maxQueuedBranches",
      maxQueuedBranches,
      "PARSER_BRANCH_LIMIT_EXCEEDED",
    );
    const effectiveMaxTraceActions = this.#boundedOption(
      "maxTraceActions",
      maxTraceActions,
      "TRACE_LIMIT_EXCEEDED",
    );
    const branchCells = checkedMul(
      terminalCount,
      effectiveMaxQueuedBranches,
      "branch cell budget",
    );
    this.#assertLimit(
      "maxBranchCells",
      branchCells,
      "PARSER_BRANCH_LIMIT_EXCEEDED",
    );
    try {
      for (let index = 0; index < terminalCount; index++) {
        this.#parserTraceRuntime.parserTraceSetTerminal(index, input.terminals[index]);
      }
      const status = this.#parserTraceRuntime.parserTrace(
        terminalCount,
        effectiveMaxBranches,
        effectiveMaxTraceActions,
        effectiveMaxQueuedBranches,
        ambiguityMode,
      );
      const traceStatus = this.#parserTraceRuntime.parserTraceStatusKind(status);
      if (traceStatus !== TRACE_STATUS_OK) {
        return {
          ok: false,
          state: this.#parserTraceRuntime.parserTraceErrorState(),
          index: this.#parserTraceRuntime.parserTraceErrorIndex(),
          statusKind: traceStatus,
          failureKind: traceStatus === TRACE_STATUS_INTERNAL
            ? "internal"
            : traceStatus === TRACE_STATUS_BRANCH_LIMIT
            ? "branch-limit"
            : traceStatus === TRACE_STATUS_TRACE_LIMIT
            ? "trace-limit"
            : traceStatus === TRACE_STATUS_AMBIGUOUS
            ? "ambiguous"
            : "unexpected",
          internal: traceStatus === TRACE_STATUS_INTERNAL,
          limit: traceStatus === TRACE_STATUS_BRANCH_LIMIT ||
            traceStatus === TRACE_STATUS_TRACE_LIMIT,
        };
      }
      const count = this.#parserTraceRuntime.parserTraceCount();
      const trace = new Int32Array(count);
      for (let index = 0; index < count; index++) {
        trace[index] = this.#parserTraceRuntime.parserTraceAction(index) | 0;
      }
      return {
        ok: true,
        trace,
      };
    } catch {
      return {
        ok: false,
        state: 0,
        index: terminalCount,
        statusKind: TRACE_STATUS_INTERNAL,
        failureKind: "internal",
        internal: true,
        limit: false,
      };
    }
  }

  #assertOwnedSourceBuffer(buffer: WasmSourceBuffer): void {
    const epoch = this.#sourceBufferOwners.get(buffer);
    if (epoch === undefined) {
      throw new TypeError("WasmSourceBuffer is not owned by this adapter.");
    }
    if (epoch !== this.#sourceBufferEpoch) {
      throw new TypeError("WasmSourceBuffer is stale; call writeSource() again.");
    }
  }

  #assertOwnedParseTraceInput(input: ParseTraceInput): void {
    const epoch = this.#parseTraceInputOwners.get(input);
    if (epoch === undefined) {
      throw new TypeError("ParseTraceInput is not owned by this adapter.");
    }
    if (epoch !== this.#parseTraceInputEpoch) {
      throw new TypeError("ParseTraceInput is stale; call createParseTraceInput() again.");
    }
  }

  #assertLive(): void {
    if (this.#disposed) {
      throw new Error("Wasm parser instance is disposed.");
    }
  }

  #assertLimit(
    name: keyof ParserInstanceLimits,
    actual: number,
    code: WasmResourceLimitCode,
  ): void {
    const limit = this.limits[name];
    if (limit === undefined) return;
    if (actual > limit) throw new WasmResourceLimitError(code, limit, actual);
  }

  #boundedOption(
    name: keyof ParserInstanceLimits,
    requested: number,
    code: WasmResourceLimitCode,
  ): number {
    const limit = this.limits[name];
    if (limit === undefined) return requested;
    if (requested > limit) throw new WasmResourceLimitError(code, limit, requested);
    return requested;
  }
}

let wasmModule: WebAssembly.Module | null = null;
export let memory = undefined as unknown as WebAssembly.Memory;
export let parserAction: ParserWasmExports["parser_action"] = uninitializedWasmExport;
export let parserGoto: ParserWasmExports["parser_goto"] = uninitializedWasmExport;
export let wasmAbiVersion = 1;
export let wasmSemanticsVersion = runtimeImplementationVersion;
export let wasmInputBase = INPUT_BASE;
export let wasmMaxPages = MAX_WASM_PAGES;
export let wasmSourceEncoding = WASM_SOURCE_ENCODING_UTF16;
export let wasmSpanUnit = WASM_SPAN_UNIT_UTF16;
export let wasmLexResultI32Count = LEX_RESULT_I32_COUNT;
export let wasmTokenRecordI32Count = TOKEN_RECORD_I32_COUNT;
export let wasmHostOwnershipModel = WASM_HOST_OWNERSHIP_CALLER_MANAGED;
export let wasmResultLifetimeModel = WASM_RESULT_LIFETIME_CALLER_BUFFER;
export const wasmAdapterHandleCapabilityModel = WASM_ADAPTER_HANDLE_CAPABILITY_EPOCH;
export const wasmTraceStatusOk = TRACE_STATUS_OK;
export const wasmTraceStatusUnexpected = TRACE_STATUS_UNEXPECTED;
export const wasmTraceStatusInternal = TRACE_STATUS_INTERNAL;
export const wasmTraceStatusBranchLimit = TRACE_STATUS_BRANCH_LIMIT;
export const wasmTraceStatusTraceLimit = TRACE_STATUS_TRACE_LIMIT;
export const wasmTraceStatusAmbiguous = TRACE_STATUS_AMBIGUOUS;
export let parserPlanVersion = 1;
let activeParser: WasmParserInstanceImpl | null = null;
let defaultParser: WasmParserInstanceImpl | null = null;

export function createWasmParserInstance(
  options: WasmParserInstanceOptions = {},
): WasmParserInstanceImpl {
  wasmModule ??= new WebAssembly.Module(wasmBytes);
  const instance = new WebAssembly.Instance(wasmModule, {});
  return new WasmParserInstanceImpl(
    instance.exports as unknown as ParserWasmExports,
    options,
  );
}

export function withWasmParserInstance<T>(
  parser: WasmParserInstance,
  callback: () => T,
): T {
  const previous = activeParser;
  setActiveParser(assertWasmParserInstance(parser));
  try {
    return callback();
  } finally {
    if (previous && !previous.isDisposed()) {
      setActiveParser(previous);
    } else if (defaultParser && !defaultParser.isDisposed()) {
      setActiveParser(defaultParser);
    } else {
      activeParser = null;
    }
  }
}

function requireActiveParser(): WasmParserInstanceImpl {
  if (!activeParser) {
    defaultParser = createWasmParserInstance();
    setActiveParser(defaultParser);
  }
  if (!activeParser) {
    throw new Error("Wasm parser runtime is not initialized. Call createParserFromBytes(), createParserFromModule(), or createParserFromUrl() first.");
  }
  return activeParser;
}

function setActiveParser(parser: WasmParserInstanceImpl): void {
  activeParser = parser;
  initializeExportBindings(parser);
}

function assertWasmParserInstance(parser: WasmParserInstance): WasmParserInstanceImpl {
  if (!(parser instanceof WasmParserInstanceImpl)) {
    throw new TypeError("Wasm parser instance is not owned by this adapter.");
  }
  return parser;
}

function initializeExportBindings(parser: WasmParserInstanceImpl): void {
  const wasm = parser.wasmExports();
  memory = wasm.memory;
  parserAction = wasm.parser_action;
  parserGoto = wasm.parser_goto;
  wasmAbiVersion = wasm.abi_version();
  wasmSemanticsVersion = wasm.semantics_version();
  wasmInputBase = wasm.input_base();
  wasmMaxPages = wasm.max_pages();
  wasmSourceEncoding = wasm.source_encoding();
  wasmSpanUnit = wasm.span_unit();
  wasmLexResultI32Count = wasm.lex_result_i32_count();
  wasmTokenRecordI32Count = wasm.token_record_i32_count();
  wasmHostOwnershipModel = wasm.host_ownership_model();
  wasmResultLifetimeModel = wasm.result_lifetime_model();
  parserPlanVersion = wasm.plan_version();
}

function uninitializedWasmExport(): never {
  throw new Error("Wasm parser runtime is not initialized. Call createParserFromBytes(), createParserFromModule(), or createParserFromUrl() first.");
}

function assertPositiveInteger(name: string, value: number): void {
  if (!Number.isInteger(value) || value <= 0) {
    throw new RangeError(name + " must be a positive integer.");
  }
}

function assertLimitOption(name: string, value: number): void {
  if (!Number.isInteger(value) || value < 1) {
    throw new RangeError(name + " must be a positive integer.");
  }
}

function normalizeParserInstanceLimits(
  limits: ParserInstanceLimits = {},
): ParserInstanceLimits {
  for (const [name, value] of Object.entries(limits)) {
    if (value !== undefined) assertLimitOption(name, value);
  }
  return { ...limits };
}

function assertNonNegativeInteger(name: string, value: number): void {
  if (!Number.isInteger(value) || value < 0) {
    throw new RangeError(name + " must be a non-negative integer.");
  }
}

function assertAmbiguityMode(value: number): void {
  if (value !== 0 && value !== 1) {
    throw new RangeError("ambiguityMode must be 0 or 1.");
  }
}

function checkedAdd(left: number, right: number, label: string): number {
  assertNonNegativeInteger(label, left);
  assertNonNegativeInteger(label, right);
  const value = left + right;
  if (!Number.isSafeInteger(value) || value > MAX_WASM_BYTES) {
    throw new RangeError(label + " exceeds the 32-bit Wasm address space.");
  }
  return value;
}

function checkedMul(left: number, right: number, label: string): number {
  assertNonNegativeInteger(label, left);
  assertNonNegativeInteger(label, right);
  const value = left * right;
  if (!Number.isSafeInteger(value) || value > MAX_WASM_BYTES) {
    throw new RangeError(label + " exceeds the 32-bit Wasm address space.");
  }
  return value;
}
