// Generated by @mewhhaha/baba. Do not edit by hand.
export const wasmTargetKind = "javascript-hosted-core-wasm" as const;
export const wasmBytes = new Uint8Array([
  0x00, 0x61, 0x73, 0x6d, 0x01, 0x00, 0x00, 0x00, 0x01, 0x16, 0x04, 0x60, 0x02, 0x7f, 0x7f, 0x01,
  0x7f, 0x60, 0x04, 0x7f, 0x7f, 0x7f, 0x7f, 0x01, 0x7f, 0x60, 0x00, 0x01, 0x7f, 0x60, 0x00, 0x00,
  0x03, 0x09, 0x08, 0x00, 0x01, 0x00, 0x00, 0x01, 0x02, 0x02, 0x03, 0x05, 0x06, 0x01, 0x01, 0x01,
  0xff, 0xff, 0x03, 0x07, 0x61, 0x08, 0x06, 0x6d, 0x65, 0x6d, 0x6f, 0x72, 0x79, 0x02, 0x00, 0x07,
  0x6c, 0x65, 0x78, 0x5f, 0x6f, 0x6e, 0x65, 0x00, 0x01, 0x0d, 0x70, 0x61, 0x72, 0x73, 0x65, 0x72,
  0x5f, 0x61, 0x63, 0x74, 0x69, 0x6f, 0x6e, 0x00, 0x02, 0x0b, 0x70, 0x61, 0x72, 0x73, 0x65, 0x72,
  0x5f, 0x67, 0x6f, 0x74, 0x6f, 0x00, 0x03, 0x07, 0x6c, 0x65, 0x78, 0x5f, 0x61, 0x6c, 0x6c, 0x00,
  0x04, 0x0b, 0x61, 0x62, 0x69, 0x5f, 0x76, 0x65, 0x72, 0x73, 0x69, 0x6f, 0x6e, 0x00, 0x05, 0x0c,
  0x70, 0x6c, 0x61, 0x6e, 0x5f, 0x76, 0x65, 0x72, 0x73, 0x69, 0x6f, 0x6e, 0x00, 0x06, 0x05, 0x72,
  0x65, 0x73, 0x65, 0x74, 0x00, 0x07, 0x0a, 0xc4, 0x08, 0x08, 0x9f, 0x01, 0x01, 0x03, 0x7f, 0x20,
  0x00, 0x41, 0x10, 0x4f, 0x04, 0x40, 0x41, 0x7f, 0x0f, 0x0b, 0x20, 0x01, 0x41, 0x80, 0x01, 0x49,
  0x04, 0x40, 0x41, 0xc0, 0x00, 0x20, 0x00, 0x41, 0x80, 0x01, 0x6c, 0x20, 0x01, 0x6a, 0x41, 0x04,
  0x6c, 0x6a, 0x28, 0x02, 0x00, 0x21, 0x04, 0x20, 0x04, 0x41, 0x00, 0x4e, 0x04, 0x40, 0x20, 0x04,
  0x0f, 0x0b, 0x0b, 0x41, 0xc0, 0xc0, 0x00, 0x20, 0x00, 0x41, 0x04, 0x6c, 0x6a, 0x28, 0x02, 0x00,
  0x21, 0x02, 0x41, 0xc0, 0xc0, 0x00, 0x20, 0x00, 0x41, 0x01, 0x6a, 0x41, 0x04, 0x6c, 0x6a, 0x28,
  0x02, 0x00, 0x21, 0x03, 0x02, 0x40, 0x03, 0x40, 0x20, 0x02, 0x20, 0x03, 0x4f, 0x0d, 0x01, 0x41,
  0x84, 0xc1, 0x00, 0x20, 0x02, 0x41, 0x0c, 0x6c, 0x6a, 0x21, 0x04, 0x20, 0x01, 0x20, 0x04, 0x28,
  0x02, 0x00, 0x4f, 0x04, 0x40, 0x20, 0x01, 0x20, 0x04, 0x41, 0x04, 0x6a, 0x28, 0x02, 0x00, 0x4d,
  0x04, 0x40, 0x20, 0x04, 0x41, 0x08, 0x6a, 0x28, 0x02, 0x00, 0x0f, 0x0b, 0x0b, 0x20, 0x02, 0x41,
  0x01, 0x6a, 0x21, 0x02, 0x0c, 0x00, 0x0b, 0x0b, 0x41, 0x7f, 0x0b, 0xed, 0x01, 0x01, 0x0a, 0x7f,
  0x41, 0x00, 0x21, 0x04, 0x20, 0x02, 0x21, 0x05, 0x41, 0x7f, 0x21, 0x06, 0x20, 0x02, 0x21, 0x07,
  0x02, 0x40, 0x03, 0x40, 0x20, 0x05, 0x20, 0x01, 0x4f, 0x0d, 0x01, 0x20, 0x00, 0x20, 0x05, 0x41,
  0x01, 0x74, 0x6a, 0x2f, 0x01, 0x00, 0x21, 0x08, 0x20, 0x08, 0x21, 0x0a, 0x41, 0x01, 0x21, 0x0b,
  0x20, 0x08, 0x41, 0x80, 0xb0, 0x03, 0x4f, 0x04, 0x40, 0x20, 0x08, 0x41, 0xff, 0xb7, 0x03, 0x4d,
  0x04, 0x40, 0x20, 0x05, 0x41, 0x01, 0x6a, 0x20, 0x01, 0x49, 0x04, 0x40, 0x20, 0x00, 0x20, 0x05,
  0x41, 0x01, 0x6a, 0x41, 0x01, 0x74, 0x6a, 0x2f, 0x01, 0x00, 0x21, 0x09, 0x20, 0x09, 0x41, 0x80,
  0xb8, 0x03, 0x4f, 0x04, 0x40, 0x20, 0x09, 0x41, 0xff, 0xbf, 0x03, 0x4d, 0x04, 0x40, 0x20, 0x08,
  0x41, 0x80, 0xb0, 0x03, 0x6b, 0x41, 0x0a, 0x74, 0x20, 0x09, 0x41, 0x80, 0xb8, 0x03, 0x6b, 0x6a,
  0x41, 0x80, 0x80, 0x04, 0x6a, 0x21, 0x0a, 0x41, 0x02, 0x21, 0x0b, 0x0b, 0x0b, 0x0b, 0x0b, 0x0b,
  0x20, 0x04, 0x20, 0x0a, 0x10, 0x00, 0x21, 0x0c, 0x20, 0x0c, 0x41, 0x00, 0x48, 0x0d, 0x01, 0x20,
  0x05, 0x20, 0x0b, 0x6a, 0x21, 0x05, 0x20, 0x0c, 0x21, 0x04, 0x41, 0x00, 0x20, 0x04, 0x41, 0x04,
  0x6c, 0x6a, 0x28, 0x02, 0x00, 0x21, 0x0d, 0x20, 0x0d, 0x41, 0x00, 0x4e, 0x04, 0x40, 0x20, 0x0d,
  0x21, 0x06, 0x20, 0x05, 0x21, 0x07, 0x0b, 0x0c, 0x00, 0x0b, 0x0b, 0x20, 0x06, 0x41, 0x00, 0x4e,
  0x04, 0x40, 0x20, 0x03, 0x20, 0x06, 0x36, 0x02, 0x00, 0x20, 0x03, 0x41, 0x04, 0x6a, 0x20, 0x07,
  0x36, 0x02, 0x00, 0x41, 0x01, 0x0f, 0x0b, 0x41, 0x00, 0x0b, 0x69, 0x01, 0x03, 0x7f, 0x20, 0x00,
  0x41, 0xf1, 0x00, 0x4f, 0x04, 0x40, 0x41, 0x00, 0x0f, 0x0b, 0x41, 0x94, 0xc5, 0x00, 0x20, 0x00,
  0x41, 0x04, 0x6c, 0x6a, 0x28, 0x02, 0x00, 0x21, 0x02, 0x41, 0x94, 0xc5, 0x00, 0x20, 0x00, 0x41,
  0x01, 0x6a, 0x41, 0x04, 0x6c, 0x6a, 0x28, 0x02, 0x00, 0x21, 0x03, 0x02, 0x40, 0x03, 0x40, 0x20,
  0x02, 0x20, 0x03, 0x4f, 0x0d, 0x01, 0x41, 0xdc, 0xc8, 0x00, 0x20, 0x02, 0x41, 0x08, 0x6c, 0x6a,
  0x21, 0x04, 0x20, 0x04, 0x28, 0x02, 0x00, 0x20, 0x01, 0x46, 0x04, 0x40, 0x20, 0x04, 0x41, 0x04,
  0x6a, 0x28, 0x02, 0x00, 0x0f, 0x0b, 0x20, 0x02, 0x41, 0x01, 0x6a, 0x21, 0x02, 0x0c, 0x00, 0x0b,
  0x0b, 0x41, 0x00, 0x0b, 0x69, 0x01, 0x03, 0x7f, 0x20, 0x00, 0x41, 0xf1, 0x00, 0x4f, 0x04, 0x40,
  0x41, 0x7f, 0x0f, 0x0b, 0x41, 0xac, 0x91, 0x01, 0x20, 0x00, 0x41, 0x04, 0x6c, 0x6a, 0x28, 0x02,
  0x00, 0x21, 0x02, 0x41, 0xac, 0x91, 0x01, 0x20, 0x00, 0x41, 0x01, 0x6a, 0x41, 0x04, 0x6c, 0x6a,
  0x28, 0x02, 0x00, 0x21, 0x03, 0x02, 0x40, 0x03, 0x40, 0x20, 0x02, 0x20, 0x03, 0x4f, 0x0d, 0x01,
  0x41, 0xf4, 0x94, 0x01, 0x20, 0x02, 0x41, 0x08, 0x6c, 0x6a, 0x21, 0x04, 0x20, 0x04, 0x28, 0x02,
  0x00, 0x20, 0x01, 0x46, 0x04, 0x40, 0x20, 0x04, 0x41, 0x04, 0x6a, 0x28, 0x02, 0x00, 0x0f, 0x0b,
  0x20, 0x02, 0x41, 0x01, 0x6a, 0x21, 0x02, 0x0c, 0x00, 0x0b, 0x0b, 0x41, 0x7f, 0x0b, 0xd0, 0x03,
  0x01, 0x0f, 0x7f, 0x41, 0x00, 0x21, 0x04, 0x41, 0x00, 0x21, 0x05, 0x02, 0x40, 0x03, 0x40, 0x20,
  0x04, 0x20, 0x01, 0x4f, 0x0d, 0x01, 0x41, 0x00, 0x21, 0x0c, 0x20, 0x04, 0x21, 0x0d, 0x41, 0x7f,
  0x21, 0x0e, 0x20, 0x04, 0x21, 0x0f, 0x02, 0x40, 0x03, 0x40, 0x20, 0x0d, 0x20, 0x01, 0x4f, 0x0d,
  0x01, 0x20, 0x00, 0x20, 0x0d, 0x41, 0x01, 0x74, 0x6a, 0x2f, 0x01, 0x00, 0x21, 0x08, 0x20, 0x08,
  0x41, 0x80, 0x01, 0x49, 0x04, 0x40, 0x20, 0x08, 0x21, 0x10, 0x41, 0x01, 0x21, 0x0a, 0x41, 0xc0,
  0x00, 0x20, 0x0c, 0x41, 0x80, 0x01, 0x6c, 0x20, 0x08, 0x6a, 0x41, 0x04, 0x6c, 0x6a, 0x28, 0x02,
  0x00, 0x21, 0x11, 0x05, 0x20, 0x08, 0x21, 0x10, 0x41, 0x01, 0x21, 0x0a, 0x20, 0x08, 0x41, 0x80,
  0xb0, 0x03, 0x4f, 0x04, 0x40, 0x20, 0x08, 0x41, 0xff, 0xb7, 0x03, 0x4d, 0x04, 0x40, 0x20, 0x0d,
  0x41, 0x01, 0x6a, 0x20, 0x01, 0x49, 0x04, 0x40, 0x20, 0x00, 0x20, 0x0d, 0x41, 0x01, 0x6a, 0x41,
  0x01, 0x74, 0x6a, 0x2f, 0x01, 0x00, 0x21, 0x09, 0x20, 0x09, 0x41, 0x80, 0xb8, 0x03, 0x4f, 0x04,
  0x40, 0x20, 0x09, 0x41, 0xff, 0xbf, 0x03, 0x4d, 0x04, 0x40, 0x20, 0x08, 0x41, 0x80, 0xb0, 0x03,
  0x6b, 0x41, 0x0a, 0x74, 0x20, 0x09, 0x41, 0x80, 0xb8, 0x03, 0x6b, 0x6a, 0x41, 0x80, 0x80, 0x04,
  0x6a, 0x21, 0x10, 0x41, 0x02, 0x21, 0x0a, 0x0b, 0x0b, 0x0b, 0x0b, 0x0b, 0x20, 0x0c, 0x20, 0x10,
  0x10, 0x00, 0x21, 0x11, 0x0b, 0x20, 0x11, 0x41, 0x00, 0x48, 0x0d, 0x01, 0x20, 0x0d, 0x20, 0x0a,
  0x6a, 0x21, 0x0d, 0x20, 0x11, 0x21, 0x0c, 0x41, 0x00, 0x20, 0x0c, 0x41, 0x04, 0x6c, 0x6a, 0x28,
  0x02, 0x00, 0x21, 0x12, 0x20, 0x12, 0x41, 0x00, 0x4e, 0x04, 0x40, 0x20, 0x12, 0x21, 0x0e, 0x20,
  0x0d, 0x21, 0x0f, 0x0b, 0x0c, 0x00, 0x0b, 0x0b, 0x20, 0x0e, 0x41, 0x00, 0x4e, 0x04, 0x40, 0x20,
  0x0e, 0x21, 0x06, 0x20, 0x0f, 0x21, 0x07, 0x05, 0x41, 0x7f, 0x21, 0x06, 0x20, 0x00, 0x20, 0x04,
  0x41, 0x01, 0x74, 0x6a, 0x2f, 0x01, 0x00, 0x21, 0x08, 0x20, 0x08, 0x21, 0x10, 0x41, 0x01, 0x21,
  0x0a, 0x20, 0x08, 0x41, 0x80, 0xb0, 0x03, 0x4f, 0x04, 0x40, 0x20, 0x08, 0x41, 0xff, 0xb7, 0x03,
  0x4d, 0x04, 0x40, 0x20, 0x04, 0x41, 0x01, 0x6a, 0x20, 0x01, 0x49, 0x04, 0x40, 0x20, 0x00, 0x20,
  0x04, 0x41, 0x01, 0x6a, 0x41, 0x01, 0x74, 0x6a, 0x2f, 0x01, 0x00, 0x21, 0x09, 0x20, 0x09, 0x41,
  0x80, 0xb8, 0x03, 0x4f, 0x04, 0x40, 0x20, 0x09, 0x41, 0xff, 0xbf, 0x03, 0x4d, 0x04, 0x40, 0x20,
  0x08, 0x41, 0x80, 0xb0, 0x03, 0x6b, 0x41, 0x0a, 0x74, 0x20, 0x09, 0x41, 0x80, 0xb8, 0x03, 0x6b,
  0x6a, 0x41, 0x80, 0x80, 0x04, 0x6a, 0x21, 0x10, 0x41, 0x02, 0x21, 0x0a, 0x0b, 0x0b, 0x0b, 0x0b,
  0x0b, 0x20, 0x04, 0x20, 0x0a, 0x6a, 0x21, 0x07, 0x0b, 0x20, 0x03, 0x20, 0x05, 0x41, 0x0c, 0x6c,
  0x6a, 0x21, 0x0b, 0x20, 0x0b, 0x20, 0x06, 0x36, 0x02, 0x00, 0x20, 0x0b, 0x41, 0x04, 0x6a, 0x20,
  0x04, 0x36, 0x02, 0x00, 0x20, 0x0b, 0x41, 0x08, 0x6a, 0x20, 0x07, 0x36, 0x02, 0x00, 0x20, 0x07,
  0x21, 0x04, 0x20, 0x05, 0x41, 0x01, 0x6a, 0x21, 0x05, 0x0c, 0x00, 0x0b, 0x0b, 0x20, 0x05, 0x0b,
  0x04, 0x00, 0x41, 0x01, 0x0b, 0x04, 0x00, 0x41, 0x01, 0x0b, 0x02, 0x00, 0x0b, 0x0b, 0xb4, 0x9a,
  0x01, 0x01, 0x00, 0x41, 0x00, 0x0b, 0xac, 0x9a, 0x01, 0xff, 0xff, 0xff, 0xff, 0x01, 0x00, 0x00,
  0x00, 0x0c, 0x00, 0x00, 0x00, 0x02, 0x00, 0x00, 0x00, 0x07, 0x00, 0x00, 0x00, 0x03, 0x00, 0x00,
  0x00, 0x06, 0x00, 0x00, 0x00, 0x00, 0x00, 0x00, 0x00, 0x04, 0x00, 0x00, 0x00, 0x05, 0x00, 0x00,
  0x00, 0x08, 0x00, 0x00, 0x00, 0x09, 0x00, 0x00, 0x00, 0x0a, 0x00, 0x00, 0x00, 0x0b, 0x00, 0x00,
  0x00, 0x01, 0x00, 0x00, 0x00, 0x00, 0x00, 0x00, 0x00, 0x01, 0x00, 0x00, 0x00, 0x01, 0x00, 0x00,
  0x00, 0x01, 0x00, 0x00, 0x00, 0x01, 0x00, 0x00, 0x00, 0x01, 0x00, 0x00, 0x00, 0x01, 0x00, 0x00,
  0x00, 0x01, 0x00, 0x00, 0x00, 0x01, 0x00, 0x00, 0x00, 0x01, 0x00, 0x00, 0x00, 0x01, 0x00, 0x00,
  0x00, 0x01, 0x00, 0x00, 0x00, 0x01, 0x00, 0x00, 0x00, 0x01, 0x00, 0x00, 0x00, 0x01, 0x00, 0x00,
  0x00, 0x01, 0x00, 0x00, 0x00, 0x01, 0x00, 0x00, 0x00, 0x01, 0x00, 0x00, 0x00, 0x01, 0x00, 0x00,
  0x00, 0x01, 0x00, 0x00, 0x00, 0x01, 0x00, 0x00, 0x00, 0x01, 0x00, 0x00, 0x00, 0x01, 0x00, 0x00,
  0x00, 0x01, 0x00, 0x00, 0x00, 0x01, 0x00, 0x00, 0x00, 0x01, 0x00, 0x00, 0x00, 0x01, 0x00, 0x00,
  0x00, 0x01, 0x00, 0x00, 0x00, 0x01, 0x00, 0x00, 0x00, 0x01, 0x00, 0x00, 0x00, 0x01, 0x00, 0x00,
  0x00, 0x01, 0x00, 0x00, 0x00, 0x01, 0x00, 0x00, 0x00, 0x01, 0x00, 0x00, 0x00, 0x02, 0x00, 0x00,
  0x00, 0x01, 0x00, 0x00, 0x00, 0x01, 0x00, 0x00, 0x00, 0x01, 0x00, 0x00, 0x00, 0x01, 0x00, 0x00,
  0x00, 0x01, 0x00, 0x00, 0x00, 0x01, 0x00, 0x00, 0x00, 0x01, 0x00, 0x00, 0x00, 0x01, 0x00, 0x00,
  0x00, 0x01, 0x00, 0x00, 0x00, 0x03, 0x00, 0x00, 0x00, 0x04, 0x00, 0x00, 0x00, 0x05, 0x00, 0x00,
  0x00, 0x06, 0x00, 0x00, 0x00, 0x01, 0x00, 0x00, 0x00, 0x07, 0x00, 0x00, 0x00, 0x07, 0x00, 0x00,
  0x00, 0x07, 0x00, 0x00, 0x00, 0x07, 0x00, 0x00, 0x00, 0x07, 0x00, 0x00, 0x00, 0x07, 0x00, 0x00,
  0x00, 0x07, 0x00, 0x00, 0x00, 0x07, 0x00, 0x00, 0x00, 0x07, 0x00, 0x00, 0x00, 0x07, 0x00, 0x00,
  0x00, 0x01, 0x00, 0x00, 0x00, 0x01, 0x00, 0x00, 0x00, 0x08, 0x00, 0x00, 0x00, 0x01, 0x00, 0x00,
  0x00, 0x09, 0x00, 0x00, 0x00, 0x01, 0x00, 0x00, 0x00, 0x01, 0x00, 0x00, 0x00, 0x01, 0x00, 0x00,
  0x00, 0x01, 0x00, 0x00, 0x00, 0x01, 0x00, 0x00, 0x00, 0x01, 0x00, 0x00, 0x00, 0x01, 0x00, 0x00,
  0x00, 0x01, 0x00, 0x00, 0x00, 0x01, 0x00, 0x00, 0x00, 0x01, 0x00, 0x00, 0x00, 0x01, 0x00, 0x00,
  0x00, 0x01, 0x00, 0x00, 0x00, 0x01, 0x00, 0x00, 0x00, 0x01, 0x00, 0x00, 0x00, 0x01, 0x00, 0x00,
  0x00, 0x01, 0x00, 0x00, 0x00, 0x01, 0x00, 0x00, 0x00, 0x01, 0x00, 0x00, 0x00, 0x01, 0x00, 0x00,
  0x00, 0x01, 0x00, 0x00, 0x00, 0x01, 0x00, 0x00, 0x00, 0x01, 0x00, 0x00, 0x00, 0x01, 0x00, 0x00,
  0x00, 0x01, 0x00, 0x00, 0x00, 0x01, 0x00, 0x00, 0x00, 0x01, 0x00, 0x00, 0x00, 0x01, 0x00, 0x00,
  0x00, 0x01, 0x00, 0x00, 0x00, 0x0a, 0x00, 0x00, 0x00, 0x01, 0x00, 0x00, 0x00, 0x0b, 0x00, 0x00,
  0x00, 0x01, 0x00, 0x00, 0x00, 0x01, 0x00, 0x00, 0x00, 0x01, 0x00, 0x00, 0x00, 0x01, 0x00, 0x00,
  0x00, 0x01, 0x00, 0x00, 0x00, 0x01, 0x00, 0x00, 0x00, 0x01, 0x00, 0x00, 0x00, 0x01, 0x00, 0x00,
  0x00, 0x01, 0x00, 0x00, 0x00, 0x01, 0x00, 0x00, 0x00, 0x01, 0x00, 0x00, 0x00, 0x01, 0x00, 0x00,
  0x00, 0x01, 0x00, 0x00, 0x00, 0x01, 0x00, 0x00, 0x00, 0x01, 0x00, 0x00, 0x00, 0x01, 0x00, 0x00,
  0x00, 0x01, 0x00, 0x00, 0x00, 0x01, 0x00, 0x00, 0x00, 0x01, 0x00, 0x00, 0x00, 0x01, 0x00, 0x00,
  0x00, 0x01, 0x00, 0x00, 0x00, 0x01, 0x00, 0x00, 0x00, 0x01, 0x00, 0x00, 0x00, 0x01, 0x00, 0x00,
  0x00, 0x01, 0x00, 0x00, 0x00, 0x01, 0x00, 0x00, 0x00, 0x01, 0x00, 0x00, 0x00, 0x01, 0x00, 0x00,
  0x00, 0x01, 0x00, 0x00, 0x00, 0x0c, 0x00, 0x00, 0x00, 0x01, 0x00, 0x00, 0x00, 0x0d, 0x00, 0x00,
  0x00, 0x01, 0x00, 0x00, 0x00, 0x01, 0x00, 0x00, 0x00, 0x0e, 0x00, 0x00, 0x00, 0x0e, 0x00, 0x00,
  0x00, 0x0e, 0x00, 0x00, 0x00, 0x0e, 0x00, 0x00, 0x00, 0x0e, 0x00, 0x00, 0x00, 0x0e, 0x00, 0x00,
  0x00, 0x0e, 0x00, 0x00, 0x00, 0x0e, 0x00, 0x00, 0x00, 0x0e, 0x00, 0x00, 0x00, 0x0e, 0x00, 0x00,
  0x00, 0x0e, 0x00, 0x00, 0x00, 0x0e, 0x00, 0x00, 0x00, 0x0e, 0x00, 0x00, 0x00, 0x0e, 0x00, 0x00,
  0x00, 0x0e, 0x00, 0x00, 0x00, 0x0e, 0x00, 0x00, 0x00, 0x0e, 0x00, 0x00, 0x00, 0x0e, 0x00, 0x00,
  0x00, 0x0e, 0x00, 0x00, 0x00, 0x0e, 0x00, 0x00, 0x00, 0x0e, 0x00, 0x00, 0x00, 0x0e, 0x00, 0x00,
  0x00, 0x0e, 0x00, 0x00, 0x00, 0x0e, 0x00, 0x00, 0x00, 0x0e, 0x00, 0x00, 0x00, 0x0e, 0x00, 0x00,
  0x00, 0x0e, 0x00, 0x00, 0x00, 0x0e, 0x00, 0x00, 0x00, 0x0e, 0x00, 0x00, 0x00, 0x0e, 0x00, 0x00,
  0x00, 0x0e, 0x00, 0x00, 0x00, 0x0e, 0x00, 0x00, 0x00, 0x0e, 0x00, 0x00, 0x00, 0xff, 0xff, 0xff,
  0xff, 0x0e, 0x00, 0x00, 0x00, 0x0e, 0x00, 0x00, 0x00, 0x0e, 0x00, 0x00, 0x00, 0x0e, 0x00, 0x00,
  0x00, 0x0e, 0x00, 0x00, 0x00, 0x0e, 0x00, 0x00, 0x00, 0x0e, 0x00, 0x00, 0x00, 0x0e, 0x00, 0x00,
  0x00, 0x0e, 0x00, 0x00, 0x00, 0xff, 0xff, 0xff, 0xff, 0xff, 0xff, 0xff, 0xff, 0xff, 0xff, 0xff,
  0xff, 0xff, 0xff, 0xff, 0xff, 0x0e, 0x00, 0x00, 0x00, 0xff, 0xff, 0xff, 0xff, 0xff, 0xff, 0xff,
  0xff, 0xff, 0xff, 0xff, 0xff, 0xff, 0xff, 0xff, 0xff, 0xff, 0xff, 0xff, 0xff, 0xff, 0xff, 0xff,
  0xff, 0xff, 0xff, 0xff, 0xff, 0xff, 0xff, 0xff, 0xff, 0xff, 0xff, 0xff, 0xff, 0xff, 0xff, 0xff,
  0xff, 0x0e, 0x00, 0x00, 0x00, 0x0e, 0x00, 0x00, 0x00, 0xff, 0xff, 0xff, 0xff, 0x0e, 0x00, 0x00,
  0x00, 0xff, 0xff, 0xff, 0xff, 0x0e, 0x00, 0x00, 0x00, 0x0e, 0x00, 0x00, 0x00, 0x0e, 0x00, 0x00,
  0x00, 0x0e, 0x00, 0x00, 0x00, 0x0e, 0x00, 0x00, 0x00, 0x0e, 0x00, 0x00, 0x00, 0x0e, 0x00, 0x00,
  0x00, 0x0e, 0x00, 0x00, 0x00, 0x0e, 0x00, 0x00, 0x00, 0x0e, 0x00, 0x00, 0x00, 0x0e, 0x00, 0x00,
  0x00, 0x0e, 0x00, 0x00, 0x00, 0x0e, 0x00, 0x00, 0x00, 0x0e, 0x00, 0x00, 0x00, 0x0e, 0x00, 0x00,
  0x00, 0x0e, 0x00, 0x00, 0x00, 0x0e, 0x00, 0x00, 0x00, 0x0e, 0x00, 0x00, 0x00, 0x0e, 0x00, 0x00,
  0x00, 0x0e, 0x00, 0x00, 0x00, 0x0e, 0x00, 0x00, 0x00, 0x0e, 0x00, 0x00, 0x00, 0x0e, 0x00, 0x00,
  0x00, 0x0e, 0x00, 0x00, 0x00, 0x0e, 0x00, 0x00, 0x00, 0x0e, 0x00, 0x00, 0x00, 0x0e, 0x00, 0x00,
  0x00, 0x0e, 0x00, 0x00, 0x00, 0xff, 0xff, 0xff, 0xff, 0x0e, 0x00, 0x00, 0x00, 0xff, 0xff, 0xff,
  0xff, 0x0e, 0x00, 0x00, 0x00, 0x0e, 0x00, 0x00, 0x00, 0x0e, 0x00, 0x00, 0x00, 0x0e, 0x00, 0x00,
  0x00, 0x0e, 0x00, 0x00, 0x00, 0x0e, 0x00, 0x00, 0x00, 0x0e, 0x00, 0x00, 0x00, 0x0e, 0x00, 0x00,
  0x00, 0x0e, 0x00, 0x00, 0x00, 0x0e, 0x00, 0x00, 0x00, 0x0e, 0x00, 0x00, 0x00, 0x0e, 0x00, 0x00,
  0x00, 0x0e, 0x00, 0x00, 0x00, 0x0e, 0x00, 0x00, 0x00, 0x0e, 0x00, 0x00, 0x00, 0x0e, 0x00, 0x00,
  0x00, 0x0e, 0x00, 0x00, 0x00, 0x0e, 0x00, 0x00, 0x00, 0x0e, 0x00, 0x00, 0x00, 0x0e, 0x00, 0x00,
  0x00, 0x0e, 0x00, 0x00, 0x00, 0x0e, 0x00, 0x00, 0x00, 0x0e, 0x00, 0x00, 0x00, 0x0e, 0x00, 0x00,
  0x00, 0x0e, 0x00, 0x00, 0x00, 0x0e, 0x00, 0x00, 0x00, 0x0e, 0x00, 0x00, 0x00, 0x0e, 0x00, 0x00,
  0x00, 0x0e, 0x00, 0x00, 0x00, 0xff, 0xff, 0xff, 0xff, 0x0e, 0x00, 0x00, 0x00, 0xff, 0xff, 0xff,
  0xff, 0x0e, 0x00, 0x00, 0x00, 0x0e, 0x00, 0x00, 0x00, 0xff, 0xff, 0xff, 0xff, 0xff, 0xff, 0xff,
  0xff, 0xff, 0xff, 0xff, 0xff, 0xff, 0xff, 0xff, 0xff, 0xff, 0xff, 0xff, 0xff, 0xff, 0xff, 0xff,
  0xff, 0xff, 0xff, 0xff, 0xff, 0xff, 0xff, 0xff, 0xff, 0xff, 0xff, 0xff, 0xff, 0xff, 0xff, 0xff,
  0xff, 0xff, 0xff, 0xff, 0xff, 0xff, 0xff, 0xff, 0xff, 0xff, 0xff, 0xff, 0xff, 0xff, 0xff, 0xff,
  0xff, 0xff, 0xff, 0xff, 0xff, 0xff, 0xff, 0xff, 0xff, 0xff, 0xff, 0xff, 0xff, 0xff, 0xff, 0xff,
  0xff, 0xff, 0xff, 0xff, 0xff, 0xff, 0xff, 0xff, 0xff, 0xff, 0xff, 0xff, 0xff, 0xff, 0xff, 0xff,
  0xff, 0xff, 0xff, 0xff, 0xff, 0xff, 0xff, 0xff, 0xff, 0xff, 0xff, 0xff, 0xff, 0xff, 0xff, 0xff,
  0xff, 0xff, 0xff, 0xff, 0xff, 0xff, 0xff, 0xff, 0xff, 0xff, 0xff, 0xff, 0xff, 0xff, 0xff, 0xff,
  0xff, 0xff, 0xff, 0xff, 0xff, 0xff, 0xff, 0xff, 0xff, 0xff, 0xff, 0xff, 0xff, 0xff, 0xff, 0xff,
  0xff, 0xff, 0xff, 0xff, 0xff, 0xff, 0xff, 0xff, 0xff, 0xff, 0xff, 0xff, 0xff, 0xff, 0xff, 0xff,
  0xff, 0xff, 0xff, 0xff, 0xff, 0xff, 0xff, 0xff, 0xff, 0xff, 0xff, 0xff, 0xff, 0xff, 0xff, 0xff,
  0xff, 0xff, 0xff, 0xff, 0xff, 0xff, 0xff, 0xff, 0xff, 0xff, 0xff, 0xff, 0xff, 0xff, 0xff, 0xff,
  0xff, 0xff, 0xff, 0xff, 0xff, 0xff, 0xff, 0xff, 0xff, 0xff, 0xff, 0xff, 0xff, 0xff, 0xff, 0xff,
  0xff, 0xff, 0xff, 0xff, 0xff, 0xff, 0xff, 0xff, 0xff, 0xff, 0xff, 0xff, 0xff, 0xff, 0xff, 0xff,
  0xff, 0xff, 0xff, 0xff, 0xff, 0xff, 0xff, 0xff, 0xff, 0xff, 0xff, 0xff, 0xff, 0xff, 0xff, 0xff,
  0xff, 0xff, 0xff, 0xff, 0xff, 0xff, 0xff, 0xff, 0xff, 0xff, 0xff, 0xff, 0xff, 0xff, 0xff, 0xff,
  0xff, 0xff, 0xff, 0xff, 0xff, 0xff, 0xff, 0xff, 0xff, 0xff, 0xff, 0xff, 0xff, 0xff, 0xff, 0xff,
  0xff, 0xff, 0xff, 0xff, 0xff, 0xff, 0xff, 0xff, 0xff, 0xff, 0xff, 0xff, 0xff, 0xff, 0xff, 0xff,
  0xff, 0xff, 0xff, 0xff, 0xff, 0xff, 0xff, 0xff, 0xff, 0xff, 0xff, 0xff, 0xff, 0xff, 0xff, 0xff,
  0xff, 0xff, 0xff, 0xff, 0xff, 0xff, 0xff, 0xff, 0xff, 0xff, 0xff, 0xff, 0xff, 0xff, 0xff, 0xff,
  0xff, 0xff, 0xff, 0xff, 0xff, 0xff, 0xff, 0xff, 0xff, 0xff, 0xff, 0xff, 0xff, 0xff, 0xff, 0xff,
  0xff, 0xff, 0xff, 0xff, 0xff, 0xff, 0xff, 0xff, 0xff, 0xff, 0xff, 0xff, 0xff, 0xff, 0xff, 0xff,
  0xff, 0xff, 0xff, 0xff, 0xff, 0xff, 0xff, 0xff, 0xff, 0xff, 0xff, 0xff, 0xff, 0xff, 0xff, 0xff,
  0xff, 0xff, 0xff, 0xff, 0xff, 0xff, 0xff, 0xff, 0xff, 0xff, 0xff, 0xff, 0xff, 0xff, 0xff, 0xff,
  0xff, 0xff, 0xff, 0xff, 0xff, 0xff, 0xff, 0xff, 0xff, 0xff, 0xff, 0xff, 0xff, 0xff, 0xff, 0xff,
  0xff, 0xff, 0xff, 0xff, 0xff, 0xff, 0xff, 0xff, 0xff, 0xff, 0xff, 0xff, 0xff, 0xff, 0xff, 0xff,
  0xff, 0xff, 0xff, 0xff, 0xff, 0xff, 0xff, 0xff, 0xff, 0xff, 0xff, 0xff, 0xff, 0xff, 0xff, 0xff,
  0xff, 0xff, 0xff, 0xff, 0xff, 0xff, 0xff, 0xff, 0xff, 0xff, 0xff, 0xff, 0xff, 0xff, 0xff, 0xff,
  0xff, 0xff, 0xff, 0xff, 0xff, 0xff, 0xff, 0xff, 0xff, 0xff, 0xff, 0xff, 0xff, 0xff, 0xff, 0xff,
  0xff, 0xff, 0xff, 0xff, 0xff, 0xff, 0xff, 0xff, 0xff, 0xff, 0xff, 0xff, 0xff, 0xff, 0xff, 0xff,
  0xff, 0xff, 0xff, 0xff, 0xff, 0xff, 0xff, 0xff, 0xff, 0xff, 0xff, 0xff, 0xff, 0xff, 0xff, 0xff,
  0xff, 0xff, 0xff, 0xff, 0xff, 0xff, 0xff, 0xff, 0xff, 0xff, 0xff, 0xff, 0xff, 0xff, 0xff, 0xff,
  0xff, 0xff, 0xff, 0xff, 0xff, 0xff, 0xff, 0xff, 0xff, 0xff, 0xff, 0xff, 0xff, 0xff, 0xff, 0xff,
  0xff, 0xff, 0xff, 0xff, 0xff, 0xff, 0xff, 0xff, 0xff, 0xff, 0xff, 0xff, 0xff, 0xff, 0xff, 0xff,
  0xff, 0xff, 0xff, 0xff, 0xff, 0xff, 0xff, 0xff, 0xff, 0xff, 0xff, 0xff, 0xff, 0xff, 0xff, 0xff,
  0xff, 0xff, 0xff, 0xff, 0xff, 0xff, 0xff, 0xff, 0xff, 0xff, 0xff, 0xff, 0xff, 0xff, 0xff, 0xff,
  0xff, 0xff, 0xff, 0xff, 0xff, 0xff, 0xff, 0xff, 0xff, 0xff, 0xff, 0xff, 0xff, 0xff, 0xff, 0xff,
  0xff, 0xff, 0xff, 0xff, 0xff, 0xff, 0xff, 0xff, 0xff, 0xff, 0xff, 0xff, 0xff, 0xff, 0xff, 0xff,
  0xff, 0xff, 0xff, 0xff, 0xff, 0xff, 0xff, 0xff, 0xff, 0xff, 0xff, 0xff, 0xff, 0xff, 0xff, 0xff,
  0xff, 0xff, 0xff, 0xff, 0xff, 0xff, 0xff, 0xff, 0xff, 0xff, 0xff, 0xff, 0xff, 0xff, 0xff, 0xff,
  0xff, 0xff, 0xff, 0xff, 0xff, 0xff, 0xff, 0xff, 0xff, 0xff, 0xff, 0xff, 0xff, 0xff, 0xff, 0xff,
  0xff, 0xff, 0xff, 0xff, 0xff, 0xff, 0xff, 0xff, 0xff, 0xff, 0xff, 0xff, 0xff, 0xff, 0xff, 0xff,
  0xff, 0xff, 0xff, 0xff, 0xff, 0xff, 0xff, 0xff, 0xff, 0xff, 0xff, 0xff, 0xff, 0xff, 0xff, 0xff,
  0xff, 0xff, 0xff, 0xff, 0xff, 0xff, 0xff, 0xff, 0xff, 0xff, 0xff, 0xff, 0xff, 0xff, 0xff, 0xff,
  0xff, 0xff, 0xff, 0xff, 0xff, 0xff, 0xff, 0xff, 0xff, 0xff, 0xff, 0xff, 0xff, 0xff, 0xff, 0xff,
  0xff, 0xff, 0xff, 0xff, 0xff, 0xff, 0xff, 0xff, 0xff, 0xff, 0xff, 0xff, 0xff, 0xff, 0xff, 0xff,
  0xff, 0xff, 0xff, 0xff, 0xff, 0xff, 0xff, 0xff, 0xff, 0xff, 0xff, 0xff, 0xff, 0xff, 0xff, 0xff,
  0xff, 0xff, 0xff, 0xff, 0xff, 0xff, 0xff, 0xff, 0xff, 0xff, 0xff, 0xff, 0xff, 0xff, 0xff, 0xff,
  0xff, 0xff, 0xff, 0xff, 0xff, 0xff, 0xff, 0xff, 0xff, 0xff, 0xff, 0xff, 0xff, 0xff, 0xff, 0xff,
  0xff, 0xff, 0xff, 0xff, 0xff, 0xff, 0xff, 0xff, 0xff, 0xff, 0xff, 0xff, 0xff, 0xff, 0xff, 0xff,
  0xff, 0xff, 0xff, 0xff, 0xff, 0xff, 0xff, 0xff, 0xff, 0xff, 0xff, 0xff, 0xff, 0xff, 0xff, 0xff,
  0xff, 0xff, 0xff, 0xff, 0xff, 0xff, 0xff, 0xff, 0xff, 0xff, 0xff, 0xff, 0xff, 0xff, 0xff, 0xff,
  0xff, 0xff, 0xff, 0xff, 0xff, 0xff, 0xff, 0xff, 0xff, 0xff, 0xff, 0xff, 0xff, 0xff, 0xff, 0xff,
  0xff, 0xff, 0xff, 0xff, 0xff, 0xff, 0xff, 0xff, 0xff, 0xff, 0xff, 0xff, 0xff, 0xff, 0xff, 0xff,
  0xff, 0xff, 0xff, 0xff, 0xff, 0xff, 0xff, 0xff, 0xff, 0xff, 0xff, 0xff, 0xff, 0xff, 0xff, 0xff,
  0xff, 0xff, 0xff, 0xff, 0xff, 0xff, 0xff, 0xff, 0xff, 0xff, 0xff, 0xff, 0xff, 0xff, 0xff, 0xff,
  0xff, 0xff, 0xff, 0xff, 0xff, 0xff, 0xff, 0xff, 0xff, 0xff, 0xff, 0xff, 0xff, 0xff, 0xff, 0xff,
  0xff, 0xff, 0xff, 0xff, 0xff, 0xff, 0xff, 0xff, 0xff, 0xff, 0xff, 0xff, 0xff, 0xff, 0xff, 0xff,
  0xff, 0xff, 0xff, 0xff, 0xff, 0xff, 0xff, 0xff, 0xff, 0xff, 0xff, 0xff, 0xff, 0xff, 0xff, 0xff,
  0xff, 0xff, 0xff, 0xff, 0xff, 0xff, 0xff, 0xff, 0xff, 0xff, 0xff, 0xff, 0xff, 0xff, 0xff, 0xff,
  0xff, 0xff, 0xff, 0xff, 0xff, 0xff, 0xff, 0xff, 0xff, 0xff, 0xff, 0xff, 0xff, 0xff, 0xff, 0xff,
  0xff, 0xff, 0xff, 0xff, 0xff, 0xff, 0xff, 0xff, 0xff, 0xff, 0xff, 0xff, 0xff, 0xff, 0xff, 0xff,
  0xff, 0xff, 0xff, 0xff, 0xff, 0xff, 0xff, 0xff, 0xff, 0xff, 0xff, 0xff, 0xff, 0xff, 0xff, 0xff,
  0xff, 0xff, 0xff, 0xff, 0xff, 0xff, 0xff, 0xff, 0xff, 0xff, 0xff, 0xff, 0xff, 0xff, 0xff, 0xff,
  0xff, 0xff, 0xff, 0xff, 0xff, 0xff, 0xff, 0xff, 0xff, 0xff, 0xff, 0xff, 0xff, 0xff, 0xff, 0xff,
  0xff, 0xff, 0xff, 0xff, 0xff, 0xff, 0xff, 0xff, 0xff, 0xff, 0xff, 0xff, 0xff, 0xff, 0xff, 0xff,
  0xff, 0xff, 0xff, 0xff, 0xff, 0xff, 0xff, 0xff, 0xff, 0xff, 0xff, 0xff, 0xff, 0xff, 0xff, 0xff,
  0xff, 0xff, 0xff, 0xff, 0xff, 0xff, 0xff, 0xff, 0xff, 0xff, 0xff, 0xff, 0xff, 0xff, 0xff, 0xff,
  0xff, 0xff, 0xff, 0xff, 0xff, 0xff, 0xff, 0xff, 0xff, 0xff, 0xff, 0xff, 0xff, 0xff, 0xff, 0xff,
  0xff, 0xff, 0xff, 0xff, 0xff, 0xff, 0xff, 0xff, 0xff, 0xff, 0xff, 0xff, 0xff, 0xff, 0xff, 0xff,
  0xff, 0xff, 0xff, 0xff, 0xff, 0xff, 0xff, 0xff, 0xff, 0xff, 0xff, 0xff, 0xff, 0xff, 0xff, 0xff,
  0xff, 0xff, 0xff, 0xff, 0xff, 0xff, 0xff, 0xff, 0xff, 0xff, 0xff, 0xff, 0xff, 0xff, 0xff, 0xff,
  0xff, 0xff, 0xff, 0xff, 0xff, 0xff, 0xff, 0xff, 0xff, 0xff, 0xff, 0xff, 0xff, 0xff, 0xff, 0xff,
  0xff, 0xff, 0xff, 0xff, 0xff, 0xff, 0xff, 0xff, 0xff, 0xff, 0xff, 0xff, 0xff, 0xff, 0xff, 0xff,
  0xff, 0xff, 0xff, 0xff, 0xff, 0xff, 0xff, 0xff, 0xff, 0xff, 0xff, 0xff, 0xff, 0xff, 0xff, 0xff,
  0xff, 0xff, 0xff, 0xff, 0xff, 0xff, 0xff, 0xff, 0xff, 0xff, 0xff, 0xff, 0xff, 0xff, 0xff, 0xff,
  0xff, 0xff, 0xff, 0xff, 0xff, 0xff, 0xff, 0xff, 0xff, 0xff, 0xff, 0xff, 0xff, 0xff, 0xff, 0xff,
  0xff, 0xff, 0xff, 0xff, 0xff, 0xff, 0xff, 0xff, 0xff, 0xff, 0xff, 0xff, 0xff, 0xff, 0xff, 0xff,
  0xff, 0xff, 0xff, 0xff, 0xff, 0xff, 0xff, 0xff, 0xff, 0xff, 0xff, 0xff, 0xff, 0xff, 0xff, 0xff,
  0xff, 0xff, 0xff, 0xff, 0xff, 0xff, 0xff, 0xff, 0xff, 0xff, 0xff, 0xff, 0xff, 0xff, 0xff, 0xff,
  0xff, 0xff, 0xff, 0xff, 0xff, 0xff, 0xff, 0xff, 0xff, 0xff, 0xff, 0xff, 0xff, 0xff, 0xff, 0xff,
  0xff, 0xff, 0xff, 0xff, 0xff, 0xff, 0xff, 0xff, 0xff, 0xff, 0xff, 0xff, 0xff, 0xff, 0xff, 0xff,
  0xff, 0xff, 0xff, 0xff, 0xff, 0xff, 0xff, 0xff, 0xff, 0xff, 0xff, 0xff, 0xff, 0xff, 0xff, 0xff,
  0xff, 0xff, 0xff, 0xff, 0xff, 0xff, 0xff, 0xff, 0xff, 0xff, 0xff, 0xff, 0xff, 0xff, 0xff, 0xff,
  0xff, 0xff, 0xff, 0xff, 0xff, 0xff, 0xff, 0xff, 0xff, 0xff, 0xff, 0xff, 0xff, 0xff, 0xff, 0xff,
  0xff, 0xff, 0xff, 0xff, 0xff, 0xff, 0xff, 0xff, 0xff, 0xff, 0xff, 0xff, 0xff, 0xff, 0xff, 0xff,
  0xff, 0xff, 0xff, 0xff, 0xff, 0xff, 0xff, 0xff, 0xff, 0xff, 0xff, 0xff, 0xff, 0xff, 0xff, 0xff,
  0xff, 0xff, 0xff, 0xff, 0xff, 0xff, 0xff, 0xff, 0xff, 0xff, 0xff, 0xff, 0xff, 0xff, 0xff, 0xff,
  0xff, 0xff, 0xff, 0xff, 0xff, 0xff, 0xff, 0xff, 0xff, 0xff, 0xff, 0xff, 0xff, 0xff, 0xff, 0xff,
  0xff, 0xff, 0xff, 0xff, 0xff, 0xff, 0xff, 0xff, 0xff, 0xff, 0xff, 0xff, 0xff, 0xff, 0xff, 0xff,
  0xff, 0xff, 0xff, 0xff, 0xff, 0xff, 0xff, 0xff, 0xff, 0xff, 0xff, 0xff, 0xff, 0xff, 0xff, 0xff,
  0xff, 0xff, 0xff, 0xff, 0xff, 0xff, 0xff, 0xff, 0xff, 0xff, 0xff, 0xff, 0xff, 0xff, 0xff, 0xff,
  0xff, 0xff, 0xff, 0xff, 0xff, 0xff, 0xff, 0xff, 0xff, 0xff, 0xff, 0xff, 0xff, 0xff, 0xff, 0xff,
  0xff, 0xff, 0xff, 0xff, 0xff, 0xff, 0xff, 0xff, 0xff, 0xff, 0xff, 0xff, 0xff, 0xff, 0xff, 0xff,
  0xff, 0xff, 0xff, 0xff, 0xff, 0xff, 0xff, 0xff, 0xff, 0xff, 0xff, 0xff, 0xff, 0xff, 0xff, 0xff,
  0xff, 0xff, 0xff, 0xff, 0xff, 0xff, 0xff, 0xff, 0xff, 0xff, 0xff, 0xff, 0xff, 0xff, 0xff, 0xff,
  0xff, 0xff, 0xff, 0xff, 0xff, 0xff, 0xff, 0xff, 0xff, 0xff, 0xff, 0xff, 0xff, 0xff, 0xff, 0xff,
  0xff, 0xff, 0xff, 0xff, 0xff, 0xff, 0xff, 0xff, 0xff, 0xff, 0xff, 0xff, 0xff, 0xff, 0xff, 0xff,
  0xff, 0xff, 0xff, 0xff, 0xff, 0xff, 0xff, 0xff, 0xff, 0xff, 0xff, 0xff, 0xff, 0xff, 0xff, 0xff,
  0xff, 0xff, 0xff, 0xff, 0xff, 0xff, 0xff, 0xff, 0xff, 0xff, 0xff, 0xff, 0xff, 0xff, 0xff, 0xff,
  0xff, 0xff, 0xff, 0xff, 0xff, 0xff, 0xff, 0xff, 0xff, 0xff, 0xff, 0xff, 0xff, 0xff, 0xff, 0xff,
  0xff, 0xff, 0xff, 0xff, 0xff, 0xff, 0xff, 0xff, 0xff, 0xff, 0xff, 0xff, 0xff, 0xff, 0xff, 0xff,
  0xff, 0xff, 0xff, 0xff, 0xff, 0xff, 0xff, 0xff, 0xff, 0xff, 0xff, 0xff, 0xff, 0xff, 0xff, 0xff,
  0xff, 0xff, 0xff, 0xff, 0xff, 0xff, 0xff, 0xff, 0xff, 0xff, 0xff, 0xff, 0xff, 0xff, 0xff, 0xff,
  0xff, 0xff, 0xff, 0xff, 0xff, 0xff, 0xff, 0xff, 0xff, 0xff, 0xff, 0xff, 0xff, 0xff, 0xff, 0xff,
  0xff, 0xff, 0xff, 0xff, 0xff, 0xff, 0xff, 0xff, 0xff, 0xff, 0xff, 0xff, 0xff, 0xff, 0xff, 0xff,
  0xff, 0xff, 0xff, 0xff, 0xff, 0xff, 0xff, 0xff, 0xff, 0xff, 0xff, 0xff, 0xff, 0xff, 0xff, 0xff,
  0xff, 0xff, 0xff, 0xff, 0xff, 0xff, 0xff, 0xff, 0xff, 0xff, 0xff, 0xff, 0xff, 0xff, 0xff, 0xff,
  0xff, 0xff, 0xff, 0xff, 0xff, 0xff, 0xff, 0xff, 0xff, 0xff, 0xff, 0xff, 0xff, 0xff, 0xff, 0xff,
  0xff, 0xff, 0xff, 0xff, 0xff, 0xff, 0xff, 0xff, 0xff, 0xff, 0xff, 0xff, 0xff, 0xff, 0xff, 0xff,
  0xff, 0xff, 0xff, 0xff, 0xff, 0xff, 0xff, 0xff, 0xff, 0xff, 0xff, 0xff, 0xff, 0xff, 0xff, 0xff,
  0xff, 0xff, 0xff, 0xff, 0xff, 0xff, 0xff, 0xff, 0xff, 0xff, 0xff, 0xff, 0xff, 0xff, 0xff, 0xff,
  0xff, 0xff, 0xff, 0xff, 0xff, 0xff, 0xff, 0xff, 0xff, 0xff, 0xff, 0xff, 0xff, 0xff, 0xff, 0xff,
  0xff, 0xff, 0xff, 0xff, 0xff, 0xff, 0xff, 0xff, 0xff, 0xff, 0xff, 0xff, 0xff, 0xff, 0xff, 0xff,
  0xff, 0xff, 0xff, 0xff, 0xff, 0xff, 0xff, 0xff, 0xff, 0xff, 0xff, 0xff, 0xff, 0xff, 0xff, 0xff,
  0xff, 0xff, 0xff, 0xff, 0xff, 0xff, 0xff, 0xff, 0xff, 0xff, 0xff, 0xff, 0xff, 0xff, 0xff, 0xff,
  0xff, 0xff, 0xff, 0xff, 0xff, 0xff, 0xff, 0xff, 0xff, 0xff, 0xff, 0xff, 0xff, 0xff, 0xff, 0xff,
  0xff, 0xff, 0xff, 0xff, 0xff, 0xff, 0xff, 0xff, 0xff, 0xff, 0xff, 0xff, 0xff, 0xff, 0xff, 0xff,
  0xff, 0xff, 0xff, 0xff, 0xff, 0xff, 0xff, 0xff, 0xff, 0xff, 0xff, 0xff, 0xff, 0xff, 0xff, 0xff,
  0xff, 0xff, 0xff, 0xff, 0xff, 0xff, 0xff, 0xff, 0xff, 0xff, 0xff, 0xff, 0xff, 0xff, 0xff, 0xff,
  0xff, 0xff, 0xff, 0xff, 0xff, 0xff, 0xff, 0xff, 0xff, 0xff, 0xff, 0xff, 0xff, 0xff, 0xff, 0xff,
  0xff, 0xff, 0xff, 0xff, 0xff, 0xff, 0xff, 0xff, 0xff, 0xff, 0xff, 0xff, 0xff, 0xff, 0xff, 0xff,
  0xff, 0xff, 0xff, 0xff, 0xff, 0xff, 0xff, 0xff, 0xff, 0xff, 0xff, 0xff, 0xff, 0xff, 0xff, 0xff,
  0xff, 0xff, 0xff, 0xff, 0xff, 0xff, 0xff, 0xff, 0xff, 0xff, 0xff, 0xff, 0xff, 0xff, 0xff, 0xff,
  0xff, 0xff, 0xff, 0xff, 0xff, 0xff, 0xff, 0xff, 0xff, 0xff, 0xff, 0xff, 0xff, 0xff, 0xff, 0xff,
  0xff, 0xff, 0xff, 0xff, 0xff, 0xff, 0xff, 0xff, 0xff, 0xff, 0xff, 0xff, 0xff, 0xff, 0xff, 0xff,
  0xff, 0xff, 0xff, 0xff, 0xff, 0xff, 0xff, 0xff, 0xff, 0xff, 0xff, 0xff, 0xff, 0xff, 0xff, 0xff,
  0xff, 0xff, 0xff, 0xff, 0xff, 0xff, 0xff, 0xff, 0xff, 0xff, 0xff, 0xff, 0xff, 0xff, 0xff, 0xff,
  0xff, 0xff, 0xff, 0xff, 0xff, 0xff, 0xff, 0xff, 0xff, 0xff, 0xff, 0xff, 0xff, 0xff, 0xff, 0xff,
  0xff, 0xff, 0xff, 0xff, 0xff, 0xff, 0xff, 0xff, 0xff, 0xff, 0xff, 0xff, 0xff, 0xff, 0xff, 0xff,
  0xff, 0xff, 0xff, 0xff, 0xff, 0xff, 0xff, 0xff, 0xff, 0xff, 0xff, 0xff, 0xff, 0xff, 0xff, 0xff,
  0xff, 0xff, 0xff, 0xff, 0xff, 0xff, 0xff, 0xff, 0xff, 0xff, 0xff, 0xff, 0xff, 0xff, 0xff, 0xff,
  0xff, 0xff, 0xff, 0xff, 0xff, 0xff, 0xff, 0xff, 0xff, 0xff, 0xff, 0xff, 0xff, 0xff, 0xff, 0xff,
  0xff, 0xff, 0xff, 0xff, 0xff, 0xff, 0xff, 0xff, 0xff, 0xff, 0xff, 0xff, 0xff, 0xff, 0xff, 0xff,
  0xff, 0xff, 0xff, 0xff, 0xff, 0xff, 0xff, 0xff, 0xff, 0xff, 0xff, 0xff, 0xff, 0xff, 0xff, 0xff,
  0xff, 0xff, 0xff, 0xff, 0xff, 0xff, 0xff, 0xff, 0xff, 0xff, 0xff, 0xff, 0xff, 0xff, 0xff, 0xff,
  0xff, 0xff, 0xff, 0xff, 0xff, 0xff, 0xff, 0xff, 0xff, 0xff, 0xff, 0xff, 0xff, 0xff, 0xff, 0xff,
  0xff, 0xff, 0xff, 0xff, 0xff, 0xff, 0xff, 0xff, 0xff, 0xff, 0xff, 0xff, 0xff, 0xff, 0xff, 0xff,
  0xff, 0xff, 0xff, 0xff, 0xff, 0xff, 0xff, 0xff, 0xff, 0xff, 0xff, 0xff, 0xff, 0xff, 0xff, 0xff,
  0xff, 0xff, 0xff, 0xff, 0xff, 0xff, 0xff, 0xff, 0xff, 0xff, 0xff, 0xff, 0xff, 0xff, 0xff, 0xff,
  0xff, 0xff, 0xff, 0xff, 0xff, 0xff, 0xff, 0xff, 0xff, 0xff, 0xff, 0xff, 0xff, 0xff, 0xff, 0xff,
  0xff, 0xff, 0xff, 0xff, 0xff, 0xff, 0xff, 0xff, 0xff, 0xff, 0xff, 0xff, 0xff, 0xff, 0xff, 0xff,
  0xff, 0xff, 0xff, 0xff, 0xff, 0xff, 0xff, 0xff, 0xff, 0xff, 0xff, 0xff, 0xff, 0xff, 0xff, 0xff,
  0xff, 0xff, 0xff, 0xff, 0xff, 0xff, 0xff, 0xff, 0xff, 0xff, 0xff, 0xff, 0xff, 0xff, 0xff, 0xff,
  0xff, 0xff, 0xff, 0xff, 0xff, 0xff, 0xff, 0xff, 0xff, 0xff, 0xff, 0xff, 0xff, 0xff, 0xff, 0xff,
  0xff, 0xff, 0xff, 0xff, 0xff, 0xff, 0xff, 0xff, 0xff, 0xff, 0xff, 0xff, 0xff, 0xff, 0xff, 0xff,
  0xff, 0xff, 0xff, 0xff, 0xff, 0xff, 0xff, 0xff, 0xff, 0xff, 0xff, 0xff, 0xff, 0xff, 0xff, 0xff,
  0xff, 0xff, 0xff, 0xff, 0xff, 0xff, 0xff, 0xff, 0xff, 0xff, 0xff, 0xff, 0xff, 0xff, 0xff, 0xff,
  0xff, 0xff, 0xff, 0xff, 0xff, 0xff, 0xff, 0xff, 0xff, 0xff, 0xff, 0xff, 0xff, 0xff, 0xff, 0xff,
  0xff, 0xff, 0xff, 0xff, 0xff, 0xff, 0xff, 0xff, 0xff, 0xff, 0xff, 0xff, 0xff, 0xff, 0xff, 0xff,
  0xff, 0xff, 0xff, 0xff, 0xff, 0xff, 0xff, 0xff, 0xff, 0xff, 0xff, 0xff, 0xff, 0xff, 0xff, 0xff,
  0xff, 0xff, 0xff, 0xff, 0xff, 0xff, 0xff, 0xff, 0xff, 0xff, 0xff, 0xff, 0xff, 0xff, 0xff, 0xff,
  0xff, 0xff, 0xff, 0xff, 0xff, 0xff, 0xff, 0xff, 0xff, 0xff, 0xff, 0xff, 0xff, 0xff, 0xff, 0xff,
  0xff, 0xff, 0xff, 0xff, 0xff, 0xff, 0xff, 0xff, 0xff, 0xff, 0xff, 0xff, 0xff, 0xff, 0xff, 0xff,
  0xff, 0xff, 0xff, 0xff, 0xff, 0xff, 0xff, 0xff, 0xff, 0xff, 0xff, 0xff, 0xff, 0xff, 0xff, 0xff,
  0xff, 0xff, 0xff, 0xff, 0xff, 0xff, 0xff, 0xff, 0xff, 0xff, 0xff, 0xff, 0xff, 0xff, 0xff, 0xff,
  0xff, 0xff, 0xff, 0xff, 0xff, 0xff, 0xff, 0xff, 0xff, 0xff, 0xff, 0xff, 0xff, 0xff, 0xff, 0xff,
  0xff, 0xff, 0xff, 0xff, 0xff, 0xff, 0xff, 0xff, 0xff, 0xff, 0xff, 0xff, 0xff, 0xff, 0xff, 0xff,
  0xff, 0xff, 0xff, 0xff, 0xff, 0xff, 0xff, 0xff, 0xff, 0xff, 0xff, 0xff, 0xff, 0xff, 0xff, 0xff,
  0xff, 0xff, 0xff, 0xff, 0xff, 0xff, 0xff, 0xff, 0xff, 0xff, 0xff, 0xff, 0xff, 0xff, 0xff, 0xff,
  0xff, 0xff, 0xff, 0xff, 0xff, 0xff, 0xff, 0xff, 0xff, 0xff, 0xff, 0xff, 0xff, 0xff, 0xff, 0xff,
  0xff, 0xff, 0xff, 0xff, 0xff, 0xff, 0xff, 0xff, 0xff, 0xff, 0xff, 0xff, 0xff, 0xff, 0xff, 0xff,
  0xff, 0xff, 0xff, 0xff, 0xff, 0xff, 0xff, 0xff, 0xff, 0xff, 0xff, 0xff, 0xff, 0xff, 0xff, 0xff,
  0xff, 0xff, 0xff, 0xff, 0xff, 0xff, 0xff, 0xff, 0xff, 0xff, 0xff, 0xff, 0xff, 0xff, 0xff, 0xff,
  0xff, 0xff, 0xff, 0xff, 0xff, 0xff, 0xff, 0xff, 0xff, 0xff, 0xff, 0xff, 0xff, 0xff, 0xff, 0xff,
  0xff, 0xff, 0xff, 0xff, 0xff, 0xff, 0xff, 0xff, 0xff, 0xff, 0xff, 0xff, 0xff, 0xff, 0xff, 0xff,
  0xff, 0xff, 0xff, 0xff, 0xff, 0xff, 0xff, 0xff, 0xff, 0xff, 0xff, 0xff, 0xff, 0xff, 0xff, 0xff,
  0xff, 0xff, 0xff, 0xff, 0xff, 0xff, 0xff, 0xff, 0xff, 0xff, 0xff, 0xff, 0xff, 0xff, 0xff, 0xff,
  0xff, 0xff, 0xff, 0xff, 0xff, 0xff, 0xff, 0xff, 0xff, 0xff, 0xff, 0xff, 0xff, 0xff, 0xff, 0xff,
  0xff, 0xff, 0xff, 0xff, 0xff, 0xff, 0xff, 0xff, 0xff, 0xff, 0xff, 0xff, 0xff, 0xff, 0xff, 0xff,
  0xff, 0xff, 0xff, 0xff, 0xff, 0xff, 0xff, 0xff, 0xff, 0xff, 0xff, 0xff, 0xff, 0xff, 0xff, 0xff,
  0xff, 0xff, 0xff, 0xff, 0xff, 0xff, 0xff, 0xff, 0xff, 0xff, 0xff, 0xff, 0xff, 0xff, 0xff, 0xff,
  0xff, 0xff, 0xff, 0xff, 0xff, 0xff, 0xff, 0xff, 0xff, 0x0f, 0x00, 0x00, 0x00, 0x0f, 0x00, 0x00,
  0x00, 0x0f, 0x00, 0x00, 0x00, 0x0f, 0x00, 0x00, 0x00, 0x0f, 0x00, 0x00, 0x00, 0x0f, 0x00, 0x00,
  0x00, 0x0f, 0x00, 0x00, 0x00, 0x0f, 0x00, 0x00, 0x00, 0x0f, 0x00, 0x00, 0x00, 0x0f, 0x00, 0x00,
  0x00, 0xff, 0xff, 0xff, 0xff, 0xff, 0xff, 0xff, 0xff, 0xff, 0xff, 0xff, 0xff, 0xff, 0xff, 0xff,
  0xff, 0xff, 0xff, 0xff, 0xff, 0xff, 0xff, 0xff, 0xff, 0xff, 0xff, 0xff, 0xff, 0xff, 0xff, 0xff,
  0xff, 0xff, 0xff, 0xff, 0xff, 0xff, 0xff, 0xff, 0xff, 0xff, 0xff, 0xff, 0xff, 0xff, 0xff, 0xff,
  0xff, 0xff, 0xff, 0xff, 0xff, 0xff, 0xff, 0xff, 0xff, 0xff, 0xff, 0xff, 0xff, 0xff, 0xff, 0xff,
  0xff, 0xff, 0xff, 0xff, 0xff, 0xff, 0xff, 0xff, 0xff, 0xff, 0xff, 0xff, 0xff, 0xff, 0xff, 0xff,
  0xff, 0xff, 0xff, 0xff, 0xff, 0xff, 0xff, 0xff, 0xff, 0xff, 0xff, 0xff, 0xff, 0xff, 0xff, 0xff,
  0xff, 0xff, 0xff, 0xff, 0xff, 0xff, 0xff, 0xff, 0xff, 0xff, 0xff, 0xff, 0xff, 0xff, 0xff, 0xff,
  0xff, 0xff, 0xff, 0xff, 0xff, 0xff, 0xff, 0xff, 0xff, 0xff, 0xff, 0xff, 0xff, 0xff, 0xff, 0xff,
  0xff, 0xff, 0xff, 0xff, 0xff, 0xff, 0xff, 0xff, 0xff, 0xff, 0xff, 0xff, 0xff, 0xff, 0xff, 0xff,
  0xff, 0xff, 0xff, 0xff, 0xff, 0xff, 0xff, 0xff, 0xff, 0xff, 0xff, 0xff, 0xff, 0xff, 0xff, 0xff,
  0xff, 0xff, 0xff, 0xff, 0xff, 0xff, 0xff, 0xff, 0xff, 0xff, 0xff, 0xff, 0xff, 0xff, 0xff, 0xff,
  0xff, 0xff, 0xff, 0xff, 0xff, 0xff, 0xff, 0xff, 0xff, 0xff, 0xff, 0xff, 0xff, 0xff, 0xff, 0xff,
  0xff, 0xff, 0xff, 0xff, 0xff, 0xff, 0xff, 0xff, 0xff, 0xff, 0xff, 0xff, 0xff, 0xff, 0xff, 0xff,
  0xff, 0xff, 0xff, 0xff, 0xff, 0xff, 0xff, 0xff, 0xff, 0xff, 0xff, 0xff, 0xff, 0xff, 0xff, 0xff,
  0xff, 0xff, 0xff, 0xff, 0xff, 0xff, 0xff, 0xff, 0xff, 0xff, 0xff, 0xff, 0xff, 0xff, 0xff, 0xff,
  0xff, 0xff, 0xff, 0xff, 0xff, 0xff, 0xff, 0xff, 0xff, 0xff, 0xff, 0xff, 0xff, 0xff, 0xff, 0xff,
  0xff, 0xff, 0xff, 0xff, 0xff, 0xff, 0xff, 0xff, 0xff, 0xff, 0xff, 0xff, 0xff, 0xff, 0xff, 0xff,
  0xff, 0xff, 0xff, 0xff, 0xff, 0xff, 0xff, 0xff, 0xff, 0xff, 0xff, 0xff, 0xff, 0xff, 0xff, 0xff,
  0xff, 0xff, 0xff, 0xff, 0xff, 0xff, 0xff, 0xff, 0xff, 0xff, 0xff, 0xff, 0xff, 0xff, 0xff, 0xff,
  0xff, 0xff, 0xff, 0xff, 0xff, 0xff, 0xff, 0xff, 0xff, 0xff, 0xff, 0xff, 0xff, 0xff, 0xff, 0xff,
  0xff, 0xff, 0xff, 0xff, 0xff, 0xff, 0xff, 0xff, 0xff, 0xff, 0xff, 0xff, 0xff, 0xff, 0xff, 0xff,
  0xff, 0xff, 0xff, 0xff, 0xff, 0xff, 0xff, 0xff, 0xff, 0xff, 0xff, 0xff, 0xff, 0xff, 0xff, 0xff,
  0xff, 0xff, 0xff, 0xff, 0xff, 0xff, 0xff, 0xff, 0xff, 0xff, 0xff, 0xff, 0xff, 0xff, 0xff, 0xff,
  0xff, 0xff, 0xff, 0xff, 0xff, 0xff, 0xff, 0xff, 0xff, 0xff, 0xff, 0xff, 0xff, 0xff, 0xff, 0xff,
  0xff, 0xff, 0xff, 0xff, 0xff, 0xff, 0xff, 0xff, 0xff, 0xff, 0xff, 0xff, 0xff, 0xff, 0xff, 0xff,
  0xff, 0xff, 0xff, 0xff, 0xff, 0xff, 0xff, 0xff, 0xff, 0xff, 0xff, 0xff, 0xff, 0xff, 0xff, 0xff,
  0xff, 0xff, 0xff, 0xff, 0xff, 0xff, 0xff, 0xff, 0xff, 0xff, 0xff, 0xff, 0xff, 0xff, 0xff, 0xff,
  0xff, 0xff, 0xff, 0xff, 0xff, 0xff, 0xff, 0xff, 0xff, 0xff, 0xff, 0xff, 0xff, 0xff, 0xff, 0xff,
  0xff, 0xff, 0xff, 0xff, 0xff, 0xff, 0xff, 0xff, 0xff, 0xff, 0xff, 0xff, 0xff, 0xff, 0xff, 0xff,
  0xff, 0xff, 0xff, 0xff, 0xff, 0xff, 0xff, 0xff, 0xff, 0xff, 0xff, 0xff, 0xff, 0xff, 0xff, 0xff,
  0xff, 0xff, 0xff, 0xff, 0xff, 0xff, 0xff, 0xff, 0xff, 0xff, 0xff, 0xff, 0xff, 0xff, 0xff, 0xff,
  0xff, 0xff, 0xff, 0xff, 0xff, 0xff, 0xff, 0xff, 0xff, 0xff, 0xff, 0xff, 0xff, 0xff, 0xff, 0xff,
  0xff, 0xff, 0xff, 0xff, 0xff, 0xff, 0xff, 0xff, 0xff, 0xff, 0xff, 0xff, 0xff, 0xff, 0xff, 0xff,
  0xff, 0xff, 0xff, 0xff, 0xff, 0xff, 0xff, 0xff, 0xff, 0xff, 0xff, 0xff, 0xff, 0xff, 0xff, 0xff,
  0xff, 0xff, 0xff, 0xff, 0xff, 0xff, 0xff, 0xff, 0xff, 0xff, 0xff, 0xff, 0xff, 0xff, 0xff, 0xff,
  0xff, 0xff, 0xff, 0xff, 0xff, 0xff, 0xff, 0xff, 0xff, 0xff, 0xff, 0xff, 0xff, 0xff, 0xff, 0xff,
  0xff, 0xff, 0xff, 0xff, 0xff, 0xff, 0xff, 0xff, 0xff, 0xff, 0xff, 0xff, 0xff, 0xff, 0xff, 0xff,
  0xff, 0xff, 0xff, 0xff, 0xff, 0xff, 0xff, 0xff, 0xff, 0xff, 0xff, 0xff, 0xff, 0xff, 0xff, 0xff,
  0xff, 0xff, 0xff, 0xff, 0xff, 0xff, 0xff, 0xff, 0xff, 0xff, 0xff, 0xff, 0xff, 0xff, 0xff, 0xff,
  0xff, 0xff, 0xff, 0xff, 0xff, 0xff, 0xff, 0xff, 0xff, 0xff, 0xff, 0xff, 0xff, 0xff, 0xff, 0xff,
  0xff, 0xff, 0xff, 0xff, 0xff, 0xff, 0xff, 0xff, 0xff, 0xff, 0xff, 0xff, 0xff, 0xff, 0xff, 0xff,
  0xff, 0xff, 0xff, 0xff, 0xff, 0xff, 0xff, 0xff, 0xff, 0xff, 0xff, 0xff, 0xff, 0xff, 0xff, 0xff,
  0xff, 0xff, 0xff, 0xff, 0xff, 0xff, 0xff, 0xff, 0xff, 0xff, 0xff, 0xff, 0xff, 0xff, 0xff, 0xff,
  0xff, 0xff, 0xff, 0xff, 0xff, 0xff, 0xff, 0xff, 0xff, 0xff, 0xff, 0xff, 0xff, 0xff, 0xff, 0xff,
  0xff, 0xff, 0xff, 0xff, 0xff, 0xff, 0xff, 0xff, 0xff, 0xff, 0xff, 0xff, 0xff, 0xff, 0xff, 0xff,
  0xff, 0xff, 0xff, 0xff, 0xff, 0xff, 0xff, 0xff, 0xff, 0xff, 0xff, 0xff, 0xff, 0xff, 0xff, 0xff,
  0xff, 0xff, 0xff, 0xff, 0xff, 0xff, 0xff, 0xff, 0xff, 0xff, 0xff, 0xff, 0xff, 0xff, 0xff, 0xff,
  0xff, 0xff, 0xff, 0xff, 0xff, 0xff, 0xff, 0xff, 0xff, 0xff, 0xff, 0xff, 0xff, 0xff, 0xff, 0xff,
  0xff, 0xff, 0xff, 0xff, 0xff, 0xff, 0xff, 0xff, 0xff, 0xff, 0xff, 0xff, 0xff, 0xff, 0xff, 0xff,
  0xff, 0xff, 0xff, 0xff, 0xff, 0xff, 0xff, 0xff, 0xff, 0xff, 0xff, 0xff, 0xff, 0xff, 0xff, 0xff,
  0xff, 0xff, 0xff, 0xff, 0xff, 0xff, 0xff, 0xff, 0xff, 0xff, 0xff, 0xff, 0xff, 0xff, 0xff, 0xff,
  0xff, 0xff, 0xff, 0xff, 0xff, 0xff, 0xff, 0xff, 0xff, 0xff, 0xff, 0xff, 0xff, 0xff, 0xff, 0xff,
  0xff, 0xff, 0xff, 0xff, 0xff, 0xff, 0xff, 0xff, 0xff, 0xff, 0xff, 0xff, 0xff, 0xff, 0xff, 0xff,
  0xff, 0xff, 0xff, 0xff, 0xff, 0xff, 0xff, 0xff, 0xff, 0xff, 0xff, 0xff, 0xff, 0xff, 0xff, 0xff,
  0xff, 0xff, 0xff, 0xff, 0xff, 0xff, 0xff, 0xff, 0xff, 0xff, 0xff, 0xff, 0xff, 0xff, 0xff, 0xff,
  0xff, 0xff, 0xff, 0xff, 0xff, 0xff, 0xff, 0xff, 0xff, 0xff, 0xff, 0xff, 0xff, 0xff, 0xff, 0xff,
  0xff, 0xff, 0xff, 0xff, 0xff, 0xff, 0xff, 0xff, 0xff, 0xff, 0xff, 0xff, 0xff, 0xff, 0xff, 0xff,
  0xff, 0xff, 0xff, 0xff, 0xff, 0xff, 0xff, 0xff, 0xff, 0xff, 0xff, 0xff, 0xff, 0xff, 0xff, 0xff,
  0xff, 0xff, 0xff, 0xff, 0xff, 0xff, 0xff, 0xff, 0xff, 0xff, 0xff, 0xff, 0xff, 0xff, 0xff, 0xff,
  0xff, 0xff, 0xff, 0xff, 0xff, 0xff, 0xff, 0xff, 0xff, 0xff, 0xff, 0xff, 0xff, 0xff, 0xff, 0xff,
  0xff, 0xff, 0xff, 0xff, 0xff, 0xff, 0xff, 0xff, 0xff, 0xff, 0xff, 0xff, 0xff, 0xff, 0xff, 0xff,
  0xff, 0xff, 0xff, 0xff, 0xff, 0xff, 0xff, 0xff, 0xff, 0xff, 0xff, 0xff, 0xff, 0xff, 0xff, 0xff,
  0xff, 0xff, 0xff, 0xff, 0xff, 0xff, 0xff, 0xff, 0xff, 0xff, 0xff, 0xff, 0xff, 0xff, 0xff, 0xff,
  0xff, 0xff, 0xff, 0xff, 0xff, 0xff, 0xff, 0xff, 0xff, 0xff, 0xff, 0xff, 0xff, 0xff, 0xff, 0xff,
  0xff, 0xff, 0xff, 0xff, 0xff, 0xff, 0xff, 0xff, 0xff, 0xff, 0xff, 0xff, 0xff, 0xff, 0xff, 0xff,
  0xff, 0xff, 0xff, 0xff, 0xff, 0xff, 0xff, 0xff, 0xff, 0xff, 0xff, 0xff, 0xff, 0xff, 0xff, 0xff,
  0xff, 0xff, 0xff, 0xff, 0xff, 0xff, 0xff, 0xff, 0xff, 0xff, 0xff, 0xff, 0xff, 0xff, 0xff, 0xff,
  0xff, 0xff, 0xff, 0xff, 0xff, 0xff, 0xff, 0xff, 0xff, 0xff, 0xff, 0xff, 0xff, 0xff, 0xff, 0xff,
  0xff, 0xff, 0xff, 0xff, 0xff, 0xff, 0xff, 0xff, 0xff, 0xff, 0xff, 0xff, 0xff, 0xff, 0xff, 0xff,
  0xff, 0xff, 0xff, 0xff, 0xff, 0xff, 0xff, 0xff, 0xff, 0xff, 0xff, 0xff, 0xff, 0xff, 0xff, 0xff,
  0xff, 0xff, 0xff, 0xff, 0xff, 0xff, 0xff, 0xff, 0xff, 0xff, 0xff, 0xff, 0xff, 0xff, 0xff, 0xff,
  0xff, 0xff, 0xff, 0xff, 0xff, 0xff, 0xff, 0xff, 0xff, 0xff, 0xff, 0xff, 0xff, 0xff, 0xff, 0xff,
  0xff, 0xff, 0xff, 0xff, 0xff, 0xff, 0xff, 0xff, 0xff, 0xff, 0xff, 0xff, 0xff, 0xff, 0xff, 0xff,
  0xff, 0xff, 0xff, 0xff, 0xff, 0xff, 0xff, 0xff, 0xff, 0xff, 0xff, 0xff, 0xff, 0xff, 0xff, 0xff,
  0xff, 0xff, 0xff, 0xff, 0xff, 0xff, 0xff, 0xff, 0xff, 0xff, 0xff, 0xff, 0xff, 0xff, 0xff, 0xff,
  0xff, 0xff, 0xff, 0xff, 0xff, 0xff, 0xff, 0xff, 0xff, 0xff, 0xff, 0xff, 0xff, 0xff, 0xff, 0xff,
  0xff, 0xff, 0xff, 0xff, 0xff, 0xff, 0xff, 0xff, 0xff, 0xff, 0xff, 0xff, 0xff, 0xff, 0xff, 0xff,
  0xff, 0xff, 0xff, 0xff, 0xff, 0xff, 0xff, 0xff, 0xff, 0xff, 0xff, 0xff, 0xff, 0xff, 0xff, 0xff,
  0xff, 0xff, 0xff, 0xff, 0xff, 0xff, 0xff, 0xff, 0xff, 0xff, 0xff, 0xff, 0xff, 0xff, 0xff, 0xff,
  0xff, 0xff, 0xff, 0xff, 0xff, 0xff, 0xff, 0xff, 0xff, 0xff, 0xff, 0xff, 0xff, 0xff, 0xff, 0xff,
  0xff, 0xff, 0xff, 0xff, 0xff, 0xff, 0xff, 0xff, 0xff, 0xff, 0xff, 0xff, 0xff, 0xff, 0xff, 0xff,
  0xff, 0xff, 0xff, 0xff, 0xff, 0xff, 0xff, 0xff, 0xff, 0xff, 0xff, 0xff, 0xff, 0xff, 0xff, 0xff,
  0xff, 0xff, 0xff, 0xff, 0xff, 0xff, 0xff, 0xff, 0xff, 0xff, 0xff, 0xff, 0xff, 0xff, 0xff, 0xff,
  0xff, 0xff, 0xff, 0xff, 0xff, 0xff, 0xff, 0xff, 0xff, 0xff, 0xff, 0xff, 0xff, 0xff, 0xff, 0xff,
  0xff, 0xff, 0xff, 0xff, 0xff, 0xff, 0xff, 0xff, 0xff, 0xff, 0xff, 0xff, 0xff, 0xff, 0xff, 0xff,
  0xff, 0xff, 0xff, 0xff, 0xff, 0xff, 0xff, 0xff, 0xff, 0xff, 0xff, 0xff, 0xff, 0xff, 0xff, 0xff,
  0xff, 0xff, 0xff, 0xff, 0xff, 0xff, 0xff, 0xff, 0xff, 0xff, 0xff, 0xff, 0xff, 0xff, 0xff, 0xff,
  0xff, 0xff, 0xff, 0xff, 0xff, 0xff, 0xff, 0xff, 0xff, 0xff, 0xff, 0xff, 0xff, 0xff, 0xff, 0xff,
  0xff, 0xff, 0xff, 0xff, 0xff, 0xff, 0xff, 0xff, 0xff, 0xff, 0xff, 0xff, 0xff, 0xff, 0xff, 0xff,
  0xff, 0xff, 0xff, 0xff, 0xff, 0xff, 0xff, 0xff, 0xff, 0xff, 0xff, 0xff, 0xff, 0xff, 0xff, 0xff,
  0xff, 0xff, 0xff, 0xff, 0xff, 0xff, 0xff, 0xff, 0xff, 0xff, 0xff, 0xff, 0xff, 0xff, 0xff, 0xff,
  0xff, 0xff, 0xff, 0xff, 0xff, 0xff, 0xff, 0xff, 0xff, 0xff, 0xff, 0xff, 0xff, 0xff, 0xff, 0xff,
  0xff, 0xff, 0xff, 0xff, 0xff, 0xff, 0xff, 0xff, 0xff, 0xff, 0xff, 0xff, 0xff, 0xff, 0xff, 0xff,
  0xff, 0xff, 0xff, 0xff, 0xff, 0xff, 0xff, 0xff, 0xff, 0xff, 0xff, 0xff, 0xff, 0xff, 0xff, 0xff,
  0xff, 0xff, 0xff, 0xff, 0xff, 0xff, 0xff, 0xff, 0xff, 0xff, 0xff, 0xff, 0xff, 0xff, 0xff, 0xff,
  0xff, 0xff, 0xff, 0xff, 0xff, 0xff, 0xff, 0xff, 0xff, 0xff, 0xff, 0xff, 0xff, 0xff, 0xff, 0xff,
  0xff, 0xff, 0xff, 0xff, 0xff, 0xff, 0xff, 0xff, 0xff, 0xff, 0xff, 0xff, 0xff, 0xff, 0xff, 0xff,
  0xff, 0xff, 0xff, 0xff, 0xff, 0xff, 0xff, 0xff, 0xff, 0xff, 0xff, 0xff, 0xff, 0xff, 0xff, 0xff,
  0xff, 0xff, 0xff, 0xff, 0xff, 0xff, 0xff, 0xff, 0xff, 0xff, 0xff, 0xff, 0xff, 0xff, 0xff, 0xff,
  0xff, 0xff, 0xff, 0xff, 0xff, 0xff, 0xff, 0xff, 0xff, 0xff, 0xff, 0xff, 0xff, 0xff, 0xff, 0xff,
  0xff, 0xff, 0xff, 0xff, 0xff, 0xff, 0xff, 0xff, 0xff, 0xff, 0xff, 0xff, 0xff, 0xff, 0xff, 0xff,
  0xff, 0xff, 0xff, 0xff, 0xff, 0xff, 0xff, 0xff, 0xff, 0xff, 0xff, 0xff, 0xff, 0xff, 0xff, 0xff,
  0xff, 0xff, 0xff, 0xff, 0xff, 0xff, 0xff, 0xff, 0xff, 0xff, 0xff, 0xff, 0xff, 0xff, 0xff, 0xff,
  0xff, 0xff, 0xff, 0xff, 0xff, 0xff, 0xff, 0xff, 0xff, 0xff, 0xff, 0xff, 0xff, 0xff, 0xff, 0xff,
  0xff, 0xff, 0xff, 0xff, 0xff, 0xff, 0xff, 0xff, 0xff, 0xff, 0xff, 0xff, 0xff, 0xff, 0xff, 0xff,
  0xff, 0xff, 0xff, 0xff, 0xff, 0xff, 0xff, 0xff, 0xff, 0xff, 0xff, 0xff, 0xff, 0xff, 0xff, 0xff,
  0xff, 0xff, 0xff, 0xff, 0xff, 0xff, 0xff, 0xff, 0xff, 0xff, 0xff, 0xff, 0xff, 0xff, 0xff, 0xff,
  0xff, 0xff, 0xff, 0xff, 0xff, 0xff, 0xff, 0xff, 0xff, 0xff, 0xff, 0xff, 0xff, 0xff, 0xff, 0xff,
  0xff, 0xff, 0xff, 0xff, 0xff, 0xff, 0xff, 0xff, 0xff, 0xff, 0xff, 0xff, 0xff, 0xff, 0xff, 0xff,
  0xff, 0xff, 0xff, 0xff, 0xff, 0xff, 0xff, 0xff, 0xff, 0xff, 0xff, 0xff, 0xff, 0xff, 0xff, 0xff,
  0xff, 0xff, 0xff, 0xff, 0xff, 0xff, 0xff, 0xff, 0xff, 0xff, 0xff, 0xff, 0xff, 0xff, 0xff, 0xff,
  0xff, 0xff, 0xff, 0xff, 0xff, 0xff, 0xff, 0xff, 0xff, 0xff, 0xff, 0xff, 0xff, 0xff, 0xff, 0xff,
  0xff, 0xff, 0xff, 0xff, 0xff, 0xff, 0xff, 0xff, 0xff, 0xff, 0xff, 0xff, 0xff, 0xff, 0xff, 0xff,
  0xff, 0xff, 0xff, 0xff, 0xff, 0xff, 0xff, 0xff, 0xff, 0xff, 0xff, 0xff, 0xff, 0xff, 0xff, 0xff,
  0xff, 0xff, 0xff, 0xff, 0xff, 0xff, 0xff, 0xff, 0xff, 0xff, 0xff, 0xff, 0xff, 0xff, 0xff, 0xff,
  0xff, 0xff, 0xff, 0xff, 0xff, 0xff, 0xff, 0xff, 0xff, 0xff, 0xff, 0xff, 0xff, 0xff, 0xff, 0xff,
  0xff, 0xff, 0xff, 0xff, 0xff, 0xff, 0xff, 0xff, 0xff, 0xff, 0xff, 0xff, 0xff, 0xff, 0xff, 0xff,
  0xff, 0xff, 0xff, 0xff, 0xff, 0xff, 0xff, 0xff, 0xff, 0xff, 0xff, 0xff, 0xff, 0xff, 0xff, 0xff,
  0xff, 0xff, 0xff, 0xff, 0xff, 0xff, 0xff, 0xff, 0xff, 0xff, 0xff, 0xff, 0xff, 0xff, 0xff, 0xff,
  0xff, 0xff, 0xff, 0xff, 0xff, 0xff, 0xff, 0xff, 0xff, 0xff, 0xff, 0xff, 0xff, 0xff, 0xff, 0xff,
  0xff, 0xff, 0xff, 0xff, 0xff, 0xff, 0xff, 0xff, 0xff, 0xff, 0xff, 0xff, 0xff, 0xff, 0xff, 0xff,
  0xff, 0xff, 0xff, 0xff, 0xff, 0xff, 0xff, 0xff, 0xff, 0xff, 0xff, 0xff, 0xff, 0xff, 0xff, 0xff,
  0xff, 0xff, 0xff, 0xff, 0xff, 0xff, 0xff, 0xff, 0xff, 0xff, 0xff, 0xff, 0xff, 0xff, 0xff, 0xff,
  0xff, 0xff, 0xff, 0xff, 0xff, 0xff, 0xff, 0xff, 0xff, 0xff, 0xff, 0xff, 0xff, 0xff, 0xff, 0xff,
  0xff, 0xff, 0xff, 0xff, 0xff, 0xff, 0xff, 0xff, 0xff, 0xff, 0xff, 0xff, 0xff, 0xff, 0xff, 0xff,
  0xff, 0xff, 0xff, 0xff, 0xff, 0xff, 0xff, 0xff, 0xff, 0xff, 0xff, 0xff, 0xff, 0xff, 0xff, 0xff,
  0xff, 0xff, 0xff, 0xff, 0xff, 0xff, 0xff, 0xff, 0xff, 0xff, 0xff, 0xff, 0xff, 0xff, 0xff, 0xff,
  0xff, 0xff, 0xff, 0xff, 0xff, 0xff, 0xff, 0xff, 0xff, 0xff, 0xff, 0xff, 0xff, 0xff, 0xff, 0xff,
  0xff, 0xff, 0xff, 0xff, 0xff, 0xff, 0xff, 0xff, 0xff, 0xff, 0xff, 0xff, 0xff, 0xff, 0xff, 0xff,
  0xff, 0xff, 0xff, 0xff, 0xff, 0xff, 0xff, 0xff, 0xff, 0xff, 0xff, 0xff, 0xff, 0xff, 0xff, 0xff,
  0xff, 0xff, 0xff, 0xff, 0xff, 0xff, 0xff, 0xff, 0xff, 0xff, 0xff, 0xff, 0xff, 0xff, 0xff, 0xff,
  0xff, 0xff, 0xff, 0xff, 0xff, 0xff, 0xff, 0xff, 0xff, 0xff, 0xff, 0xff, 0xff, 0xff, 0xff, 0xff,
  0xff, 0xff, 0xff, 0xff, 0xff, 0xff, 0xff, 0xff, 0xff, 0xff, 0xff, 0xff, 0xff, 0xff, 0xff, 0xff,
  0xff, 0xff, 0xff, 0xff, 0xff, 0xff, 0xff, 0xff, 0xff, 0xff, 0xff, 0xff, 0xff, 0xff, 0xff, 0xff,
  0xff, 0xff, 0xff, 0xff, 0xff, 0xff, 0xff, 0xff, 0xff, 0xff, 0xff, 0xff, 0xff, 0xff, 0xff, 0xff,
  0xff, 0xff, 0xff, 0xff, 0xff, 0xff, 0xff, 0xff, 0xff, 0xff, 0xff, 0xff, 0xff, 0xff, 0xff, 0xff,
  0xff, 0xff, 0xff, 0xff, 0xff, 0xff, 0xff, 0xff, 0xff, 0xff, 0xff, 0xff, 0xff, 0xff, 0xff, 0xff,
  0xff, 0xff, 0xff, 0xff, 0xff, 0xff, 0xff, 0xff, 0xff, 0xff, 0xff, 0xff, 0xff, 0xff, 0xff, 0xff,
  0xff, 0xff, 0xff, 0xff, 0xff, 0xff, 0xff, 0xff, 0xff, 0xff, 0xff, 0xff, 0xff, 0xff, 0xff, 0xff,
  0xff, 0xff, 0xff, 0xff, 0xff, 0xff, 0xff, 0xff, 0xff, 0xff, 0xff, 0xff, 0xff, 0xff, 0xff, 0xff,
  0xff, 0xff, 0xff, 0xff, 0xff, 0xff, 0xff, 0xff, 0xff, 0xff, 0xff, 0xff, 0xff, 0xff, 0xff, 0xff,
  0xff, 0xff, 0xff, 0xff, 0xff, 0xff, 0xff, 0xff, 0xff, 0xff, 0xff, 0xff, 0xff, 0xff, 0xff, 0xff,
  0xff, 0xff, 0xff, 0xff, 0xff, 0xff, 0xff, 0xff, 0xff, 0xff, 0xff, 0xff, 0xff, 0xff, 0xff, 0xff,
  0xff, 0xff, 0xff, 0xff, 0xff, 0xff, 0xff, 0xff, 0xff, 0xff, 0xff, 0xff, 0xff, 0xff, 0xff, 0xff,
  0xff, 0xff, 0xff, 0xff, 0xff, 0xff, 0xff, 0xff, 0xff, 0xff, 0xff, 0xff, 0xff, 0xff, 0xff, 0xff,
  0xff, 0xff, 0xff, 0xff, 0xff, 0xff, 0xff, 0xff, 0xff, 0xff, 0xff, 0xff, 0xff, 0xff, 0xff, 0xff,
  0xff, 0xff, 0xff, 0xff, 0xff, 0xff, 0xff, 0xff, 0xff, 0xff, 0xff, 0xff, 0xff, 0xff, 0xff, 0xff,
  0xff, 0xff, 0xff, 0xff, 0xff, 0xff, 0xff, 0xff, 0xff, 0xff, 0xff, 0xff, 0xff, 0xff, 0xff, 0xff,
  0xff, 0xff, 0xff, 0xff, 0xff, 0xff, 0xff, 0xff, 0xff, 0xff, 0xff, 0xff, 0xff, 0xff, 0xff, 0xff,
  0xff, 0xff, 0xff, 0xff, 0xff, 0xff, 0xff, 0xff, 0xff, 0xff, 0xff, 0xff, 0xff, 0xff, 0xff, 0xff,
  0xff, 0xff, 0xff, 0xff, 0xff, 0xff, 0xff, 0xff, 0xff, 0xff, 0xff, 0xff, 0xff, 0xff, 0xff, 0xff,
  0xff, 0xff, 0xff, 0xff, 0xff, 0xff, 0xff, 0xff, 0xff, 0xff, 0xff, 0xff, 0xff, 0xff, 0xff, 0xff,
  0xff, 0xff, 0xff, 0xff, 0xff, 0xff, 0xff, 0xff, 0xff, 0xff, 0xff, 0xff, 0xff, 0xff, 0xff, 0xff,
  0xff, 0xff, 0xff, 0xff, 0xff, 0xff, 0xff, 0xff, 0xff, 0xff, 0xff, 0xff, 0xff, 0xff, 0xff, 0xff,
  0xff, 0xff, 0xff, 0xff, 0xff, 0xff, 0xff, 0xff, 0xff, 0xff, 0xff, 0xff, 0xff, 0xff, 0xff, 0xff,
  0xff, 0xff, 0xff, 0xff, 0xff, 0xff, 0xff, 0xff, 0xff, 0xff, 0xff, 0xff, 0xff, 0xff, 0xff, 0xff,
  0xff, 0xff, 0xff, 0xff, 0xff, 0xff, 0xff, 0xff, 0xff, 0xff, 0xff, 0xff, 0xff, 0xff, 0xff, 0xff,
  0xff, 0xff, 0xff, 0xff, 0xff, 0xff, 0xff, 0xff, 0xff, 0xff, 0xff, 0xff, 0xff, 0xff, 0xff, 0xff,
  0xff, 0xff, 0xff, 0xff, 0xff, 0xff, 0xff, 0xff, 0xff, 0xff, 0xff, 0xff, 0xff, 0xff, 0xff, 0xff,
  0xff, 0xff, 0xff, 0xff, 0xff, 0xff, 0xff, 0xff, 0xff, 0xff, 0xff, 0xff, 0xff, 0xff, 0xff, 0xff,
  0xff, 0xff, 0xff, 0xff, 0xff, 0xff, 0xff, 0xff, 0xff, 0xff, 0xff, 0xff, 0xff, 0xff, 0xff, 0xff,
  0xff, 0xff, 0xff, 0xff, 0xff, 0xff, 0xff, 0xff, 0xff, 0xff, 0xff, 0xff, 0xff, 0xff, 0xff, 0xff,
  0xff, 0xff, 0xff, 0xff, 0xff, 0xff, 0xff, 0xff, 0xff, 0xff, 0xff, 0xff, 0xff, 0xff, 0xff, 0xff,
  0xff, 0xff, 0xff, 0xff, 0xff, 0xff, 0xff, 0xff, 0xff, 0xff, 0xff, 0xff, 0xff, 0xff, 0xff, 0xff,
  0xff, 0xff, 0xff, 0xff, 0xff, 0xff, 0xff, 0xff, 0xff, 0xff, 0xff, 0xff, 0xff, 0xff, 0xff, 0xff,
  0xff, 0xff, 0xff, 0xff, 0xff, 0xff, 0xff, 0xff, 0xff, 0xff, 0xff, 0xff, 0xff, 0xff, 0xff, 0xff,
  0xff, 0xff, 0xff, 0xff, 0xff, 0xff, 0xff, 0xff, 0xff, 0xff, 0xff, 0xff, 0xff, 0xff, 0xff, 0xff,
  0xff, 0xff, 0xff, 0xff, 0xff, 0xff, 0xff, 0xff, 0xff, 0xff, 0xff, 0xff, 0xff, 0xff, 0xff, 0xff,
  0xff, 0xff, 0xff, 0xff, 0xff, 0xff, 0xff, 0xff, 0xff, 0xff, 0xff, 0xff, 0xff, 0xff, 0xff, 0xff,
  0xff, 0xff, 0xff, 0xff, 0xff, 0xff, 0xff, 0xff, 0xff, 0xff, 0xff, 0xff, 0xff, 0xff, 0xff, 0xff,
  0xff, 0xff, 0xff, 0xff, 0xff, 0xff, 0xff, 0xff, 0xff, 0xff, 0xff, 0xff, 0xff, 0xff, 0xff, 0xff,
  0xff, 0xff, 0xff, 0xff, 0xff, 0xff, 0xff, 0xff, 0xff, 0xff, 0xff, 0xff, 0xff, 0xff, 0xff, 0xff,
  0xff, 0xff, 0xff, 0xff, 0xff, 0xff, 0xff, 0xff, 0xff, 0xff, 0xff, 0xff, 0xff, 0xff, 0xff, 0xff,
  0xff, 0xff, 0xff, 0xff, 0xff, 0xff, 0xff, 0xff, 0xff, 0xff, 0xff, 0xff, 0xff, 0xff, 0xff, 0xff,
  0xff, 0xff, 0xff, 0xff, 0xff, 0xff, 0xff, 0xff, 0xff, 0xff, 0xff, 0xff, 0xff, 0xff, 0xff, 0xff,
  0xff, 0xff, 0xff, 0xff, 0xff, 0xff, 0xff, 0xff, 0xff, 0xff, 0xff, 0xff, 0xff, 0xff, 0xff, 0xff,
  0xff, 0xff, 0xff, 0xff, 0xff, 0xff, 0xff, 0xff, 0xff, 0xff, 0xff, 0xff, 0xff, 0xff, 0xff, 0xff,
  0xff, 0xff, 0xff, 0xff, 0xff, 0xff, 0xff, 0xff, 0xff, 0xff, 0xff, 0xff, 0xff, 0xff, 0xff, 0xff,
  0xff, 0xff, 0xff, 0xff, 0xff, 0xff, 0xff, 0xff, 0xff, 0xff, 0xff, 0xff, 0xff, 0xff, 0xff, 0xff,
  0xff, 0xff, 0xff, 0xff, 0xff, 0xff, 0xff, 0xff, 0xff, 0xff, 0xff, 0xff, 0xff, 0xff, 0xff, 0xff,
  0xff, 0xff, 0xff, 0xff, 0xff, 0xff, 0xff, 0xff, 0xff, 0xff, 0xff, 0xff, 0xff, 0xff, 0xff, 0xff,
  0xff, 0xff, 0xff, 0xff, 0xff, 0xff, 0xff, 0xff, 0xff, 0xff, 0xff, 0xff, 0xff, 0xff, 0xff, 0xff,
  0xff, 0xff, 0xff, 0xff, 0xff, 0xff, 0xff, 0xff, 0xff, 0xff, 0xff, 0xff, 0xff, 0xff, 0xff, 0xff,
  0xff, 0xff, 0xff, 0xff, 0xff, 0xff, 0xff, 0xff, 0xff, 0xff, 0xff, 0xff, 0xff, 0xff, 0xff, 0xff,
  0xff, 0xff, 0xff, 0xff, 0xff, 0xff, 0xff, 0xff, 0xff, 0xff, 0xff, 0xff, 0xff, 0xff, 0xff, 0xff,
  0xff, 0xff, 0xff, 0xff, 0xff, 0xff, 0xff, 0xff, 0xff, 0xff, 0xff, 0xff, 0xff, 0xff, 0xff, 0xff,
  0xff, 0xff, 0xff, 0xff, 0xff, 0xff, 0xff, 0xff, 0xff, 0xff, 0xff, 0xff, 0xff, 0xff, 0xff, 0xff,
  0xff, 0xff, 0xff, 0xff, 0xff, 0xff, 0xff, 0xff, 0xff, 0xff, 0xff, 0xff, 0xff, 0xff, 0xff, 0xff,
  0xff, 0xff, 0xff, 0xff, 0xff, 0xff, 0xff, 0xff, 0xff, 0xff, 0xff, 0xff, 0xff, 0xff, 0xff, 0xff,
  0xff, 0xff, 0xff, 0xff, 0xff, 0xff, 0xff, 0xff, 0xff, 0xff, 0xff, 0xff, 0xff, 0xff, 0xff, 0xff,
  0xff, 0xff, 0xff, 0xff, 0xff, 0xff, 0xff, 0xff, 0xff, 0xff, 0xff, 0xff, 0xff, 0xff, 0xff, 0xff,
  0xff, 0xff, 0xff, 0xff, 0xff, 0xff, 0xff, 0xff, 0xff, 0xff, 0xff, 0xff, 0xff, 0xff, 0xff, 0xff,
  0xff, 0xff, 0xff, 0xff, 0xff, 0xff, 0xff, 0xff, 0xff, 0xff, 0xff, 0xff, 0xff, 0xff, 0xff, 0xff,
  0xff, 0xff, 0xff, 0xff, 0xff, 0xff, 0xff, 0xff, 0xff, 0xff, 0xff, 0xff, 0xff, 0xff, 0xff, 0xff,
  0xff, 0xff, 0xff, 0xff, 0xff, 0xff, 0xff, 0xff, 0xff, 0xff, 0xff, 0xff, 0xff, 0xff, 0xff, 0xff,
  0xff, 0xff, 0xff, 0xff, 0xff, 0xff, 0xff, 0xff, 0xff, 0xff, 0xff, 0xff, 0xff, 0xff, 0xff, 0xff,
  0xff, 0xff, 0xff, 0xff, 0xff, 0xff, 0xff, 0xff, 0xff, 0xff, 0xff, 0xff, 0xff, 0xff, 0xff, 0xff,
  0xff, 0xff, 0xff, 0xff, 0xff, 0xff, 0xff, 0xff, 0xff, 0xff, 0xff, 0xff, 0xff, 0xff, 0xff, 0xff,
  0xff, 0xff, 0xff, 0xff, 0xff, 0xff, 0xff, 0xff, 0xff, 0xff, 0xff, 0xff, 0xff, 0xff, 0xff, 0xff,
  0xff, 0xff, 0xff, 0xff, 0xff, 0xff, 0xff, 0xff, 0xff, 0xff, 0xff, 0xff, 0xff, 0xff, 0xff, 0xff,
  0xff, 0xff, 0xff, 0xff, 0xff, 0xff, 0xff, 0xff, 0xff, 0xff, 0xff, 0xff, 0xff, 0xff, 0xff, 0xff,
  0xff, 0xff, 0xff, 0xff, 0xff, 0xff, 0xff, 0xff, 0xff, 0xff, 0xff, 0xff, 0xff, 0xff, 0xff, 0xff,
  0xff, 0xff, 0xff, 0xff, 0xff, 0xff, 0xff, 0xff, 0xff, 0xff, 0xff, 0xff, 0xff, 0xff, 0xff, 0xff,
  0xff, 0xff, 0xff, 0xff, 0xff, 0xff, 0xff, 0xff, 0xff, 0xff, 0xff, 0xff, 0xff, 0xff, 0xff, 0xff,
  0xff, 0xff, 0xff, 0xff, 0xff, 0xff, 0xff, 0xff, 0xff, 0xff, 0xff, 0xff, 0xff, 0xff, 0xff, 0xff,
  0xff, 0xff, 0xff, 0xff, 0xff, 0xff, 0xff, 0xff, 0xff, 0xff, 0xff, 0xff, 0xff, 0xff, 0xff, 0xff,
  0xff, 0xff, 0xff, 0xff, 0xff, 0xff, 0xff, 0xff, 0xff, 0xff, 0xff, 0xff, 0xff, 0xff, 0xff, 0xff,
  0xff, 0xff, 0xff, 0xff, 0xff, 0xff, 0xff, 0xff, 0xff, 0xff, 0xff, 0xff, 0xff, 0xff, 0xff, 0xff,
  0xff, 0xff, 0xff, 0xff, 0xff, 0xff, 0xff, 0xff, 0xff, 0xff, 0xff, 0xff, 0xff, 0xff, 0xff, 0xff,
  0xff, 0xff, 0xff, 0xff, 0xff, 0xff, 0xff, 0xff, 0xff, 0x0e, 0x00, 0x00, 0x00, 0x0e, 0x00, 0x00,
  0x00, 0x0e, 0x00, 0x00, 0x00, 0x0e, 0x00, 0x00, 0x00, 0x0e, 0x00, 0x00, 0x00, 0x0e, 0x00, 0x00,
  0x00, 0x0e, 0x00, 0x00, 0x00, 0x0e, 0x00, 0x00, 0x00, 0x0e, 0x00, 0x00, 0x00, 0x0e, 0x00, 0x00,
  0x00, 0x0e, 0x00, 0x00, 0x00, 0x0e, 0x00, 0x00, 0x00, 0x0e, 0x00, 0x00, 0x00, 0x0e, 0x00, 0x00,
  0x00, 0x0e, 0x00, 0x00, 0x00, 0x0e, 0x00, 0x00, 0x00, 0x0e, 0x00, 0x00, 0x00, 0x0e, 0x00, 0x00,
  0x00, 0x0e, 0x00, 0x00, 0x00, 0x0e, 0x00, 0x00, 0x00, 0x0e, 0x00, 0x00, 0x00, 0x0e, 0x00, 0x00,
  0x00, 0x0e, 0x00, 0x00, 0x00, 0x0e, 0x00, 0x00, 0x00, 0x0e, 0x00, 0x00, 0x00, 0x0e, 0x00, 0x00,
  0x00, 0x0e, 0x00, 0x00, 0x00, 0x0e, 0x00, 0x00, 0x00, 0x0e, 0x00, 0x00, 0x00, 0x0e, 0x00, 0x00,
  0x00, 0x0e, 0x00, 0x00, 0x00, 0x0e, 0x00, 0x00, 0x00, 0x0e, 0x00, 0x00, 0x00, 0xff, 0xff, 0xff,
  0xff, 0x0e, 0x00, 0x00, 0x00, 0x0e, 0x00, 0x00, 0x00, 0x0e, 0x00, 0x00, 0x00, 0x0e, 0x00, 0x00,
  0x00, 0x0e, 0x00, 0x00, 0x00, 0x0e, 0x00, 0x00, 0x00, 0x0e, 0x00, 0x00, 0x00, 0x0e, 0x00, 0x00,
  0x00, 0x0e, 0x00, 0x00, 0x00, 0xff, 0xff, 0xff, 0xff, 0xff, 0xff, 0xff, 0xff, 0xff, 0xff, 0xff,
  0xff, 0xff, 0xff, 0xff, 0xff, 0x0e, 0x00, 0x00, 0x00, 0xff, 0xff, 0xff, 0xff, 0xff, 0xff, 0xff,
  0xff, 0xff, 0xff, 0xff, 0xff, 0xff, 0xff, 0xff, 0xff, 0xff, 0xff, 0xff, 0xff, 0xff, 0xff, 0xff,
  0xff, 0xff, 0xff, 0xff, 0xff, 0xff, 0xff, 0xff, 0xff, 0xff, 0xff, 0xff, 0xff, 0xff, 0xff, 0xff,
  0xff, 0x0e, 0x00, 0x00, 0x00, 0x0e, 0x00, 0x00, 0x00, 0xff, 0xff, 0xff, 0xff, 0x0e, 0x00, 0x00,
  0x00, 0xff, 0xff, 0xff, 0xff, 0x0e, 0x00, 0x00, 0x00, 0x0e, 0x00, 0x00, 0x00, 0x0e, 0x00, 0x00,
  0x00, 0x0e, 0x00, 0x00, 0x00, 0x0e, 0x00, 0x00, 0x00, 0x0e, 0x00, 0x00, 0x00, 0x0e, 0x00, 0x00,
  0x00, 0x0e, 0x00, 0x00, 0x00, 0x0e, 0x00, 0x00, 0x00, 0x0e, 0x00, 0x00, 0x00, 0x0e, 0x00, 0x00,
  0x00, 0x0e, 0x00, 0x00, 0x00, 0x0e, 0x00, 0x00, 0x00, 0x0e, 0x00, 0x00, 0x00, 0x0e, 0x00, 0x00,
  0x00, 0x0e, 0x00, 0x00, 0x00, 0x0e, 0x00, 0x00, 0x00, 0x0e, 0x00, 0x00, 0x00, 0x0e, 0x00, 0x00,
  0x00, 0x0e, 0x00, 0x00, 0x00, 0x0e, 0x00, 0x00, 0x00, 0x0e, 0x00, 0x00, 0x00, 0x0e, 0x00, 0x00,
  0x00, 0x0e, 0x00, 0x00, 0x00, 0x0e, 0x00, 0x00, 0x00, 0x0e, 0x00, 0x00, 0x00, 0x0e, 0x00, 0x00,
  0x00, 0x0e, 0x00, 0x00, 0x00, 0xff, 0xff, 0xff, 0xff, 0x0e, 0x00, 0x00, 0x00, 0xff, 0xff, 0xff,
  0xff, 0x0e, 0x00, 0x00, 0x00, 0x0e, 0x00, 0x00, 0x00, 0x0e, 0x00, 0x00, 0x00, 0x0e, 0x00, 0x00,
  0x00, 0x0e, 0x00, 0x00, 0x00, 0x0e, 0x00, 0x00, 0x00, 0x0e, 0x00, 0x00, 0x00, 0x0e, 0x00, 0x00,
  0x00, 0x0e, 0x00, 0x00, 0x00, 0x0e, 0x00, 0x00, 0x00, 0x0e, 0x00, 0x00, 0x00, 0x0e, 0x00, 0x00,
  0x00, 0x0e, 0x00, 0x00, 0x00, 0x0e, 0x00, 0x00, 0x00, 0x0e, 0x00, 0x00, 0x00, 0x0e, 0x00, 0x00,
  0x00, 0x0e, 0x00, 0x00, 0x00, 0x0e, 0x00, 0x00, 0x00, 0x0e, 0x00, 0x00, 0x00, 0x0e, 0x00, 0x00,
  0x00, 0x0e, 0x00, 0x00, 0x00, 0x0e, 0x00, 0x00, 0x00, 0x0e, 0x00, 0x00, 0x00, 0x0e, 0x00, 0x00,
  0x00, 0x0e, 0x00, 0x00, 0x00, 0x0e, 0x00, 0x00, 0x00, 0x0e, 0x00, 0x00, 0x00, 0x0e, 0x00, 0x00,
  0x00, 0x0e, 0x00, 0x00, 0x00, 0xff, 0xff, 0xff, 0xff, 0x0e, 0x00, 0x00, 0x00, 0xff, 0xff, 0xff,
  0xff, 0x0e, 0x00, 0x00, 0x00, 0x0e, 0x00, 0x00, 0x00, 0xff, 0xff, 0xff, 0xff, 0xff, 0xff, 0xff,
  0xff, 0xff, 0xff, 0xff, 0xff, 0xff, 0xff, 0xff, 0xff, 0xff, 0xff, 0xff, 0xff, 0xff, 0xff, 0xff,
  0xff, 0xff, 0xff, 0xff, 0xff, 0xff, 0xff, 0xff, 0xff, 0xff, 0xff, 0xff, 0xff, 0xff, 0xff, 0xff,
  0xff, 0xff, 0xff, 0xff, 0xff, 0xff, 0xff, 0xff, 0xff, 0xff, 0xff, 0xff, 0xff, 0xff, 0xff, 0xff,
  0xff, 0xff, 0xff, 0xff, 0xff, 0xff, 0xff, 0xff, 0xff, 0xff, 0xff, 0xff, 0xff, 0xff, 0xff, 0xff,
  0xff, 0xff, 0xff, 0xff, 0xff, 0xff, 0xff, 0xff, 0xff, 0xff, 0xff, 0xff, 0xff, 0xff, 0xff, 0xff,
  0xff, 0xff, 0xff, 0xff, 0xff, 0xff, 0xff, 0xff, 0xff, 0xff, 0xff, 0xff, 0xff, 0xff, 0xff, 0xff,
  0xff, 0xff, 0xff, 0xff, 0xff, 0xff, 0xff, 0xff, 0xff, 0xff, 0xff, 0xff, 0xff, 0xff, 0xff, 0xff,
  0xff, 0xff, 0xff, 0xff, 0xff, 0xff, 0xff, 0xff, 0xff, 0xff, 0xff, 0xff, 0xff, 0xff, 0xff, 0xff,
  0xff, 0xff, 0xff, 0xff, 0xff, 0xff, 0xff, 0xff, 0xff, 0xff, 0xff, 0xff, 0xff, 0xff, 0xff, 0xff,
  0xff, 0xff, 0xff, 0xff, 0xff, 0xff, 0xff, 0xff, 0xff, 0xff, 0xff, 0xff, 0xff, 0xff, 0xff, 0xff,
  0xff, 0xff, 0xff, 0xff, 0xff, 0xff, 0xff, 0xff, 0xff, 0xff, 0xff, 0xff, 0xff, 0xff, 0xff, 0xff,
  0xff, 0xff, 0xff, 0xff, 0xff, 0xff, 0xff, 0xff, 0xff, 0x0f, 0x00, 0x00, 0x00, 0x0f, 0x00, 0x00,
  0x00, 0x0f, 0x00, 0x00, 0x00, 0x0f, 0x00, 0x00, 0x00, 0x0f, 0x00, 0x00, 0x00, 0x0f, 0x00, 0x00,
  0x00, 0x0f, 0x00, 0x00, 0x00, 0x0f, 0x00, 0x00, 0x00, 0x0f, 0x00, 0x00, 0x00, 0x0f, 0x00, 0x00,
  0x00, 0xff, 0xff, 0xff, 0xff, 0xff, 0xff, 0xff, 0xff, 0xff, 0xff, 0xff, 0xff, 0xff, 0xff, 0xff,
  0xff, 0xff, 0xff, 0xff, 0xff, 0xff, 0xff, 0xff, 0xff, 0xff, 0xff, 0xff, 0xff, 0xff, 0xff, 0xff,
  0xff, 0xff, 0xff, 0xff, 0xff, 0xff, 0xff, 0xff, 0xff, 0xff, 0xff, 0xff, 0xff, 0xff, 0xff, 0xff,
  0xff, 0xff, 0xff, 0xff, 0xff, 0xff, 0xff, 0xff, 0xff, 0xff, 0xff, 0xff, 0xff, 0xff, 0xff, 0xff,
  0xff, 0xff, 0xff, 0xff, 0xff, 0xff, 0xff, 0xff, 0xff, 0xff, 0xff, 0xff, 0xff, 0xff, 0xff, 0xff,
  0xff, 0xff, 0xff, 0xff, 0xff, 0xff, 0xff, 0xff, 0xff, 0xff, 0xff, 0xff, 0xff, 0xff, 0xff, 0xff,
  0xff, 0xff, 0xff, 0xff, 0xff, 0xff, 0xff, 0xff, 0xff, 0xff, 0xff, 0xff, 0xff, 0xff, 0xff, 0xff,
  0xff, 0xff, 0xff, 0xff, 0xff, 0xff, 0xff, 0xff, 0xff, 0xff, 0xff, 0xff, 0xff, 0xff, 0xff, 0xff,
  0xff, 0xff, 0xff, 0xff, 0xff, 0xff, 0xff, 0xff, 0xff, 0xff, 0xff, 0xff, 0xff, 0xff, 0xff, 0xff,
  0xff, 0xff, 0xff, 0xff, 0xff, 0xff, 0xff, 0xff, 0xff, 0xff, 0xff, 0xff, 0xff, 0xff, 0xff, 0xff,
  0xff, 0xff, 0xff, 0xff, 0xff, 0xff, 0xff, 0xff, 0xff, 0xff, 0xff, 0xff, 0xff, 0xff, 0xff, 0xff,
  0xff, 0xff, 0xff, 0xff, 0xff, 0xff, 0xff, 0xff, 0xff, 0xff, 0xff, 0xff, 0xff, 0xff, 0xff, 0xff,
  0xff, 0xff, 0xff, 0xff, 0xff, 0xff, 0xff, 0xff, 0xff, 0xff, 0xff, 0xff, 0xff, 0xff, 0xff, 0xff,
  0xff, 0xff, 0xff, 0xff, 0xff, 0xff, 0xff, 0xff, 0xff, 0xff, 0xff, 0xff, 0xff, 0xff, 0xff, 0xff,
  0xff, 0xff, 0xff, 0xff, 0xff, 0xff, 0xff, 0xff, 0xff, 0xff, 0xff, 0xff, 0xff, 0xff, 0xff, 0xff,
  0xff, 0xff, 0xff, 0xff, 0xff, 0xff, 0xff, 0xff, 0xff, 0xff, 0xff, 0xff, 0xff, 0xff, 0xff, 0xff,
  0xff, 0xff, 0xff, 0xff, 0xff, 0xff, 0xff, 0xff, 0xff, 0xff, 0xff, 0xff, 0xff, 0xff, 0xff, 0xff,
  0xff, 0xff, 0xff, 0xff, 0xff, 0xff, 0xff, 0xff, 0xff, 0x00, 0x00, 0x00, 0x00, 0x16, 0x00, 0x00,
  0x00, 0x20, 0x00, 0x00, 0x00, 0x20, 0x00, 0x00, 0x00, 0x20, 0x00, 0x00, 0x00, 0x20, 0x00, 0x00,
  0x00, 0x20, 0x00, 0x00, 0x00, 0x20, 0x00, 0x00, 0x00, 0x21, 0x00, 0x00, 0x00, 0x21, 0x00, 0x00,
  0x00, 0x21, 0x00, 0x00, 0x00, 0x21, 0x00, 0x00, 0x00, 0x21, 0x00, 0x00, 0x00, 0x21, 0x00, 0x00,
  0x00, 0x21, 0x00, 0x00, 0x00, 0x2b, 0x00, 0x00, 0x00, 0x2c, 0x00, 0x00, 0x00, 0x00, 0x00, 0x00,
  0x00, 0x20, 0x00, 0x00, 0x00, 0x01, 0x00, 0x00, 0x00, 0x21, 0x00, 0x00, 0x00, 0x21, 0x00, 0x00,
  0x00, 0x02, 0x00, 0x00, 0x00, 0x22, 0x00, 0x00, 0x00, 0x2a, 0x00, 0x00, 0x00, 0x01, 0x00, 0x00,
  0x00, 0x2b, 0x00, 0x00, 0x00, 0x2b, 0x00, 0x00, 0x00, 0x03, 0x00, 0x00, 0x00, 0x2c, 0x00, 0x00,
  0x00, 0x2c, 0x00, 0x00, 0x00, 0x04, 0x00, 0x00, 0x00, 0x2d, 0x00, 0x00, 0x00, 0x2d, 0x00, 0x00,
  0x00, 0x05, 0x00, 0x00, 0x00, 0x2e, 0x00, 0x00, 0x00, 0x2e, 0x00, 0x00, 0x00, 0x06, 0x00, 0x00,
  0x00, 0x2f, 0x00, 0x00, 0x00, 0x2f, 0x00, 0x00, 0x00, 0x01, 0x00, 0x00, 0x00, 0x30, 0x00, 0x00,
  0x00, 0x39, 0x00, 0x00, 0x00, 0x07, 0x00, 0x00, 0x00, 0x3a, 0x00, 0x00, 0x00, 0x3b, 0x00, 0x00,
  0x00, 0x01, 0x00, 0x00, 0x00, 0x3c, 0x00, 0x00, 0x00, 0x3c, 0x00, 0x00, 0x00, 0x08, 0x00, 0x00,
  0x00, 0x3d, 0x00, 0x00, 0x00, 0x3d, 0x00, 0x00, 0x00, 0x01, 0x00, 0x00, 0x00, 0x3e, 0x00, 0x00,
  0x00, 0x3e, 0x00, 0x00, 0x00, 0x09, 0x00, 0x00, 0x00, 0x3f, 0x00, 0x00, 0x00, 0x5a, 0x00, 0x00,
  0x00, 0x01, 0x00, 0x00, 0x00, 0x5b, 0x00, 0x00, 0x00, 0x5b, 0x00, 0x00, 0x00, 0x0a, 0x00, 0x00,
  0x00, 0x5c, 0x00, 0x00, 0x00, 0x5c, 0x00, 0x00, 0x00, 0x01, 0x00, 0x00, 0x00, 0x5d, 0x00, 0x00,
  0x00, 0x5d, 0x00, 0x00, 0x00, 0x0b, 0x00, 0x00, 0x00, 0x5e, 0x00, 0x00, 0x00, 0x7a, 0x00, 0x00,
  0x00, 0x01, 0x00, 0x00, 0x00, 0x7b, 0x00, 0x00, 0x00, 0x7b, 0x00, 0x00, 0x00, 0x0c, 0x00, 0x00,
  0x00, 0x7c, 0x00, 0x00, 0x00, 0x7c, 0x00, 0x00, 0x00, 0x01, 0x00, 0x00, 0x00, 0x7d, 0x00, 0x00,
  0x00, 0x7d, 0x00, 0x00, 0x00, 0x0d, 0x00, 0x00, 0x00, 0x7e, 0x00, 0x00, 0x00, 0xff, 0xff, 0x10,
  0x00, 0x01, 0x00, 0x00, 0x00, 0x00, 0x00, 0x00, 0x00, 0x20, 0x00, 0x00, 0x00, 0x0e, 0x00, 0x00,
  0x00, 0x22, 0x00, 0x00, 0x00, 0x2a, 0x00, 0x00, 0x00, 0x0e, 0x00, 0x00, 0x00, 0x2f, 0x00, 0x00,
  0x00, 0x2f, 0x00, 0x00, 0x00, 0x0e, 0x00, 0x00, 0x00, 0x3a, 0x00, 0x00, 0x00, 0x3b, 0x00, 0x00,
  0x00, 0x0e, 0x00, 0x00, 0x00, 0x3d, 0x00, 0x00, 0x00, 0x3d, 0x00, 0x00, 0x00, 0x0e, 0x00, 0x00,
  0x00, 0x3f, 0x00, 0x00, 0x00, 0x5a, 0x00, 0x00, 0x00, 0x0e, 0x00, 0x00, 0x00, 0x5c, 0x00, 0x00,
  0x00, 0x5c, 0x00, 0x00, 0x00, 0x0e, 0x00, 0x00, 0x00, 0x5e, 0x00, 0x00, 0x00, 0x7a, 0x00, 0x00,
  0x00, 0x0e, 0x00, 0x00, 0x00, 0x7c, 0x00, 0x00, 0x00, 0x7c, 0x00, 0x00, 0x00, 0x0e, 0x00, 0x00,
  0x00, 0x7e, 0x00, 0x00, 0x00, 0xff, 0xff, 0x10, 0x00, 0x0e, 0x00, 0x00, 0x00, 0x30, 0x00, 0x00,
  0x00, 0x39, 0x00, 0x00, 0x00, 0x0f, 0x00, 0x00, 0x00, 0x00, 0x00, 0x00, 0x00, 0x20, 0x00, 0x00,
  0x00, 0x0e, 0x00, 0x00, 0x00, 0x22, 0x00, 0x00, 0x00, 0x2a, 0x00, 0x00, 0x00, 0x0e, 0x00, 0x00,
  0x00, 0x2f, 0x00, 0x00, 0x00, 0x2f, 0x00, 0x00, 0x00, 0x0e, 0x00, 0x00, 0x00, 0x3a, 0x00, 0x00,
  0x00, 0x3b, 0x00, 0x00, 0x00, 0x0e, 0x00, 0x00, 0x00, 0x3d, 0x00, 0x00, 0x00, 0x3d, 0x00, 0x00,
  0x00, 0x0e, 0x00, 0x00, 0x00, 0x3f, 0x00, 0x00, 0x00, 0x5a, 0x00, 0x00, 0x00, 0x0e, 0x00, 0x00,
  0x00, 0x5c, 0x00, 0x00, 0x00, 0x5c, 0x00, 0x00, 0x00, 0x0e, 0x00, 0x00, 0x00, 0x5e, 0x00, 0x00,
  0x00, 0x7a, 0x00, 0x00, 0x00, 0x0e, 0x00, 0x00, 0x00, 0x7c, 0x00, 0x00, 0x00, 0x7c, 0x00, 0x00,
  0x00, 0x0e, 0x00, 0x00, 0x00, 0x7e, 0x00, 0x00, 0x00, 0xff, 0xff, 0x10, 0x00, 0x0e, 0x00, 0x00,
  0x00, 0x30, 0x00, 0x00, 0x00, 0x39, 0x00, 0x00, 0x00, 0x0f, 0x00, 0x00, 0x00, 0x00, 0x00, 0x00,
  0x00, 0x0a, 0x00, 0x00, 0x00, 0x13, 0x00, 0x00, 0x00, 0x14, 0x00, 0x00, 0x00, 0x1f, 0x00, 0x00,
  0x00, 0x2a, 0x00, 0x00, 0x00, 0x35, 0x00, 0x00, 0x00, 0x3e, 0x00, 0x00, 0x00, 0x47, 0x00, 0x00,
  0x00, 0x52, 0x00, 0x00, 0x00, 0x5d, 0x00, 0x00, 0x00, 0x68, 0x00, 0x00, 0x00, 0x73, 0x00, 0x00,
  0x00, 0x7e, 0x00, 0x00, 0x00, 0x89, 0x00, 0x00, 0x00, 0x94, 0x00, 0x00, 0x00, 0x9f, 0x00, 0x00,
  0x00, 0xaa, 0x00, 0x00, 0x00, 0xb5, 0x00, 0x00, 0x00, 0xc0, 0x00, 0x00, 0x00, 0xcb, 0x00, 0x00,
  0x00, 0xd6, 0x00, 0x00, 0x00, 0xe1, 0x00, 0x00, 0x00, 0xec, 0x00, 0x00, 0x00, 0xf7, 0x00, 0x00,
  0x00, 0x02, 0x01, 0x00, 0x00, 0x0d, 0x01, 0x00, 0x00, 0x18, 0x01, 0x00, 0x00, 0x23, 0x01, 0x00,
  0x00, 0x2e, 0x01, 0x00, 0x00, 0x39, 0x01, 0x00, 0x00, 0x44, 0x01, 0x00, 0x00, 0x4f, 0x01, 0x00,
  0x00, 0x5a, 0x01, 0x00, 0x00, 0x65, 0x01, 0x00, 0x00, 0x70, 0x01, 0x00, 0x00, 0x7b, 0x01, 0x00,
  0x00, 0x86, 0x01, 0x00, 0x00, 0x87, 0x01, 0x00, 0x00, 0x92, 0x01, 0x00, 0x00, 0x93, 0x01, 0x00,
  0x00, 0x9e, 0x01, 0x00, 0x00, 0xa9, 0x01, 0x00, 0x00, 0xb4, 0x01, 0x00, 0x00, 0xbf, 0x01, 0x00,
  0x00, 0xc8, 0x01, 0x00, 0x00, 0xd3, 0x01, 0x00, 0x00, 0xde, 0x01, 0x00, 0x00, 0xe9, 0x01, 0x00,
  0x00, 0xf2, 0x01, 0x00, 0x00, 0xfd, 0x01, 0x00, 0x00, 0x08, 0x02, 0x00, 0x00, 0x13, 0x02, 0x00,
  0x00, 0x1e, 0x02, 0x00, 0x00, 0x29, 0x02, 0x00, 0x00, 0x34, 0x02, 0x00, 0x00, 0x3f, 0x02, 0x00,
  0x00, 0x4a, 0x02, 0x00, 0x00, 0x55, 0x02, 0x00, 0x00, 0x60, 0x02, 0x00, 0x00, 0x6b, 0x02, 0x00,
  0x00, 0x76, 0x02, 0x00, 0x00, 0x81, 0x02, 0x00, 0x00, 0x8c, 0x02, 0x00, 0x00, 0x97, 0x02, 0x00,
  0x00, 0xa2, 0x02, 0x00, 0x00, 0xad, 0x02, 0x00, 0x00, 0xb8, 0x02, 0x00, 0x00, 0xc3, 0x02, 0x00,
  0x00, 0xce, 0x02, 0x00, 0x00, 0xd9, 0x02, 0x00, 0x00, 0xe4, 0x02, 0x00, 0x00, 0xef, 0x02, 0x00,
  0x00, 0xfa, 0x02, 0x00, 0x00, 0x05, 0x03, 0x00, 0x00, 0x10, 0x03, 0x00, 0x00, 0x1b, 0x03, 0x00,
  0x00, 0x26, 0x03, 0x00, 0x00, 0x31, 0x03, 0x00, 0x00, 0x3c, 0x03, 0x00, 0x00, 0x47, 0x03, 0x00,
  0x00, 0x52, 0x03, 0x00, 0x00, 0x5d, 0x03, 0x00, 0x00, 0x68, 0x03, 0x00, 0x00, 0x73, 0x03, 0x00,
  0x00, 0x7e, 0x03, 0x00, 0x00, 0x89, 0x03, 0x00, 0x00, 0x94, 0x03, 0x00, 0x00, 0x9f, 0x03, 0x00,
  0x00, 0xaa, 0x03, 0x00, 0x00, 0xb5, 0x03, 0x00, 0x00, 0xc0, 0x03, 0x00, 0x00, 0xcb, 0x03, 0x00,
  0x00, 0xd6, 0x03, 0x00, 0x00, 0xe1, 0x03, 0x00, 0x00, 0xec, 0x03, 0x00, 0x00, 0xf7, 0x03, 0x00,
  0x00, 0x02, 0x04, 0x00, 0x00, 0x0d, 0x04, 0x00, 0x00, 0x18, 0x04, 0x00, 0x00, 0x23, 0x04, 0x00,
  0x00, 0x2e, 0x04, 0x00, 0x00, 0x39, 0x04, 0x00, 0x00, 0x44, 0x04, 0x00, 0x00, 0x4f, 0x04, 0x00,
  0x00, 0x5a, 0x04, 0x00, 0x00, 0x5b, 0x04, 0x00, 0x00, 0x5c, 0x04, 0x00, 0x00, 0x5d, 0x04, 0x00,
  0x00, 0x5e, 0x04, 0x00, 0x00, 0x69, 0x04, 0x00, 0x00, 0x74, 0x04, 0x00, 0x00, 0x7f, 0x04, 0x00,
  0x00, 0x8a, 0x04, 0x00, 0x00, 0x01, 0x00, 0x00, 0x00, 0x01, 0x00, 0x00, 0x01, 0x02, 0x00, 0x00,
  0x00, 0x04, 0x00, 0x00, 0x02, 0x03, 0x00, 0x00, 0x00, 0x04, 0x00, 0x00, 0x02, 0x04, 0x00, 0x00,
  0x00, 0x04, 0x00, 0x00, 0x02, 0x05, 0x00, 0x00, 0x00, 0x04, 0x00, 0x00, 0x02, 0x06, 0x00, 0x00,
  0x00, 0x04, 0x00, 0x00, 0x02, 0x07, 0x00, 0x00, 0x00, 0x04, 0x00, 0x00, 0x02, 0x08, 0x00, 0x00,
  0x00, 0x04, 0x00, 0x00, 0x02, 0x0a, 0x00, 0x00, 0x00, 0x04, 0x00, 0x00, 0x02, 0x0c, 0x00, 0x00,
  0x00, 0x04, 0x00, 0x00, 0x02, 0x02, 0x00, 0x00, 0x00, 0x05, 0x00, 0x00, 0x02, 0x03, 0x00, 0x00,
  0x00, 0x05, 0x00, 0x00, 0x02, 0x04, 0x00, 0x00, 0x00, 0x05, 0x00, 0x00, 0x02, 0x05, 0x00, 0x00,
  0x00, 0x05, 0x00, 0x00, 0x02, 0x06, 0x00, 0x00, 0x00, 0x05, 0x00, 0x00, 0x02, 0x07, 0x00, 0x00,
  0x00, 0x05, 0x00, 0x00, 0x02, 0x08, 0x00, 0x00, 0x00, 0x05, 0x00, 0x00, 0x02, 0x0a, 0x00, 0x00,
  0x00, 0x05, 0x00, 0x00, 0x02, 0x0c, 0x00, 0x00, 0x00, 0x05, 0x00, 0x00, 0x02, 0x00, 0x00, 0x00,
  0x00, 0x00, 0x00, 0x00, 0x03, 0x00, 0x00, 0x00, 0x00, 0x01, 0x00, 0x00, 0x02, 0x01, 0x00, 0x00,
  0x00, 0x01, 0x00, 0x00, 0x02, 0x02, 0x00, 0x00, 0x00, 0x01, 0x00, 0x00, 0x02, 0x03, 0x00, 0x00,
  0x00, 0x01, 0x00, 0x00, 0x02, 0x04, 0x00, 0x00, 0x00, 0x01, 0x00, 0x00, 0x02, 0x05, 0x00, 0x00,
  0x00, 0x01, 0x00, 0x00, 0x02, 0x06, 0x00, 0x00, 0x00, 0x01, 0x00, 0x00, 0x02, 0x07, 0x00, 0x00,
  0x00, 0x01, 0x00, 0x00, 0x02, 0x08, 0x00, 0x00, 0x00, 0x01, 0x00, 0x00, 0x02, 0x0a, 0x00, 0x00,
  0x00, 0x01, 0x00, 0x00, 0x02, 0x0c, 0x00, 0x00, 0x00, 0x01, 0x00, 0x00, 0x02, 0x00, 0x00, 0x00,
  0x00, 0x03, 0x00, 0x00, 0x02, 0x01, 0x00, 0x00, 0x00, 0x01, 0x00, 0x00, 0x01, 0x02, 0x00, 0x00,
  0x00, 0x04, 0x00, 0x00, 0x02, 0x03, 0x00, 0x00, 0x00, 0x04, 0x00, 0x00, 0x02, 0x04, 0x00, 0x00,
  0x00, 0x04, 0x00, 0x00, 0x02, 0x05, 0x00, 0x00, 0x00, 0x04, 0x00, 0x00, 0x02, 0x06, 0x00, 0x00,
  0x00, 0x04, 0x00, 0x00, 0x02, 0x07, 0x00, 0x00, 0x00, 0x04, 0x00, 0x00, 0x02, 0x08, 0x00, 0x00,
  0x00, 0x04, 0x00, 0x00, 0x02, 0x0a, 0x00, 0x00, 0x00, 0x04, 0x00, 0x00, 0x02, 0x0c, 0x00, 0x00,
  0x00, 0x04, 0x00, 0x00, 0x02, 0x00, 0x00, 0x00, 0x00, 0x11, 0x00, 0x00, 0x02, 0x01, 0x00, 0x00,
  0x00, 0x11, 0x00, 0x00, 0x02, 0x02, 0x00, 0x00, 0x00, 0x11, 0x00, 0x00, 0x02, 0x03, 0x00, 0x00,
  0x00, 0x11, 0x00, 0x00, 0x02, 0x04, 0x00, 0x00, 0x00, 0x11, 0x00, 0x00, 0x02, 0x05, 0x00, 0x00,
  0x00, 0x11, 0x00, 0x00, 0x02, 0x06, 0x00, 0x00, 0x00, 0x11, 0x00, 0x00, 0x02, 0x07, 0x00, 0x00,
  0x00, 0x11, 0x00, 0x00, 0x02, 0x08, 0x00, 0x00, 0x00, 0x11, 0x00, 0x00, 0x02, 0x0a, 0x00, 0x00,
  0x00, 0x11, 0x00, 0x00, 0x02, 0x0c, 0x00, 0x00, 0x00, 0x11, 0x00, 0x00, 0x02, 0x02, 0x00, 0x00,
  0x00, 0x09, 0x00, 0x00, 0x01, 0x03, 0x00, 0x00, 0x00, 0x0a, 0x00, 0x00, 0x01, 0x04, 0x00, 0x00,
  0x00, 0x0b, 0x00, 0x00, 0x01, 0x05, 0x00, 0x00, 0x00, 0x0c, 0x00, 0x00, 0x01, 0x06, 0x00, 0x00,
  0x00, 0x0d, 0x00, 0x00, 0x01, 0x07, 0x00, 0x00, 0x00, 0x0e, 0x00, 0x00, 0x01, 0x08, 0x00, 0x00,
  0x00, 0x0f, 0x00, 0x00, 0x01, 0x0a, 0x00, 0x00, 0x00, 0x10, 0x00, 0x00, 0x01, 0x0c, 0x00, 0x00,
  0x00, 0x11, 0x00, 0x00, 0x01, 0x02, 0x00, 0x00, 0x00, 0x06, 0x00, 0x00, 0x02, 0x03, 0x00, 0x00,
  0x00, 0x06, 0x00, 0x00, 0x02, 0x04, 0x00, 0x00, 0x00, 0x06, 0x00, 0x00, 0x02, 0x05, 0x00, 0x00,
  0x00, 0x06, 0x00, 0x00, 0x02, 0x06, 0x00, 0x00, 0x00, 0x06, 0x00, 0x00, 0x02, 0x07, 0x00, 0x00,
  0x00, 0x06, 0x00, 0x00, 0x02, 0x08, 0x00, 0x00, 0x00, 0x06, 0x00, 0x00, 0x02, 0x0a, 0x00, 0x00,
  0x00, 0x06, 0x00, 0x00, 0x02, 0x0c, 0x00, 0x00, 0x00, 0x06, 0x00, 0x00, 0x02, 0x00, 0x00, 0x00,
  0x00, 0x02, 0x00, 0x00, 0x02, 0x01, 0x00, 0x00, 0x00, 0x02, 0x00, 0x00, 0x02, 0x02, 0x00, 0x00,
  0x00, 0x02, 0x00, 0x00, 0x02, 0x03, 0x00, 0x00, 0x00, 0x02, 0x00, 0x00, 0x02, 0x04, 0x00, 0x00,
  0x00, 0x02, 0x00, 0x00, 0x02, 0x05, 0x00, 0x00, 0x00, 0x02, 0x00, 0x00, 0x02, 0x06, 0x00, 0x00,
  0x00, 0x02, 0x00, 0x00, 0x02, 0x07, 0x00, 0x00, 0x00, 0x02, 0x00, 0x00, 0x02, 0x08, 0x00, 0x00,
  0x00, 0x02, 0x00, 0x00, 0x02, 0x0a, 0x00, 0x00, 0x00, 0x02, 0x00, 0x00, 0x02, 0x0c, 0x00, 0x00,
  0x00, 0x02, 0x00, 0x00, 0x02, 0x00, 0x00, 0x00, 0x00, 0x12, 0x00, 0x00, 0x02, 0x01, 0x00, 0x00,
  0x00, 0x12, 0x00, 0x00, 0x02, 0x02, 0x00, 0x00, 0x00, 0x12, 0x00, 0x00, 0x02, 0x03, 0x00, 0x00,
  0x00, 0x12, 0x00, 0x00, 0x02, 0x04, 0x00, 0x00, 0x00, 0x12, 0x00, 0x00, 0x02, 0x05, 0x00, 0x00,
  0x00, 0x12, 0x00, 0x00, 0x02, 0x06, 0x00, 0x00, 0x00, 0x12, 0x00, 0x00, 0x02, 0x07, 0x00, 0x00,
  0x00, 0x12, 0x00, 0x00, 0x02, 0x08, 0x00, 0x00, 0x00, 0x12, 0x00, 0x00, 0x02, 0x0a, 0x00, 0x00,
  0x00, 0x12, 0x00, 0x00, 0x02, 0x0c, 0x00, 0x00, 0x00, 0x12, 0x00, 0x00, 0x02, 0x00, 0x00, 0x00,
  0x00, 0x14, 0x00, 0x00, 0x02, 0x01, 0x00, 0x00, 0x00, 0x14, 0x00, 0x00, 0x02, 0x02, 0x00, 0x00,
  0x00, 0x14, 0x00, 0x00, 0x02, 0x03, 0x00, 0x00, 0x00, 0x14, 0x00, 0x00, 0x02, 0x04, 0x00, 0x00,
  0x00, 0x14, 0x00, 0x00, 0x02, 0x05, 0x00, 0x00, 0x00, 0x14, 0x00, 0x00, 0x02, 0x06, 0x00, 0x00,
  0x00, 0x14, 0x00, 0x00, 0x02, 0x07, 0x00, 0x00, 0x00, 0x14, 0x00, 0x00, 0x02, 0x08, 0x00, 0x00,
  0x00, 0x14, 0x00, 0x00, 0x02, 0x0a, 0x00, 0x00, 0x00, 0x14, 0x00, 0x00, 0x02, 0x0c, 0x00, 0x00,
  0x00, 0x14, 0x00, 0x00, 0x02, 0x00, 0x00, 0x00, 0x00, 0x16, 0x00, 0x00, 0x02, 0x01, 0x00, 0x00,
  0x00, 0x16, 0x00, 0x00, 0x02, 0x02, 0x00, 0x00, 0x00, 0x16, 0x00, 0x00, 0x02, 0x03, 0x00, 0x00,
  0x00, 0x16, 0x00, 0x00, 0x02, 0x04, 0x00, 0x00, 0x00, 0x16, 0x00, 0x00, 0x02, 0x05, 0x00, 0x00,
  0x00, 0x16, 0x00, 0x00, 0x02, 0x06, 0x00, 0x00, 0x00, 0x16, 0x00, 0x00, 0x02, 0x07, 0x00, 0x00,
  0x00, 0x16, 0x00, 0x00, 0x02, 0x08, 0x00, 0x00, 0x00, 0x16, 0x00, 0x00, 0x02, 0x0a, 0x00, 0x00,
  0x00, 0x16, 0x00, 0x00, 0x02, 0x0c, 0x00, 0x00, 0x00, 0x16, 0x00, 0x00, 0x02, 0x00, 0x00, 0x00,
  0x00, 0x18, 0x00, 0x00, 0x02, 0x01, 0x00, 0x00, 0x00, 0x18, 0x00, 0x00, 0x02, 0x02, 0x00, 0x00,
  0x00, 0x18, 0x00, 0x00, 0x02, 0x03, 0x00, 0x00, 0x00, 0x18, 0x00, 0x00, 0x02, 0x04, 0x00, 0x00,
  0x00, 0x18, 0x00, 0x00, 0x02, 0x05, 0x00, 0x00, 0x00, 0x18, 0x00, 0x00, 0x02, 0x06, 0x00, 0x00,
  0x00, 0x18, 0x00, 0x00, 0x02, 0x07, 0x00, 0x00, 0x00, 0x18, 0x00, 0x00, 0x02, 0x08, 0x00, 0x00,
  0x00, 0x18, 0x00, 0x00, 0x02, 0x0a, 0x00, 0x00, 0x00, 0x18, 0x00, 0x00, 0x02, 0x0c, 0x00, 0x00,
  0x00, 0x18, 0x00, 0x00, 0x02, 0x00, 0x00, 0x00, 0x00, 0x1a, 0x00, 0x00, 0x02, 0x01, 0x00, 0x00,
  0x00, 0x1a, 0x00, 0x00, 0x02, 0x02, 0x00, 0x00, 0x00, 0x1a, 0x00, 0x00, 0x02, 0x03, 0x00, 0x00,
  0x00, 0x1a, 0x00, 0x00, 0x02, 0x04, 0x00, 0x00, 0x00, 0x1a, 0x00, 0x00, 0x02, 0x05, 0x00, 0x00,
  0x00, 0x1a, 0x00, 0x00, 0x02, 0x06, 0x00, 0x00, 0x00, 0x1a, 0x00, 0x00, 0x02, 0x07, 0x00, 0x00,
  0x00, 0x1a, 0x00, 0x00, 0x02, 0x08, 0x00, 0x00, 0x00, 0x1a, 0x00, 0x00, 0x02, 0x0a, 0x00, 0x00,
  0x00, 0x1a, 0x00, 0x00, 0x02, 0x0c, 0x00, 0x00, 0x00, 0x1a, 0x00, 0x00, 0x02, 0x00, 0x00, 0x00,
  0x00, 0x1c, 0x00, 0x00, 0x02, 0x01, 0x00, 0x00, 0x00, 0x1c, 0x00, 0x00, 0x02, 0x02, 0x00, 0x00,
  0x00, 0x1c, 0x00, 0x00, 0x02, 0x03, 0x00, 0x00, 0x00, 0x1c, 0x00, 0x00, 0x02, 0x04, 0x00, 0x00,
  0x00, 0x1c, 0x00, 0x00, 0x02, 0x05, 0x00, 0x00, 0x00, 0x1c, 0x00, 0x00, 0x02, 0x06, 0x00, 0x00,
  0x00, 0x1c, 0x00, 0x00, 0x02, 0x07, 0x00, 0x00, 0x00, 0x1c, 0x00, 0x00, 0x02, 0x08, 0x00, 0x00,
  0x00, 0x1c, 0x00, 0x00, 0x02, 0x0a, 0x00, 0x00, 0x00, 0x1c, 0x00, 0x00, 0x02, 0x0c, 0x00, 0x00,
  0x00, 0x1c, 0x00, 0x00, 0x02, 0x01, 0x00, 0x00, 0x00, 0x1e, 0x00, 0x00, 0x02, 0x02, 0x00, 0x00,
  0x00, 0x1e, 0x00, 0x00, 0x02, 0x03, 0x00, 0x00, 0x00, 0x1e, 0x00, 0x00, 0x02, 0x04, 0x00, 0x00,
  0x00, 0x1e, 0x00, 0x00, 0x02, 0x05, 0x00, 0x00, 0x00, 0x1e, 0x00, 0x00, 0x02, 0x06, 0x00, 0x00,
  0x00, 0x1e, 0x00, 0x00, 0x02, 0x07, 0x00, 0x00, 0x00, 0x1e, 0x00, 0x00, 0x02, 0x08, 0x00, 0x00,
  0x00, 0x1e, 0x00, 0x00, 0x02, 0x09, 0x00, 0x00, 0x00, 0x1e, 0x00, 0x00, 0x02, 0x0a, 0x00, 0x00,
  0x00, 0x1e, 0x00, 0x00, 0x02, 0x0c, 0x00, 0x00, 0x00, 0x1e, 0x00, 0x00, 0x02, 0x01, 0x00, 0x00,
  0x00, 0x23, 0x00, 0x00, 0x02, 0x02, 0x00, 0x00, 0x00, 0x23, 0x00, 0x00, 0x02, 0x03, 0x00, 0x00,
  0x00, 0x23, 0x00, 0x00, 0x02, 0x04, 0x00, 0x00, 0x00, 0x23, 0x00, 0x00, 0x02, 0x05, 0x00, 0x00,
  0x00, 0x23, 0x00, 0x00, 0x02, 0x06, 0x00, 0x00, 0x00, 0x23, 0x00, 0x00, 0x02, 0x07, 0x00, 0x00,
  0x00, 0x23, 0x00, 0x00, 0x02, 0x08, 0x00, 0x00, 0x00, 0x23, 0x00, 0x00, 0x02, 0x0a, 0x00, 0x00,
  0x00, 0x23, 0x00, 0x00, 0x02, 0x0b, 0x00, 0x00, 0x00, 0x23, 0x00, 0x00, 0x02, 0x0c, 0x00, 0x00,
  0x00, 0x23, 0x00, 0x00, 0x02, 0x00, 0x00, 0x00, 0x00, 0x28, 0x00, 0x00, 0x02, 0x01, 0x00, 0x00,
  0x00, 0x28, 0x00, 0x00, 0x02, 0x02, 0x00, 0x00, 0x00, 0x28, 0x00, 0x00, 0x02, 0x03, 0x00, 0x00,
  0x00, 0x28, 0x00, 0x00, 0x02, 0x04, 0x00, 0x00, 0x00, 0x28, 0x00, 0x00, 0x02, 0x05, 0x00, 0x00,
  0x00, 0x28, 0x00, 0x00, 0x02, 0x06, 0x00, 0x00, 0x00, 0x28, 0x00, 0x00, 0x02, 0x07, 0x00, 0x00,
  0x00, 0x28, 0x00, 0x00, 0x02, 0x08, 0x00, 0x00, 0x00, 0x28, 0x00, 0x00, 0x02, 0x0a, 0x00, 0x00,
  0x00, 0x28, 0x00, 0x00, 0x02, 0x0c, 0x00, 0x00, 0x00, 0x28, 0x00, 0x00, 0x02, 0x00, 0x00, 0x00,
  0x00, 0x07, 0x00, 0x00, 0x02, 0x01, 0x00, 0x00, 0x00, 0x07, 0x00, 0x00, 0x02, 0x02, 0x00, 0x00,
  0x00, 0x07, 0x00, 0x00, 0x02, 0x03, 0x00, 0x00, 0x00, 0x07, 0x00, 0x00, 0x02, 0x04, 0x00, 0x00,
  0x00, 0x07, 0x00, 0x00, 0x02, 0x05, 0x00, 0x00, 0x00, 0x07, 0x00, 0x00, 0x02, 0x06, 0x00, 0x00,
  0x00, 0x07, 0x00, 0x00, 0x02, 0x07, 0x00, 0x00, 0x00, 0x07, 0x00, 0x00, 0x02, 0x08, 0x00, 0x00,
  0x00, 0x07, 0x00, 0x00, 0x02, 0x0a, 0x00, 0x00, 0x00, 0x07, 0x00, 0x00, 0x02, 0x0c, 0x00, 0x00,
  0x00, 0x07, 0x00, 0x00, 0x02, 0x00, 0x00, 0x00, 0x00, 0x08, 0x00, 0x00, 0x02, 0x01, 0x00, 0x00,
  0x00, 0x08, 0x00, 0x00, 0x02, 0x02, 0x00, 0x00, 0x00, 0x08, 0x00, 0x00, 0x02, 0x03, 0x00, 0x00,
  0x00, 0x08, 0x00, 0x00, 0x02, 0x04, 0x00, 0x00, 0x00, 0x08, 0x00, 0x00, 0x02, 0x05, 0x00, 0x00,
  0x00, 0x08, 0x00, 0x00, 0x02, 0x06, 0x00, 0x00, 0x00, 0x08, 0x00, 0x00, 0x02, 0x07, 0x00, 0x00,
  0x00, 0x08, 0x00, 0x00, 0x02, 0x08, 0x00, 0x00, 0x00, 0x08, 0x00, 0x00, 0x02, 0x0a, 0x00, 0x00,
  0x00, 0x08, 0x00, 0x00, 0x02, 0x0c, 0x00, 0x00, 0x00, 0x08, 0x00, 0x00, 0x02, 0x00, 0x00, 0x00,
  0x00, 0x09, 0x00, 0x00, 0x02, 0x01, 0x00, 0x00, 0x00, 0x09, 0x00, 0x00, 0x02, 0x02, 0x00, 0x00,
  0x00, 0x09, 0x00, 0x00, 0x02, 0x03, 0x00, 0x00, 0x00, 0x09, 0x00, 0x00, 0x02, 0x04, 0x00, 0x00,
  0x00, 0x09, 0x00, 0x00, 0x02, 0x05, 0x00, 0x00, 0x00, 0x09, 0x00, 0x00, 0x02, 0x06, 0x00, 0x00,
  0x00, 0x09, 0x00, 0x00, 0x02, 0x07, 0x00, 0x00, 0x00, 0x09, 0x00, 0x00, 0x02, 0x08, 0x00, 0x00,
  0x00, 0x09, 0x00, 0x00, 0x02, 0x0a, 0x00, 0x00, 0x00, 0x09, 0x00, 0x00, 0x02, 0x0c, 0x00, 0x00,
  0x00, 0x09, 0x00, 0x00, 0x02, 0x00, 0x00, 0x00, 0x00, 0x0a, 0x00, 0x00, 0x02, 0x01, 0x00, 0x00,
  0x00, 0x0a, 0x00, 0x00, 0x02, 0x02, 0x00, 0x00, 0x00, 0x0a, 0x00, 0x00, 0x02, 0x03, 0x00, 0x00,
  0x00, 0x0a, 0x00, 0x00, 0x02, 0x04, 0x00, 0x00, 0x00, 0x0a, 0x00, 0x00, 0x02, 0x05, 0x00, 0x00,
  0x00, 0x0a, 0x00, 0x00, 0x02, 0x06, 0x00, 0x00, 0x00, 0x0a, 0x00, 0x00, 0x02, 0x07, 0x00, 0x00,
  0x00, 0x0a, 0x00, 0x00, 0x02, 0x08, 0x00, 0x00, 0x00, 0x0a, 0x00, 0x00, 0x02, 0x0a, 0x00, 0x00,
  0x00, 0x0a, 0x00, 0x00, 0x02, 0x0c, 0x00, 0x00, 0x00, 0x0a, 0x00, 0x00, 0x02, 0x00, 0x00, 0x00,
  0x00, 0x0b, 0x00, 0x00, 0x02, 0x01, 0x00, 0x00, 0x00, 0x0b, 0x00, 0x00, 0x02, 0x02, 0x00, 0x00,
  0x00, 0x0b, 0x00, 0x00, 0x02, 0x03, 0x00, 0x00, 0x00, 0x0b, 0x00, 0x00, 0x02, 0x04, 0x00, 0x00,
  0x00, 0x0b, 0x00, 0x00, 0x02, 0x05, 0x00, 0x00, 0x00, 0x0b, 0x00, 0x00, 0x02, 0x06, 0x00, 0x00,
  0x00, 0x0b, 0x00, 0x00, 0x02, 0x07, 0x00, 0x00, 0x00, 0x0b, 0x00, 0x00, 0x02, 0x08, 0x00, 0x00,
  0x00, 0x0b, 0x00, 0x00, 0x02, 0x0a, 0x00, 0x00, 0x00, 0x0b, 0x00, 0x00, 0x02, 0x0c, 0x00, 0x00,
  0x00, 0x0b, 0x00, 0x00, 0x02, 0x00, 0x00, 0x00, 0x00, 0x0c, 0x00, 0x00, 0x02, 0x01, 0x00, 0x00,
  0x00, 0x0c, 0x00, 0x00, 0x02, 0x02, 0x00, 0x00, 0x00, 0x0c, 0x00, 0x00, 0x02, 0x03, 0x00, 0x00,
  0x00, 0x0c, 0x00, 0x00, 0x02, 0x04, 0x00, 0x00, 0x00, 0x0c, 0x00, 0x00, 0x02, 0x05, 0x00, 0x00,
  0x00, 0x0c, 0x00, 0x00, 0x02, 0x06, 0x00, 0x00, 0x00, 0x0c, 0x00, 0x00, 0x02, 0x07, 0x00, 0x00,
  0x00, 0x0c, 0x00, 0x00, 0x02, 0x08, 0x00, 0x00, 0x00, 0x0c, 0x00, 0x00, 0x02, 0x0a, 0x00, 0x00,
  0x00, 0x0c, 0x00, 0x00, 0x02, 0x0c, 0x00, 0x00, 0x00, 0x0c, 0x00, 0x00, 0x02, 0x00, 0x00, 0x00,
  0x00, 0x0d, 0x00, 0x00, 0x02, 0x01, 0x00, 0x00, 0x00, 0x0d, 0x00, 0x00, 0x02, 0x02, 0x00, 0x00,
  0x00, 0x0d, 0x00, 0x00, 0x02, 0x03, 0x00, 0x00, 0x00, 0x0d, 0x00, 0x00, 0x02, 0x04, 0x00, 0x00,
  0x00, 0x0d, 0x00, 0x00, 0x02, 0x05, 0x00, 0x00, 0x00, 0x0d, 0x00, 0x00, 0x02, 0x06, 0x00, 0x00,
  0x00, 0x0d, 0x00, 0x00, 0x02, 0x07, 0x00, 0x00, 0x00, 0x0d, 0x00, 0x00, 0x02, 0x08, 0x00, 0x00,
  0x00, 0x0d, 0x00, 0x00, 0x02, 0x0a, 0x00, 0x00, 0x00, 0x0d, 0x00, 0x00, 0x02, 0x0c, 0x00, 0x00,
  0x00, 0x0d, 0x00, 0x00, 0x02, 0x00, 0x00, 0x00, 0x00, 0x0e, 0x00, 0x00, 0x02, 0x01, 0x00, 0x00,
  0x00, 0x0e, 0x00, 0x00, 0x02, 0x02, 0x00, 0x00, 0x00, 0x0e, 0x00, 0x00, 0x02, 0x03, 0x00, 0x00,
  0x00, 0x0e, 0x00, 0x00, 0x02, 0x04, 0x00, 0x00, 0x00, 0x0e, 0x00, 0x00, 0x02, 0x05, 0x00, 0x00,
  0x00, 0x0e, 0x00, 0x00, 0x02, 0x06, 0x00, 0x00, 0x00, 0x0e, 0x00, 0x00, 0x02, 0x07, 0x00, 0x00,
  0x00, 0x0e, 0x00, 0x00, 0x02, 0x08, 0x00, 0x00, 0x00, 0x0e, 0x00, 0x00, 0x02, 0x0a, 0x00, 0x00,
  0x00, 0x0e, 0x00, 0x00, 0x02, 0x0c, 0x00, 0x00, 0x00, 0x0e, 0x00, 0x00, 0x02, 0x00, 0x00, 0x00,
  0x00, 0x0f, 0x00, 0x00, 0x02, 0x01, 0x00, 0x00, 0x00, 0x0f, 0x00, 0x00, 0x02, 0x02, 0x00, 0x00,
  0x00, 0x0f, 0x00, 0x00, 0x02, 0x03, 0x00, 0x00, 0x00, 0x0f, 0x00, 0x00, 0x02, 0x04, 0x00, 0x00,
  0x00, 0x0f, 0x00, 0x00, 0x02, 0x05, 0x00, 0x00, 0x00, 0x0f, 0x00, 0x00, 0x02, 0x06, 0x00, 0x00,
  0x00, 0x0f, 0x00, 0x00, 0x02, 0x07, 0x00, 0x00, 0x00, 0x0f, 0x00, 0x00, 0x02, 0x08, 0x00, 0x00,
  0x00, 0x0f, 0x00, 0x00, 0x02, 0x0a, 0x00, 0x00, 0x00, 0x0f, 0x00, 0x00, 0x02, 0x0c, 0x00, 0x00,
  0x00, 0x0f, 0x00, 0x00, 0x02, 0x00, 0x00, 0x00, 0x00, 0x10, 0x00, 0x00, 0x02, 0x01, 0x00, 0x00,
  0x00, 0x10, 0x00, 0x00, 0x02, 0x02, 0x00, 0x00, 0x00, 0x10, 0x00, 0x00, 0x02, 0x03, 0x00, 0x00,
  0x00, 0x10, 0x00, 0x00, 0x02, 0x04, 0x00, 0x00, 0x00, 0x10, 0x00, 0x00, 0x02, 0x05, 0x00, 0x00,
  0x00, 0x10, 0x00, 0x00, 0x02, 0x06, 0x00, 0x00, 0x00, 0x10, 0x00, 0x00, 0x02, 0x07, 0x00, 0x00,
  0x00, 0x10, 0x00, 0x00, 0x02, 0x08, 0x00, 0x00, 0x00, 0x10, 0x00, 0x00, 0x02, 0x0a, 0x00, 0x00,
  0x00, 0x10, 0x00, 0x00, 0x02, 0x0c, 0x00, 0x00, 0x00, 0x10, 0x00, 0x00, 0x02, 0x00, 0x00, 0x00,
  0x00, 0x13, 0x00, 0x00, 0x02, 0x01, 0x00, 0x00, 0x00, 0x13, 0x00, 0x00, 0x02, 0x02, 0x00, 0x00,
  0x00, 0x13, 0x00, 0x00, 0x02, 0x03, 0x00, 0x00, 0x00, 0x13, 0x00, 0x00, 0x02, 0x04, 0x00, 0x00,
  0x00, 0x13, 0x00, 0x00, 0x02, 0x05, 0x00, 0x00, 0x00, 0x13, 0x00, 0x00, 0x02, 0x06, 0x00, 0x00,
  0x00, 0x13, 0x00, 0x00, 0x02, 0x07, 0x00, 0x00, 0x00, 0x13, 0x00, 0x00, 0x02, 0x08, 0x00, 0x00,
  0x00, 0x13, 0x00, 0x00, 0x02, 0x0a, 0x00, 0x00, 0x00, 0x13, 0x00, 0x00, 0x02, 0x0c, 0x00, 0x00,
  0x00, 0x13, 0x00, 0x00, 0x02, 0x00, 0x00, 0x00, 0x00, 0x15, 0x00, 0x00, 0x02, 0x01, 0x00, 0x00,
  0x00, 0x15, 0x00, 0x00, 0x02, 0x02, 0x00, 0x00, 0x00, 0x15, 0x00, 0x00, 0x02, 0x03, 0x00, 0x00,
  0x00, 0x15, 0x00, 0x00, 0x02, 0x04, 0x00, 0x00, 0x00, 0x15, 0x00, 0x00, 0x02, 0x05, 0x00, 0x00,
  0x00, 0x15, 0x00, 0x00, 0x02, 0x06, 0x00, 0x00, 0x00, 0x15, 0x00, 0x00, 0x02, 0x07, 0x00, 0x00,
  0x00, 0x15, 0x00, 0x00, 0x02, 0x08, 0x00, 0x00, 0x00, 0x15, 0x00, 0x00, 0x02, 0x0a, 0x00, 0x00,
  0x00, 0x15, 0x00, 0x00, 0x02, 0x0c, 0x00, 0x00, 0x00, 0x15, 0x00, 0x00, 0x02, 0x00, 0x00, 0x00,
  0x00, 0x17, 0x00, 0x00, 0x02, 0x01, 0x00, 0x00, 0x00, 0x17, 0x00, 0x00, 0x02, 0x02, 0x00, 0x00,
  0x00, 0x17, 0x00, 0x00, 0x02, 0x03, 0x00, 0x00, 0x00, 0x17, 0x00, 0x00, 0x02, 0x04, 0x00, 0x00,
  0x00, 0x17, 0x00, 0x00, 0x02, 0x05, 0x00, 0x00, 0x00, 0x17, 0x00, 0x00, 0x02, 0x06, 0x00, 0x00,
  0x00, 0x17, 0x00, 0x00, 0x02, 0x07, 0x00, 0x00, 0x00, 0x17, 0x00, 0x00, 0x02, 0x08, 0x00, 0x00,
  0x00, 0x17, 0x00, 0x00, 0x02, 0x0a, 0x00, 0x00, 0x00, 0x17, 0x00, 0x00, 0x02, 0x0c, 0x00, 0x00,
  0x00, 0x17, 0x00, 0x00, 0x02, 0x00, 0x00, 0x00, 0x00, 0x19, 0x00, 0x00, 0x02, 0x01, 0x00, 0x00,
  0x00, 0x19, 0x00, 0x00, 0x02, 0x02, 0x00, 0x00, 0x00, 0x19, 0x00, 0x00, 0x02, 0x03, 0x00, 0x00,
  0x00, 0x19, 0x00, 0x00, 0x02, 0x04, 0x00, 0x00, 0x00, 0x19, 0x00, 0x00, 0x02, 0x05, 0x00, 0x00,
  0x00, 0x19, 0x00, 0x00, 0x02, 0x06, 0x00, 0x00, 0x00, 0x19, 0x00, 0x00, 0x02, 0x07, 0x00, 0x00,
  0x00, 0x19, 0x00, 0x00, 0x02, 0x08, 0x00, 0x00, 0x00, 0x19, 0x00, 0x00, 0x02, 0x0a, 0x00, 0x00,
  0x00, 0x19, 0x00, 0x00, 0x02, 0x0c, 0x00, 0x00, 0x00, 0x19, 0x00, 0x00, 0x02, 0x00, 0x00, 0x00,
  0x00, 0x1b, 0x00, 0x00, 0x02, 0x01, 0x00, 0x00, 0x00, 0x1b, 0x00, 0x00, 0x02, 0x02, 0x00, 0x00,
  0x00, 0x1b, 0x00, 0x00, 0x02, 0x03, 0x00, 0x00, 0x00, 0x1b, 0x00, 0x00, 0x02, 0x04, 0x00, 0x00,
  0x00, 0x1b, 0x00, 0x00, 0x02, 0x05, 0x00, 0x00, 0x00, 0x1b, 0x00, 0x00, 0x02, 0x06, 0x00, 0x00,
  0x00, 0x1b, 0x00, 0x00, 0x02, 0x07, 0x00, 0x00, 0x00, 0x1b, 0x00, 0x00, 0x02, 0x08, 0x00, 0x00,
  0x00, 0x1b, 0x00, 0x00, 0x02, 0x0a, 0x00, 0x00, 0x00, 0x1b, 0x00, 0x00, 0x02, 0x0c, 0x00, 0x00,
  0x00, 0x1b, 0x00, 0x00, 0x02, 0x00, 0x00, 0x00, 0x00, 0x1d, 0x00, 0x00, 0x02, 0x01, 0x00, 0x00,
  0x00, 0x1d, 0x00, 0x00, 0x02, 0x02, 0x00, 0x00, 0x00, 0x1d, 0x00, 0x00, 0x02, 0x03, 0x00, 0x00,
  0x00, 0x1d, 0x00, 0x00, 0x02, 0x04, 0x00, 0x00, 0x00, 0x1d, 0x00, 0x00, 0x02, 0x05, 0x00, 0x00,
  0x00, 0x1d, 0x00, 0x00, 0x02, 0x06, 0x00, 0x00, 0x00, 0x1d, 0x00, 0x00, 0x02, 0x07, 0x00, 0x00,
  0x00, 0x1d, 0x00, 0x00, 0x02, 0x08, 0x00, 0x00, 0x00, 0x1d, 0x00, 0x00, 0x02, 0x0a, 0x00, 0x00,
  0x00, 0x1d, 0x00, 0x00, 0x02, 0x0c, 0x00, 0x00, 0x00, 0x1d, 0x00, 0x00, 0x02, 0x00, 0x00, 0x00,
  0x00, 0x22, 0x00, 0x00, 0x02, 0x01, 0x00, 0x00, 0x00, 0x22, 0x00, 0x00, 0x02, 0x02, 0x00, 0x00,
  0x00, 0x22, 0x00, 0x00, 0x02, 0x03, 0x00, 0x00, 0x00, 0x22, 0x00, 0x00, 0x02, 0x04, 0x00, 0x00,
  0x00, 0x22, 0x00, 0x00, 0x02, 0x05, 0x00, 0x00, 0x00, 0x22, 0x00, 0x00, 0x02, 0x06, 0x00, 0x00,
  0x00, 0x22, 0x00, 0x00, 0x02, 0x07, 0x00, 0x00, 0x00, 0x22, 0x00, 0x00, 0x02, 0x08, 0x00, 0x00,
  0x00, 0x22, 0x00, 0x00, 0x02, 0x0a, 0x00, 0x00, 0x00, 0x22, 0x00, 0x00, 0x02, 0x0c, 0x00, 0x00,
  0x00, 0x22, 0x00, 0x00, 0x02, 0x00, 0x00, 0x00, 0x00, 0x27, 0x00, 0x00, 0x02, 0x01, 0x00, 0x00,
  0x00, 0x27, 0x00, 0x00, 0x02, 0x02, 0x00, 0x00, 0x00, 0x27, 0x00, 0x00, 0x02, 0x03, 0x00, 0x00,
  0x00, 0x27, 0x00, 0x00, 0x02, 0x04, 0x00, 0x00, 0x00, 0x27, 0x00, 0x00, 0x02, 0x05, 0x00, 0x00,
  0x00, 0x27, 0x00, 0x00, 0x02, 0x06, 0x00, 0x00, 0x00, 0x27, 0x00, 0x00, 0x02, 0x07, 0x00, 0x00,
  0x00, 0x27, 0x00, 0x00, 0x02, 0x08, 0x00, 0x00, 0x00, 0x27, 0x00, 0x00, 0x02, 0x0a, 0x00, 0x00,
  0x00, 0x27, 0x00, 0x00, 0x02, 0x0c, 0x00, 0x00, 0x00, 0x27, 0x00, 0x00, 0x02, 0x00, 0x00, 0x00,
  0x00, 0x29, 0x00, 0x00, 0x02, 0x01, 0x00, 0x00, 0x00, 0x29, 0x00, 0x00, 0x02, 0x02, 0x00, 0x00,
  0x00, 0x29, 0x00, 0x00, 0x02, 0x03, 0x00, 0x00, 0x00, 0x29, 0x00, 0x00, 0x02, 0x04, 0x00, 0x00,
  0x00, 0x29, 0x00, 0x00, 0x02, 0x05, 0x00, 0x00, 0x00, 0x29, 0x00, 0x00, 0x02, 0x06, 0x00, 0x00,
  0x00, 0x29, 0x00, 0x00, 0x02, 0x07, 0x00, 0x00, 0x00, 0x29, 0x00, 0x00, 0x02, 0x08, 0x00, 0x00,
  0x00, 0x29, 0x00, 0x00, 0x02, 0x0a, 0x00, 0x00, 0x00, 0x29, 0x00, 0x00, 0x02, 0x0c, 0x00, 0x00,
  0x00, 0x29, 0x00, 0x00, 0x02, 0x09, 0x00, 0x00, 0x00, 0x29, 0x00, 0x00, 0x01, 0x01, 0x00, 0x00,
  0x00, 0x01, 0x00, 0x00, 0x01, 0x02, 0x00, 0x00, 0x00, 0x04, 0x00, 0x00, 0x02, 0x03, 0x00, 0x00,
  0x00, 0x04, 0x00, 0x00, 0x02, 0x04, 0x00, 0x00, 0x00, 0x04, 0x00, 0x00, 0x02, 0x05, 0x00, 0x00,
  0x00, 0x04, 0x00, 0x00, 0x02, 0x06, 0x00, 0x00, 0x00, 0x04, 0x00, 0x00, 0x02, 0x07, 0x00, 0x00,
  0x00, 0x04, 0x00, 0x00, 0x02, 0x08, 0x00, 0x00, 0x00, 0x04, 0x00, 0x00, 0x02, 0x09, 0x00, 0x00,
  0x00, 0x20, 0x00, 0x00, 0x02, 0x0a, 0x00, 0x00, 0x00, 0x04, 0x00, 0x00, 0x02, 0x0c, 0x00, 0x00,
  0x00, 0x04, 0x00, 0x00, 0x02, 0x0b, 0x00, 0x00, 0x00, 0x2d, 0x00, 0x00, 0x01, 0x01, 0x00, 0x00,
  0x00, 0x01, 0x00, 0x00, 0x01, 0x02, 0x00, 0x00, 0x00, 0x04, 0x00, 0x00, 0x02, 0x03, 0x00, 0x00,
  0x00, 0x04, 0x00, 0x00, 0x02, 0x04, 0x00, 0x00, 0x00, 0x04, 0x00, 0x00, 0x02, 0x05, 0x00, 0x00,
  0x00, 0x04, 0x00, 0x00, 0x02, 0x06, 0x00, 0x00, 0x00, 0x04, 0x00, 0x00, 0x02, 0x07, 0x00, 0x00,
  0x00, 0x04, 0x00, 0x00, 0x02, 0x08, 0x00, 0x00, 0x00, 0x04, 0x00, 0x00, 0x02, 0x0a, 0x00, 0x00,
  0x00, 0x04, 0x00, 0x00, 0x02, 0x0b, 0x00, 0x00, 0x00, 0x25, 0x00, 0x00, 0x02, 0x0c, 0x00, 0x00,
  0x00, 0x04, 0x00, 0x00, 0x02, 0x00, 0x00, 0x00, 0x00, 0x21, 0x00, 0x00, 0x02, 0x01, 0x00, 0x00,
  0x00, 0x21, 0x00, 0x00, 0x02, 0x02, 0x00, 0x00, 0x00, 0x21, 0x00, 0x00, 0x02, 0x03, 0x00, 0x00,
  0x00, 0x21, 0x00, 0x00, 0x02, 0x04, 0x00, 0x00, 0x00, 0x21, 0x00, 0x00, 0x02, 0x05, 0x00, 0x00,
  0x00, 0x21, 0x00, 0x00, 0x02, 0x06, 0x00, 0x00, 0x00, 0x21, 0x00, 0x00, 0x02, 0x07, 0x00, 0x00,
  0x00, 0x21, 0x00, 0x00, 0x02, 0x08, 0x00, 0x00, 0x00, 0x21, 0x00, 0x00, 0x02, 0x0a, 0x00, 0x00,
  0x00, 0x21, 0x00, 0x00, 0x02, 0x0c, 0x00, 0x00, 0x00, 0x21, 0x00, 0x00, 0x02, 0x01, 0x00, 0x00,
  0x00, 0x1f, 0x00, 0x00, 0x02, 0x02, 0x00, 0x00, 0x00, 0x1f, 0x00, 0x00, 0x02, 0x03, 0x00, 0x00,
  0x00, 0x1f, 0x00, 0x00, 0x02, 0x04, 0x00, 0x00, 0x00, 0x1f, 0x00, 0x00, 0x02, 0x05, 0x00, 0x00,
  0x00, 0x1f, 0x00, 0x00, 0x02, 0x06, 0x00, 0x00, 0x00, 0x1f, 0x00, 0x00, 0x02, 0x07, 0x00, 0x00,
  0x00, 0x1f, 0x00, 0x00, 0x02, 0x08, 0x00, 0x00, 0x00, 0x1f, 0x00, 0x00, 0x02, 0x09, 0x00, 0x00,
  0x00, 0x1f, 0x00, 0x00, 0x02, 0x0a, 0x00, 0x00, 0x00, 0x1f, 0x00, 0x00, 0x02, 0x0c, 0x00, 0x00,
  0x00, 0x1f, 0x00, 0x00, 0x02, 0x01, 0x00, 0x00, 0x00, 0x11, 0x00, 0x00, 0x02, 0x02, 0x00, 0x00,
  0x00, 0x11, 0x00, 0x00, 0x02, 0x03, 0x00, 0x00, 0x00, 0x11, 0x00, 0x00, 0x02, 0x04, 0x00, 0x00,
  0x00, 0x11, 0x00, 0x00, 0x02, 0x05, 0x00, 0x00, 0x00, 0x11, 0x00, 0x00, 0x02, 0x06, 0x00, 0x00,
  0x00, 0x11, 0x00, 0x00, 0x02, 0x07, 0x00, 0x00, 0x00, 0x11, 0x00, 0x00, 0x02, 0x08, 0x00, 0x00,
  0x00, 0x11, 0x00, 0x00, 0x02, 0x09, 0x00, 0x00, 0x00, 0x11, 0x00, 0x00, 0x02, 0x0a, 0x00, 0x00,
  0x00, 0x11, 0x00, 0x00, 0x02, 0x0c, 0x00, 0x00, 0x00, 0x11, 0x00, 0x00, 0x02, 0x02, 0x00, 0x00,
  0x00, 0x31, 0x00, 0x00, 0x01, 0x03, 0x00, 0x00, 0x00, 0x32, 0x00, 0x00, 0x01, 0x04, 0x00, 0x00,
  0x00, 0x33, 0x00, 0x00, 0x01, 0x05, 0x00, 0x00, 0x00, 0x34, 0x00, 0x00, 0x01, 0x06, 0x00, 0x00,
  0x00, 0x35, 0x00, 0x00, 0x01, 0x07, 0x00, 0x00, 0x00, 0x36, 0x00, 0x00, 0x01, 0x08, 0x00, 0x00,
  0x00, 0x37, 0x00, 0x00, 0x01, 0x0a, 0x00, 0x00, 0x00, 0x38, 0x00, 0x00, 0x01, 0x0c, 0x00, 0x00,
  0x00, 0x39, 0x00, 0x00, 0x01, 0x00, 0x00, 0x00, 0x00, 0x26, 0x00, 0x00, 0x02, 0x01, 0x00, 0x00,
  0x00, 0x26, 0x00, 0x00, 0x02, 0x02, 0x00, 0x00, 0x00, 0x26, 0x00, 0x00, 0x02, 0x03, 0x00, 0x00,
  0x00, 0x26, 0x00, 0x00, 0x02, 0x04, 0x00, 0x00, 0x00, 0x26, 0x00, 0x00, 0x02, 0x05, 0x00, 0x00,
  0x00, 0x26, 0x00, 0x00, 0x02, 0x06, 0x00, 0x00, 0x00, 0x26, 0x00, 0x00, 0x02, 0x07, 0x00, 0x00,
  0x00, 0x26, 0x00, 0x00, 0x02, 0x08, 0x00, 0x00, 0x00, 0x26, 0x00, 0x00, 0x02, 0x0a, 0x00, 0x00,
  0x00, 0x26, 0x00, 0x00, 0x02, 0x0c, 0x00, 0x00, 0x00, 0x26, 0x00, 0x00, 0x02, 0x01, 0x00, 0x00,
  0x00, 0x24, 0x00, 0x00, 0x02, 0x02, 0x00, 0x00, 0x00, 0x24, 0x00, 0x00, 0x02, 0x03, 0x00, 0x00,
  0x00, 0x24, 0x00, 0x00, 0x02, 0x04, 0x00, 0x00, 0x00, 0x24, 0x00, 0x00, 0x02, 0x05, 0x00, 0x00,
  0x00, 0x24, 0x00, 0x00, 0x02, 0x06, 0x00, 0x00, 0x00, 0x24, 0x00, 0x00, 0x02, 0x07, 0x00, 0x00,
  0x00, 0x24, 0x00, 0x00, 0x02, 0x08, 0x00, 0x00, 0x00, 0x24, 0x00, 0x00, 0x02, 0x0a, 0x00, 0x00,
  0x00, 0x24, 0x00, 0x00, 0x02, 0x0b, 0x00, 0x00, 0x00, 0x24, 0x00, 0x00, 0x02, 0x0c, 0x00, 0x00,
  0x00, 0x24, 0x00, 0x00, 0x02, 0x01, 0x00, 0x00, 0x00, 0x11, 0x00, 0x00, 0x02, 0x02, 0x00, 0x00,
  0x00, 0x11, 0x00, 0x00, 0x02, 0x03, 0x00, 0x00, 0x00, 0x11, 0x00, 0x00, 0x02, 0x04, 0x00, 0x00,
  0x00, 0x11, 0x00, 0x00, 0x02, 0x05, 0x00, 0x00, 0x00, 0x11, 0x00, 0x00, 0x02, 0x06, 0x00, 0x00,
  0x00, 0x11, 0x00, 0x00, 0x02, 0x07, 0x00, 0x00, 0x00, 0x11, 0x00, 0x00, 0x02, 0x08, 0x00, 0x00,
  0x00, 0x11, 0x00, 0x00, 0x02, 0x0a, 0x00, 0x00, 0x00, 0x11, 0x00, 0x00, 0x02, 0x0b, 0x00, 0x00,
  0x00, 0x11, 0x00, 0x00, 0x02, 0x0c, 0x00, 0x00, 0x00, 0x11, 0x00, 0x00, 0x02, 0x02, 0x00, 0x00,
  0x00, 0x4d, 0x00, 0x00, 0x01, 0x03, 0x00, 0x00, 0x00, 0x4e, 0x00, 0x00, 0x01, 0x04, 0x00, 0x00,
  0x00, 0x4f, 0x00, 0x00, 0x01, 0x05, 0x00, 0x00, 0x00, 0x50, 0x00, 0x00, 0x01, 0x06, 0x00, 0x00,
  0x00, 0x51, 0x00, 0x00, 0x01, 0x07, 0x00, 0x00, 0x00, 0x52, 0x00, 0x00, 0x01, 0x08, 0x00, 0x00,
  0x00, 0x53, 0x00, 0x00, 0x01, 0x0a, 0x00, 0x00, 0x00, 0x54, 0x00, 0x00, 0x01, 0x0c, 0x00, 0x00,
  0x00, 0x55, 0x00, 0x00, 0x01, 0x01, 0x00, 0x00, 0x00, 0x12, 0x00, 0x00, 0x02, 0x02, 0x00, 0x00,
  0x00, 0x12, 0x00, 0x00, 0x02, 0x03, 0x00, 0x00, 0x00, 0x12, 0x00, 0x00, 0x02, 0x04, 0x00, 0x00,
  0x00, 0x12, 0x00, 0x00, 0x02, 0x05, 0x00, 0x00, 0x00, 0x12, 0x00, 0x00, 0x02, 0x06, 0x00, 0x00,
  0x00, 0x12, 0x00, 0x00, 0x02, 0x07, 0x00, 0x00, 0x00, 0x12, 0x00, 0x00, 0x02, 0x08, 0x00, 0x00,
  0x00, 0x12, 0x00, 0x00, 0x02, 0x09, 0x00, 0x00, 0x00, 0x12, 0x00, 0x00, 0x02, 0x0a, 0x00, 0x00,
  0x00, 0x12, 0x00, 0x00, 0x02, 0x0c, 0x00, 0x00, 0x00, 0x12, 0x00, 0x00, 0x02, 0x01, 0x00, 0x00,
  0x00, 0x14, 0x00, 0x00, 0x02, 0x02, 0x00, 0x00, 0x00, 0x14, 0x00, 0x00, 0x02, 0x03, 0x00, 0x00,
  0x00, 0x14, 0x00, 0x00, 0x02, 0x04, 0x00, 0x00, 0x00, 0x14, 0x00, 0x00, 0x02, 0x05, 0x00, 0x00,
  0x00, 0x14, 0x00, 0x00, 0x02, 0x06, 0x00, 0x00, 0x00, 0x14, 0x00, 0x00, 0x02, 0x07, 0x00, 0x00,
  0x00, 0x14, 0x00, 0x00, 0x02, 0x08, 0x00, 0x00, 0x00, 0x14, 0x00, 0x00, 0x02, 0x09, 0x00, 0x00,
  0x00, 0x14, 0x00, 0x00, 0x02, 0x0a, 0x00, 0x00, 0x00, 0x14, 0x00, 0x00, 0x02, 0x0c, 0x00, 0x00,
  0x00, 0x14, 0x00, 0x00, 0x02, 0x01, 0x00, 0x00, 0x00, 0x16, 0x00, 0x00, 0x02, 0x02, 0x00, 0x00,
  0x00, 0x16, 0x00, 0x00, 0x02, 0x03, 0x00, 0x00, 0x00, 0x16, 0x00, 0x00, 0x02, 0x04, 0x00, 0x00,
  0x00, 0x16, 0x00, 0x00, 0x02, 0x05, 0x00, 0x00, 0x00, 0x16, 0x00, 0x00, 0x02, 0x06, 0x00, 0x00,
  0x00, 0x16, 0x00, 0x00, 0x02, 0x07, 0x00, 0x00, 0x00, 0x16, 0x00, 0x00, 0x02, 0x08, 0x00, 0x00,
  0x00, 0x16, 0x00, 0x00, 0x02, 0x09, 0x00, 0x00, 0x00, 0x16, 0x00, 0x00, 0x02, 0x0a, 0x00, 0x00,
  0x00, 0x16, 0x00, 0x00, 0x02, 0x0c, 0x00, 0x00, 0x00, 0x16, 0x00, 0x00, 0x02, 0x01, 0x00, 0x00,
  0x00, 0x18, 0x00, 0x00, 0x02, 0x02, 0x00, 0x00, 0x00, 0x18, 0x00, 0x00, 0x02, 0x03, 0x00, 0x00,
  0x00, 0x18, 0x00, 0x00, 0x02, 0x04, 0x00, 0x00, 0x00, 0x18, 0x00, 0x00, 0x02, 0x05, 0x00, 0x00,
  0x00, 0x18, 0x00, 0x00, 0x02, 0x06, 0x00, 0x00, 0x00, 0x18, 0x00, 0x00, 0x02, 0x07, 0x00, 0x00,
  0x00, 0x18, 0x00, 0x00, 0x02, 0x08, 0x00, 0x00, 0x00, 0x18, 0x00, 0x00, 0x02, 0x09, 0x00, 0x00,
  0x00, 0x18, 0x00, 0x00, 0x02, 0x0a, 0x00, 0x00, 0x00, 0x18, 0x00, 0x00, 0x02, 0x0c, 0x00, 0x00,
  0x00, 0x18, 0x00, 0x00, 0x02, 0x01, 0x00, 0x00, 0x00, 0x1a, 0x00, 0x00, 0x02, 0x02, 0x00, 0x00,
  0x00, 0x1a, 0x00, 0x00, 0x02, 0x03, 0x00, 0x00, 0x00, 0x1a, 0x00, 0x00, 0x02, 0x04, 0x00, 0x00,
  0x00, 0x1a, 0x00, 0x00, 0x02, 0x05, 0x00, 0x00, 0x00, 0x1a, 0x00, 0x00, 0x02, 0x06, 0x00, 0x00,
  0x00, 0x1a, 0x00, 0x00, 0x02, 0x07, 0x00, 0x00, 0x00, 0x1a, 0x00, 0x00, 0x02, 0x08, 0x00, 0x00,
  0x00, 0x1a, 0x00, 0x00, 0x02, 0x09, 0x00, 0x00, 0x00, 0x1a, 0x00, 0x00, 0x02, 0x0a, 0x00, 0x00,
  0x00, 0x1a, 0x00, 0x00, 0x02, 0x0c, 0x00, 0x00, 0x00, 0x1a, 0x00, 0x00, 0x02, 0x01, 0x00, 0x00,
  0x00, 0x1c, 0x00, 0x00, 0x02, 0x02, 0x00, 0x00, 0x00, 0x1c, 0x00, 0x00, 0x02, 0x03, 0x00, 0x00,
  0x00, 0x1c, 0x00, 0x00, 0x02, 0x04, 0x00, 0x00, 0x00, 0x1c, 0x00, 0x00, 0x02, 0x05, 0x00, 0x00,
  0x00, 0x1c, 0x00, 0x00, 0x02, 0x06, 0x00, 0x00, 0x00, 0x1c, 0x00, 0x00, 0x02, 0x07, 0x00, 0x00,
  0x00, 0x1c, 0x00, 0x00, 0x02, 0x08, 0x00, 0x00, 0x00, 0x1c, 0x00, 0x00, 0x02, 0x09, 0x00, 0x00,
  0x00, 0x1c, 0x00, 0x00, 0x02, 0x0a, 0x00, 0x00, 0x00, 0x1c, 0x00, 0x00, 0x02, 0x0c, 0x00, 0x00,
  0x00, 0x1c, 0x00, 0x00, 0x02, 0x01, 0x00, 0x00, 0x00, 0x1e, 0x00, 0x00, 0x02, 0x02, 0x00, 0x00,
  0x00, 0x1e, 0x00, 0x00, 0x02, 0x03, 0x00, 0x00, 0x00, 0x1e, 0x00, 0x00, 0x02, 0x04, 0x00, 0x00,
  0x00, 0x1e, 0x00, 0x00, 0x02, 0x05, 0x00, 0x00, 0x00, 0x1e, 0x00, 0x00, 0x02, 0x06, 0x00, 0x00,
  0x00, 0x1e, 0x00, 0x00, 0x02, 0x07, 0x00, 0x00, 0x00, 0x1e, 0x00, 0x00, 0x02, 0x08, 0x00, 0x00,
  0x00, 0x1e, 0x00, 0x00, 0x02, 0x09, 0x00, 0x00, 0x00, 0x1e, 0x00, 0x00, 0x02, 0x0a, 0x00, 0x00,
  0x00, 0x1e, 0x00, 0x00, 0x02, 0x0c, 0x00, 0x00, 0x00, 0x1e, 0x00, 0x00, 0x02, 0x01, 0x00, 0x00,
  0x00, 0x23, 0x00, 0x00, 0x02, 0x02, 0x00, 0x00, 0x00, 0x23, 0x00, 0x00, 0x02, 0x03, 0x00, 0x00,
  0x00, 0x23, 0x00, 0x00, 0x02, 0x04, 0x00, 0x00, 0x00, 0x23, 0x00, 0x00, 0x02, 0x05, 0x00, 0x00,
  0x00, 0x23, 0x00, 0x00, 0x02, 0x06, 0x00, 0x00, 0x00, 0x23, 0x00, 0x00, 0x02, 0x07, 0x00, 0x00,
  0x00, 0x23, 0x00, 0x00, 0x02, 0x08, 0x00, 0x00, 0x00, 0x23, 0x00, 0x00, 0x02, 0x0a, 0x00, 0x00,
  0x00, 0x23, 0x00, 0x00, 0x02, 0x0b, 0x00, 0x00, 0x00, 0x23, 0x00, 0x00, 0x02, 0x0c, 0x00, 0x00,
  0x00, 0x23, 0x00, 0x00, 0x02, 0x01, 0x00, 0x00, 0x00, 0x28, 0x00, 0x00, 0x02, 0x02, 0x00, 0x00,
  0x00, 0x28, 0x00, 0x00, 0x02, 0x03, 0x00, 0x00, 0x00, 0x28, 0x00, 0x00, 0x02, 0x04, 0x00, 0x00,
  0x00, 0x28, 0x00, 0x00, 0x02, 0x05, 0x00, 0x00, 0x00, 0x28, 0x00, 0x00, 0x02, 0x06, 0x00, 0x00,
  0x00, 0x28, 0x00, 0x00, 0x02, 0x07, 0x00, 0x00, 0x00, 0x28, 0x00, 0x00, 0x02, 0x08, 0x00, 0x00,
  0x00, 0x28, 0x00, 0x00, 0x02, 0x09, 0x00, 0x00, 0x00, 0x28, 0x00, 0x00, 0x02, 0x0a, 0x00, 0x00,
  0x00, 0x28, 0x00, 0x00, 0x02, 0x0c, 0x00, 0x00, 0x00, 0x28, 0x00, 0x00, 0x02, 0x01, 0x00, 0x00,
  0x00, 0x07, 0x00, 0x00, 0x02, 0x02, 0x00, 0x00, 0x00, 0x07, 0x00, 0x00, 0x02, 0x03, 0x00, 0x00,
  0x00, 0x07, 0x00, 0x00, 0x02, 0x04, 0x00, 0x00, 0x00, 0x07, 0x00, 0x00, 0x02, 0x05, 0x00, 0x00,
  0x00, 0x07, 0x00, 0x00, 0x02, 0x06, 0x00, 0x00, 0x00, 0x07, 0x00, 0x00, 0x02, 0x07, 0x00, 0x00,
  0x00, 0x07, 0x00, 0x00, 0x02, 0x08, 0x00, 0x00, 0x00, 0x07, 0x00, 0x00, 0x02, 0x09, 0x00, 0x00,
  0x00, 0x07, 0x00, 0x00, 0x02, 0x0a, 0x00, 0x00, 0x00, 0x07, 0x00, 0x00, 0x02, 0x0c, 0x00, 0x00,
  0x00, 0x07, 0x00, 0x00, 0x02, 0x01, 0x00, 0x00, 0x00, 0x08, 0x00, 0x00, 0x02, 0x02, 0x00, 0x00,
  0x00, 0x08, 0x00, 0x00, 0x02, 0x03, 0x00, 0x00, 0x00, 0x08, 0x00, 0x00, 0x02, 0x04, 0x00, 0x00,
  0x00, 0x08, 0x00, 0x00, 0x02, 0x05, 0x00, 0x00, 0x00, 0x08, 0x00, 0x00, 0x02, 0x06, 0x00, 0x00,
  0x00, 0x08, 0x00, 0x00, 0x02, 0x07, 0x00, 0x00, 0x00, 0x08, 0x00, 0x00, 0x02, 0x08, 0x00, 0x00,
  0x00, 0x08, 0x00, 0x00, 0x02, 0x09, 0x00, 0x00, 0x00, 0x08, 0x00, 0x00, 0x02, 0x0a, 0x00, 0x00,
  0x00, 0x08, 0x00, 0x00, 0x02, 0x0c, 0x00, 0x00, 0x00, 0x08, 0x00, 0x00, 0x02, 0x01, 0x00, 0x00,
  0x00, 0x09, 0x00, 0x00, 0x02, 0x02, 0x00, 0x00, 0x00, 0x09, 0x00, 0x00, 0x02, 0x03, 0x00, 0x00,
  0x00, 0x09, 0x00, 0x00, 0x02, 0x04, 0x00, 0x00, 0x00, 0x09, 0x00, 0x00, 0x02, 0x05, 0x00, 0x00,
  0x00, 0x09, 0x00, 0x00, 0x02, 0x06, 0x00, 0x00, 0x00, 0x09, 0x00, 0x00, 0x02, 0x07, 0x00, 0x00,
  0x00, 0x09, 0x00, 0x00, 0x02, 0x08, 0x00, 0x00, 0x00, 0x09, 0x00, 0x00, 0x02, 0x09, 0x00, 0x00,
  0x00, 0x09, 0x00, 0x00, 0x02, 0x0a, 0x00, 0x00, 0x00, 0x09, 0x00, 0x00, 0x02, 0x0c, 0x00, 0x00,
  0x00, 0x09, 0x00, 0x00, 0x02, 0x01, 0x00, 0x00, 0x00, 0x0a, 0x00, 0x00, 0x02, 0x02, 0x00, 0x00,
  0x00, 0x0a, 0x00, 0x00, 0x02, 0x03, 0x00, 0x00, 0x00, 0x0a, 0x00, 0x00, 0x02, 0x04, 0x00, 0x00,
  0x00, 0x0a, 0x00, 0x00, 0x02, 0x05, 0x00, 0x00, 0x00, 0x0a, 0x00, 0x00, 0x02, 0x06, 0x00, 0x00,
  0x00, 0x0a, 0x00, 0x00, 0x02, 0x07, 0x00, 0x00, 0x00, 0x0a, 0x00, 0x00, 0x02, 0x08, 0x00, 0x00,
  0x00, 0x0a, 0x00, 0x00, 0x02, 0x09, 0x00, 0x00, 0x00, 0x0a, 0x00, 0x00, 0x02, 0x0a, 0x00, 0x00,
  0x00, 0x0a, 0x00, 0x00, 0x02, 0x0c, 0x00, 0x00, 0x00, 0x0a, 0x00, 0x00, 0x02, 0x01, 0x00, 0x00,
  0x00, 0x0b, 0x00, 0x00, 0x02, 0x02, 0x00, 0x00, 0x00, 0x0b, 0x00, 0x00, 0x02, 0x03, 0x00, 0x00,
  0x00, 0x0b, 0x00, 0x00, 0x02, 0x04, 0x00, 0x00, 0x00, 0x0b, 0x00, 0x00, 0x02, 0x05, 0x00, 0x00,
  0x00, 0x0b, 0x00, 0x00, 0x02, 0x06, 0x00, 0x00, 0x00, 0x0b, 0x00, 0x00, 0x02, 0x07, 0x00, 0x00,
  0x00, 0x0b, 0x00, 0x00, 0x02, 0x08, 0x00, 0x00, 0x00, 0x0b, 0x00, 0x00, 0x02, 0x09, 0x00, 0x00,
  0x00, 0x0b, 0x00, 0x00, 0x02, 0x0a, 0x00, 0x00, 0x00, 0x0b, 0x00, 0x00, 0x02, 0x0c, 0x00, 0x00,
  0x00, 0x0b, 0x00, 0x00, 0x02, 0x01, 0x00, 0x00, 0x00, 0x0c, 0x00, 0x00, 0x02, 0x02, 0x00, 0x00,
  0x00, 0x0c, 0x00, 0x00, 0x02, 0x03, 0x00, 0x00, 0x00, 0x0c, 0x00, 0x00, 0x02, 0x04, 0x00, 0x00,
  0x00, 0x0c, 0x00, 0x00, 0x02, 0x05, 0x00, 0x00, 0x00, 0x0c, 0x00, 0x00, 0x02, 0x06, 0x00, 0x00,
  0x00, 0x0c, 0x00, 0x00, 0x02, 0x07, 0x00, 0x00, 0x00, 0x0c, 0x00, 0x00, 0x02, 0x08, 0x00, 0x00,
  0x00, 0x0c, 0x00, 0x00, 0x02, 0x09, 0x00, 0x00, 0x00, 0x0c, 0x00, 0x00, 0x02, 0x0a, 0x00, 0x00,
  0x00, 0x0c, 0x00, 0x00, 0x02, 0x0c, 0x00, 0x00, 0x00, 0x0c, 0x00, 0x00, 0x02, 0x01, 0x00, 0x00,
  0x00, 0x0d, 0x00, 0x00, 0x02, 0x02, 0x00, 0x00, 0x00, 0x0d, 0x00, 0x00, 0x02, 0x03, 0x00, 0x00,
  0x00, 0x0d, 0x00, 0x00, 0x02, 0x04, 0x00, 0x00, 0x00, 0x0d, 0x00, 0x00, 0x02, 0x05, 0x00, 0x00,
  0x00, 0x0d, 0x00, 0x00, 0x02, 0x06, 0x00, 0x00, 0x00, 0x0d, 0x00, 0x00, 0x02, 0x07, 0x00, 0x00,
  0x00, 0x0d, 0x00, 0x00, 0x02, 0x08, 0x00, 0x00, 0x00, 0x0d, 0x00, 0x00, 0x02, 0x09, 0x00, 0x00,
  0x00, 0x0d, 0x00, 0x00, 0x02, 0x0a, 0x00, 0x00, 0x00, 0x0d, 0x00, 0x00, 0x02, 0x0c, 0x00, 0x00,
  0x00, 0x0d, 0x00, 0x00, 0x02, 0x01, 0x00, 0x00, 0x00, 0x0e, 0x00, 0x00, 0x02, 0x02, 0x00, 0x00,
  0x00, 0x0e, 0x00, 0x00, 0x02, 0x03, 0x00, 0x00, 0x00, 0x0e, 0x00, 0x00, 0x02, 0x04, 0x00, 0x00,
  0x00, 0x0e, 0x00, 0x00, 0x02, 0x05, 0x00, 0x00, 0x00, 0x0e, 0x00, 0x00, 0x02, 0x06, 0x00, 0x00,
  0x00, 0x0e, 0x00, 0x00, 0x02, 0x07, 0x00, 0x00, 0x00, 0x0e, 0x00, 0x00, 0x02, 0x08, 0x00, 0x00,
  0x00, 0x0e, 0x00, 0x00, 0x02, 0x09, 0x00, 0x00, 0x00, 0x0e, 0x00, 0x00, 0x02, 0x0a, 0x00, 0x00,
  0x00, 0x0e, 0x00, 0x00, 0x02, 0x0c, 0x00, 0x00, 0x00, 0x0e, 0x00, 0x00, 0x02, 0x01, 0x00, 0x00,
  0x00, 0x0f, 0x00, 0x00, 0x02, 0x02, 0x00, 0x00, 0x00, 0x0f, 0x00, 0x00, 0x02, 0x03, 0x00, 0x00,
  0x00, 0x0f, 0x00, 0x00, 0x02, 0x04, 0x00, 0x00, 0x00, 0x0f, 0x00, 0x00, 0x02, 0x05, 0x00, 0x00,
  0x00, 0x0f, 0x00, 0x00, 0x02, 0x06, 0x00, 0x00, 0x00, 0x0f, 0x00, 0x00, 0x02, 0x07, 0x00, 0x00,
  0x00, 0x0f, 0x00, 0x00, 0x02, 0x08, 0x00, 0x00, 0x00, 0x0f, 0x00, 0x00, 0x02, 0x09, 0x00, 0x00,
  0x00, 0x0f, 0x00, 0x00, 0x02, 0x0a, 0x00, 0x00, 0x00, 0x0f, 0x00, 0x00, 0x02, 0x0c, 0x00, 0x00,
  0x00, 0x0f, 0x00, 0x00, 0x02, 0x01, 0x00, 0x00, 0x00, 0x10, 0x00, 0x00, 0x02, 0x02, 0x00, 0x00,
  0x00, 0x10, 0x00, 0x00, 0x02, 0x03, 0x00, 0x00, 0x00, 0x10, 0x00, 0x00, 0x02, 0x04, 0x00, 0x00,
  0x00, 0x10, 0x00, 0x00, 0x02, 0x05, 0x00, 0x00, 0x00, 0x10, 0x00, 0x00, 0x02, 0x06, 0x00, 0x00,
  0x00, 0x10, 0x00, 0x00, 0x02, 0x07, 0x00, 0x00, 0x00, 0x10, 0x00, 0x00, 0x02, 0x08, 0x00, 0x00,
  0x00, 0x10, 0x00, 0x00, 0x02, 0x09, 0x00, 0x00, 0x00, 0x10, 0x00, 0x00, 0x02, 0x0a, 0x00, 0x00,
  0x00, 0x10, 0x00, 0x00, 0x02, 0x0c, 0x00, 0x00, 0x00, 0x10, 0x00, 0x00, 0x02, 0x01, 0x00, 0x00,
  0x00, 0x13, 0x00, 0x00, 0x02, 0x02, 0x00, 0x00, 0x00, 0x13, 0x00, 0x00, 0x02, 0x03, 0x00, 0x00,
  0x00, 0x13, 0x00, 0x00, 0x02, 0x04, 0x00, 0x00, 0x00, 0x13, 0x00, 0x00, 0x02, 0x05, 0x00, 0x00,
  0x00, 0x13, 0x00, 0x00, 0x02, 0x06, 0x00, 0x00, 0x00, 0x13, 0x00, 0x00, 0x02, 0x07, 0x00, 0x00,
  0x00, 0x13, 0x00, 0x00, 0x02, 0x08, 0x00, 0x00, 0x00, 0x13, 0x00, 0x00, 0x02, 0x09, 0x00, 0x00,
  0x00, 0x13, 0x00, 0x00, 0x02, 0x0a, 0x00, 0x00, 0x00, 0x13, 0x00, 0x00, 0x02, 0x0c, 0x00, 0x00,
  0x00, 0x13, 0x00, 0x00, 0x02, 0x01, 0x00, 0x00, 0x00, 0x15, 0x00, 0x00, 0x02, 0x02, 0x00, 0x00,
  0x00, 0x15, 0x00, 0x00, 0x02, 0x03, 0x00, 0x00, 0x00, 0x15, 0x00, 0x00, 0x02, 0x04, 0x00, 0x00,
  0x00, 0x15, 0x00, 0x00, 0x02, 0x05, 0x00, 0x00, 0x00, 0x15, 0x00, 0x00, 0x02, 0x06, 0x00, 0x00,
  0x00, 0x15, 0x00, 0x00, 0x02, 0x07, 0x00, 0x00, 0x00, 0x15, 0x00, 0x00, 0x02, 0x08, 0x00, 0x00,
  0x00, 0x15, 0x00, 0x00, 0x02, 0x09, 0x00, 0x00, 0x00, 0x15, 0x00, 0x00, 0x02, 0x0a, 0x00, 0x00,
  0x00, 0x15, 0x00, 0x00, 0x02, 0x0c, 0x00, 0x00, 0x00, 0x15, 0x00, 0x00, 0x02, 0x01, 0x00, 0x00,
  0x00, 0x17, 0x00, 0x00, 0x02, 0x02, 0x00, 0x00, 0x00, 0x17, 0x00, 0x00, 0x02, 0x03, 0x00, 0x00,
  0x00, 0x17, 0x00, 0x00, 0x02, 0x04, 0x00, 0x00, 0x00, 0x17, 0x00, 0x00, 0x02, 0x05, 0x00, 0x00,
  0x00, 0x17, 0x00, 0x00, 0x02, 0x06, 0x00, 0x00, 0x00, 0x17, 0x00, 0x00, 0x02, 0x07, 0x00, 0x00,
  0x00, 0x17, 0x00, 0x00, 0x02, 0x08, 0x00, 0x00, 0x00, 0x17, 0x00, 0x00, 0x02, 0x09, 0x00, 0x00,
  0x00, 0x17, 0x00, 0x00, 0x02, 0x0a, 0x00, 0x00, 0x00, 0x17, 0x00, 0x00, 0x02, 0x0c, 0x00, 0x00,
  0x00, 0x17, 0x00, 0x00, 0x02, 0x01, 0x00, 0x00, 0x00, 0x19, 0x00, 0x00, 0x02, 0x02, 0x00, 0x00,
  0x00, 0x19, 0x00, 0x00, 0x02, 0x03, 0x00, 0x00, 0x00, 0x19, 0x00, 0x00, 0x02, 0x04, 0x00, 0x00,
  0x00, 0x19, 0x00, 0x00, 0x02, 0x05, 0x00, 0x00, 0x00, 0x19, 0x00, 0x00, 0x02, 0x06, 0x00, 0x00,
  0x00, 0x19, 0x00, 0x00, 0x02, 0x07, 0x00, 0x00, 0x00, 0x19, 0x00, 0x00, 0x02, 0x08, 0x00, 0x00,
  0x00, 0x19, 0x00, 0x00, 0x02, 0x09, 0x00, 0x00, 0x00, 0x19, 0x00, 0x00, 0x02, 0x0a, 0x00, 0x00,
  0x00, 0x19, 0x00, 0x00, 0x02, 0x0c, 0x00, 0x00, 0x00, 0x19, 0x00, 0x00, 0x02, 0x01, 0x00, 0x00,
  0x00, 0x1b, 0x00, 0x00, 0x02, 0x02, 0x00, 0x00, 0x00, 0x1b, 0x00, 0x00, 0x02, 0x03, 0x00, 0x00,
  0x00, 0x1b, 0x00, 0x00, 0x02, 0x04, 0x00, 0x00, 0x00, 0x1b, 0x00, 0x00, 0x02, 0x05, 0x00, 0x00,
  0x00, 0x1b, 0x00, 0x00, 0x02, 0x06, 0x00, 0x00, 0x00, 0x1b, 0x00, 0x00, 0x02, 0x07, 0x00, 0x00,
  0x00, 0x1b, 0x00, 0x00, 0x02, 0x08, 0x00, 0x00, 0x00, 0x1b, 0x00, 0x00, 0x02, 0x09, 0x00, 0x00,
  0x00, 0x1b, 0x00, 0x00, 0x02, 0x0a, 0x00, 0x00, 0x00, 0x1b, 0x00, 0x00, 0x02, 0x0c, 0x00, 0x00,
  0x00, 0x1b, 0x00, 0x00, 0x02, 0x01, 0x00, 0x00, 0x00, 0x1d, 0x00, 0x00, 0x02, 0x02, 0x00, 0x00,
  0x00, 0x1d, 0x00, 0x00, 0x02, 0x03, 0x00, 0x00, 0x00, 0x1d, 0x00, 0x00, 0x02, 0x04, 0x00, 0x00,
  0x00, 0x1d, 0x00, 0x00, 0x02, 0x05, 0x00, 0x00, 0x00, 0x1d, 0x00, 0x00, 0x02, 0x06, 0x00, 0x00,
  0x00, 0x1d, 0x00, 0x00, 0x02, 0x07, 0x00, 0x00, 0x00, 0x1d, 0x00, 0x00, 0x02, 0x08, 0x00, 0x00,
  0x00, 0x1d, 0x00, 0x00, 0x02, 0x09, 0x00, 0x00, 0x00, 0x1d, 0x00, 0x00, 0x02, 0x0a, 0x00, 0x00,
  0x00, 0x1d, 0x00, 0x00, 0x02, 0x0c, 0x00, 0x00, 0x00, 0x1d, 0x00, 0x00, 0x02, 0x01, 0x00, 0x00,
  0x00, 0x22, 0x00, 0x00, 0x02, 0x02, 0x00, 0x00, 0x00, 0x22, 0x00, 0x00, 0x02, 0x03, 0x00, 0x00,
  0x00, 0x22, 0x00, 0x00, 0x02, 0x04, 0x00, 0x00, 0x00, 0x22, 0x00, 0x00, 0x02, 0x05, 0x00, 0x00,
  0x00, 0x22, 0x00, 0x00, 0x02, 0x06, 0x00, 0x00, 0x00, 0x22, 0x00, 0x00, 0x02, 0x07, 0x00, 0x00,
  0x00, 0x22, 0x00, 0x00, 0x02, 0x08, 0x00, 0x00, 0x00, 0x22, 0x00, 0x00, 0x02, 0x09, 0x00, 0x00,
  0x00, 0x22, 0x00, 0x00, 0x02, 0x0a, 0x00, 0x00, 0x00, 0x22, 0x00, 0x00, 0x02, 0x0c, 0x00, 0x00,
  0x00, 0x22, 0x00, 0x00, 0x02, 0x01, 0x00, 0x00, 0x00, 0x27, 0x00, 0x00, 0x02, 0x02, 0x00, 0x00,
  0x00, 0x27, 0x00, 0x00, 0x02, 0x03, 0x00, 0x00, 0x00, 0x27, 0x00, 0x00, 0x02, 0x04, 0x00, 0x00,
  0x00, 0x27, 0x00, 0x00, 0x02, 0x05, 0x00, 0x00, 0x00, 0x27, 0x00, 0x00, 0x02, 0x06, 0x00, 0x00,
  0x00, 0x27, 0x00, 0x00, 0x02, 0x07, 0x00, 0x00, 0x00, 0x27, 0x00, 0x00, 0x02, 0x08, 0x00, 0x00,
  0x00, 0x27, 0x00, 0x00, 0x02, 0x09, 0x00, 0x00, 0x00, 0x27, 0x00, 0x00, 0x02, 0x0a, 0x00, 0x00,
  0x00, 0x27, 0x00, 0x00, 0x02, 0x0c, 0x00, 0x00, 0x00, 0x27, 0x00, 0x00, 0x02, 0x01, 0x00, 0x00,
  0x00, 0x29, 0x00, 0x00, 0x02, 0x02, 0x00, 0x00, 0x00, 0x29, 0x00, 0x00, 0x02, 0x03, 0x00, 0x00,
  0x00, 0x29, 0x00, 0x00, 0x02, 0x04, 0x00, 0x00, 0x00, 0x29, 0x00, 0x00, 0x02, 0x05, 0x00, 0x00,
  0x00, 0x29, 0x00, 0x00, 0x02, 0x06, 0x00, 0x00, 0x00, 0x29, 0x00, 0x00, 0x02, 0x07, 0x00, 0x00,
  0x00, 0x29, 0x00, 0x00, 0x02, 0x08, 0x00, 0x00, 0x00, 0x29, 0x00, 0x00, 0x02, 0x09, 0x00, 0x00,
  0x00, 0x29, 0x00, 0x00, 0x02, 0x0a, 0x00, 0x00, 0x00, 0x29, 0x00, 0x00, 0x02, 0x0c, 0x00, 0x00,
  0x00, 0x29, 0x00, 0x00, 0x02, 0x01, 0x00, 0x00, 0x00, 0x12, 0x00, 0x00, 0x02, 0x02, 0x00, 0x00,
  0x00, 0x12, 0x00, 0x00, 0x02, 0x03, 0x00, 0x00, 0x00, 0x12, 0x00, 0x00, 0x02, 0x04, 0x00, 0x00,
  0x00, 0x12, 0x00, 0x00, 0x02, 0x05, 0x00, 0x00, 0x00, 0x12, 0x00, 0x00, 0x02, 0x06, 0x00, 0x00,
  0x00, 0x12, 0x00, 0x00, 0x02, 0x07, 0x00, 0x00, 0x00, 0x12, 0x00, 0x00, 0x02, 0x08, 0x00, 0x00,
  0x00, 0x12, 0x00, 0x00, 0x02, 0x0a, 0x00, 0x00, 0x00, 0x12, 0x00, 0x00, 0x02, 0x0b, 0x00, 0x00,
  0x00, 0x12, 0x00, 0x00, 0x02, 0x0c, 0x00, 0x00, 0x00, 0x12, 0x00, 0x00, 0x02, 0x01, 0x00, 0x00,
  0x00, 0x14, 0x00, 0x00, 0x02, 0x02, 0x00, 0x00, 0x00, 0x14, 0x00, 0x00, 0x02, 0x03, 0x00, 0x00,
  0x00, 0x14, 0x00, 0x00, 0x02, 0x04, 0x00, 0x00, 0x00, 0x14, 0x00, 0x00, 0x02, 0x05, 0x00, 0x00,
  0x00, 0x14, 0x00, 0x00, 0x02, 0x06, 0x00, 0x00, 0x00, 0x14, 0x00, 0x00, 0x02, 0x07, 0x00, 0x00,
  0x00, 0x14, 0x00, 0x00, 0x02, 0x08, 0x00, 0x00, 0x00, 0x14, 0x00, 0x00, 0x02, 0x0a, 0x00, 0x00,
  0x00, 0x14, 0x00, 0x00, 0x02, 0x0b, 0x00, 0x00, 0x00, 0x14, 0x00, 0x00, 0x02, 0x0c, 0x00, 0x00,
  0x00, 0x14, 0x00, 0x00, 0x02, 0x01, 0x00, 0x00, 0x00, 0x16, 0x00, 0x00, 0x02, 0x02, 0x00, 0x00,
  0x00, 0x16, 0x00, 0x00, 0x02, 0x03, 0x00, 0x00, 0x00, 0x16, 0x00, 0x00, 0x02, 0x04, 0x00, 0x00,
  0x00, 0x16, 0x00, 0x00, 0x02, 0x05, 0x00, 0x00, 0x00, 0x16, 0x00, 0x00, 0x02, 0x06, 0x00, 0x00,
  0x00, 0x16, 0x00, 0x00, 0x02, 0x07, 0x00, 0x00, 0x00, 0x16, 0x00, 0x00, 0x02, 0x08, 0x00, 0x00,
  0x00, 0x16, 0x00, 0x00, 0x02, 0x0a, 0x00, 0x00, 0x00, 0x16, 0x00, 0x00, 0x02, 0x0b, 0x00, 0x00,
  0x00, 0x16, 0x00, 0x00, 0x02, 0x0c, 0x00, 0x00, 0x00, 0x16, 0x00, 0x00, 0x02, 0x01, 0x00, 0x00,
  0x00, 0x18, 0x00, 0x00, 0x02, 0x02, 0x00, 0x00, 0x00, 0x18, 0x00, 0x00, 0x02, 0x03, 0x00, 0x00,
  0x00, 0x18, 0x00, 0x00, 0x02, 0x04, 0x00, 0x00, 0x00, 0x18, 0x00, 0x00, 0x02, 0x05, 0x00, 0x00,
  0x00, 0x18, 0x00, 0x00, 0x02, 0x06, 0x00, 0x00, 0x00, 0x18, 0x00, 0x00, 0x02, 0x07, 0x00, 0x00,
  0x00, 0x18, 0x00, 0x00, 0x02, 0x08, 0x00, 0x00, 0x00, 0x18, 0x00, 0x00, 0x02, 0x0a, 0x00, 0x00,
  0x00, 0x18, 0x00, 0x00, 0x02, 0x0b, 0x00, 0x00, 0x00, 0x18, 0x00, 0x00, 0x02, 0x0c, 0x00, 0x00,
  0x00, 0x18, 0x00, 0x00, 0x02, 0x01, 0x00, 0x00, 0x00, 0x1a, 0x00, 0x00, 0x02, 0x02, 0x00, 0x00,
  0x00, 0x1a, 0x00, 0x00, 0x02, 0x03, 0x00, 0x00, 0x00, 0x1a, 0x00, 0x00, 0x02, 0x04, 0x00, 0x00,
  0x00, 0x1a, 0x00, 0x00, 0x02, 0x05, 0x00, 0x00, 0x00, 0x1a, 0x00, 0x00, 0x02, 0x06, 0x00, 0x00,
  0x00, 0x1a, 0x00, 0x00, 0x02, 0x07, 0x00, 0x00, 0x00, 0x1a, 0x00, 0x00, 0x02, 0x08, 0x00, 0x00,
  0x00, 0x1a, 0x00, 0x00, 0x02, 0x0a, 0x00, 0x00, 0x00, 0x1a, 0x00, 0x00, 0x02, 0x0b, 0x00, 0x00,
  0x00, 0x1a, 0x00, 0x00, 0x02, 0x0c, 0x00, 0x00, 0x00, 0x1a, 0x00, 0x00, 0x02, 0x01, 0x00, 0x00,
  0x00, 0x1c, 0x00, 0x00, 0x02, 0x02, 0x00, 0x00, 0x00, 0x1c, 0x00, 0x00, 0x02, 0x03, 0x00, 0x00,
  0x00, 0x1c, 0x00, 0x00, 0x02, 0x04, 0x00, 0x00, 0x00, 0x1c, 0x00, 0x00, 0x02, 0x05, 0x00, 0x00,
  0x00, 0x1c, 0x00, 0x00, 0x02, 0x06, 0x00, 0x00, 0x00, 0x1c, 0x00, 0x00, 0x02, 0x07, 0x00, 0x00,
  0x00, 0x1c, 0x00, 0x00, 0x02, 0x08, 0x00, 0x00, 0x00, 0x1c, 0x00, 0x00, 0x02, 0x0a, 0x00, 0x00,
  0x00, 0x1c, 0x00, 0x00, 0x02, 0x0b, 0x00, 0x00, 0x00, 0x1c, 0x00, 0x00, 0x02, 0x0c, 0x00, 0x00,
  0x00, 0x1c, 0x00, 0x00, 0x02, 0x01, 0x00, 0x00, 0x00, 0x1e, 0x00, 0x00, 0x02, 0x02, 0x00, 0x00,
  0x00, 0x1e, 0x00, 0x00, 0x02, 0x03, 0x00, 0x00, 0x00, 0x1e, 0x00, 0x00, 0x02, 0x04, 0x00, 0x00,
  0x00, 0x1e, 0x00, 0x00, 0x02, 0x05, 0x00, 0x00, 0x00, 0x1e, 0x00, 0x00, 0x02, 0x06, 0x00, 0x00,
  0x00, 0x1e, 0x00, 0x00, 0x02, 0x07, 0x00, 0x00, 0x00, 0x1e, 0x00, 0x00, 0x02, 0x08, 0x00, 0x00,
  0x00, 0x1e, 0x00, 0x00, 0x02, 0x09, 0x00, 0x00, 0x00, 0x1e, 0x00, 0x00, 0x02, 0x0a, 0x00, 0x00,
  0x00, 0x1e, 0x00, 0x00, 0x02, 0x0c, 0x00, 0x00, 0x00, 0x1e, 0x00, 0x00, 0x02, 0x01, 0x00, 0x00,
  0x00, 0x23, 0x00, 0x00, 0x02, 0x02, 0x00, 0x00, 0x00, 0x23, 0x00, 0x00, 0x02, 0x03, 0x00, 0x00,
  0x00, 0x23, 0x00, 0x00, 0x02, 0x04, 0x00, 0x00, 0x00, 0x23, 0x00, 0x00, 0x02, 0x05, 0x00, 0x00,
  0x00, 0x23, 0x00, 0x00, 0x02, 0x06, 0x00, 0x00, 0x00, 0x23, 0x00, 0x00, 0x02, 0x07, 0x00, 0x00,
  0x00, 0x23, 0x00, 0x00, 0x02, 0x08, 0x00, 0x00, 0x00, 0x23, 0x00, 0x00, 0x02, 0x0a, 0x00, 0x00,
  0x00, 0x23, 0x00, 0x00, 0x02, 0x0b, 0x00, 0x00, 0x00, 0x23, 0x00, 0x00, 0x02, 0x0c, 0x00, 0x00,
  0x00, 0x23, 0x00, 0x00, 0x02, 0x01, 0x00, 0x00, 0x00, 0x28, 0x00, 0x00, 0x02, 0x02, 0x00, 0x00,
  0x00, 0x28, 0x00, 0x00, 0x02, 0x03, 0x00, 0x00, 0x00, 0x28, 0x00, 0x00, 0x02, 0x04, 0x00, 0x00,
  0x00, 0x28, 0x00, 0x00, 0x02, 0x05, 0x00, 0x00, 0x00, 0x28, 0x00, 0x00, 0x02, 0x06, 0x00, 0x00,
  0x00, 0x28, 0x00, 0x00, 0x02, 0x07, 0x00, 0x00, 0x00, 0x28, 0x00, 0x00, 0x02, 0x08, 0x00, 0x00,
  0x00, 0x28, 0x00, 0x00, 0x02, 0x0a, 0x00, 0x00, 0x00, 0x28, 0x00, 0x00, 0x02, 0x0b, 0x00, 0x00,
  0x00, 0x28, 0x00, 0x00, 0x02, 0x0c, 0x00, 0x00, 0x00, 0x28, 0x00, 0x00, 0x02, 0x01, 0x00, 0x00,
  0x00, 0x07, 0x00, 0x00, 0x02, 0x02, 0x00, 0x00, 0x00, 0x07, 0x00, 0x00, 0x02, 0x03, 0x00, 0x00,
  0x00, 0x07, 0x00, 0x00, 0x02, 0x04, 0x00, 0x00, 0x00, 0x07, 0x00, 0x00, 0x02, 0x05, 0x00, 0x00,
  0x00, 0x07, 0x00, 0x00, 0x02, 0x06, 0x00, 0x00, 0x00, 0x07, 0x00, 0x00, 0x02, 0x07, 0x00, 0x00,
  0x00, 0x07, 0x00, 0x00, 0x02, 0x08, 0x00, 0x00, 0x00, 0x07, 0x00, 0x00, 0x02, 0x0a, 0x00, 0x00,
  0x00, 0x07, 0x00, 0x00, 0x02, 0x0b, 0x00, 0x00, 0x00, 0x07, 0x00, 0x00, 0x02, 0x0c, 0x00, 0x00,
  0x00, 0x07, 0x00, 0x00, 0x02, 0x01, 0x00, 0x00, 0x00, 0x08, 0x00, 0x00, 0x02, 0x02, 0x00, 0x00,
  0x00, 0x08, 0x00, 0x00, 0x02, 0x03, 0x00, 0x00, 0x00, 0x08, 0x00, 0x00, 0x02, 0x04, 0x00, 0x00,
  0x00, 0x08, 0x00, 0x00, 0x02, 0x05, 0x00, 0x00, 0x00, 0x08, 0x00, 0x00, 0x02, 0x06, 0x00, 0x00,
  0x00, 0x08, 0x00, 0x00, 0x02, 0x07, 0x00, 0x00, 0x00, 0x08, 0x00, 0x00, 0x02, 0x08, 0x00, 0x00,
  0x00, 0x08, 0x00, 0x00, 0x02, 0x0a, 0x00, 0x00, 0x00, 0x08, 0x00, 0x00, 0x02, 0x0b, 0x00, 0x00,
  0x00, 0x08, 0x00, 0x00, 0x02, 0x0c, 0x00, 0x00, 0x00, 0x08, 0x00, 0x00, 0x02, 0x01, 0x00, 0x00,
  0x00, 0x09, 0x00, 0x00, 0x02, 0x02, 0x00, 0x00, 0x00, 0x09, 0x00, 0x00, 0x02, 0x03, 0x00, 0x00,
  0x00, 0x09, 0x00, 0x00, 0x02, 0x04, 0x00, 0x00, 0x00, 0x09, 0x00, 0x00, 0x02, 0x05, 0x00, 0x00,
  0x00, 0x09, 0x00, 0x00, 0x02, 0x06, 0x00, 0x00, 0x00, 0x09, 0x00, 0x00, 0x02, 0x07, 0x00, 0x00,
  0x00, 0x09, 0x00, 0x00, 0x02, 0x08, 0x00, 0x00, 0x00, 0x09, 0x00, 0x00, 0x02, 0x0a, 0x00, 0x00,
  0x00, 0x09, 0x00, 0x00, 0x02, 0x0b, 0x00, 0x00, 0x00, 0x09, 0x00, 0x00, 0x02, 0x0c, 0x00, 0x00,
  0x00, 0x09, 0x00, 0x00, 0x02, 0x01, 0x00, 0x00, 0x00, 0x0a, 0x00, 0x00, 0x02, 0x02, 0x00, 0x00,
  0x00, 0x0a, 0x00, 0x00, 0x02, 0x03, 0x00, 0x00, 0x00, 0x0a, 0x00, 0x00, 0x02, 0x04, 0x00, 0x00,
  0x00, 0x0a, 0x00, 0x00, 0x02, 0x05, 0x00, 0x00, 0x00, 0x0a, 0x00, 0x00, 0x02, 0x06, 0x00, 0x00,
  0x00, 0x0a, 0x00, 0x00, 0x02, 0x07, 0x00, 0x00, 0x00, 0x0a, 0x00, 0x00, 0x02, 0x08, 0x00, 0x00,
  0x00, 0x0a, 0x00, 0x00, 0x02, 0x0a, 0x00, 0x00, 0x00, 0x0a, 0x00, 0x00, 0x02, 0x0b, 0x00, 0x00,
  0x00, 0x0a, 0x00, 0x00, 0x02, 0x0c, 0x00, 0x00, 0x00, 0x0a, 0x00, 0x00, 0x02, 0x01, 0x00, 0x00,
  0x00, 0x0b, 0x00, 0x00, 0x02, 0x02, 0x00, 0x00, 0x00, 0x0b, 0x00, 0x00, 0x02, 0x03, 0x00, 0x00,
  0x00, 0x0b, 0x00, 0x00, 0x02, 0x04, 0x00, 0x00, 0x00, 0x0b, 0x00, 0x00, 0x02, 0x05, 0x00, 0x00,
  0x00, 0x0b, 0x00, 0x00, 0x02, 0x06, 0x00, 0x00, 0x00, 0x0b, 0x00, 0x00, 0x02, 0x07, 0x00, 0x00,
  0x00, 0x0b, 0x00, 0x00, 0x02, 0x08, 0x00, 0x00, 0x00, 0x0b, 0x00, 0x00, 0x02, 0x0a, 0x00, 0x00,
  0x00, 0x0b, 0x00, 0x00, 0x02, 0x0b, 0x00, 0x00, 0x00, 0x0b, 0x00, 0x00, 0x02, 0x0c, 0x00, 0x00,
  0x00, 0x0b, 0x00, 0x00, 0x02, 0x01, 0x00, 0x00, 0x00, 0x0c, 0x00, 0x00, 0x02, 0x02, 0x00, 0x00,
  0x00, 0x0c, 0x00, 0x00, 0x02, 0x03, 0x00, 0x00, 0x00, 0x0c, 0x00, 0x00, 0x02, 0x04, 0x00, 0x00,
  0x00, 0x0c, 0x00, 0x00, 0x02, 0x05, 0x00, 0x00, 0x00, 0x0c, 0x00, 0x00, 0x02, 0x06, 0x00, 0x00,
  0x00, 0x0c, 0x00, 0x00, 0x02, 0x07, 0x00, 0x00, 0x00, 0x0c, 0x00, 0x00, 0x02, 0x08, 0x00, 0x00,
  0x00, 0x0c, 0x00, 0x00, 0x02, 0x0a, 0x00, 0x00, 0x00, 0x0c, 0x00, 0x00, 0x02, 0x0b, 0x00, 0x00,
  0x00, 0x0c, 0x00, 0x00, 0x02, 0x0c, 0x00, 0x00, 0x00, 0x0c, 0x00, 0x00, 0x02, 0x01, 0x00, 0x00,
  0x00, 0x0d, 0x00, 0x00, 0x02, 0x02, 0x00, 0x00, 0x00, 0x0d, 0x00, 0x00, 0x02, 0x03, 0x00, 0x00,
  0x00, 0x0d, 0x00, 0x00, 0x02, 0x04, 0x00, 0x00, 0x00, 0x0d, 0x00, 0x00, 0x02, 0x05, 0x00, 0x00,
  0x00, 0x0d, 0x00, 0x00, 0x02, 0x06, 0x00, 0x00, 0x00, 0x0d, 0x00, 0x00, 0x02, 0x07, 0x00, 0x00,
  0x00, 0x0d, 0x00, 0x00, 0x02, 0x08, 0x00, 0x00, 0x00, 0x0d, 0x00, 0x00, 0x02, 0x0a, 0x00, 0x00,
  0x00, 0x0d, 0x00, 0x00, 0x02, 0x0b, 0x00, 0x00, 0x00, 0x0d, 0x00, 0x00, 0x02, 0x0c, 0x00, 0x00,
  0x00, 0x0d, 0x00, 0x00, 0x02, 0x01, 0x00, 0x00, 0x00, 0x0e, 0x00, 0x00, 0x02, 0x02, 0x00, 0x00,
  0x00, 0x0e, 0x00, 0x00, 0x02, 0x03, 0x00, 0x00, 0x00, 0x0e, 0x00, 0x00, 0x02, 0x04, 0x00, 0x00,
  0x00, 0x0e, 0x00, 0x00, 0x02, 0x05, 0x00, 0x00, 0x00, 0x0e, 0x00, 0x00, 0x02, 0x06, 0x00, 0x00,
  0x00, 0x0e, 0x00, 0x00, 0x02, 0x07, 0x00, 0x00, 0x00, 0x0e, 0x00, 0x00, 0x02, 0x08, 0x00, 0x00,
  0x00, 0x0e, 0x00, 0x00, 0x02, 0x0a, 0x00, 0x00, 0x00, 0x0e, 0x00, 0x00, 0x02, 0x0b, 0x00, 0x00,
  0x00, 0x0e, 0x00, 0x00, 0x02, 0x0c, 0x00, 0x00, 0x00, 0x0e, 0x00, 0x00, 0x02, 0x01, 0x00, 0x00,
  0x00, 0x0f, 0x00, 0x00, 0x02, 0x02, 0x00, 0x00, 0x00, 0x0f, 0x00, 0x00, 0x02, 0x03, 0x00, 0x00,
  0x00, 0x0f, 0x00, 0x00, 0x02, 0x04, 0x00, 0x00, 0x00, 0x0f, 0x00, 0x00, 0x02, 0x05, 0x00, 0x00,
  0x00, 0x0f, 0x00, 0x00, 0x02, 0x06, 0x00, 0x00, 0x00, 0x0f, 0x00, 0x00, 0x02, 0x07, 0x00, 0x00,
  0x00, 0x0f, 0x00, 0x00, 0x02, 0x08, 0x00, 0x00, 0x00, 0x0f, 0x00, 0x00, 0x02, 0x0a, 0x00, 0x00,
  0x00, 0x0f, 0x00, 0x00, 0x02, 0x0b, 0x00, 0x00, 0x00, 0x0f, 0x00, 0x00, 0x02, 0x0c, 0x00, 0x00,
  0x00, 0x0f, 0x00, 0x00, 0x02, 0x01, 0x00, 0x00, 0x00, 0x10, 0x00, 0x00, 0x02, 0x02, 0x00, 0x00,
  0x00, 0x10, 0x00, 0x00, 0x02, 0x03, 0x00, 0x00, 0x00, 0x10, 0x00, 0x00, 0x02, 0x04, 0x00, 0x00,
  0x00, 0x10, 0x00, 0x00, 0x02, 0x05, 0x00, 0x00, 0x00, 0x10, 0x00, 0x00, 0x02, 0x06, 0x00, 0x00,
  0x00, 0x10, 0x00, 0x00, 0x02, 0x07, 0x00, 0x00, 0x00, 0x10, 0x00, 0x00, 0x02, 0x08, 0x00, 0x00,
  0x00, 0x10, 0x00, 0x00, 0x02, 0x0a, 0x00, 0x00, 0x00, 0x10, 0x00, 0x00, 0x02, 0x0b, 0x00, 0x00,
  0x00, 0x10, 0x00, 0x00, 0x02, 0x0c, 0x00, 0x00, 0x00, 0x10, 0x00, 0x00, 0x02, 0x01, 0x00, 0x00,
  0x00, 0x13, 0x00, 0x00, 0x02, 0x02, 0x00, 0x00, 0x00, 0x13, 0x00, 0x00, 0x02, 0x03, 0x00, 0x00,
  0x00, 0x13, 0x00, 0x00, 0x02, 0x04, 0x00, 0x00, 0x00, 0x13, 0x00, 0x00, 0x02, 0x05, 0x00, 0x00,
  0x00, 0x13, 0x00, 0x00, 0x02, 0x06, 0x00, 0x00, 0x00, 0x13, 0x00, 0x00, 0x02, 0x07, 0x00, 0x00,
  0x00, 0x13, 0x00, 0x00, 0x02, 0x08, 0x00, 0x00, 0x00, 0x13, 0x00, 0x00, 0x02, 0x0a, 0x00, 0x00,
  0x00, 0x13, 0x00, 0x00, 0x02, 0x0b, 0x00, 0x00, 0x00, 0x13, 0x00, 0x00, 0x02, 0x0c, 0x00, 0x00,
  0x00, 0x13, 0x00, 0x00, 0x02, 0x01, 0x00, 0x00, 0x00, 0x15, 0x00, 0x00, 0x02, 0x02, 0x00, 0x00,
  0x00, 0x15, 0x00, 0x00, 0x02, 0x03, 0x00, 0x00, 0x00, 0x15, 0x00, 0x00, 0x02, 0x04, 0x00, 0x00,
  0x00, 0x15, 0x00, 0x00, 0x02, 0x05, 0x00, 0x00, 0x00, 0x15, 0x00, 0x00, 0x02, 0x06, 0x00, 0x00,
  0x00, 0x15, 0x00, 0x00, 0x02, 0x07, 0x00, 0x00, 0x00, 0x15, 0x00, 0x00, 0x02, 0x08, 0x00, 0x00,
  0x00, 0x15, 0x00, 0x00, 0x02, 0x0a, 0x00, 0x00, 0x00, 0x15, 0x00, 0x00, 0x02, 0x0b, 0x00, 0x00,
  0x00, 0x15, 0x00, 0x00, 0x02, 0x0c, 0x00, 0x00, 0x00, 0x15, 0x00, 0x00, 0x02, 0x01, 0x00, 0x00,
  0x00, 0x17, 0x00, 0x00, 0x02, 0x02, 0x00, 0x00, 0x00, 0x17, 0x00, 0x00, 0x02, 0x03, 0x00, 0x00,
  0x00, 0x17, 0x00, 0x00, 0x02, 0x04, 0x00, 0x00, 0x00, 0x17, 0x00, 0x00, 0x02, 0x05, 0x00, 0x00,
  0x00, 0x17, 0x00, 0x00, 0x02, 0x06, 0x00, 0x00, 0x00, 0x17, 0x00, 0x00, 0x02, 0x07, 0x00, 0x00,
  0x00, 0x17, 0x00, 0x00, 0x02, 0x08, 0x00, 0x00, 0x00, 0x17, 0x00, 0x00, 0x02, 0x0a, 0x00, 0x00,
  0x00, 0x17, 0x00, 0x00, 0x02, 0x0b, 0x00, 0x00, 0x00, 0x17, 0x00, 0x00, 0x02, 0x0c, 0x00, 0x00,
  0x00, 0x17, 0x00, 0x00, 0x02, 0x01, 0x00, 0x00, 0x00, 0x19, 0x00, 0x00, 0x02, 0x02, 0x00, 0x00,
  0x00, 0x19, 0x00, 0x00, 0x02, 0x03, 0x00, 0x00, 0x00, 0x19, 0x00, 0x00, 0x02, 0x04, 0x00, 0x00,
  0x00, 0x19, 0x00, 0x00, 0x02, 0x05, 0x00, 0x00, 0x00, 0x19, 0x00, 0x00, 0x02, 0x06, 0x00, 0x00,
  0x00, 0x19, 0x00, 0x00, 0x02, 0x07, 0x00, 0x00, 0x00, 0x19, 0x00, 0x00, 0x02, 0x08, 0x00, 0x00,
  0x00, 0x19, 0x00, 0x00, 0x02, 0x0a, 0x00, 0x00, 0x00, 0x19, 0x00, 0x00, 0x02, 0x0b, 0x00, 0x00,
  0x00, 0x19, 0x00, 0x00, 0x02, 0x0c, 0x00, 0x00, 0x00, 0x19, 0x00, 0x00, 0x02, 0x01, 0x00, 0x00,
  0x00, 0x1b, 0x00, 0x00, 0x02, 0x02, 0x00, 0x00, 0x00, 0x1b, 0x00, 0x00, 0x02, 0x03, 0x00, 0x00,
  0x00, 0x1b, 0x00, 0x00, 0x02, 0x04, 0x00, 0x00, 0x00, 0x1b, 0x00, 0x00, 0x02, 0x05, 0x00, 0x00,
  0x00, 0x1b, 0x00, 0x00, 0x02, 0x06, 0x00, 0x00, 0x00, 0x1b, 0x00, 0x00, 0x02, 0x07, 0x00, 0x00,
  0x00, 0x1b, 0x00, 0x00, 0x02, 0x08, 0x00, 0x00, 0x00, 0x1b, 0x00, 0x00, 0x02, 0x0a, 0x00, 0x00,
  0x00, 0x1b, 0x00, 0x00, 0x02, 0x0b, 0x00, 0x00, 0x00, 0x1b, 0x00, 0x00, 0x02, 0x0c, 0x00, 0x00,
  0x00, 0x1b, 0x00, 0x00, 0x02, 0x01, 0x00, 0x00, 0x00, 0x1d, 0x00, 0x00, 0x02, 0x02, 0x00, 0x00,
  0x00, 0x1d, 0x00, 0x00, 0x02, 0x03, 0x00, 0x00, 0x00, 0x1d, 0x00, 0x00, 0x02, 0x04, 0x00, 0x00,
  0x00, 0x1d, 0x00, 0x00, 0x02, 0x05, 0x00, 0x00, 0x00, 0x1d, 0x00, 0x00, 0x02, 0x06, 0x00, 0x00,
  0x00, 0x1d, 0x00, 0x00, 0x02, 0x07, 0x00, 0x00, 0x00, 0x1d, 0x00, 0x00, 0x02, 0x08, 0x00, 0x00,
  0x00, 0x1d, 0x00, 0x00, 0x02, 0x0a, 0x00, 0x00, 0x00, 0x1d, 0x00, 0x00, 0x02, 0x0b, 0x00, 0x00,
  0x00, 0x1d, 0x00, 0x00, 0x02, 0x0c, 0x00, 0x00, 0x00, 0x1d, 0x00, 0x00, 0x02, 0x01, 0x00, 0x00,
  0x00, 0x22, 0x00, 0x00, 0x02, 0x02, 0x00, 0x00, 0x00, 0x22, 0x00, 0x00, 0x02, 0x03, 0x00, 0x00,
  0x00, 0x22, 0x00, 0x00, 0x02, 0x04, 0x00, 0x00, 0x00, 0x22, 0x00, 0x00, 0x02, 0x05, 0x00, 0x00,
  0x00, 0x22, 0x00, 0x00, 0x02, 0x06, 0x00, 0x00, 0x00, 0x22, 0x00, 0x00, 0x02, 0x07, 0x00, 0x00,
  0x00, 0x22, 0x00, 0x00, 0x02, 0x08, 0x00, 0x00, 0x00, 0x22, 0x00, 0x00, 0x02, 0x0a, 0x00, 0x00,
  0x00, 0x22, 0x00, 0x00, 0x02, 0x0b, 0x00, 0x00, 0x00, 0x22, 0x00, 0x00, 0x02, 0x0c, 0x00, 0x00,
  0x00, 0x22, 0x00, 0x00, 0x02, 0x01, 0x00, 0x00, 0x00, 0x27, 0x00, 0x00, 0x02, 0x02, 0x00, 0x00,
  0x00, 0x27, 0x00, 0x00, 0x02, 0x03, 0x00, 0x00, 0x00, 0x27, 0x00, 0x00, 0x02, 0x04, 0x00, 0x00,
  0x00, 0x27, 0x00, 0x00, 0x02, 0x05, 0x00, 0x00, 0x00, 0x27, 0x00, 0x00, 0x02, 0x06, 0x00, 0x00,
  0x00, 0x27, 0x00, 0x00, 0x02, 0x07, 0x00, 0x00, 0x00, 0x27, 0x00, 0x00, 0x02, 0x08, 0x00, 0x00,
  0x00, 0x27, 0x00, 0x00, 0x02, 0x0a, 0x00, 0x00, 0x00, 0x27, 0x00, 0x00, 0x02, 0x0b, 0x00, 0x00,
  0x00, 0x27, 0x00, 0x00, 0x02, 0x0c, 0x00, 0x00, 0x00, 0x27, 0x00, 0x00, 0x02, 0x01, 0x00, 0x00,
  0x00, 0x29, 0x00, 0x00, 0x02, 0x02, 0x00, 0x00, 0x00, 0x29, 0x00, 0x00, 0x02, 0x03, 0x00, 0x00,
  0x00, 0x29, 0x00, 0x00, 0x02, 0x04, 0x00, 0x00, 0x00, 0x29, 0x00, 0x00, 0x02, 0x05, 0x00, 0x00,
  0x00, 0x29, 0x00, 0x00, 0x02, 0x06, 0x00, 0x00, 0x00, 0x29, 0x00, 0x00, 0x02, 0x07, 0x00, 0x00,
  0x00, 0x29, 0x00, 0x00, 0x02, 0x08, 0x00, 0x00, 0x00, 0x29, 0x00, 0x00, 0x02, 0x0a, 0x00, 0x00,
  0x00, 0x29, 0x00, 0x00, 0x02, 0x0b, 0x00, 0x00, 0x00, 0x29, 0x00, 0x00, 0x02, 0x0c, 0x00, 0x00,
  0x00, 0x29, 0x00, 0x00, 0x02, 0x09, 0x00, 0x00, 0x00, 0x6d, 0x00, 0x00, 0x01, 0x0b, 0x00, 0x00,
  0x00, 0x6e, 0x00, 0x00, 0x01, 0x09, 0x00, 0x00, 0x00, 0x6f, 0x00, 0x00, 0x01, 0x0b, 0x00, 0x00,
  0x00, 0x70, 0x00, 0x00, 0x01, 0x01, 0x00, 0x00, 0x00, 0x21, 0x00, 0x00, 0x02, 0x02, 0x00, 0x00,
  0x00, 0x21, 0x00, 0x00, 0x02, 0x03, 0x00, 0x00, 0x00, 0x21, 0x00, 0x00, 0x02, 0x04, 0x00, 0x00,
  0x00, 0x21, 0x00, 0x00, 0x02, 0x05, 0x00, 0x00, 0x00, 0x21, 0x00, 0x00, 0x02, 0x06, 0x00, 0x00,
  0x00, 0x21, 0x00, 0x00, 0x02, 0x07, 0x00, 0x00, 0x00, 0x21, 0x00, 0x00, 0x02, 0x08, 0x00, 0x00,
  0x00, 0x21, 0x00, 0x00, 0x02, 0x09, 0x00, 0x00, 0x00, 0x21, 0x00, 0x00, 0x02, 0x0a, 0x00, 0x00,
  0x00, 0x21, 0x00, 0x00, 0x02, 0x0c, 0x00, 0x00, 0x00, 0x21, 0x00, 0x00, 0x02, 0x01, 0x00, 0x00,
  0x00, 0x26, 0x00, 0x00, 0x02, 0x02, 0x00, 0x00, 0x00, 0x26, 0x00, 0x00, 0x02, 0x03, 0x00, 0x00,
  0x00, 0x26, 0x00, 0x00, 0x02, 0x04, 0x00, 0x00, 0x00, 0x26, 0x00, 0x00, 0x02, 0x05, 0x00, 0x00,
  0x00, 0x26, 0x00, 0x00, 0x02, 0x06, 0x00, 0x00, 0x00, 0x26, 0x00, 0x00, 0x02, 0x07, 0x00, 0x00,
  0x00, 0x26, 0x00, 0x00, 0x02, 0x08, 0x00, 0x00, 0x00, 0x26, 0x00, 0x00, 0x02, 0x09, 0x00, 0x00,
  0x00, 0x26, 0x00, 0x00, 0x02, 0x0a, 0x00, 0x00, 0x00, 0x26, 0x00, 0x00, 0x02, 0x0c, 0x00, 0x00,
  0x00, 0x26, 0x00, 0x00, 0x02, 0x01, 0x00, 0x00, 0x00, 0x21, 0x00, 0x00, 0x02, 0x02, 0x00, 0x00,
  0x00, 0x21, 0x00, 0x00, 0x02, 0x03, 0x00, 0x00, 0x00, 0x21, 0x00, 0x00, 0x02, 0x04, 0x00, 0x00,
  0x00, 0x21, 0x00, 0x00, 0x02, 0x05, 0x00, 0x00, 0x00, 0x21, 0x00, 0x00, 0x02, 0x06, 0x00, 0x00,
  0x00, 0x21, 0x00, 0x00, 0x02, 0x07, 0x00, 0x00, 0x00, 0x21, 0x00, 0x00, 0x02, 0x08, 0x00, 0x00,
  0x00, 0x21, 0x00, 0x00, 0x02, 0x0a, 0x00, 0x00, 0x00, 0x21, 0x00, 0x00, 0x02, 0x0b, 0x00, 0x00,
  0x00, 0x21, 0x00, 0x00, 0x02, 0x0c, 0x00, 0x00, 0x00, 0x21, 0x00, 0x00, 0x02, 0x01, 0x00, 0x00,
  0x00, 0x26, 0x00, 0x00, 0x02, 0x02, 0x00, 0x00, 0x00, 0x26, 0x00, 0x00, 0x02, 0x03, 0x00, 0x00,
  0x00, 0x26, 0x00, 0x00, 0x02, 0x04, 0x00, 0x00, 0x00, 0x26, 0x00, 0x00, 0x02, 0x05, 0x00, 0x00,
  0x00, 0x26, 0x00, 0x00, 0x02, 0x06, 0x00, 0x00, 0x00, 0x26, 0x00, 0x00, 0x02, 0x07, 0x00, 0x00,
  0x00, 0x26, 0x00, 0x00, 0x02, 0x08, 0x00, 0x00, 0x00, 0x26, 0x00, 0x00, 0x02, 0x0a, 0x00, 0x00,
  0x00, 0x26, 0x00, 0x00, 0x02, 0x0b, 0x00, 0x00, 0x00, 0x26, 0x00, 0x00, 0x02, 0x0c, 0x00, 0x00,
  0x00, 0x26, 0x00, 0x00, 0x02, 0x00, 0x00, 0x00, 0x00, 0x06, 0x00, 0x00, 0x00, 0x06, 0x00, 0x00,
  0x00, 0x06, 0x00, 0x00, 0x00, 0x06, 0x00, 0x00, 0x00, 0x0a, 0x00, 0x00, 0x00, 0x0a, 0x00, 0x00,
  0x00, 0x1d, 0x00, 0x00, 0x00, 0x1d, 0x00, 0x00, 0x00, 0x1d, 0x00, 0x00, 0x00, 0x1d, 0x00, 0x00,
  0x00, 0x1d, 0x00, 0x00, 0x00, 0x1d, 0x00, 0x00, 0x00, 0x1d, 0x00, 0x00, 0x00, 0x1d, 0x00, 0x00,
  0x00, 0x1d, 0x00, 0x00, 0x00, 0x1f, 0x00, 0x00, 0x00, 0x21, 0x00, 0x00, 0x00, 0x21, 0x00, 0x00,
  0x00, 0x21, 0x00, 0x00, 0x00, 0x21, 0x00, 0x00, 0x00, 0x21, 0x00, 0x00, 0x00, 0x21, 0x00, 0x00,
  0x00, 0x21, 0x00, 0x00, 0x00, 0x21, 0x00, 0x00, 0x00, 0x21, 0x00, 0x00, 0x00, 0x21, 0x00, 0x00,
  0x00, 0x21, 0x00, 0x00, 0x00, 0x21, 0x00, 0x00, 0x00, 0x21, 0x00, 0x00, 0x00, 0x21, 0x00, 0x00,
  0x00, 0x21, 0x00, 0x00, 0x00, 0x21, 0x00, 0x00, 0x00, 0x21, 0x00, 0x00, 0x00, 0x21, 0x00, 0x00,
  0x00, 0x21, 0x00, 0x00, 0x00, 0x21, 0x00, 0x00, 0x00, 0x21, 0x00, 0x00, 0x00, 0x21, 0x00, 0x00,
  0x00, 0x25, 0x00, 0x00, 0x00, 0x25, 0x00, 0x00, 0x00, 0x29, 0x00, 0x00, 0x00, 0x29, 0x00, 0x00,
  0x00, 0x29, 0x00, 0x00, 0x00, 0x29, 0x00, 0x00, 0x00, 0x3c, 0x00, 0x00, 0x00, 0x3c, 0x00, 0x00,
  0x00, 0x3c, 0x00, 0x00, 0x00, 0x3c, 0x00, 0x00, 0x00, 0x4f, 0x00, 0x00, 0x00, 0x4f, 0x00, 0x00,
  0x00, 0x4f, 0x00, 0x00, 0x00, 0x4f, 0x00, 0x00, 0x00, 0x4f, 0x00, 0x00, 0x00, 0x4f, 0x00, 0x00,
  0x00, 0x4f, 0x00, 0x00, 0x00, 0x51, 0x00, 0x00, 0x00, 0x53, 0x00, 0x00, 0x00, 0x53, 0x00, 0x00,
  0x00, 0x53, 0x00, 0x00, 0x00, 0x53, 0x00, 0x00, 0x00, 0x53, 0x00, 0x00, 0x00, 0x53, 0x00, 0x00,
  0x00, 0x53, 0x00, 0x00, 0x00, 0x53, 0x00, 0x00, 0x00, 0x53, 0x00, 0x00, 0x00, 0x53, 0x00, 0x00,
  0x00, 0x53, 0x00, 0x00, 0x00, 0x53, 0x00, 0x00, 0x00, 0x53, 0x00, 0x00, 0x00, 0x53, 0x00, 0x00,
  0x00, 0x53, 0x00, 0x00, 0x00, 0x53, 0x00, 0x00, 0x00, 0x53, 0x00, 0x00, 0x00, 0x53, 0x00, 0x00,
  0x00, 0x53, 0x00, 0x00, 0x00, 0x53, 0x00, 0x00, 0x00, 0x53, 0x00, 0x00, 0x00, 0x53, 0x00, 0x00,
  0x00, 0x53, 0x00, 0x00, 0x00, 0x53, 0x00, 0x00, 0x00, 0x53, 0x00, 0x00, 0x00, 0x53, 0x00, 0x00,
  0x00, 0x53, 0x00, 0x00, 0x00, 0x55, 0x00, 0x00, 0x00, 0x57, 0x00, 0x00, 0x00, 0x57, 0x00, 0x00,
  0x00, 0x57, 0x00, 0x00, 0x00, 0x57, 0x00, 0x00, 0x00, 0x57, 0x00, 0x00, 0x00, 0x57, 0x00, 0x00,
  0x00, 0x57, 0x00, 0x00, 0x00, 0x57, 0x00, 0x00, 0x00, 0x57, 0x00, 0x00, 0x00, 0x57, 0x00, 0x00,
  0x00, 0x57, 0x00, 0x00, 0x00, 0x57, 0x00, 0x00, 0x00, 0x57, 0x00, 0x00, 0x00, 0x57, 0x00, 0x00,
  0x00, 0x57, 0x00, 0x00, 0x00, 0x57, 0x00, 0x00, 0x00, 0x57, 0x00, 0x00, 0x00, 0x57, 0x00, 0x00,
  0x00, 0x57, 0x00, 0x00, 0x00, 0x57, 0x00, 0x00, 0x00, 0x57, 0x00, 0x00, 0x00, 0x57, 0x00, 0x00,
  0x00, 0x57, 0x00, 0x00, 0x00, 0x57, 0x00, 0x00, 0x00, 0x57, 0x00, 0x00, 0x00, 0x57, 0x00, 0x00,
  0x00, 0x57, 0x00, 0x00, 0x00, 0x57, 0x00, 0x00, 0x00, 0x57, 0x00, 0x00, 0x00, 0x01, 0x00, 0x00,
  0x00, 0x02, 0x00, 0x00, 0x00, 0x02, 0x00, 0x00, 0x00, 0x03, 0x00, 0x00, 0x00, 0x0c, 0x00, 0x00,
  0x00, 0x04, 0x00, 0x00, 0x00, 0x0d, 0x00, 0x00, 0x00, 0x05, 0x00, 0x00, 0x00, 0x0e, 0x00, 0x00,
  0x00, 0x06, 0x00, 0x00, 0x00, 0x0f, 0x00, 0x00, 0x00, 0x07, 0x00, 0x00, 0x00, 0x02, 0x00, 0x00,
  0x00, 0x08, 0x00, 0x00, 0x00, 0x0d, 0x00, 0x00, 0x00, 0x05, 0x00, 0x00, 0x00, 0x0e, 0x00, 0x00,
  0x00, 0x06, 0x00, 0x00, 0x00, 0x0f, 0x00, 0x00, 0x00, 0x07, 0x00, 0x00, 0x00, 0x03, 0x00, 0x00,
  0x00, 0x12, 0x00, 0x00, 0x00, 0x04, 0x00, 0x00, 0x00, 0x13, 0x00, 0x00, 0x00, 0x05, 0x00, 0x00,
  0x00, 0x14, 0x00, 0x00, 0x00, 0x06, 0x00, 0x00, 0x00, 0x15, 0x00, 0x00, 0x00, 0x07, 0x00, 0x00,
  0x00, 0x16, 0x00, 0x00, 0x00, 0x08, 0x00, 0x00, 0x00, 0x17, 0x00, 0x00, 0x00, 0x09, 0x00, 0x00,
  0x00, 0x18, 0x00, 0x00, 0x00, 0x0a, 0x00, 0x00, 0x00, 0x19, 0x00, 0x00, 0x00, 0x0b, 0x00, 0x00,
  0x00, 0x1a, 0x00, 0x00, 0x00, 0x10, 0x00, 0x00, 0x00, 0x1b, 0x00, 0x00, 0x00, 0x11, 0x00, 0x00,
  0x00, 0x1c, 0x00, 0x00, 0x00, 0x12, 0x00, 0x00, 0x00, 0x1d, 0x00, 0x00, 0x00, 0x13, 0x00, 0x00,
  0x00, 0x1e, 0x00, 0x00, 0x00, 0x14, 0x00, 0x00, 0x00, 0x1f, 0x00, 0x00, 0x00, 0x15, 0x00, 0x00,
  0x00, 0x20, 0x00, 0x00, 0x00, 0x16, 0x00, 0x00, 0x00, 0x21, 0x00, 0x00, 0x00, 0x17, 0x00, 0x00,
  0x00, 0x22, 0x00, 0x00, 0x00, 0x1a, 0x00, 0x00, 0x00, 0x23, 0x00, 0x00, 0x00, 0x1d, 0x00, 0x00,
  0x00, 0x24, 0x00, 0x00, 0x00, 0x18, 0x00, 0x00, 0x00, 0x25, 0x00, 0x00, 0x00, 0x19, 0x00, 0x00,
  0x00, 0x26, 0x00, 0x00, 0x00, 0x1b, 0x00, 0x00, 0x00, 0x27, 0x00, 0x00, 0x00, 0x1c, 0x00, 0x00,
  0x00, 0x28, 0x00, 0x00, 0x00, 0x02, 0x00, 0x00, 0x00, 0x2a, 0x00, 0x00, 0x00, 0x0d, 0x00, 0x00,
  0x00, 0x2b, 0x00, 0x00, 0x00, 0x0e, 0x00, 0x00, 0x00, 0x2c, 0x00, 0x00, 0x00, 0x0f, 0x00, 0x00,
  0x00, 0x07, 0x00, 0x00, 0x00, 0x02, 0x00, 0x00, 0x00, 0x2e, 0x00, 0x00, 0x00, 0x0d, 0x00, 0x00,
  0x00, 0x2f, 0x00, 0x00, 0x00, 0x0e, 0x00, 0x00, 0x00, 0x30, 0x00, 0x00, 0x00, 0x0f, 0x00, 0x00,
  0x00, 0x07, 0x00, 0x00, 0x00, 0x03, 0x00, 0x00, 0x00, 0x3a, 0x00, 0x00, 0x00, 0x04, 0x00, 0x00,
  0x00, 0x3b, 0x00, 0x00, 0x00, 0x05, 0x00, 0x00, 0x00, 0x3c, 0x00, 0x00, 0x00, 0x06, 0x00, 0x00,
  0x00, 0x3d, 0x00, 0x00, 0x00, 0x07, 0x00, 0x00, 0x00, 0x3e, 0x00, 0x00, 0x00, 0x08, 0x00, 0x00,
  0x00, 0x3f, 0x00, 0x00, 0x00, 0x09, 0x00, 0x00, 0x00, 0x40, 0x00, 0x00, 0x00, 0x0a, 0x00, 0x00,
  0x00, 0x41, 0x00, 0x00, 0x00, 0x0b, 0x00, 0x00, 0x00, 0x42, 0x00, 0x00, 0x00, 0x10, 0x00, 0x00,
  0x00, 0x43, 0x00, 0x00, 0x00, 0x11, 0x00, 0x00, 0x00, 0x44, 0x00, 0x00, 0x00, 0x12, 0x00, 0x00,
  0x00, 0x45, 0x00, 0x00, 0x00, 0x13, 0x00, 0x00, 0x00, 0x46, 0x00, 0x00, 0x00, 0x14, 0x00, 0x00,
  0x00, 0x47, 0x00, 0x00, 0x00, 0x15, 0x00, 0x00, 0x00, 0x48, 0x00, 0x00, 0x00, 0x16, 0x00, 0x00,
  0x00, 0x49, 0x00, 0x00, 0x00, 0x17, 0x00, 0x00, 0x00, 0x4a, 0x00, 0x00, 0x00, 0x1a, 0x00, 0x00,
  0x00, 0x4b, 0x00, 0x00, 0x00, 0x1d, 0x00, 0x00, 0x00, 0x4c, 0x00, 0x00, 0x00, 0x03, 0x00, 0x00,
  0x00, 0x56, 0x00, 0x00, 0x00, 0x04, 0x00, 0x00, 0x00, 0x57, 0x00, 0x00, 0x00, 0x05, 0x00, 0x00,
  0x00, 0x58, 0x00, 0x00, 0x00, 0x06, 0x00, 0x00, 0x00, 0x59, 0x00, 0x00, 0x00, 0x07, 0x00, 0x00,
  0x00, 0x5a, 0x00, 0x00, 0x00, 0x08, 0x00, 0x00, 0x00, 0x5b, 0x00, 0x00, 0x00, 0x09, 0x00, 0x00,
  0x00, 0x5c, 0x00, 0x00, 0x00, 0x0a, 0x00, 0x00, 0x00, 0x5d, 0x00, 0x00, 0x00, 0x0b, 0x00, 0x00,
  0x00, 0x5e, 0x00, 0x00, 0x00, 0x10, 0x00, 0x00, 0x00, 0x5f, 0x00, 0x00, 0x00, 0x11, 0x00, 0x00,
  0x00, 0x60, 0x00, 0x00, 0x00, 0x12, 0x00, 0x00, 0x00, 0x61, 0x00, 0x00, 0x00, 0x13, 0x00, 0x00,
  0x00, 0x62, 0x00, 0x00, 0x00, 0x14, 0x00, 0x00, 0x00, 0x63, 0x00, 0x00, 0x00, 0x15, 0x00, 0x00,
  0x00, 0x64, 0x00, 0x00, 0x00, 0x16, 0x00, 0x00, 0x00, 0x65, 0x00, 0x00, 0x00, 0x17, 0x00, 0x00,
  0x00, 0x66, 0x00, 0x00, 0x00, 0x1a, 0x00, 0x00, 0x00, 0x67, 0x00, 0x00, 0x00, 0x1d, 0x00, 0x00,
  0x00, 0x68, 0x00, 0x00, 0x00, 0x18, 0x00, 0x00, 0x00, 0x69, 0x00, 0x00, 0x00, 0x19, 0x00, 0x00,
  0x00, 0x26, 0x00, 0x00, 0x00, 0x1b, 0x00, 0x00, 0x00, 0x6a, 0x00, 0x00, 0x00, 0x1c, 0x00, 0x00,
  0x00, 0x28, 0x00, 0x00, 0x00, 0x18, 0x00, 0x00, 0x00, 0x6b, 0x00, 0x00, 0x00, 0x19, 0x00, 0x00,
  0x00, 0x26, 0x00, 0x00, 0x00, 0x1b, 0x00, 0x00, 0x00, 0x6c, 0x00, 0x00, 0x00, 0x1c, 0x00, 0x00,
  0x00, 0x28, 0x00, 0x00, 0x00,
]);
const parserTraceRuntimeBytes = new Uint8Array([
  0x00, 0x61, 0x73, 0x6d, 0x01, 0x00, 0x00, 0x00, 0x01, 0xf3, 0x01, 0x2e, 0x60, 0x02, 0x7f, 0x7f,
  0x01, 0x7f, 0x60, 0x02, 0x7f, 0x7f, 0x01, 0x7f, 0x60, 0x01, 0x7f, 0x01, 0x7f, 0x60, 0x01, 0x7f,
  0x01, 0x7f, 0x60, 0x01, 0x7f, 0x01, 0x7f, 0x60, 0x01, 0x7f, 0x01, 0x7f, 0x60, 0x01, 0x7f, 0x01,
  0x7f, 0x60, 0x00, 0x01, 0x7f, 0x60, 0x01, 0x7f, 0x01, 0x7f, 0x60, 0x00, 0x01, 0x7f, 0x60, 0x01,
  0x7f, 0x01, 0x7f, 0x60, 0x01, 0x7f, 0x01, 0x7f, 0x60, 0x01, 0x7f, 0x01, 0x7f, 0x60, 0x01, 0x7f,
  0x01, 0x7f, 0x60, 0x02, 0x7f, 0x7f, 0x01, 0x7f, 0x60, 0x02, 0x7f, 0x7f, 0x01, 0x7f, 0x60, 0x03,
  0x7f, 0x7f, 0x7f, 0x01, 0x7f, 0x60, 0x02, 0x7f, 0x7f, 0x01, 0x7f, 0x60, 0x01, 0x7f, 0x01, 0x7f,
  0x60, 0x01, 0x7f, 0x01, 0x7f, 0x60, 0x02, 0x7f, 0x7f, 0x01, 0x7f, 0x60, 0x02, 0x7f, 0x7f, 0x01,
  0x7f, 0x60, 0x03, 0x7f, 0x7f, 0x7f, 0x01, 0x7f, 0x60, 0x01, 0x7f, 0x01, 0x7f, 0x60, 0x01, 0x7f,
  0x01, 0x7f, 0x60, 0x01, 0x7f, 0x01, 0x7f, 0x60, 0x01, 0x7f, 0x01, 0x7f, 0x60, 0x02, 0x7f, 0x7f,
  0x01, 0x7f, 0x60, 0x03, 0x7f, 0x7f, 0x7f, 0x01, 0x7f, 0x60, 0x02, 0x7f, 0x7f, 0x01, 0x7f, 0x60,
  0x02, 0x7f, 0x7f, 0x01, 0x7f, 0x60, 0x02, 0x7f, 0x7f, 0x01, 0x7f, 0x60, 0x01, 0x7f, 0x01, 0x7f,
  0x60, 0x00, 0x01, 0x7f, 0x60, 0x00, 0x01, 0x7f, 0x60, 0x00, 0x01, 0x7f, 0x60, 0x01, 0x7f, 0x01,
  0x7f, 0x60, 0x01, 0x7f, 0x01, 0x7f, 0x60, 0x01, 0x7f, 0x01, 0x7f, 0x60, 0x01, 0x7f, 0x01, 0x7f,
  0x60, 0x01, 0x7f, 0x01, 0x7f, 0x60, 0x01, 0x7f, 0x01, 0x7f, 0x60, 0x01, 0x7f, 0x01, 0x7f, 0x60,
  0x01, 0x7f, 0x01, 0x7f, 0x60, 0x02, 0x7f, 0x7f, 0x00, 0x60, 0x01, 0x7f, 0x01, 0x7f, 0x03, 0x2f,
  0x2e, 0x00, 0x01, 0x02, 0x03, 0x04, 0x05, 0x06, 0x07, 0x08, 0x09, 0x0a, 0x0b, 0x0c, 0x0d, 0x0e,
  0x0f, 0x10, 0x11, 0x12, 0x13, 0x14, 0x15, 0x16, 0x17, 0x18, 0x19, 0x1a, 0x1b, 0x1c, 0x1d, 0x1e,
  0x1f, 0x20, 0x21, 0x22, 0x23, 0x24, 0x25, 0x26, 0x27, 0x28, 0x29, 0x2a, 0x2b, 0x2c, 0x2d, 0x05,
  0x06, 0x01, 0x01, 0x01, 0xff, 0xff, 0x03, 0x07, 0x97, 0x01, 0x07, 0x16, 0x70, 0x61, 0x72, 0x73,
  0x65, 0x72, 0x54, 0x72, 0x61, 0x63, 0x65, 0x53, 0x65, 0x74, 0x54, 0x65, 0x72, 0x6d, 0x69, 0x6e,
  0x61, 0x6c, 0x00, 0x1f, 0x0b, 0x70, 0x61, 0x72, 0x73, 0x65, 0x72, 0x54, 0x72, 0x61, 0x63, 0x65,
  0x00, 0x20, 0x15, 0x70, 0x61, 0x72, 0x73, 0x65, 0x72, 0x54, 0x72, 0x61, 0x63, 0x65, 0x45, 0x72,
  0x72, 0x6f, 0x72, 0x53, 0x74, 0x61, 0x74, 0x65, 0x00, 0x21, 0x15, 0x70, 0x61, 0x72, 0x73, 0x65,
  0x72, 0x54, 0x72, 0x61, 0x63, 0x65, 0x45, 0x72, 0x72, 0x6f, 0x72, 0x49, 0x6e, 0x64, 0x65, 0x78,
  0x00, 0x22, 0x10, 0x70, 0x61, 0x72, 0x73, 0x65, 0x72, 0x54, 0x72, 0x61, 0x63, 0x65, 0x43, 0x6f,
  0x75, 0x6e, 0x74, 0x00, 0x23, 0x11, 0x70, 0x61, 0x72, 0x73, 0x65, 0x72, 0x54, 0x72, 0x61, 0x63,
  0x65, 0x41, 0x63, 0x74, 0x69, 0x6f, 0x6e, 0x00, 0x24, 0x15, 0x70, 0x61, 0x72, 0x73, 0x65, 0x72,
  0x54, 0x72, 0x61, 0x63, 0x65, 0x53, 0x74, 0x61, 0x74, 0x75, 0x73, 0x4b, 0x69, 0x6e, 0x64, 0x00,
  0x25, 0x0a, 0xb8, 0x13, 0x2e, 0x6f, 0x01, 0x05, 0x7f, 0x20, 0x00, 0x21, 0x02, 0x20, 0x02, 0x10,
  0x26, 0x21, 0x03, 0x20, 0x00, 0x41, 0x01, 0x6a, 0x21, 0x02, 0x20, 0x02, 0x10, 0x26, 0x21, 0x04,
  0x02, 0x40, 0x03, 0x40, 0x20, 0x03, 0x20, 0x04, 0x48, 0x45, 0x0d, 0x01, 0x20, 0x03, 0x20, 0x04,
  0x6a, 0x41, 0x01, 0x76, 0x21, 0x05, 0x20, 0x05, 0x41, 0x02, 0x6c, 0x21, 0x02, 0x20, 0x02, 0x10,
  0x27, 0x21, 0x06, 0x20, 0x01, 0x20, 0x06, 0x48, 0x04, 0x40, 0x20, 0x05, 0x21, 0x04, 0x05, 0x20,
  0x06, 0x20, 0x01, 0x48, 0x04, 0x40, 0x20, 0x05, 0x41, 0x01, 0x6a, 0x21, 0x03, 0x05, 0x20, 0x02,
  0x41, 0x01, 0x6a, 0x21, 0x02, 0x20, 0x02, 0x10, 0x27, 0x0f, 0x0b, 0x0b, 0x0c, 0x00, 0x0b, 0x0b,
  0x41, 0x00, 0x0f, 0x00, 0x0b, 0x6f, 0x01, 0x05, 0x7f, 0x20, 0x00, 0x21, 0x02, 0x20, 0x02, 0x10,
  0x28, 0x21, 0x03, 0x20, 0x00, 0x41, 0x01, 0x6a, 0x21, 0x02, 0x20, 0x02, 0x10, 0x28, 0x21, 0x04,
  0x02, 0x40, 0x03, 0x40, 0x20, 0x03, 0x20, 0x04, 0x48, 0x45, 0x0d, 0x01, 0x20, 0x03, 0x20, 0x04,
  0x6a, 0x41, 0x01, 0x76, 0x21, 0x05, 0x20, 0x05, 0x41, 0x02, 0x6c, 0x21, 0x02, 0x20, 0x02, 0x10,
  0x29, 0x21, 0x06, 0x20, 0x01, 0x20, 0x06, 0x48, 0x04, 0x40, 0x20, 0x05, 0x21, 0x04, 0x05, 0x20,
  0x06, 0x20, 0x01, 0x48, 0x04, 0x40, 0x20, 0x05, 0x41, 0x01, 0x6a, 0x21, 0x03, 0x05, 0x20, 0x02,
  0x41, 0x01, 0x6a, 0x21, 0x02, 0x20, 0x02, 0x10, 0x29, 0x0f, 0x0b, 0x0b, 0x0c, 0x00, 0x0b, 0x0b,
  0x41, 0x7f, 0x0f, 0x00, 0x0b, 0x0c, 0x00, 0x20, 0x00, 0x41, 0x80, 0x80, 0x80, 0x78, 0x71, 0x0f,
  0x00, 0x0b, 0x0c, 0x00, 0x20, 0x00, 0x41, 0xff, 0xff, 0xff, 0x07, 0x71, 0x0f, 0x00, 0x0b, 0x30,
  0x00, 0x20, 0x00, 0x41, 0x80, 0x80, 0x80, 0x08, 0x46, 0x04, 0x40, 0x41, 0x01, 0x0f, 0x0b, 0x20,
  0x00, 0x41, 0x80, 0x80, 0x80, 0x10, 0x46, 0x04, 0x40, 0x41, 0x02, 0x0f, 0x0b, 0x20, 0x00, 0x41,
  0x80, 0x80, 0x80, 0x18, 0x46, 0x04, 0x40, 0x41, 0x03, 0x0f, 0x0b, 0x41, 0x00, 0x0f, 0x00, 0x0b,
  0x1f, 0x01, 0x01, 0x7f, 0x20, 0x00, 0x41, 0x2a, 0x48, 0x04, 0x40, 0x20, 0x00, 0x41, 0x02, 0x6c,
  0x41, 0x00, 0x6a, 0x21, 0x01, 0x20, 0x01, 0x10, 0x2a, 0x0f, 0x0b, 0x41, 0x7f, 0x0f, 0x00, 0x0b,
  0x1f, 0x01, 0x01, 0x7f, 0x20, 0x00, 0x41, 0x2a, 0x48, 0x04, 0x40, 0x20, 0x00, 0x41, 0x02, 0x6c,
  0x41, 0x01, 0x6a, 0x21, 0x01, 0x20, 0x01, 0x10, 0x2a, 0x0f, 0x0b, 0x41, 0x7f, 0x0f, 0x00, 0x0b,
  0x08, 0x00, 0x41, 0x01, 0x10, 0x08, 0x0f, 0x00, 0x0b, 0x1d, 0x01, 0x01, 0x7f, 0x20, 0x00, 0x41,
  0x00, 0x46, 0x04, 0x40, 0x00, 0x0b, 0x20, 0x00, 0x10, 0x2d, 0x21, 0x01, 0x41, 0x00, 0x20, 0x00,
  0x10, 0x2c, 0x20, 0x00, 0x0f, 0x00, 0x0b, 0x08, 0x00, 0x41, 0x00, 0x10, 0x2b, 0x0f, 0x00, 0x0b,
  0x3c, 0x01, 0x03, 0x7f, 0x41, 0x00, 0x10, 0x2b, 0x21, 0x01, 0x20, 0x01, 0x41, 0x00, 0x46, 0x04,
  0x40, 0x41, 0x01, 0x21, 0x01, 0x41, 0x00, 0x20, 0x01, 0x10, 0x2c, 0x0b, 0x20, 0x01, 0x20, 0x00,
  0x6a, 0x21, 0x02, 0x20, 0x02, 0x20, 0x01, 0x49, 0x04, 0x40, 0x00, 0x0b, 0x20, 0x02, 0x10, 0x2d,
  0x21, 0x03, 0x41, 0x00, 0x20, 0x02, 0x10, 0x2c, 0x20, 0x01, 0x0f, 0x00, 0x0b, 0x23, 0x01, 0x01,
  0x7f, 0x20, 0x00, 0x41, 0x00, 0x46, 0x04, 0x40, 0x00, 0x0b, 0x41, 0x00, 0x10, 0x2b, 0x21, 0x01,
  0x20, 0x00, 0x20, 0x01, 0x49, 0x04, 0x40, 0x05, 0x00, 0x0b, 0x20, 0x00, 0x10, 0x2b, 0x0f, 0x00,
  0x0b, 0x58, 0x01, 0x04, 0x7f, 0x20, 0x00, 0x41, 0x02, 0x6a, 0x21, 0x02, 0x20, 0x02, 0x20, 0x00,
  0x49, 0x04, 0x40, 0x00, 0x0b, 0x20, 0x02, 0x10, 0x0a, 0x21, 0x01, 0x20, 0x01, 0x41, 0x01, 0x10,
  0x2c, 0x20, 0x01, 0x41, 0x01, 0x6a, 0x20, 0x00, 0x10, 0x2c, 0x41, 0x00, 0x21, 0x03, 0x02, 0x40,
  0x03, 0x40, 0x20, 0x03, 0x20, 0x00, 0x49, 0x45, 0x0d, 0x01, 0x20, 0x01, 0x41, 0x02, 0x6a, 0x20,
  0x03, 0x6a, 0x21, 0x04, 0x20, 0x04, 0x41, 0x00, 0x10, 0x2c, 0x20, 0x03, 0x41, 0x01, 0x6a, 0x21,
  0x03, 0x0c, 0x00, 0x0b, 0x0b, 0x20, 0x01, 0x0f, 0x00, 0x0b, 0x1d, 0x01, 0x01, 0x7f, 0x20, 0x00,
  0x10, 0x0b, 0x21, 0x01, 0x20, 0x01, 0x41, 0x01, 0x46, 0x04, 0x40, 0x05, 0x00, 0x0b, 0x20, 0x00,
  0x41, 0x01, 0x6a, 0x10, 0x2b, 0x0f, 0x00, 0x0b, 0x46, 0x01, 0x03, 0x7f, 0x20, 0x00, 0x10, 0x0d,
  0x21, 0x02, 0x20, 0x01, 0x20, 0x02, 0x49, 0x04, 0x40, 0x05, 0x00, 0x0b, 0x20, 0x00, 0x41, 0x02,
  0x6a, 0x20, 0x01, 0x6a, 0x21, 0x03, 0x20, 0x03, 0x20, 0x00, 0x49, 0x04, 0x40, 0x00, 0x0b, 0x20,
  0x03, 0x41, 0x01, 0x6a, 0x21, 0x04, 0x20, 0x04, 0x20, 0x03, 0x49, 0x04, 0x40, 0x00, 0x0b, 0x41,
  0x00, 0x10, 0x2b, 0x20, 0x04, 0x49, 0x04, 0x40, 0x00, 0x0b, 0x20, 0x03, 0x0f, 0x00, 0x0b, 0x0c,
  0x00, 0x20, 0x00, 0x20, 0x01, 0x10, 0x0e, 0x10, 0x2b, 0x0f, 0x00, 0x0b, 0x16, 0x01, 0x01, 0x7f,
  0x20, 0x00, 0x20, 0x01, 0x10, 0x0e, 0x21, 0x03, 0x20, 0x03, 0x20, 0x02, 0x10, 0x2c, 0x20, 0x02,
  0x0f, 0x00, 0x0b, 0x61, 0x01, 0x04, 0x7f, 0x20, 0x01, 0x41, 0x03, 0x6a, 0x21, 0x03, 0x20, 0x03,
  0x20, 0x01, 0x49, 0x04, 0x40, 0x00, 0x0b, 0x20, 0x03, 0x10, 0x0a, 0x21, 0x02, 0x20, 0x02, 0x41,
  0x02, 0x10, 0x2c, 0x20, 0x02, 0x41, 0x01, 0x6a, 0x20, 0x00, 0x10, 0x2c, 0x20, 0x02, 0x41, 0x02,
  0x6a, 0x20, 0x01, 0x10, 0x2c, 0x41, 0x00, 0x21, 0x04, 0x02, 0x40, 0x03, 0x40, 0x20, 0x04, 0x20,
  0x01, 0x49, 0x45, 0x0d, 0x01, 0x20, 0x02, 0x41, 0x03, 0x6a, 0x20, 0x04, 0x6a, 0x21, 0x05, 0x20,
  0x05, 0x41, 0x00, 0x10, 0x2c, 0x20, 0x04, 0x41, 0x01, 0x6a, 0x21, 0x04, 0x0c, 0x00, 0x0b, 0x0b,
  0x20, 0x02, 0x0f, 0x00, 0x0b, 0x1d, 0x01, 0x01, 0x7f, 0x20, 0x00, 0x10, 0x0b, 0x21, 0x01, 0x20,
  0x01, 0x41, 0x02, 0x46, 0x04, 0x40, 0x05, 0x00, 0x0b, 0x20, 0x00, 0x41, 0x01, 0x6a, 0x10, 0x2b,
  0x0f, 0x00, 0x0b, 0x1d, 0x01, 0x01, 0x7f, 0x20, 0x00, 0x10, 0x0b, 0x21, 0x01, 0x20, 0x01, 0x41,
  0x02, 0x46, 0x04, 0x40, 0x05, 0x00, 0x0b, 0x20, 0x00, 0x41, 0x02, 0x6a, 0x10, 0x2b, 0x0f, 0x00,
  0x0b, 0x46, 0x01, 0x03, 0x7f, 0x20, 0x00, 0x10, 0x13, 0x21, 0x02, 0x20, 0x01, 0x20, 0x02, 0x49,
  0x04, 0x40, 0x05, 0x00, 0x0b, 0x20, 0x00, 0x41, 0x03, 0x6a, 0x20, 0x01, 0x6a, 0x21, 0x03, 0x20,
  0x03, 0x20, 0x00, 0x49, 0x04, 0x40, 0x00, 0x0b, 0x20, 0x03, 0x41, 0x01, 0x6a, 0x21, 0x04, 0x20,
  0x04, 0x20, 0x03, 0x49, 0x04, 0x40, 0x00, 0x0b, 0x41, 0x00, 0x10, 0x2b, 0x20, 0x04, 0x49, 0x04,
  0x40, 0x00, 0x0b, 0x20, 0x03, 0x0f, 0x00, 0x0b, 0x0c, 0x00, 0x20, 0x00, 0x20, 0x01, 0x10, 0x14,
  0x10, 0x2b, 0x0f, 0x00, 0x0b, 0x16, 0x01, 0x01, 0x7f, 0x20, 0x00, 0x20, 0x01, 0x10, 0x14, 0x21,
  0x03, 0x20, 0x03, 0x20, 0x02, 0x10, 0x2c, 0x20, 0x02, 0x0f, 0x00, 0x0b, 0x35, 0x01, 0x02, 0x7f,
  0x20, 0x00, 0x10, 0x0c, 0x21, 0x02, 0x41, 0x04, 0x10, 0x0a, 0x21, 0x01, 0x20, 0x01, 0x41, 0x03,
  0x10, 0x2c, 0x20, 0x01, 0x41, 0x01, 0x6a, 0x41, 0x00, 0x10, 0x2c, 0x20, 0x01, 0x41, 0x02, 0x6a,
  0x20, 0x00, 0x10, 0x2c, 0x20, 0x01, 0x41, 0x03, 0x6a, 0x20, 0x02, 0x10, 0x2c, 0x20, 0x01, 0x0f,
  0x00, 0x0b, 0x1d, 0x01, 0x01, 0x7f, 0x20, 0x00, 0x10, 0x0b, 0x21, 0x01, 0x20, 0x01, 0x41, 0x03,
  0x46, 0x04, 0x40, 0x05, 0x00, 0x0b, 0x20, 0x00, 0x41, 0x01, 0x6a, 0x10, 0x2b, 0x0f, 0x00, 0x0b,
  0x13, 0x01, 0x01, 0x7f, 0x20, 0x00, 0x10, 0x18, 0x21, 0x01, 0x20, 0x00, 0x41, 0x02, 0x6a, 0x10,
  0x2b, 0x0f, 0x00, 0x0b, 0x13, 0x01, 0x01, 0x7f, 0x20, 0x00, 0x10, 0x18, 0x21, 0x01, 0x20, 0x00,
  0x41, 0x03, 0x6a, 0x10, 0x2b, 0x0f, 0x00, 0x0b, 0x22, 0x01, 0x02, 0x7f, 0x20, 0x00, 0x10, 0x18,
  0x21, 0x02, 0x20, 0x01, 0x20, 0x02, 0x49, 0x04, 0x40, 0x05, 0x00, 0x0b, 0x20, 0x00, 0x10, 0x1a,
  0x21, 0x03, 0x20, 0x03, 0x20, 0x01, 0x10, 0x0f, 0x0f, 0x00, 0x0b, 0x24, 0x01, 0x02, 0x7f, 0x20,
  0x00, 0x10, 0x18, 0x21, 0x03, 0x20, 0x01, 0x20, 0x03, 0x49, 0x04, 0x40, 0x05, 0x00, 0x0b, 0x20,
  0x00, 0x10, 0x1a, 0x21, 0x04, 0x20, 0x04, 0x20, 0x01, 0x20, 0x02, 0x10, 0x10, 0x0f, 0x00, 0x0b,
  0x20, 0x01, 0x01, 0x7f, 0x20, 0x00, 0x10, 0x18, 0x21, 0x02, 0x20, 0x02, 0x20, 0x01, 0x49, 0x04,
  0x40, 0x00, 0x0b, 0x20, 0x00, 0x41, 0x01, 0x6a, 0x20, 0x01, 0x10, 0x2c, 0x20, 0x01, 0x0f, 0x00,
  0x0b, 0xa3, 0x01, 0x01, 0x07, 0x7f, 0x20, 0x00, 0x10, 0x18, 0x21, 0x02, 0x20, 0x00, 0x10, 0x19,
  0x21, 0x03, 0x20, 0x00, 0x10, 0x1a, 0x21, 0x05, 0x20, 0x02, 0x20, 0x03, 0x49, 0x04, 0x40, 0x05,
  0x20, 0x03, 0x41, 0x00, 0x46, 0x04, 0x40, 0x41, 0x01, 0x21, 0x04, 0x05, 0x20, 0x03, 0x20, 0x03,
  0x6a, 0x21, 0x04, 0x20, 0x04, 0x20, 0x03, 0x49, 0x04, 0x40, 0x00, 0x0b, 0x0b, 0x20, 0x04, 0x10,
  0x0c, 0x21, 0x06, 0x41, 0x00, 0x21, 0x07, 0x02, 0x40, 0x03, 0x40, 0x20, 0x07, 0x20, 0x02, 0x49,
  0x45, 0x0d, 0x01, 0x20, 0x05, 0x20, 0x07, 0x10, 0x0f, 0x21, 0x08, 0x20, 0x06, 0x20, 0x07, 0x20,
  0x08, 0x10, 0x10, 0x21, 0x08, 0x20, 0x07, 0x41, 0x01, 0x6a, 0x21, 0x07, 0x0c, 0x00, 0x0b, 0x0b,
  0x20, 0x00, 0x41, 0x02, 0x6a, 0x20, 0x04, 0x10, 0x2c, 0x20, 0x00, 0x41, 0x03, 0x6a, 0x20, 0x06,
  0x10, 0x2c, 0x20, 0x04, 0x21, 0x03, 0x20, 0x06, 0x21, 0x05, 0x0b, 0x20, 0x05, 0x20, 0x02, 0x20,
  0x01, 0x10, 0x10, 0x21, 0x08, 0x20, 0x00, 0x41, 0x01, 0x6a, 0x20, 0x02, 0x41, 0x01, 0x6a, 0x10,
  0x2c, 0x20, 0x01, 0x0f, 0x00, 0x0b, 0x1e, 0x01, 0x01, 0x7f, 0x41, 0x08, 0x20, 0x00, 0x6a, 0x21,
  0x00, 0x20, 0x00, 0x41, 0x01, 0x6a, 0x10, 0x2d, 0x21, 0x02, 0x20, 0x00, 0x20, 0x01, 0x10, 0x2c,
  0x41, 0x00, 0x0f, 0x00, 0x0b, 0x89, 0x05, 0x01, 0x11, 0x7f, 0x41, 0x08, 0x20, 0x00, 0x6a, 0x10,
  0x2d, 0x21, 0x01, 0x41, 0x08, 0x20, 0x00, 0x6a, 0x10, 0x08, 0x21, 0x01, 0x20, 0x00, 0x41, 0x2a,
  0x6a, 0x41, 0x10, 0x6a, 0x21, 0x03, 0x20, 0x03, 0x10, 0x17, 0x21, 0x02, 0x20, 0x03, 0x10, 0x17,
  0x21, 0x04, 0x20, 0x02, 0x41, 0x00, 0x10, 0x1e, 0x21, 0x01, 0x41, 0x01, 0x41, 0x00, 0x10, 0x2c,
  0x41, 0x02, 0x41, 0x00, 0x10, 0x2c, 0x41, 0x03, 0x41, 0x00, 0x10, 0x2c, 0x41, 0x04, 0x41, 0x00,
  0x10, 0x2c, 0x41, 0x05, 0x20, 0x04, 0x10, 0x2c, 0x41, 0x01, 0x21, 0x05, 0x41, 0x00, 0x21, 0x06,
  0x41, 0x01, 0x21, 0x08, 0x02, 0x40, 0x03, 0x40, 0x20, 0x08, 0x45, 0x0d, 0x01, 0x20, 0x06, 0x20,
  0x00, 0x48, 0x04, 0x40, 0x05, 0x41, 0x01, 0x41, 0x02, 0x10, 0x2c, 0x41, 0x02, 0x20, 0x09, 0x10,
  0x2c, 0x41, 0x03, 0x20, 0x06, 0x10, 0x2c, 0x41, 0x04, 0x20, 0x07, 0x10, 0x2c, 0x41, 0x02, 0x0f,
  0x0b, 0x20, 0x02, 0x20, 0x05, 0x41, 0x01, 0x6b, 0x10, 0x1b, 0x21, 0x09, 0x41, 0x08, 0x20, 0x06,
  0x6a, 0x10, 0x2b, 0x21, 0x0a, 0x20, 0x09, 0x20, 0x0a, 0x10, 0x00, 0x21, 0x0b, 0x20, 0x0b, 0x10,
  0x02, 0x21, 0x0c, 0x20, 0x0b, 0x10, 0x03, 0x21, 0x0d, 0x20, 0x0c, 0x41, 0x00, 0x46, 0x04, 0x40,
  0x41, 0x01, 0x41, 0x01, 0x10, 0x2c, 0x41, 0x02, 0x20, 0x09, 0x10, 0x2c, 0x41, 0x03, 0x20, 0x06,
  0x10, 0x2c, 0x41, 0x04, 0x20, 0x07, 0x10, 0x2c, 0x41, 0x01, 0x0f, 0x0b, 0x20, 0x0c, 0x41, 0x80,
  0x80, 0x80, 0x08, 0x46, 0x04, 0x40, 0x20, 0x04, 0x20, 0x0b, 0x10, 0x1e, 0x21, 0x01, 0x20, 0x07,
  0x41, 0x01, 0x6a, 0x21, 0x07, 0x20, 0x05, 0x20, 0x03, 0x48, 0x04, 0x40, 0x05, 0x41, 0x01, 0x41,
  0x02, 0x10, 0x2c, 0x41, 0x02, 0x20, 0x09, 0x10, 0x2c, 0x41, 0x03, 0x20, 0x06, 0x10, 0x2c, 0x41,
  0x04, 0x20, 0x07, 0x10, 0x2c, 0x41, 0x02, 0x0f, 0x0b, 0x20, 0x02, 0x20, 0x0d, 0x10, 0x1e, 0x21,
  0x01, 0x20, 0x05, 0x41, 0x01, 0x6a, 0x21, 0x05, 0x20, 0x06, 0x41, 0x01, 0x6a, 0x21, 0x06, 0x05,
  0x20, 0x0c, 0x41, 0x80, 0x80, 0x80, 0x10, 0x46, 0x04, 0x40, 0x20, 0x0d, 0x21, 0x0e, 0x20, 0x0e,
  0x10, 0x05, 0x21, 0x0f, 0x20, 0x0e, 0x10, 0x06, 0x21, 0x10, 0x20, 0x10, 0x41, 0x7f, 0x46, 0x04,
  0x40, 0x41, 0x01, 0x41, 0x02, 0x10, 0x2c, 0x41, 0x02, 0x20, 0x09, 0x10, 0x2c, 0x41, 0x03, 0x20,
  0x06, 0x10, 0x2c, 0x41, 0x04, 0x20, 0x07, 0x10, 0x2c, 0x41, 0x02, 0x0f, 0x0b, 0x20, 0x05, 0x20,
  0x10, 0x41, 0x01, 0x6a, 0x48, 0x04, 0x40, 0x41, 0x01, 0x41, 0x02, 0x10, 0x2c, 0x41, 0x02, 0x20,
  0x09, 0x10, 0x2c, 0x41, 0x03, 0x20, 0x06, 0x10, 0x2c, 0x41, 0x04, 0x20, 0x07, 0x10, 0x2c, 0x41,
  0x02, 0x0f, 0x0b, 0x20, 0x05, 0x20, 0x10, 0x6b, 0x21, 0x05, 0x20, 0x02, 0x20, 0x05, 0x10, 0x1d,
  0x21, 0x01, 0x20, 0x02, 0x20, 0x05, 0x41, 0x01, 0x6b, 0x10, 0x1b, 0x21, 0x09, 0x20, 0x09, 0x20,
  0x0f, 0x10, 0x01, 0x21, 0x11, 0x20, 0x11, 0x41, 0x7f, 0x46, 0x04, 0x40, 0x41, 0x01, 0x41, 0x02,
  0x10, 0x2c, 0x41, 0x02, 0x20, 0x09, 0x10, 0x2c, 0x41, 0x03, 0x20, 0x06, 0x10, 0x2c, 0x41, 0x04,
  0x20, 0x07, 0x10, 0x2c, 0x41, 0x02, 0x0f, 0x05, 0x20, 0x04, 0x20, 0x0b, 0x10, 0x1e, 0x21, 0x01,
  0x20, 0x07, 0x41, 0x01, 0x6a, 0x21, 0x07, 0x20, 0x05, 0x20, 0x03, 0x48, 0x04, 0x40, 0x05, 0x41,
  0x01, 0x41, 0x02, 0x10, 0x2c, 0x41, 0x02, 0x20, 0x09, 0x10, 0x2c, 0x41, 0x03, 0x20, 0x06, 0x10,
  0x2c, 0x41, 0x04, 0x20, 0x07, 0x10, 0x2c, 0x41, 0x02, 0x0f, 0x0b, 0x20, 0x02, 0x20, 0x11, 0x10,
  0x1e, 0x21, 0x01, 0x20, 0x05, 0x41, 0x01, 0x6a, 0x21, 0x05, 0x0b, 0x05, 0x20, 0x0c, 0x41, 0x80,
  0x80, 0x80, 0x18, 0x46, 0x04, 0x40, 0x20, 0x04, 0x20, 0x0b, 0x10, 0x1e, 0x21, 0x01, 0x20, 0x07,
  0x41, 0x01, 0x6a, 0x21, 0x07, 0x41, 0x01, 0x41, 0x00, 0x10, 0x2c, 0x41, 0x02, 0x20, 0x09, 0x10,
  0x2c, 0x41, 0x03, 0x20, 0x06, 0x10, 0x2c, 0x41, 0x04, 0x20, 0x07, 0x10, 0x2c, 0x41, 0x00, 0x0f,
  0x05, 0x41, 0x01, 0x41, 0x02, 0x10, 0x2c, 0x41, 0x02, 0x20, 0x09, 0x10, 0x2c, 0x41, 0x03, 0x20,
  0x06, 0x10, 0x2c, 0x41, 0x04, 0x20, 0x07, 0x10, 0x2c, 0x41, 0x02, 0x0f, 0x0b, 0x0b, 0x0b, 0x0c,
  0x00, 0x0b, 0x0b, 0x41, 0x01, 0x41, 0x02, 0x10, 0x2c, 0x41, 0x02, 0x20, 0x09, 0x10, 0x2c, 0x41,
  0x03, 0x20, 0x06, 0x10, 0x2c, 0x41, 0x04, 0x20, 0x07, 0x10, 0x2c, 0x41, 0x02, 0x0f, 0x00, 0x0b,
  0x08, 0x00, 0x41, 0x02, 0x10, 0x2b, 0x0f, 0x00, 0x0b, 0x08, 0x00, 0x41, 0x03, 0x10, 0x2b, 0x0f,
  0x00, 0x0b, 0x08, 0x00, 0x41, 0x04, 0x10, 0x2b, 0x0f, 0x00, 0x0b, 0x12, 0x01, 0x01, 0x7f, 0x41,
  0x05, 0x10, 0x2b, 0x21, 0x01, 0x20, 0x01, 0x20, 0x00, 0x10, 0x1b, 0x0f, 0x00, 0x0b, 0x32, 0x00,
  0x20, 0x00, 0x41, 0x00, 0x46, 0x04, 0x40, 0x41, 0x00, 0x0f, 0x0b, 0x20, 0x00, 0x41, 0x01, 0x46,
  0x04, 0x40, 0x41, 0x01, 0x0f, 0x0b, 0x20, 0x00, 0x41, 0x02, 0x46, 0x04, 0x40, 0x41, 0x02, 0x0f,
  0x0b, 0x20, 0x00, 0x41, 0x03, 0x46, 0x04, 0x40, 0x41, 0x03, 0x0f, 0x0b, 0x41, 0x02, 0x0f, 0x00,
  0x0b, 0x19, 0x00, 0x20, 0x00, 0x41, 0xf2, 0x00, 0x4f, 0x04, 0x40, 0x00, 0x0b, 0x41, 0x00, 0x20,
  0x00, 0x41, 0x02, 0x74, 0x6a, 0x28, 0x02, 0x00, 0x0f, 0x00, 0x0b, 0x1a, 0x00, 0x20, 0x00, 0x41,
  0x94, 0x12, 0x4f, 0x04, 0x40, 0x00, 0x0b, 0x41, 0xc8, 0x03, 0x20, 0x00, 0x41, 0x02, 0x74, 0x6a,
  0x28, 0x02, 0x00, 0x0f, 0x00, 0x0b, 0x1b, 0x00, 0x20, 0x00, 0x41, 0xd6, 0x00, 0x4f, 0x04, 0x40,
  0x00, 0x0b, 0x41, 0x98, 0xcc, 0x00, 0x20, 0x00, 0x41, 0x02, 0x74, 0x6a, 0x28, 0x02, 0x00, 0x0f,
  0x00, 0x0b, 0x1b, 0x00, 0x20, 0x00, 0x41, 0xae, 0x01, 0x4f, 0x04, 0x40, 0x00, 0x0b, 0x41, 0xf0,
  0xce, 0x00, 0x20, 0x00, 0x41, 0x02, 0x74, 0x6a, 0x28, 0x02, 0x00, 0x0f, 0x00, 0x0b, 0x1b, 0x00,
  0x20, 0x00, 0x41, 0xd4, 0x00, 0x4f, 0x04, 0x40, 0x00, 0x0b, 0x41, 0xa8, 0xd4, 0x00, 0x20, 0x00,
  0x41, 0x02, 0x74, 0x6a, 0x28, 0x02, 0x00, 0x0f, 0x00, 0x0b, 0x25, 0x01, 0x01, 0x7f, 0x41, 0xf8,
  0xd6, 0x00, 0x28, 0x02, 0x00, 0x21, 0x01, 0x20, 0x00, 0x20, 0x01, 0x4f, 0x04, 0x40, 0x00, 0x0b,
  0x41, 0xfc, 0xd6, 0x00, 0x20, 0x00, 0x41, 0x02, 0x74, 0x6a, 0x28, 0x02, 0x00, 0x0f, 0x00, 0x0b,
  0x25, 0x01, 0x01, 0x7f, 0x41, 0xf8, 0xd6, 0x00, 0x28, 0x02, 0x00, 0x21, 0x02, 0x20, 0x00, 0x20,
  0x02, 0x4f, 0x04, 0x40, 0x00, 0x0b, 0x41, 0xfc, 0xd6, 0x00, 0x20, 0x00, 0x41, 0x02, 0x74, 0x6a,
  0x20, 0x01, 0x36, 0x02, 0x00, 0x0b, 0x65, 0x01, 0x03, 0x7f, 0x20, 0x00, 0x41, 0xa1, 0xea, 0xfe,
  0xff, 0x03, 0x4b, 0x04, 0x40, 0x00, 0x0b, 0x41, 0xf8, 0xd6, 0x00, 0x28, 0x02, 0x00, 0x21, 0x03,
  0x20, 0x00, 0x20, 0x03, 0x4d, 0x04, 0x40, 0x20, 0x03, 0x0f, 0x0b, 0x41, 0xfc, 0xd6, 0x00, 0x20,
  0x00, 0x41, 0x02, 0x74, 0x6a, 0x21, 0x01, 0x20, 0x01, 0x3f, 0x00, 0x41, 0x80, 0x80, 0x04, 0x6c,
  0x4b, 0x04, 0x40, 0x20, 0x01, 0x41, 0xff, 0xff, 0x03, 0x6a, 0x41, 0x10, 0x76, 0x21, 0x02, 0x20,
  0x02, 0x3f, 0x00, 0x6b, 0x40, 0x00, 0x41, 0x7f, 0x46, 0x04, 0x40, 0x00, 0x0b, 0x0b, 0x41, 0xf8,
  0xd6, 0x00, 0x20, 0x00, 0x36, 0x02, 0x00, 0x20, 0x00, 0x0f, 0x00, 0x0b, 0x0b, 0x83, 0x57, 0x01,
  0x00, 0x41, 0x00, 0x0b, 0xfc, 0x56, 0x00, 0x00, 0x00, 0x00, 0x0a, 0x00, 0x00, 0x00, 0x13, 0x00,
  0x00, 0x00, 0x14, 0x00, 0x00, 0x00, 0x1f, 0x00, 0x00, 0x00, 0x2a, 0x00, 0x00, 0x00, 0x35, 0x00,
  0x00, 0x00, 0x3e, 0x00, 0x00, 0x00, 0x47, 0x00, 0x00, 0x00, 0x52, 0x00, 0x00, 0x00, 0x5d, 0x00,
  0x00, 0x00, 0x68, 0x00, 0x00, 0x00, 0x73, 0x00, 0x00, 0x00, 0x7e, 0x00, 0x00, 0x00, 0x89, 0x00,
  0x00, 0x00, 0x94, 0x00, 0x00, 0x00, 0x9f, 0x00, 0x00, 0x00, 0xaa, 0x00, 0x00, 0x00, 0xb5, 0x00,
  0x00, 0x00, 0xc0, 0x00, 0x00, 0x00, 0xcb, 0x00, 0x00, 0x00, 0xd6, 0x00, 0x00, 0x00, 0xe1, 0x00,
  0x00, 0x00, 0xec, 0x00, 0x00, 0x00, 0xf7, 0x00, 0x00, 0x00, 0x02, 0x01, 0x00, 0x00, 0x0d, 0x01,
  0x00, 0x00, 0x18, 0x01, 0x00, 0x00, 0x23, 0x01, 0x00, 0x00, 0x2e, 0x01, 0x00, 0x00, 0x39, 0x01,
  0x00, 0x00, 0x44, 0x01, 0x00, 0x00, 0x4f, 0x01, 0x00, 0x00, 0x5a, 0x01, 0x00, 0x00, 0x65, 0x01,
  0x00, 0x00, 0x70, 0x01, 0x00, 0x00, 0x7b, 0x01, 0x00, 0x00, 0x86, 0x01, 0x00, 0x00, 0x87, 0x01,
  0x00, 0x00, 0x92, 0x01, 0x00, 0x00, 0x93, 0x01, 0x00, 0x00, 0x9e, 0x01, 0x00, 0x00, 0xa9, 0x01,
  0x00, 0x00, 0xb4, 0x01, 0x00, 0x00, 0xbf, 0x01, 0x00, 0x00, 0xc8, 0x01, 0x00, 0x00, 0xd3, 0x01,
  0x00, 0x00, 0xde, 0x01, 0x00, 0x00, 0xe9, 0x01, 0x00, 0x00, 0xf2, 0x01, 0x00, 0x00, 0xfd, 0x01,
  0x00, 0x00, 0x08, 0x02, 0x00, 0x00, 0x13, 0x02, 0x00, 0x00, 0x1e, 0x02, 0x00, 0x00, 0x29, 0x02,
  0x00, 0x00, 0x34, 0x02, 0x00, 0x00, 0x3f, 0x02, 0x00, 0x00, 0x4a, 0x02, 0x00, 0x00, 0x55, 0x02,
  0x00, 0x00, 0x60, 0x02, 0x00, 0x00, 0x6b, 0x02, 0x00, 0x00, 0x76, 0x02, 0x00, 0x00, 0x81, 0x02,
  0x00, 0x00, 0x8c, 0x02, 0x00, 0x00, 0x97, 0x02, 0x00, 0x00, 0xa2, 0x02, 0x00, 0x00, 0xad, 0x02,
  0x00, 0x00, 0xb8, 0x02, 0x00, 0x00, 0xc3, 0x02, 0x00, 0x00, 0xce, 0x02, 0x00, 0x00, 0xd9, 0x02,
  0x00, 0x00, 0xe4, 0x02, 0x00, 0x00, 0xef, 0x02, 0x00, 0x00, 0xfa, 0x02, 0x00, 0x00, 0x05, 0x03,
  0x00, 0x00, 0x10, 0x03, 0x00, 0x00, 0x1b, 0x03, 0x00, 0x00, 0x26, 0x03, 0x00, 0x00, 0x31, 0x03,
  0x00, 0x00, 0x3c, 0x03, 0x00, 0x00, 0x47, 0x03, 0x00, 0x00, 0x52, 0x03, 0x00, 0x00, 0x5d, 0x03,
  0x00, 0x00, 0x68, 0x03, 0x00, 0x00, 0x73, 0x03, 0x00, 0x00, 0x7e, 0x03, 0x00, 0x00, 0x89, 0x03,
  0x00, 0x00, 0x94, 0x03, 0x00, 0x00, 0x9f, 0x03, 0x00, 0x00, 0xaa, 0x03, 0x00, 0x00, 0xb5, 0x03,
  0x00, 0x00, 0xc0, 0x03, 0x00, 0x00, 0xcb, 0x03, 0x00, 0x00, 0xd6, 0x03, 0x00, 0x00, 0xe1, 0x03,
  0x00, 0x00, 0xec, 0x03, 0x00, 0x00, 0xf7, 0x03, 0x00, 0x00, 0x02, 0x04, 0x00, 0x00, 0x0d, 0x04,
  0x00, 0x00, 0x18, 0x04, 0x00, 0x00, 0x23, 0x04, 0x00, 0x00, 0x2e, 0x04, 0x00, 0x00, 0x39, 0x04,
  0x00, 0x00, 0x44, 0x04, 0x00, 0x00, 0x4f, 0x04, 0x00, 0x00, 0x5a, 0x04, 0x00, 0x00, 0x5b, 0x04,
  0x00, 0x00, 0x5c, 0x04, 0x00, 0x00, 0x5d, 0x04, 0x00, 0x00, 0x5e, 0x04, 0x00, 0x00, 0x69, 0x04,
  0x00, 0x00, 0x74, 0x04, 0x00, 0x00, 0x7f, 0x04, 0x00, 0x00, 0x8a, 0x04, 0x00, 0x00, 0x01, 0x00,
  0x00, 0x00, 0x01, 0x00, 0x00, 0x01, 0x02, 0x00, 0x00, 0x00, 0x04, 0x00, 0x00, 0x02, 0x03, 0x00,
  0x00, 0x00, 0x04, 0x00, 0x00, 0x02, 0x04, 0x00, 0x00, 0x00, 0x04, 0x00, 0x00, 0x02, 0x05, 0x00,
  0x00, 0x00, 0x04, 0x00, 0x00, 0x02, 0x06, 0x00, 0x00, 0x00, 0x04, 0x00, 0x00, 0x02, 0x07, 0x00,
  0x00, 0x00, 0x04, 0x00, 0x00, 0x02, 0x08, 0x00, 0x00, 0x00, 0x04, 0x00, 0x00, 0x02, 0x0a, 0x00,
  0x00, 0x00, 0x04, 0x00, 0x00, 0x02, 0x0c, 0x00, 0x00, 0x00, 0x04, 0x00, 0x00, 0x02, 0x02, 0x00,
  0x00, 0x00, 0x05, 0x00, 0x00, 0x02, 0x03, 0x00, 0x00, 0x00, 0x05, 0x00, 0x00, 0x02, 0x04, 0x00,
  0x00, 0x00, 0x05, 0x00, 0x00, 0x02, 0x05, 0x00, 0x00, 0x00, 0x05, 0x00, 0x00, 0x02, 0x06, 0x00,
  0x00, 0x00, 0x05, 0x00, 0x00, 0x02, 0x07, 0x00, 0x00, 0x00, 0x05, 0x00, 0x00, 0x02, 0x08, 0x00,
  0x00, 0x00, 0x05, 0x00, 0x00, 0x02, 0x0a, 0x00, 0x00, 0x00, 0x05, 0x00, 0x00, 0x02, 0x0c, 0x00,
  0x00, 0x00, 0x05, 0x00, 0x00, 0x02, 0x00, 0x00, 0x00, 0x00, 0x00, 0x00, 0x00, 0x03, 0x00, 0x00,
  0x00, 0x00, 0x01, 0x00, 0x00, 0x02, 0x01, 0x00, 0x00, 0x00, 0x01, 0x00, 0x00, 0x02, 0x02, 0x00,
  0x00, 0x00, 0x01, 0x00, 0x00, 0x02, 0x03, 0x00, 0x00, 0x00, 0x01, 0x00, 0x00, 0x02, 0x04, 0x00,
  0x00, 0x00, 0x01, 0x00, 0x00, 0x02, 0x05, 0x00, 0x00, 0x00, 0x01, 0x00, 0x00, 0x02, 0x06, 0x00,
  0x00, 0x00, 0x01, 0x00, 0x00, 0x02, 0x07, 0x00, 0x00, 0x00, 0x01, 0x00, 0x00, 0x02, 0x08, 0x00,
  0x00, 0x00, 0x01, 0x00, 0x00, 0x02, 0x0a, 0x00, 0x00, 0x00, 0x01, 0x00, 0x00, 0x02, 0x0c, 0x00,
  0x00, 0x00, 0x01, 0x00, 0x00, 0x02, 0x00, 0x00, 0x00, 0x00, 0x03, 0x00, 0x00, 0x02, 0x01, 0x00,
  0x00, 0x00, 0x01, 0x00, 0x00, 0x01, 0x02, 0x00, 0x00, 0x00, 0x04, 0x00, 0x00, 0x02, 0x03, 0x00,
  0x00, 0x00, 0x04, 0x00, 0x00, 0x02, 0x04, 0x00, 0x00, 0x00, 0x04, 0x00, 0x00, 0x02, 0x05, 0x00,
  0x00, 0x00, 0x04, 0x00, 0x00, 0x02, 0x06, 0x00, 0x00, 0x00, 0x04, 0x00, 0x00, 0x02, 0x07, 0x00,
  0x00, 0x00, 0x04, 0x00, 0x00, 0x02, 0x08, 0x00, 0x00, 0x00, 0x04, 0x00, 0x00, 0x02, 0x0a, 0x00,
  0x00, 0x00, 0x04, 0x00, 0x00, 0x02, 0x0c, 0x00, 0x00, 0x00, 0x04, 0x00, 0x00, 0x02, 0x00, 0x00,
  0x00, 0x00, 0x11, 0x00, 0x00, 0x02, 0x01, 0x00, 0x00, 0x00, 0x11, 0x00, 0x00, 0x02, 0x02, 0x00,
  0x00, 0x00, 0x11, 0x00, 0x00, 0x02, 0x03, 0x00, 0x00, 0x00, 0x11, 0x00, 0x00, 0x02, 0x04, 0x00,
  0x00, 0x00, 0x11, 0x00, 0x00, 0x02, 0x05, 0x00, 0x00, 0x00, 0x11, 0x00, 0x00, 0x02, 0x06, 0x00,
  0x00, 0x00, 0x11, 0x00, 0x00, 0x02, 0x07, 0x00, 0x00, 0x00, 0x11, 0x00, 0x00, 0x02, 0x08, 0x00,
  0x00, 0x00, 0x11, 0x00, 0x00, 0x02, 0x0a, 0x00, 0x00, 0x00, 0x11, 0x00, 0x00, 0x02, 0x0c, 0x00,
  0x00, 0x00, 0x11, 0x00, 0x00, 0x02, 0x02, 0x00, 0x00, 0x00, 0x09, 0x00, 0x00, 0x01, 0x03, 0x00,
  0x00, 0x00, 0x0a, 0x00, 0x00, 0x01, 0x04, 0x00, 0x00, 0x00, 0x0b, 0x00, 0x00, 0x01, 0x05, 0x00,
  0x00, 0x00, 0x0c, 0x00, 0x00, 0x01, 0x06, 0x00, 0x00, 0x00, 0x0d, 0x00, 0x00, 0x01, 0x07, 0x00,
  0x00, 0x00, 0x0e, 0x00, 0x00, 0x01, 0x08, 0x00, 0x00, 0x00, 0x0f, 0x00, 0x00, 0x01, 0x0a, 0x00,
  0x00, 0x00, 0x10, 0x00, 0x00, 0x01, 0x0c, 0x00, 0x00, 0x00, 0x11, 0x00, 0x00, 0x01, 0x02, 0x00,
  0x00, 0x00, 0x06, 0x00, 0x00, 0x02, 0x03, 0x00, 0x00, 0x00, 0x06, 0x00, 0x00, 0x02, 0x04, 0x00,
  0x00, 0x00, 0x06, 0x00, 0x00, 0x02, 0x05, 0x00, 0x00, 0x00, 0x06, 0x00, 0x00, 0x02, 0x06, 0x00,
  0x00, 0x00, 0x06, 0x00, 0x00, 0x02, 0x07, 0x00, 0x00, 0x00, 0x06, 0x00, 0x00, 0x02, 0x08, 0x00,
  0x00, 0x00, 0x06, 0x00, 0x00, 0x02, 0x0a, 0x00, 0x00, 0x00, 0x06, 0x00, 0x00, 0x02, 0x0c, 0x00,
  0x00, 0x00, 0x06, 0x00, 0x00, 0x02, 0x00, 0x00, 0x00, 0x00, 0x02, 0x00, 0x00, 0x02, 0x01, 0x00,
  0x00, 0x00, 0x02, 0x00, 0x00, 0x02, 0x02, 0x00, 0x00, 0x00, 0x02, 0x00, 0x00, 0x02, 0x03, 0x00,
  0x00, 0x00, 0x02, 0x00, 0x00, 0x02, 0x04, 0x00, 0x00, 0x00, 0x02, 0x00, 0x00, 0x02, 0x05, 0x00,
  0x00, 0x00, 0x02, 0x00, 0x00, 0x02, 0x06, 0x00, 0x00, 0x00, 0x02, 0x00, 0x00, 0x02, 0x07, 0x00,
  0x00, 0x00, 0x02, 0x00, 0x00, 0x02, 0x08, 0x00, 0x00, 0x00, 0x02, 0x00, 0x00, 0x02, 0x0a, 0x00,
  0x00, 0x00, 0x02, 0x00, 0x00, 0x02, 0x0c, 0x00, 0x00, 0x00, 0x02, 0x00, 0x00, 0x02, 0x00, 0x00,
  0x00, 0x00, 0x12, 0x00, 0x00, 0x02, 0x01, 0x00, 0x00, 0x00, 0x12, 0x00, 0x00, 0x02, 0x02, 0x00,
  0x00, 0x00, 0x12, 0x00, 0x00, 0x02, 0x03, 0x00, 0x00, 0x00, 0x12, 0x00, 0x00, 0x02, 0x04, 0x00,
  0x00, 0x00, 0x12, 0x00, 0x00, 0x02, 0x05, 0x00, 0x00, 0x00, 0x12, 0x00, 0x00, 0x02, 0x06, 0x00,
  0x00, 0x00, 0x12, 0x00, 0x00, 0x02, 0x07, 0x00, 0x00, 0x00, 0x12, 0x00, 0x00, 0x02, 0x08, 0x00,
  0x00, 0x00, 0x12, 0x00, 0x00, 0x02, 0x0a, 0x00, 0x00, 0x00, 0x12, 0x00, 0x00, 0x02, 0x0c, 0x00,
  0x00, 0x00, 0x12, 0x00, 0x00, 0x02, 0x00, 0x00, 0x00, 0x00, 0x14, 0x00, 0x00, 0x02, 0x01, 0x00,
  0x00, 0x00, 0x14, 0x00, 0x00, 0x02, 0x02, 0x00, 0x00, 0x00, 0x14, 0x00, 0x00, 0x02, 0x03, 0x00,
  0x00, 0x00, 0x14, 0x00, 0x00, 0x02, 0x04, 0x00, 0x00, 0x00, 0x14, 0x00, 0x00, 0x02, 0x05, 0x00,
  0x00, 0x00, 0x14, 0x00, 0x00, 0x02, 0x06, 0x00, 0x00, 0x00, 0x14, 0x00, 0x00, 0x02, 0x07, 0x00,
  0x00, 0x00, 0x14, 0x00, 0x00, 0x02, 0x08, 0x00, 0x00, 0x00, 0x14, 0x00, 0x00, 0x02, 0x0a, 0x00,
  0x00, 0x00, 0x14, 0x00, 0x00, 0x02, 0x0c, 0x00, 0x00, 0x00, 0x14, 0x00, 0x00, 0x02, 0x00, 0x00,
  0x00, 0x00, 0x16, 0x00, 0x00, 0x02, 0x01, 0x00, 0x00, 0x00, 0x16, 0x00, 0x00, 0x02, 0x02, 0x00,
  0x00, 0x00, 0x16, 0x00, 0x00, 0x02, 0x03, 0x00, 0x00, 0x00, 0x16, 0x00, 0x00, 0x02, 0x04, 0x00,
  0x00, 0x00, 0x16, 0x00, 0x00, 0x02, 0x05, 0x00, 0x00, 0x00, 0x16, 0x00, 0x00, 0x02, 0x06, 0x00,
  0x00, 0x00, 0x16, 0x00, 0x00, 0x02, 0x07, 0x00, 0x00, 0x00, 0x16, 0x00, 0x00, 0x02, 0x08, 0x00,
  0x00, 0x00, 0x16, 0x00, 0x00, 0x02, 0x0a, 0x00, 0x00, 0x00, 0x16, 0x00, 0x00, 0x02, 0x0c, 0x00,
  0x00, 0x00, 0x16, 0x00, 0x00, 0x02, 0x00, 0x00, 0x00, 0x00, 0x18, 0x00, 0x00, 0x02, 0x01, 0x00,
  0x00, 0x00, 0x18, 0x00, 0x00, 0x02, 0x02, 0x00, 0x00, 0x00, 0x18, 0x00, 0x00, 0x02, 0x03, 0x00,
  0x00, 0x00, 0x18, 0x00, 0x00, 0x02, 0x04, 0x00, 0x00, 0x00, 0x18, 0x00, 0x00, 0x02, 0x05, 0x00,
  0x00, 0x00, 0x18, 0x00, 0x00, 0x02, 0x06, 0x00, 0x00, 0x00, 0x18, 0x00, 0x00, 0x02, 0x07, 0x00,
  0x00, 0x00, 0x18, 0x00, 0x00, 0x02, 0x08, 0x00, 0x00, 0x00, 0x18, 0x00, 0x00, 0x02, 0x0a, 0x00,
  0x00, 0x00, 0x18, 0x00, 0x00, 0x02, 0x0c, 0x00, 0x00, 0x00, 0x18, 0x00, 0x00, 0x02, 0x00, 0x00,
  0x00, 0x00, 0x1a, 0x00, 0x00, 0x02, 0x01, 0x00, 0x00, 0x00, 0x1a, 0x00, 0x00, 0x02, 0x02, 0x00,
  0x00, 0x00, 0x1a, 0x00, 0x00, 0x02, 0x03, 0x00, 0x00, 0x00, 0x1a, 0x00, 0x00, 0x02, 0x04, 0x00,
  0x00, 0x00, 0x1a, 0x00, 0x00, 0x02, 0x05, 0x00, 0x00, 0x00, 0x1a, 0x00, 0x00, 0x02, 0x06, 0x00,
  0x00, 0x00, 0x1a, 0x00, 0x00, 0x02, 0x07, 0x00, 0x00, 0x00, 0x1a, 0x00, 0x00, 0x02, 0x08, 0x00,
  0x00, 0x00, 0x1a, 0x00, 0x00, 0x02, 0x0a, 0x00, 0x00, 0x00, 0x1a, 0x00, 0x00, 0x02, 0x0c, 0x00,
  0x00, 0x00, 0x1a, 0x00, 0x00, 0x02, 0x00, 0x00, 0x00, 0x00, 0x1c, 0x00, 0x00, 0x02, 0x01, 0x00,
  0x00, 0x00, 0x1c, 0x00, 0x00, 0x02, 0x02, 0x00, 0x00, 0x00, 0x1c, 0x00, 0x00, 0x02, 0x03, 0x00,
  0x00, 0x00, 0x1c, 0x00, 0x00, 0x02, 0x04, 0x00, 0x00, 0x00, 0x1c, 0x00, 0x00, 0x02, 0x05, 0x00,
  0x00, 0x00, 0x1c, 0x00, 0x00, 0x02, 0x06, 0x00, 0x00, 0x00, 0x1c, 0x00, 0x00, 0x02, 0x07, 0x00,
  0x00, 0x00, 0x1c, 0x00, 0x00, 0x02, 0x08, 0x00, 0x00, 0x00, 0x1c, 0x00, 0x00, 0x02, 0x0a, 0x00,
  0x00, 0x00, 0x1c, 0x00, 0x00, 0x02, 0x0c, 0x00, 0x00, 0x00, 0x1c, 0x00, 0x00, 0x02, 0x01, 0x00,
  0x00, 0x00, 0x1e, 0x00, 0x00, 0x02, 0x02, 0x00, 0x00, 0x00, 0x1e, 0x00, 0x00, 0x02, 0x03, 0x00,
  0x00, 0x00, 0x1e, 0x00, 0x00, 0x02, 0x04, 0x00, 0x00, 0x00, 0x1e, 0x00, 0x00, 0x02, 0x05, 0x00,
  0x00, 0x00, 0x1e, 0x00, 0x00, 0x02, 0x06, 0x00, 0x00, 0x00, 0x1e, 0x00, 0x00, 0x02, 0x07, 0x00,
  0x00, 0x00, 0x1e, 0x00, 0x00, 0x02, 0x08, 0x00, 0x00, 0x00, 0x1e, 0x00, 0x00, 0x02, 0x09, 0x00,
  0x00, 0x00, 0x1e, 0x00, 0x00, 0x02, 0x0a, 0x00, 0x00, 0x00, 0x1e, 0x00, 0x00, 0x02, 0x0c, 0x00,
  0x00, 0x00, 0x1e, 0x00, 0x00, 0x02, 0x01, 0x00, 0x00, 0x00, 0x23, 0x00, 0x00, 0x02, 0x02, 0x00,
  0x00, 0x00, 0x23, 0x00, 0x00, 0x02, 0x03, 0x00, 0x00, 0x00, 0x23, 0x00, 0x00, 0x02, 0x04, 0x00,
  0x00, 0x00, 0x23, 0x00, 0x00, 0x02, 0x05, 0x00, 0x00, 0x00, 0x23, 0x00, 0x00, 0x02, 0x06, 0x00,
  0x00, 0x00, 0x23, 0x00, 0x00, 0x02, 0x07, 0x00, 0x00, 0x00, 0x23, 0x00, 0x00, 0x02, 0x08, 0x00,
  0x00, 0x00, 0x23, 0x00, 0x00, 0x02, 0x0a, 0x00, 0x00, 0x00, 0x23, 0x00, 0x00, 0x02, 0x0b, 0x00,
  0x00, 0x00, 0x23, 0x00, 0x00, 0x02, 0x0c, 0x00, 0x00, 0x00, 0x23, 0x00, 0x00, 0x02, 0x00, 0x00,
  0x00, 0x00, 0x28, 0x00, 0x00, 0x02, 0x01, 0x00, 0x00, 0x00, 0x28, 0x00, 0x00, 0x02, 0x02, 0x00,
  0x00, 0x00, 0x28, 0x00, 0x00, 0x02, 0x03, 0x00, 0x00, 0x00, 0x28, 0x00, 0x00, 0x02, 0x04, 0x00,
  0x00, 0x00, 0x28, 0x00, 0x00, 0x02, 0x05, 0x00, 0x00, 0x00, 0x28, 0x00, 0x00, 0x02, 0x06, 0x00,
  0x00, 0x00, 0x28, 0x00, 0x00, 0x02, 0x07, 0x00, 0x00, 0x00, 0x28, 0x00, 0x00, 0x02, 0x08, 0x00,
  0x00, 0x00, 0x28, 0x00, 0x00, 0x02, 0x0a, 0x00, 0x00, 0x00, 0x28, 0x00, 0x00, 0x02, 0x0c, 0x00,
  0x00, 0x00, 0x28, 0x00, 0x00, 0x02, 0x00, 0x00, 0x00, 0x00, 0x07, 0x00, 0x00, 0x02, 0x01, 0x00,
  0x00, 0x00, 0x07, 0x00, 0x00, 0x02, 0x02, 0x00, 0x00, 0x00, 0x07, 0x00, 0x00, 0x02, 0x03, 0x00,
  0x00, 0x00, 0x07, 0x00, 0x00, 0x02, 0x04, 0x00, 0x00, 0x00, 0x07, 0x00, 0x00, 0x02, 0x05, 0x00,
  0x00, 0x00, 0x07, 0x00, 0x00, 0x02, 0x06, 0x00, 0x00, 0x00, 0x07, 0x00, 0x00, 0x02, 0x07, 0x00,
  0x00, 0x00, 0x07, 0x00, 0x00, 0x02, 0x08, 0x00, 0x00, 0x00, 0x07, 0x00, 0x00, 0x02, 0x0a, 0x00,
  0x00, 0x00, 0x07, 0x00, 0x00, 0x02, 0x0c, 0x00, 0x00, 0x00, 0x07, 0x00, 0x00, 0x02, 0x00, 0x00,
  0x00, 0x00, 0x08, 0x00, 0x00, 0x02, 0x01, 0x00, 0x00, 0x00, 0x08, 0x00, 0x00, 0x02, 0x02, 0x00,
  0x00, 0x00, 0x08, 0x00, 0x00, 0x02, 0x03, 0x00, 0x00, 0x00, 0x08, 0x00, 0x00, 0x02, 0x04, 0x00,
  0x00, 0x00, 0x08, 0x00, 0x00, 0x02, 0x05, 0x00, 0x00, 0x00, 0x08, 0x00, 0x00, 0x02, 0x06, 0x00,
  0x00, 0x00, 0x08, 0x00, 0x00, 0x02, 0x07, 0x00, 0x00, 0x00, 0x08, 0x00, 0x00, 0x02, 0x08, 0x00,
  0x00, 0x00, 0x08, 0x00, 0x00, 0x02, 0x0a, 0x00, 0x00, 0x00, 0x08, 0x00, 0x00, 0x02, 0x0c, 0x00,
  0x00, 0x00, 0x08, 0x00, 0x00, 0x02, 0x00, 0x00, 0x00, 0x00, 0x09, 0x00, 0x00, 0x02, 0x01, 0x00,
  0x00, 0x00, 0x09, 0x00, 0x00, 0x02, 0x02, 0x00, 0x00, 0x00, 0x09, 0x00, 0x00, 0x02, 0x03, 0x00,
  0x00, 0x00, 0x09, 0x00, 0x00, 0x02, 0x04, 0x00, 0x00, 0x00, 0x09, 0x00, 0x00, 0x02, 0x05, 0x00,
  0x00, 0x00, 0x09, 0x00, 0x00, 0x02, 0x06, 0x00, 0x00, 0x00, 0x09, 0x00, 0x00, 0x02, 0x07, 0x00,
  0x00, 0x00, 0x09, 0x00, 0x00, 0x02, 0x08, 0x00, 0x00, 0x00, 0x09, 0x00, 0x00, 0x02, 0x0a, 0x00,
  0x00, 0x00, 0x09, 0x00, 0x00, 0x02, 0x0c, 0x00, 0x00, 0x00, 0x09, 0x00, 0x00, 0x02, 0x00, 0x00,
  0x00, 0x00, 0x0a, 0x00, 0x00, 0x02, 0x01, 0x00, 0x00, 0x00, 0x0a, 0x00, 0x00, 0x02, 0x02, 0x00,
  0x00, 0x00, 0x0a, 0x00, 0x00, 0x02, 0x03, 0x00, 0x00, 0x00, 0x0a, 0x00, 0x00, 0x02, 0x04, 0x00,
  0x00, 0x00, 0x0a, 0x00, 0x00, 0x02, 0x05, 0x00, 0x00, 0x00, 0x0a, 0x00, 0x00, 0x02, 0x06, 0x00,
  0x00, 0x00, 0x0a, 0x00, 0x00, 0x02, 0x07, 0x00, 0x00, 0x00, 0x0a, 0x00, 0x00, 0x02, 0x08, 0x00,
  0x00, 0x00, 0x0a, 0x00, 0x00, 0x02, 0x0a, 0x00, 0x00, 0x00, 0x0a, 0x00, 0x00, 0x02, 0x0c, 0x00,
  0x00, 0x00, 0x0a, 0x00, 0x00, 0x02, 0x00, 0x00, 0x00, 0x00, 0x0b, 0x00, 0x00, 0x02, 0x01, 0x00,
  0x00, 0x00, 0x0b, 0x00, 0x00, 0x02, 0x02, 0x00, 0x00, 0x00, 0x0b, 0x00, 0x00, 0x02, 0x03, 0x00,
  0x00, 0x00, 0x0b, 0x00, 0x00, 0x02, 0x04, 0x00, 0x00, 0x00, 0x0b, 0x00, 0x00, 0x02, 0x05, 0x00,
  0x00, 0x00, 0x0b, 0x00, 0x00, 0x02, 0x06, 0x00, 0x00, 0x00, 0x0b, 0x00, 0x00, 0x02, 0x07, 0x00,
  0x00, 0x00, 0x0b, 0x00, 0x00, 0x02, 0x08, 0x00, 0x00, 0x00, 0x0b, 0x00, 0x00, 0x02, 0x0a, 0x00,
  0x00, 0x00, 0x0b, 0x00, 0x00, 0x02, 0x0c, 0x00, 0x00, 0x00, 0x0b, 0x00, 0x00, 0x02, 0x00, 0x00,
  0x00, 0x00, 0x0c, 0x00, 0x00, 0x02, 0x01, 0x00, 0x00, 0x00, 0x0c, 0x00, 0x00, 0x02, 0x02, 0x00,
  0x00, 0x00, 0x0c, 0x00, 0x00, 0x02, 0x03, 0x00, 0x00, 0x00, 0x0c, 0x00, 0x00, 0x02, 0x04, 0x00,
  0x00, 0x00, 0x0c, 0x00, 0x00, 0x02, 0x05, 0x00, 0x00, 0x00, 0x0c, 0x00, 0x00, 0x02, 0x06, 0x00,
  0x00, 0x00, 0x0c, 0x00, 0x00, 0x02, 0x07, 0x00, 0x00, 0x00, 0x0c, 0x00, 0x00, 0x02, 0x08, 0x00,
  0x00, 0x00, 0x0c, 0x00, 0x00, 0x02, 0x0a, 0x00, 0x00, 0x00, 0x0c, 0x00, 0x00, 0x02, 0x0c, 0x00,
  0x00, 0x00, 0x0c, 0x00, 0x00, 0x02, 0x00, 0x00, 0x00, 0x00, 0x0d, 0x00, 0x00, 0x02, 0x01, 0x00,
  0x00, 0x00, 0x0d, 0x00, 0x00, 0x02, 0x02, 0x00, 0x00, 0x00, 0x0d, 0x00, 0x00, 0x02, 0x03, 0x00,
  0x00, 0x00, 0x0d, 0x00, 0x00, 0x02, 0x04, 0x00, 0x00, 0x00, 0x0d, 0x00, 0x00, 0x02, 0x05, 0x00,
  0x00, 0x00, 0x0d, 0x00, 0x00, 0x02, 0x06, 0x00, 0x00, 0x00, 0x0d, 0x00, 0x00, 0x02, 0x07, 0x00,
  0x00, 0x00, 0x0d, 0x00, 0x00, 0x02, 0x08, 0x00, 0x00, 0x00, 0x0d, 0x00, 0x00, 0x02, 0x0a, 0x00,
  0x00, 0x00, 0x0d, 0x00, 0x00, 0x02, 0x0c, 0x00, 0x00, 0x00, 0x0d, 0x00, 0x00, 0x02, 0x00, 0x00,
  0x00, 0x00, 0x0e, 0x00, 0x00, 0x02, 0x01, 0x00, 0x00, 0x00, 0x0e, 0x00, 0x00, 0x02, 0x02, 0x00,
  0x00, 0x00, 0x0e, 0x00, 0x00, 0x02, 0x03, 0x00, 0x00, 0x00, 0x0e, 0x00, 0x00, 0x02, 0x04, 0x00,
  0x00, 0x00, 0x0e, 0x00, 0x00, 0x02, 0x05, 0x00, 0x00, 0x00, 0x0e, 0x00, 0x00, 0x02, 0x06, 0x00,
  0x00, 0x00, 0x0e, 0x00, 0x00, 0x02, 0x07, 0x00, 0x00, 0x00, 0x0e, 0x00, 0x00, 0x02, 0x08, 0x00,
  0x00, 0x00, 0x0e, 0x00, 0x00, 0x02, 0x0a, 0x00, 0x00, 0x00, 0x0e, 0x00, 0x00, 0x02, 0x0c, 0x00,
  0x00, 0x00, 0x0e, 0x00, 0x00, 0x02, 0x00, 0x00, 0x00, 0x00, 0x0f, 0x00, 0x00, 0x02, 0x01, 0x00,
  0x00, 0x00, 0x0f, 0x00, 0x00, 0x02, 0x02, 0x00, 0x00, 0x00, 0x0f, 0x00, 0x00, 0x02, 0x03, 0x00,
  0x00, 0x00, 0x0f, 0x00, 0x00, 0x02, 0x04, 0x00, 0x00, 0x00, 0x0f, 0x00, 0x00, 0x02, 0x05, 0x00,
  0x00, 0x00, 0x0f, 0x00, 0x00, 0x02, 0x06, 0x00, 0x00, 0x00, 0x0f, 0x00, 0x00, 0x02, 0x07, 0x00,
  0x00, 0x00, 0x0f, 0x00, 0x00, 0x02, 0x08, 0x00, 0x00, 0x00, 0x0f, 0x00, 0x00, 0x02, 0x0a, 0x00,
  0x00, 0x00, 0x0f, 0x00, 0x00, 0x02, 0x0c, 0x00, 0x00, 0x00, 0x0f, 0x00, 0x00, 0x02, 0x00, 0x00,
  0x00, 0x00, 0x10, 0x00, 0x00, 0x02, 0x01, 0x00, 0x00, 0x00, 0x10, 0x00, 0x00, 0x02, 0x02, 0x00,
  0x00, 0x00, 0x10, 0x00, 0x00, 0x02, 0x03, 0x00, 0x00, 0x00, 0x10, 0x00, 0x00, 0x02, 0x04, 0x00,
  0x00, 0x00, 0x10, 0x00, 0x00, 0x02, 0x05, 0x00, 0x00, 0x00, 0x10, 0x00, 0x00, 0x02, 0x06, 0x00,
  0x00, 0x00, 0x10, 0x00, 0x00, 0x02, 0x07, 0x00, 0x00, 0x00, 0x10, 0x00, 0x00, 0x02, 0x08, 0x00,
  0x00, 0x00, 0x10, 0x00, 0x00, 0x02, 0x0a, 0x00, 0x00, 0x00, 0x10, 0x00, 0x00, 0x02, 0x0c, 0x00,
  0x00, 0x00, 0x10, 0x00, 0x00, 0x02, 0x00, 0x00, 0x00, 0x00, 0x13, 0x00, 0x00, 0x02, 0x01, 0x00,
  0x00, 0x00, 0x13, 0x00, 0x00, 0x02, 0x02, 0x00, 0x00, 0x00, 0x13, 0x00, 0x00, 0x02, 0x03, 0x00,
  0x00, 0x00, 0x13, 0x00, 0x00, 0x02, 0x04, 0x00, 0x00, 0x00, 0x13, 0x00, 0x00, 0x02, 0x05, 0x00,
  0x00, 0x00, 0x13, 0x00, 0x00, 0x02, 0x06, 0x00, 0x00, 0x00, 0x13, 0x00, 0x00, 0x02, 0x07, 0x00,
  0x00, 0x00, 0x13, 0x00, 0x00, 0x02, 0x08, 0x00, 0x00, 0x00, 0x13, 0x00, 0x00, 0x02, 0x0a, 0x00,
  0x00, 0x00, 0x13, 0x00, 0x00, 0x02, 0x0c, 0x00, 0x00, 0x00, 0x13, 0x00, 0x00, 0x02, 0x00, 0x00,
  0x00, 0x00, 0x15, 0x00, 0x00, 0x02, 0x01, 0x00, 0x00, 0x00, 0x15, 0x00, 0x00, 0x02, 0x02, 0x00,
  0x00, 0x00, 0x15, 0x00, 0x00, 0x02, 0x03, 0x00, 0x00, 0x00, 0x15, 0x00, 0x00, 0x02, 0x04, 0x00,
  0x00, 0x00, 0x15, 0x00, 0x00, 0x02, 0x05, 0x00, 0x00, 0x00, 0x15, 0x00, 0x00, 0x02, 0x06, 0x00,
  0x00, 0x00, 0x15, 0x00, 0x00, 0x02, 0x07, 0x00, 0x00, 0x00, 0x15, 0x00, 0x00, 0x02, 0x08, 0x00,
  0x00, 0x00, 0x15, 0x00, 0x00, 0x02, 0x0a, 0x00, 0x00, 0x00, 0x15, 0x00, 0x00, 0x02, 0x0c, 0x00,
  0x00, 0x00, 0x15, 0x00, 0x00, 0x02, 0x00, 0x00, 0x00, 0x00, 0x17, 0x00, 0x00, 0x02, 0x01, 0x00,
  0x00, 0x00, 0x17, 0x00, 0x00, 0x02, 0x02, 0x00, 0x00, 0x00, 0x17, 0x00, 0x00, 0x02, 0x03, 0x00,
  0x00, 0x00, 0x17, 0x00, 0x00, 0x02, 0x04, 0x00, 0x00, 0x00, 0x17, 0x00, 0x00, 0x02, 0x05, 0x00,
  0x00, 0x00, 0x17, 0x00, 0x00, 0x02, 0x06, 0x00, 0x00, 0x00, 0x17, 0x00, 0x00, 0x02, 0x07, 0x00,
  0x00, 0x00, 0x17, 0x00, 0x00, 0x02, 0x08, 0x00, 0x00, 0x00, 0x17, 0x00, 0x00, 0x02, 0x0a, 0x00,
  0x00, 0x00, 0x17, 0x00, 0x00, 0x02, 0x0c, 0x00, 0x00, 0x00, 0x17, 0x00, 0x00, 0x02, 0x00, 0x00,
  0x00, 0x00, 0x19, 0x00, 0x00, 0x02, 0x01, 0x00, 0x00, 0x00, 0x19, 0x00, 0x00, 0x02, 0x02, 0x00,
  0x00, 0x00, 0x19, 0x00, 0x00, 0x02, 0x03, 0x00, 0x00, 0x00, 0x19, 0x00, 0x00, 0x02, 0x04, 0x00,
  0x00, 0x00, 0x19, 0x00, 0x00, 0x02, 0x05, 0x00, 0x00, 0x00, 0x19, 0x00, 0x00, 0x02, 0x06, 0x00,
  0x00, 0x00, 0x19, 0x00, 0x00, 0x02, 0x07, 0x00, 0x00, 0x00, 0x19, 0x00, 0x00, 0x02, 0x08, 0x00,
  0x00, 0x00, 0x19, 0x00, 0x00, 0x02, 0x0a, 0x00, 0x00, 0x00, 0x19, 0x00, 0x00, 0x02, 0x0c, 0x00,
  0x00, 0x00, 0x19, 0x00, 0x00, 0x02, 0x00, 0x00, 0x00, 0x00, 0x1b, 0x00, 0x00, 0x02, 0x01, 0x00,
  0x00, 0x00, 0x1b, 0x00, 0x00, 0x02, 0x02, 0x00, 0x00, 0x00, 0x1b, 0x00, 0x00, 0x02, 0x03, 0x00,
  0x00, 0x00, 0x1b, 0x00, 0x00, 0x02, 0x04, 0x00, 0x00, 0x00, 0x1b, 0x00, 0x00, 0x02, 0x05, 0x00,
  0x00, 0x00, 0x1b, 0x00, 0x00, 0x02, 0x06, 0x00, 0x00, 0x00, 0x1b, 0x00, 0x00, 0x02, 0x07, 0x00,
  0x00, 0x00, 0x1b, 0x00, 0x00, 0x02, 0x08, 0x00, 0x00, 0x00, 0x1b, 0x00, 0x00, 0x02, 0x0a, 0x00,
  0x00, 0x00, 0x1b, 0x00, 0x00, 0x02, 0x0c, 0x00, 0x00, 0x00, 0x1b, 0x00, 0x00, 0x02, 0x00, 0x00,
  0x00, 0x00, 0x1d, 0x00, 0x00, 0x02, 0x01, 0x00, 0x00, 0x00, 0x1d, 0x00, 0x00, 0x02, 0x02, 0x00,
  0x00, 0x00, 0x1d, 0x00, 0x00, 0x02, 0x03, 0x00, 0x00, 0x00, 0x1d, 0x00, 0x00, 0x02, 0x04, 0x00,
  0x00, 0x00, 0x1d, 0x00, 0x00, 0x02, 0x05, 0x00, 0x00, 0x00, 0x1d, 0x00, 0x00, 0x02, 0x06, 0x00,
  0x00, 0x00, 0x1d, 0x00, 0x00, 0x02, 0x07, 0x00, 0x00, 0x00, 0x1d, 0x00, 0x00, 0x02, 0x08, 0x00,
  0x00, 0x00, 0x1d, 0x00, 0x00, 0x02, 0x0a, 0x00, 0x00, 0x00, 0x1d, 0x00, 0x00, 0x02, 0x0c, 0x00,
  0x00, 0x00, 0x1d, 0x00, 0x00, 0x02, 0x00, 0x00, 0x00, 0x00, 0x22, 0x00, 0x00, 0x02, 0x01, 0x00,
  0x00, 0x00, 0x22, 0x00, 0x00, 0x02, 0x02, 0x00, 0x00, 0x00, 0x22, 0x00, 0x00, 0x02, 0x03, 0x00,
  0x00, 0x00, 0x22, 0x00, 0x00, 0x02, 0x04, 0x00, 0x00, 0x00, 0x22, 0x00, 0x00, 0x02, 0x05, 0x00,
  0x00, 0x00, 0x22, 0x00, 0x00, 0x02, 0x06, 0x00, 0x00, 0x00, 0x22, 0x00, 0x00, 0x02, 0x07, 0x00,
  0x00, 0x00, 0x22, 0x00, 0x00, 0x02, 0x08, 0x00, 0x00, 0x00, 0x22, 0x00, 0x00, 0x02, 0x0a, 0x00,
  0x00, 0x00, 0x22, 0x00, 0x00, 0x02, 0x0c, 0x00, 0x00, 0x00, 0x22, 0x00, 0x00, 0x02, 0x00, 0x00,
  0x00, 0x00, 0x27, 0x00, 0x00, 0x02, 0x01, 0x00, 0x00, 0x00, 0x27, 0x00, 0x00, 0x02, 0x02, 0x00,
  0x00, 0x00, 0x27, 0x00, 0x00, 0x02, 0x03, 0x00, 0x00, 0x00, 0x27, 0x00, 0x00, 0x02, 0x04, 0x00,
  0x00, 0x00, 0x27, 0x00, 0x00, 0x02, 0x05, 0x00, 0x00, 0x00, 0x27, 0x00, 0x00, 0x02, 0x06, 0x00,
  0x00, 0x00, 0x27, 0x00, 0x00, 0x02, 0x07, 0x00, 0x00, 0x00, 0x27, 0x00, 0x00, 0x02, 0x08, 0x00,
  0x00, 0x00, 0x27, 0x00, 0x00, 0x02, 0x0a, 0x00, 0x00, 0x00, 0x27, 0x00, 0x00, 0x02, 0x0c, 0x00,
  0x00, 0x00, 0x27, 0x00, 0x00, 0x02, 0x00, 0x00, 0x00, 0x00, 0x29, 0x00, 0x00, 0x02, 0x01, 0x00,
  0x00, 0x00, 0x29, 0x00, 0x00, 0x02, 0x02, 0x00, 0x00, 0x00, 0x29, 0x00, 0x00, 0x02, 0x03, 0x00,
  0x00, 0x00, 0x29, 0x00, 0x00, 0x02, 0x04, 0x00, 0x00, 0x00, 0x29, 0x00, 0x00, 0x02, 0x05, 0x00,
  0x00, 0x00, 0x29, 0x00, 0x00, 0x02, 0x06, 0x00, 0x00, 0x00, 0x29, 0x00, 0x00, 0x02, 0x07, 0x00,
  0x00, 0x00, 0x29, 0x00, 0x00, 0x02, 0x08, 0x00, 0x00, 0x00, 0x29, 0x00, 0x00, 0x02, 0x0a, 0x00,
  0x00, 0x00, 0x29, 0x00, 0x00, 0x02, 0x0c, 0x00, 0x00, 0x00, 0x29, 0x00, 0x00, 0x02, 0x09, 0x00,
  0x00, 0x00, 0x29, 0x00, 0x00, 0x01, 0x01, 0x00, 0x00, 0x00, 0x01, 0x00, 0x00, 0x01, 0x02, 0x00,
  0x00, 0x00, 0x04, 0x00, 0x00, 0x02, 0x03, 0x00, 0x00, 0x00, 0x04, 0x00, 0x00, 0x02, 0x04, 0x00,
  0x00, 0x00, 0x04, 0x00, 0x00, 0x02, 0x05, 0x00, 0x00, 0x00, 0x04, 0x00, 0x00, 0x02, 0x06, 0x00,
  0x00, 0x00, 0x04, 0x00, 0x00, 0x02, 0x07, 0x00, 0x00, 0x00, 0x04, 0x00, 0x00, 0x02, 0x08, 0x00,
  0x00, 0x00, 0x04, 0x00, 0x00, 0x02, 0x09, 0x00, 0x00, 0x00, 0x20, 0x00, 0x00, 0x02, 0x0a, 0x00,
  0x00, 0x00, 0x04, 0x00, 0x00, 0x02, 0x0c, 0x00, 0x00, 0x00, 0x04, 0x00, 0x00, 0x02, 0x0b, 0x00,
  0x00, 0x00, 0x2d, 0x00, 0x00, 0x01, 0x01, 0x00, 0x00, 0x00, 0x01, 0x00, 0x00, 0x01, 0x02, 0x00,
  0x00, 0x00, 0x04, 0x00, 0x00, 0x02, 0x03, 0x00, 0x00, 0x00, 0x04, 0x00, 0x00, 0x02, 0x04, 0x00,
  0x00, 0x00, 0x04, 0x00, 0x00, 0x02, 0x05, 0x00, 0x00, 0x00, 0x04, 0x00, 0x00, 0x02, 0x06, 0x00,
  0x00, 0x00, 0x04, 0x00, 0x00, 0x02, 0x07, 0x00, 0x00, 0x00, 0x04, 0x00, 0x00, 0x02, 0x08, 0x00,
  0x00, 0x00, 0x04, 0x00, 0x00, 0x02, 0x0a, 0x00, 0x00, 0x00, 0x04, 0x00, 0x00, 0x02, 0x0b, 0x00,
  0x00, 0x00, 0x25, 0x00, 0x00, 0x02, 0x0c, 0x00, 0x00, 0x00, 0x04, 0x00, 0x00, 0x02, 0x00, 0x00,
  0x00, 0x00, 0x21, 0x00, 0x00, 0x02, 0x01, 0x00, 0x00, 0x00, 0x21, 0x00, 0x00, 0x02, 0x02, 0x00,
  0x00, 0x00, 0x21, 0x00, 0x00, 0x02, 0x03, 0x00, 0x00, 0x00, 0x21, 0x00, 0x00, 0x02, 0x04, 0x00,
  0x00, 0x00, 0x21, 0x00, 0x00, 0x02, 0x05, 0x00, 0x00, 0x00, 0x21, 0x00, 0x00, 0x02, 0x06, 0x00,
  0x00, 0x00, 0x21, 0x00, 0x00, 0x02, 0x07, 0x00, 0x00, 0x00, 0x21, 0x00, 0x00, 0x02, 0x08, 0x00,
  0x00, 0x00, 0x21, 0x00, 0x00, 0x02, 0x0a, 0x00, 0x00, 0x00, 0x21, 0x00, 0x00, 0x02, 0x0c, 0x00,
  0x00, 0x00, 0x21, 0x00, 0x00, 0x02, 0x01, 0x00, 0x00, 0x00, 0x1f, 0x00, 0x00, 0x02, 0x02, 0x00,
  0x00, 0x00, 0x1f, 0x00, 0x00, 0x02, 0x03, 0x00, 0x00, 0x00, 0x1f, 0x00, 0x00, 0x02, 0x04, 0x00,
  0x00, 0x00, 0x1f, 0x00, 0x00, 0x02, 0x05, 0x00, 0x00, 0x00, 0x1f, 0x00, 0x00, 0x02, 0x06, 0x00,
  0x00, 0x00, 0x1f, 0x00, 0x00, 0x02, 0x07, 0x00, 0x00, 0x00, 0x1f, 0x00, 0x00, 0x02, 0x08, 0x00,
  0x00, 0x00, 0x1f, 0x00, 0x00, 0x02, 0x09, 0x00, 0x00, 0x00, 0x1f, 0x00, 0x00, 0x02, 0x0a, 0x00,
  0x00, 0x00, 0x1f, 0x00, 0x00, 0x02, 0x0c, 0x00, 0x00, 0x00, 0x1f, 0x00, 0x00, 0x02, 0x01, 0x00,
  0x00, 0x00, 0x11, 0x00, 0x00, 0x02, 0x02, 0x00, 0x00, 0x00, 0x11, 0x00, 0x00, 0x02, 0x03, 0x00,
  0x00, 0x00, 0x11, 0x00, 0x00, 0x02, 0x04, 0x00, 0x00, 0x00, 0x11, 0x00, 0x00, 0x02, 0x05, 0x00,
  0x00, 0x00, 0x11, 0x00, 0x00, 0x02, 0x06, 0x00, 0x00, 0x00, 0x11, 0x00, 0x00, 0x02, 0x07, 0x00,
  0x00, 0x00, 0x11, 0x00, 0x00, 0x02, 0x08, 0x00, 0x00, 0x00, 0x11, 0x00, 0x00, 0x02, 0x09, 0x00,
  0x00, 0x00, 0x11, 0x00, 0x00, 0x02, 0x0a, 0x00, 0x00, 0x00, 0x11, 0x00, 0x00, 0x02, 0x0c, 0x00,
  0x00, 0x00, 0x11, 0x00, 0x00, 0x02, 0x02, 0x00, 0x00, 0x00, 0x31, 0x00, 0x00, 0x01, 0x03, 0x00,
  0x00, 0x00, 0x32, 0x00, 0x00, 0x01, 0x04, 0x00, 0x00, 0x00, 0x33, 0x00, 0x00, 0x01, 0x05, 0x00,
  0x00, 0x00, 0x34, 0x00, 0x00, 0x01, 0x06, 0x00, 0x00, 0x00, 0x35, 0x00, 0x00, 0x01, 0x07, 0x00,
  0x00, 0x00, 0x36, 0x00, 0x00, 0x01, 0x08, 0x00, 0x00, 0x00, 0x37, 0x00, 0x00, 0x01, 0x0a, 0x00,
  0x00, 0x00, 0x38, 0x00, 0x00, 0x01, 0x0c, 0x00, 0x00, 0x00, 0x39, 0x00, 0x00, 0x01, 0x00, 0x00,
  0x00, 0x00, 0x26, 0x00, 0x00, 0x02, 0x01, 0x00, 0x00, 0x00, 0x26, 0x00, 0x00, 0x02, 0x02, 0x00,
  0x00, 0x00, 0x26, 0x00, 0x00, 0x02, 0x03, 0x00, 0x00, 0x00, 0x26, 0x00, 0x00, 0x02, 0x04, 0x00,
  0x00, 0x00, 0x26, 0x00, 0x00, 0x02, 0x05, 0x00, 0x00, 0x00, 0x26, 0x00, 0x00, 0x02, 0x06, 0x00,
  0x00, 0x00, 0x26, 0x00, 0x00, 0x02, 0x07, 0x00, 0x00, 0x00, 0x26, 0x00, 0x00, 0x02, 0x08, 0x00,
  0x00, 0x00, 0x26, 0x00, 0x00, 0x02, 0x0a, 0x00, 0x00, 0x00, 0x26, 0x00, 0x00, 0x02, 0x0c, 0x00,
  0x00, 0x00, 0x26, 0x00, 0x00, 0x02, 0x01, 0x00, 0x00, 0x00, 0x24, 0x00, 0x00, 0x02, 0x02, 0x00,
  0x00, 0x00, 0x24, 0x00, 0x00, 0x02, 0x03, 0x00, 0x00, 0x00, 0x24, 0x00, 0x00, 0x02, 0x04, 0x00,
  0x00, 0x00, 0x24, 0x00, 0x00, 0x02, 0x05, 0x00, 0x00, 0x00, 0x24, 0x00, 0x00, 0x02, 0x06, 0x00,
  0x00, 0x00, 0x24, 0x00, 0x00, 0x02, 0x07, 0x00, 0x00, 0x00, 0x24, 0x00, 0x00, 0x02, 0x08, 0x00,
  0x00, 0x00, 0x24, 0x00, 0x00, 0x02, 0x0a, 0x00, 0x00, 0x00, 0x24, 0x00, 0x00, 0x02, 0x0b, 0x00,
  0x00, 0x00, 0x24, 0x00, 0x00, 0x02, 0x0c, 0x00, 0x00, 0x00, 0x24, 0x00, 0x00, 0x02, 0x01, 0x00,
  0x00, 0x00, 0x11, 0x00, 0x00, 0x02, 0x02, 0x00, 0x00, 0x00, 0x11, 0x00, 0x00, 0x02, 0x03, 0x00,
  0x00, 0x00, 0x11, 0x00, 0x00, 0x02, 0x04, 0x00, 0x00, 0x00, 0x11, 0x00, 0x00, 0x02, 0x05, 0x00,
  0x00, 0x00, 0x11, 0x00, 0x00, 0x02, 0x06, 0x00, 0x00, 0x00, 0x11, 0x00, 0x00, 0x02, 0x07, 0x00,
  0x00, 0x00, 0x11, 0x00, 0x00, 0x02, 0x08, 0x00, 0x00, 0x00, 0x11, 0x00, 0x00, 0x02, 0x0a, 0x00,
  0x00, 0x00, 0x11, 0x00, 0x00, 0x02, 0x0b, 0x00, 0x00, 0x00, 0x11, 0x00, 0x00, 0x02, 0x0c, 0x00,
  0x00, 0x00, 0x11, 0x00, 0x00, 0x02, 0x02, 0x00, 0x00, 0x00, 0x4d, 0x00, 0x00, 0x01, 0x03, 0x00,
  0x00, 0x00, 0x4e, 0x00, 0x00, 0x01, 0x04, 0x00, 0x00, 0x00, 0x4f, 0x00, 0x00, 0x01, 0x05, 0x00,
  0x00, 0x00, 0x50, 0x00, 0x00, 0x01, 0x06, 0x00, 0x00, 0x00, 0x51, 0x00, 0x00, 0x01, 0x07, 0x00,
  0x00, 0x00, 0x52, 0x00, 0x00, 0x01, 0x08, 0x00, 0x00, 0x00, 0x53, 0x00, 0x00, 0x01, 0x0a, 0x00,
  0x00, 0x00, 0x54, 0x00, 0x00, 0x01, 0x0c, 0x00, 0x00, 0x00, 0x55, 0x00, 0x00, 0x01, 0x01, 0x00,
  0x00, 0x00, 0x12, 0x00, 0x00, 0x02, 0x02, 0x00, 0x00, 0x00, 0x12, 0x00, 0x00, 0x02, 0x03, 0x00,
  0x00, 0x00, 0x12, 0x00, 0x00, 0x02, 0x04, 0x00, 0x00, 0x00, 0x12, 0x00, 0x00, 0x02, 0x05, 0x00,
  0x00, 0x00, 0x12, 0x00, 0x00, 0x02, 0x06, 0x00, 0x00, 0x00, 0x12, 0x00, 0x00, 0x02, 0x07, 0x00,
  0x00, 0x00, 0x12, 0x00, 0x00, 0x02, 0x08, 0x00, 0x00, 0x00, 0x12, 0x00, 0x00, 0x02, 0x09, 0x00,
  0x00, 0x00, 0x12, 0x00, 0x00, 0x02, 0x0a, 0x00, 0x00, 0x00, 0x12, 0x00, 0x00, 0x02, 0x0c, 0x00,
  0x00, 0x00, 0x12, 0x00, 0x00, 0x02, 0x01, 0x00, 0x00, 0x00, 0x14, 0x00, 0x00, 0x02, 0x02, 0x00,
  0x00, 0x00, 0x14, 0x00, 0x00, 0x02, 0x03, 0x00, 0x00, 0x00, 0x14, 0x00, 0x00, 0x02, 0x04, 0x00,
  0x00, 0x00, 0x14, 0x00, 0x00, 0x02, 0x05, 0x00, 0x00, 0x00, 0x14, 0x00, 0x00, 0x02, 0x06, 0x00,
  0x00, 0x00, 0x14, 0x00, 0x00, 0x02, 0x07, 0x00, 0x00, 0x00, 0x14, 0x00, 0x00, 0x02, 0x08, 0x00,
  0x00, 0x00, 0x14, 0x00, 0x00, 0x02, 0x09, 0x00, 0x00, 0x00, 0x14, 0x00, 0x00, 0x02, 0x0a, 0x00,
  0x00, 0x00, 0x14, 0x00, 0x00, 0x02, 0x0c, 0x00, 0x00, 0x00, 0x14, 0x00, 0x00, 0x02, 0x01, 0x00,
  0x00, 0x00, 0x16, 0x00, 0x00, 0x02, 0x02, 0x00, 0x00, 0x00, 0x16, 0x00, 0x00, 0x02, 0x03, 0x00,
  0x00, 0x00, 0x16, 0x00, 0x00, 0x02, 0x04, 0x00, 0x00, 0x00, 0x16, 0x00, 0x00, 0x02, 0x05, 0x00,
  0x00, 0x00, 0x16, 0x00, 0x00, 0x02, 0x06, 0x00, 0x00, 0x00, 0x16, 0x00, 0x00, 0x02, 0x07, 0x00,
  0x00, 0x00, 0x16, 0x00, 0x00, 0x02, 0x08, 0x00, 0x00, 0x00, 0x16, 0x00, 0x00, 0x02, 0x09, 0x00,
  0x00, 0x00, 0x16, 0x00, 0x00, 0x02, 0x0a, 0x00, 0x00, 0x00, 0x16, 0x00, 0x00, 0x02, 0x0c, 0x00,
  0x00, 0x00, 0x16, 0x00, 0x00, 0x02, 0x01, 0x00, 0x00, 0x00, 0x18, 0x00, 0x00, 0x02, 0x02, 0x00,
  0x00, 0x00, 0x18, 0x00, 0x00, 0x02, 0x03, 0x00, 0x00, 0x00, 0x18, 0x00, 0x00, 0x02, 0x04, 0x00,
  0x00, 0x00, 0x18, 0x00, 0x00, 0x02, 0x05, 0x00, 0x00, 0x00, 0x18, 0x00, 0x00, 0x02, 0x06, 0x00,
  0x00, 0x00, 0x18, 0x00, 0x00, 0x02, 0x07, 0x00, 0x00, 0x00, 0x18, 0x00, 0x00, 0x02, 0x08, 0x00,
  0x00, 0x00, 0x18, 0x00, 0x00, 0x02, 0x09, 0x00, 0x00, 0x00, 0x18, 0x00, 0x00, 0x02, 0x0a, 0x00,
  0x00, 0x00, 0x18, 0x00, 0x00, 0x02, 0x0c, 0x00, 0x00, 0x00, 0x18, 0x00, 0x00, 0x02, 0x01, 0x00,
  0x00, 0x00, 0x1a, 0x00, 0x00, 0x02, 0x02, 0x00, 0x00, 0x00, 0x1a, 0x00, 0x00, 0x02, 0x03, 0x00,
  0x00, 0x00, 0x1a, 0x00, 0x00, 0x02, 0x04, 0x00, 0x00, 0x00, 0x1a, 0x00, 0x00, 0x02, 0x05, 0x00,
  0x00, 0x00, 0x1a, 0x00, 0x00, 0x02, 0x06, 0x00, 0x00, 0x00, 0x1a, 0x00, 0x00, 0x02, 0x07, 0x00,
  0x00, 0x00, 0x1a, 0x00, 0x00, 0x02, 0x08, 0x00, 0x00, 0x00, 0x1a, 0x00, 0x00, 0x02, 0x09, 0x00,
  0x00, 0x00, 0x1a, 0x00, 0x00, 0x02, 0x0a, 0x00, 0x00, 0x00, 0x1a, 0x00, 0x00, 0x02, 0x0c, 0x00,
  0x00, 0x00, 0x1a, 0x00, 0x00, 0x02, 0x01, 0x00, 0x00, 0x00, 0x1c, 0x00, 0x00, 0x02, 0x02, 0x00,
  0x00, 0x00, 0x1c, 0x00, 0x00, 0x02, 0x03, 0x00, 0x00, 0x00, 0x1c, 0x00, 0x00, 0x02, 0x04, 0x00,
  0x00, 0x00, 0x1c, 0x00, 0x00, 0x02, 0x05, 0x00, 0x00, 0x00, 0x1c, 0x00, 0x00, 0x02, 0x06, 0x00,
  0x00, 0x00, 0x1c, 0x00, 0x00, 0x02, 0x07, 0x00, 0x00, 0x00, 0x1c, 0x00, 0x00, 0x02, 0x08, 0x00,
  0x00, 0x00, 0x1c, 0x00, 0x00, 0x02, 0x09, 0x00, 0x00, 0x00, 0x1c, 0x00, 0x00, 0x02, 0x0a, 0x00,
  0x00, 0x00, 0x1c, 0x00, 0x00, 0x02, 0x0c, 0x00, 0x00, 0x00, 0x1c, 0x00, 0x00, 0x02, 0x01, 0x00,
  0x00, 0x00, 0x1e, 0x00, 0x00, 0x02, 0x02, 0x00, 0x00, 0x00, 0x1e, 0x00, 0x00, 0x02, 0x03, 0x00,
  0x00, 0x00, 0x1e, 0x00, 0x00, 0x02, 0x04, 0x00, 0x00, 0x00, 0x1e, 0x00, 0x00, 0x02, 0x05, 0x00,
  0x00, 0x00, 0x1e, 0x00, 0x00, 0x02, 0x06, 0x00, 0x00, 0x00, 0x1e, 0x00, 0x00, 0x02, 0x07, 0x00,
  0x00, 0x00, 0x1e, 0x00, 0x00, 0x02, 0x08, 0x00, 0x00, 0x00, 0x1e, 0x00, 0x00, 0x02, 0x09, 0x00,
  0x00, 0x00, 0x1e, 0x00, 0x00, 0x02, 0x0a, 0x00, 0x00, 0x00, 0x1e, 0x00, 0x00, 0x02, 0x0c, 0x00,
  0x00, 0x00, 0x1e, 0x00, 0x00, 0x02, 0x01, 0x00, 0x00, 0x00, 0x23, 0x00, 0x00, 0x02, 0x02, 0x00,
  0x00, 0x00, 0x23, 0x00, 0x00, 0x02, 0x03, 0x00, 0x00, 0x00, 0x23, 0x00, 0x00, 0x02, 0x04, 0x00,
  0x00, 0x00, 0x23, 0x00, 0x00, 0x02, 0x05, 0x00, 0x00, 0x00, 0x23, 0x00, 0x00, 0x02, 0x06, 0x00,
  0x00, 0x00, 0x23, 0x00, 0x00, 0x02, 0x07, 0x00, 0x00, 0x00, 0x23, 0x00, 0x00, 0x02, 0x08, 0x00,
  0x00, 0x00, 0x23, 0x00, 0x00, 0x02, 0x0a, 0x00, 0x00, 0x00, 0x23, 0x00, 0x00, 0x02, 0x0b, 0x00,
  0x00, 0x00, 0x23, 0x00, 0x00, 0x02, 0x0c, 0x00, 0x00, 0x00, 0x23, 0x00, 0x00, 0x02, 0x01, 0x00,
  0x00, 0x00, 0x28, 0x00, 0x00, 0x02, 0x02, 0x00, 0x00, 0x00, 0x28, 0x00, 0x00, 0x02, 0x03, 0x00,
  0x00, 0x00, 0x28, 0x00, 0x00, 0x02, 0x04, 0x00, 0x00, 0x00, 0x28, 0x00, 0x00, 0x02, 0x05, 0x00,
  0x00, 0x00, 0x28, 0x00, 0x00, 0x02, 0x06, 0x00, 0x00, 0x00, 0x28, 0x00, 0x00, 0x02, 0x07, 0x00,
  0x00, 0x00, 0x28, 0x00, 0x00, 0x02, 0x08, 0x00, 0x00, 0x00, 0x28, 0x00, 0x00, 0x02, 0x09, 0x00,
  0x00, 0x00, 0x28, 0x00, 0x00, 0x02, 0x0a, 0x00, 0x00, 0x00, 0x28, 0x00, 0x00, 0x02, 0x0c, 0x00,
  0x00, 0x00, 0x28, 0x00, 0x00, 0x02, 0x01, 0x00, 0x00, 0x00, 0x07, 0x00, 0x00, 0x02, 0x02, 0x00,
  0x00, 0x00, 0x07, 0x00, 0x00, 0x02, 0x03, 0x00, 0x00, 0x00, 0x07, 0x00, 0x00, 0x02, 0x04, 0x00,
  0x00, 0x00, 0x07, 0x00, 0x00, 0x02, 0x05, 0x00, 0x00, 0x00, 0x07, 0x00, 0x00, 0x02, 0x06, 0x00,
  0x00, 0x00, 0x07, 0x00, 0x00, 0x02, 0x07, 0x00, 0x00, 0x00, 0x07, 0x00, 0x00, 0x02, 0x08, 0x00,
  0x00, 0x00, 0x07, 0x00, 0x00, 0x02, 0x09, 0x00, 0x00, 0x00, 0x07, 0x00, 0x00, 0x02, 0x0a, 0x00,
  0x00, 0x00, 0x07, 0x00, 0x00, 0x02, 0x0c, 0x00, 0x00, 0x00, 0x07, 0x00, 0x00, 0x02, 0x01, 0x00,
  0x00, 0x00, 0x08, 0x00, 0x00, 0x02, 0x02, 0x00, 0x00, 0x00, 0x08, 0x00, 0x00, 0x02, 0x03, 0x00,
  0x00, 0x00, 0x08, 0x00, 0x00, 0x02, 0x04, 0x00, 0x00, 0x00, 0x08, 0x00, 0x00, 0x02, 0x05, 0x00,
  0x00, 0x00, 0x08, 0x00, 0x00, 0x02, 0x06, 0x00, 0x00, 0x00, 0x08, 0x00, 0x00, 0x02, 0x07, 0x00,
  0x00, 0x00, 0x08, 0x00, 0x00, 0x02, 0x08, 0x00, 0x00, 0x00, 0x08, 0x00, 0x00, 0x02, 0x09, 0x00,
  0x00, 0x00, 0x08, 0x00, 0x00, 0x02, 0x0a, 0x00, 0x00, 0x00, 0x08, 0x00, 0x00, 0x02, 0x0c, 0x00,
  0x00, 0x00, 0x08, 0x00, 0x00, 0x02, 0x01, 0x00, 0x00, 0x00, 0x09, 0x00, 0x00, 0x02, 0x02, 0x00,
  0x00, 0x00, 0x09, 0x00, 0x00, 0x02, 0x03, 0x00, 0x00, 0x00, 0x09, 0x00, 0x00, 0x02, 0x04, 0x00,
  0x00, 0x00, 0x09, 0x00, 0x00, 0x02, 0x05, 0x00, 0x00, 0x00, 0x09, 0x00, 0x00, 0x02, 0x06, 0x00,
  0x00, 0x00, 0x09, 0x00, 0x00, 0x02, 0x07, 0x00, 0x00, 0x00, 0x09, 0x00, 0x00, 0x02, 0x08, 0x00,
  0x00, 0x00, 0x09, 0x00, 0x00, 0x02, 0x09, 0x00, 0x00, 0x00, 0x09, 0x00, 0x00, 0x02, 0x0a, 0x00,
  0x00, 0x00, 0x09, 0x00, 0x00, 0x02, 0x0c, 0x00, 0x00, 0x00, 0x09, 0x00, 0x00, 0x02, 0x01, 0x00,
  0x00, 0x00, 0x0a, 0x00, 0x00, 0x02, 0x02, 0x00, 0x00, 0x00, 0x0a, 0x00, 0x00, 0x02, 0x03, 0x00,
  0x00, 0x00, 0x0a, 0x00, 0x00, 0x02, 0x04, 0x00, 0x00, 0x00, 0x0a, 0x00, 0x00, 0x02, 0x05, 0x00,
  0x00, 0x00, 0x0a, 0x00, 0x00, 0x02, 0x06, 0x00, 0x00, 0x00, 0x0a, 0x00, 0x00, 0x02, 0x07, 0x00,
  0x00, 0x00, 0x0a, 0x00, 0x00, 0x02, 0x08, 0x00, 0x00, 0x00, 0x0a, 0x00, 0x00, 0x02, 0x09, 0x00,
  0x00, 0x00, 0x0a, 0x00, 0x00, 0x02, 0x0a, 0x00, 0x00, 0x00, 0x0a, 0x00, 0x00, 0x02, 0x0c, 0x00,
  0x00, 0x00, 0x0a, 0x00, 0x00, 0x02, 0x01, 0x00, 0x00, 0x00, 0x0b, 0x00, 0x00, 0x02, 0x02, 0x00,
  0x00, 0x00, 0x0b, 0x00, 0x00, 0x02, 0x03, 0x00, 0x00, 0x00, 0x0b, 0x00, 0x00, 0x02, 0x04, 0x00,
  0x00, 0x00, 0x0b, 0x00, 0x00, 0x02, 0x05, 0x00, 0x00, 0x00, 0x0b, 0x00, 0x00, 0x02, 0x06, 0x00,
  0x00, 0x00, 0x0b, 0x00, 0x00, 0x02, 0x07, 0x00, 0x00, 0x00, 0x0b, 0x00, 0x00, 0x02, 0x08, 0x00,
  0x00, 0x00, 0x0b, 0x00, 0x00, 0x02, 0x09, 0x00, 0x00, 0x00, 0x0b, 0x00, 0x00, 0x02, 0x0a, 0x00,
  0x00, 0x00, 0x0b, 0x00, 0x00, 0x02, 0x0c, 0x00, 0x00, 0x00, 0x0b, 0x00, 0x00, 0x02, 0x01, 0x00,
  0x00, 0x00, 0x0c, 0x00, 0x00, 0x02, 0x02, 0x00, 0x00, 0x00, 0x0c, 0x00, 0x00, 0x02, 0x03, 0x00,
  0x00, 0x00, 0x0c, 0x00, 0x00, 0x02, 0x04, 0x00, 0x00, 0x00, 0x0c, 0x00, 0x00, 0x02, 0x05, 0x00,
  0x00, 0x00, 0x0c, 0x00, 0x00, 0x02, 0x06, 0x00, 0x00, 0x00, 0x0c, 0x00, 0x00, 0x02, 0x07, 0x00,
  0x00, 0x00, 0x0c, 0x00, 0x00, 0x02, 0x08, 0x00, 0x00, 0x00, 0x0c, 0x00, 0x00, 0x02, 0x09, 0x00,
  0x00, 0x00, 0x0c, 0x00, 0x00, 0x02, 0x0a, 0x00, 0x00, 0x00, 0x0c, 0x00, 0x00, 0x02, 0x0c, 0x00,
  0x00, 0x00, 0x0c, 0x00, 0x00, 0x02, 0x01, 0x00, 0x00, 0x00, 0x0d, 0x00, 0x00, 0x02, 0x02, 0x00,
  0x00, 0x00, 0x0d, 0x00, 0x00, 0x02, 0x03, 0x00, 0x00, 0x00, 0x0d, 0x00, 0x00, 0x02, 0x04, 0x00,
  0x00, 0x00, 0x0d, 0x00, 0x00, 0x02, 0x05, 0x00, 0x00, 0x00, 0x0d, 0x00, 0x00, 0x02, 0x06, 0x00,
  0x00, 0x00, 0x0d, 0x00, 0x00, 0x02, 0x07, 0x00, 0x00, 0x00, 0x0d, 0x00, 0x00, 0x02, 0x08, 0x00,
  0x00, 0x00, 0x0d, 0x00, 0x00, 0x02, 0x09, 0x00, 0x00, 0x00, 0x0d, 0x00, 0x00, 0x02, 0x0a, 0x00,
  0x00, 0x00, 0x0d, 0x00, 0x00, 0x02, 0x0c, 0x00, 0x00, 0x00, 0x0d, 0x00, 0x00, 0x02, 0x01, 0x00,
  0x00, 0x00, 0x0e, 0x00, 0x00, 0x02, 0x02, 0x00, 0x00, 0x00, 0x0e, 0x00, 0x00, 0x02, 0x03, 0x00,
  0x00, 0x00, 0x0e, 0x00, 0x00, 0x02, 0x04, 0x00, 0x00, 0x00, 0x0e, 0x00, 0x00, 0x02, 0x05, 0x00,
  0x00, 0x00, 0x0e, 0x00, 0x00, 0x02, 0x06, 0x00, 0x00, 0x00, 0x0e, 0x00, 0x00, 0x02, 0x07, 0x00,
  0x00, 0x00, 0x0e, 0x00, 0x00, 0x02, 0x08, 0x00, 0x00, 0x00, 0x0e, 0x00, 0x00, 0x02, 0x09, 0x00,
  0x00, 0x00, 0x0e, 0x00, 0x00, 0x02, 0x0a, 0x00, 0x00, 0x00, 0x0e, 0x00, 0x00, 0x02, 0x0c, 0x00,
  0x00, 0x00, 0x0e, 0x00, 0x00, 0x02, 0x01, 0x00, 0x00, 0x00, 0x0f, 0x00, 0x00, 0x02, 0x02, 0x00,
  0x00, 0x00, 0x0f, 0x00, 0x00, 0x02, 0x03, 0x00, 0x00, 0x00, 0x0f, 0x00, 0x00, 0x02, 0x04, 0x00,
  0x00, 0x00, 0x0f, 0x00, 0x00, 0x02, 0x05, 0x00, 0x00, 0x00, 0x0f, 0x00, 0x00, 0x02, 0x06, 0x00,
  0x00, 0x00, 0x0f, 0x00, 0x00, 0x02, 0x07, 0x00, 0x00, 0x00, 0x0f, 0x00, 0x00, 0x02, 0x08, 0x00,
  0x00, 0x00, 0x0f, 0x00, 0x00, 0x02, 0x09, 0x00, 0x00, 0x00, 0x0f, 0x00, 0x00, 0x02, 0x0a, 0x00,
  0x00, 0x00, 0x0f, 0x00, 0x00, 0x02, 0x0c, 0x00, 0x00, 0x00, 0x0f, 0x00, 0x00, 0x02, 0x01, 0x00,
  0x00, 0x00, 0x10, 0x00, 0x00, 0x02, 0x02, 0x00, 0x00, 0x00, 0x10, 0x00, 0x00, 0x02, 0x03, 0x00,
  0x00, 0x00, 0x10, 0x00, 0x00, 0x02, 0x04, 0x00, 0x00, 0x00, 0x10, 0x00, 0x00, 0x02, 0x05, 0x00,
  0x00, 0x00, 0x10, 0x00, 0x00, 0x02, 0x06, 0x00, 0x00, 0x00, 0x10, 0x00, 0x00, 0x02, 0x07, 0x00,
  0x00, 0x00, 0x10, 0x00, 0x00, 0x02, 0x08, 0x00, 0x00, 0x00, 0x10, 0x00, 0x00, 0x02, 0x09, 0x00,
  0x00, 0x00, 0x10, 0x00, 0x00, 0x02, 0x0a, 0x00, 0x00, 0x00, 0x10, 0x00, 0x00, 0x02, 0x0c, 0x00,
  0x00, 0x00, 0x10, 0x00, 0x00, 0x02, 0x01, 0x00, 0x00, 0x00, 0x13, 0x00, 0x00, 0x02, 0x02, 0x00,
  0x00, 0x00, 0x13, 0x00, 0x00, 0x02, 0x03, 0x00, 0x00, 0x00, 0x13, 0x00, 0x00, 0x02, 0x04, 0x00,
  0x00, 0x00, 0x13, 0x00, 0x00, 0x02, 0x05, 0x00, 0x00, 0x00, 0x13, 0x00, 0x00, 0x02, 0x06, 0x00,
  0x00, 0x00, 0x13, 0x00, 0x00, 0x02, 0x07, 0x00, 0x00, 0x00, 0x13, 0x00, 0x00, 0x02, 0x08, 0x00,
  0x00, 0x00, 0x13, 0x00, 0x00, 0x02, 0x09, 0x00, 0x00, 0x00, 0x13, 0x00, 0x00, 0x02, 0x0a, 0x00,
  0x00, 0x00, 0x13, 0x00, 0x00, 0x02, 0x0c, 0x00, 0x00, 0x00, 0x13, 0x00, 0x00, 0x02, 0x01, 0x00,
  0x00, 0x00, 0x15, 0x00, 0x00, 0x02, 0x02, 0x00, 0x00, 0x00, 0x15, 0x00, 0x00, 0x02, 0x03, 0x00,
  0x00, 0x00, 0x15, 0x00, 0x00, 0x02, 0x04, 0x00, 0x00, 0x00, 0x15, 0x00, 0x00, 0x02, 0x05, 0x00,
  0x00, 0x00, 0x15, 0x00, 0x00, 0x02, 0x06, 0x00, 0x00, 0x00, 0x15, 0x00, 0x00, 0x02, 0x07, 0x00,
  0x00, 0x00, 0x15, 0x00, 0x00, 0x02, 0x08, 0x00, 0x00, 0x00, 0x15, 0x00, 0x00, 0x02, 0x09, 0x00,
  0x00, 0x00, 0x15, 0x00, 0x00, 0x02, 0x0a, 0x00, 0x00, 0x00, 0x15, 0x00, 0x00, 0x02, 0x0c, 0x00,
  0x00, 0x00, 0x15, 0x00, 0x00, 0x02, 0x01, 0x00, 0x00, 0x00, 0x17, 0x00, 0x00, 0x02, 0x02, 0x00,
  0x00, 0x00, 0x17, 0x00, 0x00, 0x02, 0x03, 0x00, 0x00, 0x00, 0x17, 0x00, 0x00, 0x02, 0x04, 0x00,
  0x00, 0x00, 0x17, 0x00, 0x00, 0x02, 0x05, 0x00, 0x00, 0x00, 0x17, 0x00, 0x00, 0x02, 0x06, 0x00,
  0x00, 0x00, 0x17, 0x00, 0x00, 0x02, 0x07, 0x00, 0x00, 0x00, 0x17, 0x00, 0x00, 0x02, 0x08, 0x00,
  0x00, 0x00, 0x17, 0x00, 0x00, 0x02, 0x09, 0x00, 0x00, 0x00, 0x17, 0x00, 0x00, 0x02, 0x0a, 0x00,
  0x00, 0x00, 0x17, 0x00, 0x00, 0x02, 0x0c, 0x00, 0x00, 0x00, 0x17, 0x00, 0x00, 0x02, 0x01, 0x00,
  0x00, 0x00, 0x19, 0x00, 0x00, 0x02, 0x02, 0x00, 0x00, 0x00, 0x19, 0x00, 0x00, 0x02, 0x03, 0x00,
  0x00, 0x00, 0x19, 0x00, 0x00, 0x02, 0x04, 0x00, 0x00, 0x00, 0x19, 0x00, 0x00, 0x02, 0x05, 0x00,
  0x00, 0x00, 0x19, 0x00, 0x00, 0x02, 0x06, 0x00, 0x00, 0x00, 0x19, 0x00, 0x00, 0x02, 0x07, 0x00,
  0x00, 0x00, 0x19, 0x00, 0x00, 0x02, 0x08, 0x00, 0x00, 0x00, 0x19, 0x00, 0x00, 0x02, 0x09, 0x00,
  0x00, 0x00, 0x19, 0x00, 0x00, 0x02, 0x0a, 0x00, 0x00, 0x00, 0x19, 0x00, 0x00, 0x02, 0x0c, 0x00,
  0x00, 0x00, 0x19, 0x00, 0x00, 0x02, 0x01, 0x00, 0x00, 0x00, 0x1b, 0x00, 0x00, 0x02, 0x02, 0x00,
  0x00, 0x00, 0x1b, 0x00, 0x00, 0x02, 0x03, 0x00, 0x00, 0x00, 0x1b, 0x00, 0x00, 0x02, 0x04, 0x00,
  0x00, 0x00, 0x1b, 0x00, 0x00, 0x02, 0x05, 0x00, 0x00, 0x00, 0x1b, 0x00, 0x00, 0x02, 0x06, 0x00,
  0x00, 0x00, 0x1b, 0x00, 0x00, 0x02, 0x07, 0x00, 0x00, 0x00, 0x1b, 0x00, 0x00, 0x02, 0x08, 0x00,
  0x00, 0x00, 0x1b, 0x00, 0x00, 0x02, 0x09, 0x00, 0x00, 0x00, 0x1b, 0x00, 0x00, 0x02, 0x0a, 0x00,
  0x00, 0x00, 0x1b, 0x00, 0x00, 0x02, 0x0c, 0x00, 0x00, 0x00, 0x1b, 0x00, 0x00, 0x02, 0x01, 0x00,
  0x00, 0x00, 0x1d, 0x00, 0x00, 0x02, 0x02, 0x00, 0x00, 0x00, 0x1d, 0x00, 0x00, 0x02, 0x03, 0x00,
  0x00, 0x00, 0x1d, 0x00, 0x00, 0x02, 0x04, 0x00, 0x00, 0x00, 0x1d, 0x00, 0x00, 0x02, 0x05, 0x00,
  0x00, 0x00, 0x1d, 0x00, 0x00, 0x02, 0x06, 0x00, 0x00, 0x00, 0x1d, 0x00, 0x00, 0x02, 0x07, 0x00,
  0x00, 0x00, 0x1d, 0x00, 0x00, 0x02, 0x08, 0x00, 0x00, 0x00, 0x1d, 0x00, 0x00, 0x02, 0x09, 0x00,
  0x00, 0x00, 0x1d, 0x00, 0x00, 0x02, 0x0a, 0x00, 0x00, 0x00, 0x1d, 0x00, 0x00, 0x02, 0x0c, 0x00,
  0x00, 0x00, 0x1d, 0x00, 0x00, 0x02, 0x01, 0x00, 0x00, 0x00, 0x22, 0x00, 0x00, 0x02, 0x02, 0x00,
  0x00, 0x00, 0x22, 0x00, 0x00, 0x02, 0x03, 0x00, 0x00, 0x00, 0x22, 0x00, 0x00, 0x02, 0x04, 0x00,
  0x00, 0x00, 0x22, 0x00, 0x00, 0x02, 0x05, 0x00, 0x00, 0x00, 0x22, 0x00, 0x00, 0x02, 0x06, 0x00,
  0x00, 0x00, 0x22, 0x00, 0x00, 0x02, 0x07, 0x00, 0x00, 0x00, 0x22, 0x00, 0x00, 0x02, 0x08, 0x00,
  0x00, 0x00, 0x22, 0x00, 0x00, 0x02, 0x09, 0x00, 0x00, 0x00, 0x22, 0x00, 0x00, 0x02, 0x0a, 0x00,
  0x00, 0x00, 0x22, 0x00, 0x00, 0x02, 0x0c, 0x00, 0x00, 0x00, 0x22, 0x00, 0x00, 0x02, 0x01, 0x00,
  0x00, 0x00, 0x27, 0x00, 0x00, 0x02, 0x02, 0x00, 0x00, 0x00, 0x27, 0x00, 0x00, 0x02, 0x03, 0x00,
  0x00, 0x00, 0x27, 0x00, 0x00, 0x02, 0x04, 0x00, 0x00, 0x00, 0x27, 0x00, 0x00, 0x02, 0x05, 0x00,
  0x00, 0x00, 0x27, 0x00, 0x00, 0x02, 0x06, 0x00, 0x00, 0x00, 0x27, 0x00, 0x00, 0x02, 0x07, 0x00,
  0x00, 0x00, 0x27, 0x00, 0x00, 0x02, 0x08, 0x00, 0x00, 0x00, 0x27, 0x00, 0x00, 0x02, 0x09, 0x00,
  0x00, 0x00, 0x27, 0x00, 0x00, 0x02, 0x0a, 0x00, 0x00, 0x00, 0x27, 0x00, 0x00, 0x02, 0x0c, 0x00,
  0x00, 0x00, 0x27, 0x00, 0x00, 0x02, 0x01, 0x00, 0x00, 0x00, 0x29, 0x00, 0x00, 0x02, 0x02, 0x00,
  0x00, 0x00, 0x29, 0x00, 0x00, 0x02, 0x03, 0x00, 0x00, 0x00, 0x29, 0x00, 0x00, 0x02, 0x04, 0x00,
  0x00, 0x00, 0x29, 0x00, 0x00, 0x02, 0x05, 0x00, 0x00, 0x00, 0x29, 0x00, 0x00, 0x02, 0x06, 0x00,
  0x00, 0x00, 0x29, 0x00, 0x00, 0x02, 0x07, 0x00, 0x00, 0x00, 0x29, 0x00, 0x00, 0x02, 0x08, 0x00,
  0x00, 0x00, 0x29, 0x00, 0x00, 0x02, 0x09, 0x00, 0x00, 0x00, 0x29, 0x00, 0x00, 0x02, 0x0a, 0x00,
  0x00, 0x00, 0x29, 0x00, 0x00, 0x02, 0x0c, 0x00, 0x00, 0x00, 0x29, 0x00, 0x00, 0x02, 0x01, 0x00,
  0x00, 0x00, 0x12, 0x00, 0x00, 0x02, 0x02, 0x00, 0x00, 0x00, 0x12, 0x00, 0x00, 0x02, 0x03, 0x00,
  0x00, 0x00, 0x12, 0x00, 0x00, 0x02, 0x04, 0x00, 0x00, 0x00, 0x12, 0x00, 0x00, 0x02, 0x05, 0x00,
  0x00, 0x00, 0x12, 0x00, 0x00, 0x02, 0x06, 0x00, 0x00, 0x00, 0x12, 0x00, 0x00, 0x02, 0x07, 0x00,
  0x00, 0x00, 0x12, 0x00, 0x00, 0x02, 0x08, 0x00, 0x00, 0x00, 0x12, 0x00, 0x00, 0x02, 0x0a, 0x00,
  0x00, 0x00, 0x12, 0x00, 0x00, 0x02, 0x0b, 0x00, 0x00, 0x00, 0x12, 0x00, 0x00, 0x02, 0x0c, 0x00,
  0x00, 0x00, 0x12, 0x00, 0x00, 0x02, 0x01, 0x00, 0x00, 0x00, 0x14, 0x00, 0x00, 0x02, 0x02, 0x00,
  0x00, 0x00, 0x14, 0x00, 0x00, 0x02, 0x03, 0x00, 0x00, 0x00, 0x14, 0x00, 0x00, 0x02, 0x04, 0x00,
  0x00, 0x00, 0x14, 0x00, 0x00, 0x02, 0x05, 0x00, 0x00, 0x00, 0x14, 0x00, 0x00, 0x02, 0x06, 0x00,
  0x00, 0x00, 0x14, 0x00, 0x00, 0x02, 0x07, 0x00, 0x00, 0x00, 0x14, 0x00, 0x00, 0x02, 0x08, 0x00,
  0x00, 0x00, 0x14, 0x00, 0x00, 0x02, 0x0a, 0x00, 0x00, 0x00, 0x14, 0x00, 0x00, 0x02, 0x0b, 0x00,
  0x00, 0x00, 0x14, 0x00, 0x00, 0x02, 0x0c, 0x00, 0x00, 0x00, 0x14, 0x00, 0x00, 0x02, 0x01, 0x00,
  0x00, 0x00, 0x16, 0x00, 0x00, 0x02, 0x02, 0x00, 0x00, 0x00, 0x16, 0x00, 0x00, 0x02, 0x03, 0x00,
  0x00, 0x00, 0x16, 0x00, 0x00, 0x02, 0x04, 0x00, 0x00, 0x00, 0x16, 0x00, 0x00, 0x02, 0x05, 0x00,
  0x00, 0x00, 0x16, 0x00, 0x00, 0x02, 0x06, 0x00, 0x00, 0x00, 0x16, 0x00, 0x00, 0x02, 0x07, 0x00,
  0x00, 0x00, 0x16, 0x00, 0x00, 0x02, 0x08, 0x00, 0x00, 0x00, 0x16, 0x00, 0x00, 0x02, 0x0a, 0x00,
  0x00, 0x00, 0x16, 0x00, 0x00, 0x02, 0x0b, 0x00, 0x00, 0x00, 0x16, 0x00, 0x00, 0x02, 0x0c, 0x00,
  0x00, 0x00, 0x16, 0x00, 0x00, 0x02, 0x01, 0x00, 0x00, 0x00, 0x18, 0x00, 0x00, 0x02, 0x02, 0x00,
  0x00, 0x00, 0x18, 0x00, 0x00, 0x02, 0x03, 0x00, 0x00, 0x00, 0x18, 0x00, 0x00, 0x02, 0x04, 0x00,
  0x00, 0x00, 0x18, 0x00, 0x00, 0x02, 0x05, 0x00, 0x00, 0x00, 0x18, 0x00, 0x00, 0x02, 0x06, 0x00,
  0x00, 0x00, 0x18, 0x00, 0x00, 0x02, 0x07, 0x00, 0x00, 0x00, 0x18, 0x00, 0x00, 0x02, 0x08, 0x00,
  0x00, 0x00, 0x18, 0x00, 0x00, 0x02, 0x0a, 0x00, 0x00, 0x00, 0x18, 0x00, 0x00, 0x02, 0x0b, 0x00,
  0x00, 0x00, 0x18, 0x00, 0x00, 0x02, 0x0c, 0x00, 0x00, 0x00, 0x18, 0x00, 0x00, 0x02, 0x01, 0x00,
  0x00, 0x00, 0x1a, 0x00, 0x00, 0x02, 0x02, 0x00, 0x00, 0x00, 0x1a, 0x00, 0x00, 0x02, 0x03, 0x00,
  0x00, 0x00, 0x1a, 0x00, 0x00, 0x02, 0x04, 0x00, 0x00, 0x00, 0x1a, 0x00, 0x00, 0x02, 0x05, 0x00,
  0x00, 0x00, 0x1a, 0x00, 0x00, 0x02, 0x06, 0x00, 0x00, 0x00, 0x1a, 0x00, 0x00, 0x02, 0x07, 0x00,
  0x00, 0x00, 0x1a, 0x00, 0x00, 0x02, 0x08, 0x00, 0x00, 0x00, 0x1a, 0x00, 0x00, 0x02, 0x0a, 0x00,
  0x00, 0x00, 0x1a, 0x00, 0x00, 0x02, 0x0b, 0x00, 0x00, 0x00, 0x1a, 0x00, 0x00, 0x02, 0x0c, 0x00,
  0x00, 0x00, 0x1a, 0x00, 0x00, 0x02, 0x01, 0x00, 0x00, 0x00, 0x1c, 0x00, 0x00, 0x02, 0x02, 0x00,
  0x00, 0x00, 0x1c, 0x00, 0x00, 0x02, 0x03, 0x00, 0x00, 0x00, 0x1c, 0x00, 0x00, 0x02, 0x04, 0x00,
  0x00, 0x00, 0x1c, 0x00, 0x00, 0x02, 0x05, 0x00, 0x00, 0x00, 0x1c, 0x00, 0x00, 0x02, 0x06, 0x00,
  0x00, 0x00, 0x1c, 0x00, 0x00, 0x02, 0x07, 0x00, 0x00, 0x00, 0x1c, 0x00, 0x00, 0x02, 0x08, 0x00,
  0x00, 0x00, 0x1c, 0x00, 0x00, 0x02, 0x0a, 0x00, 0x00, 0x00, 0x1c, 0x00, 0x00, 0x02, 0x0b, 0x00,
  0x00, 0x00, 0x1c, 0x00, 0x00, 0x02, 0x0c, 0x00, 0x00, 0x00, 0x1c, 0x00, 0x00, 0x02, 0x01, 0x00,
  0x00, 0x00, 0x1e, 0x00, 0x00, 0x02, 0x02, 0x00, 0x00, 0x00, 0x1e, 0x00, 0x00, 0x02, 0x03, 0x00,
  0x00, 0x00, 0x1e, 0x00, 0x00, 0x02, 0x04, 0x00, 0x00, 0x00, 0x1e, 0x00, 0x00, 0x02, 0x05, 0x00,
  0x00, 0x00, 0x1e, 0x00, 0x00, 0x02, 0x06, 0x00, 0x00, 0x00, 0x1e, 0x00, 0x00, 0x02, 0x07, 0x00,
  0x00, 0x00, 0x1e, 0x00, 0x00, 0x02, 0x08, 0x00, 0x00, 0x00, 0x1e, 0x00, 0x00, 0x02, 0x09, 0x00,
  0x00, 0x00, 0x1e, 0x00, 0x00, 0x02, 0x0a, 0x00, 0x00, 0x00, 0x1e, 0x00, 0x00, 0x02, 0x0c, 0x00,
  0x00, 0x00, 0x1e, 0x00, 0x00, 0x02, 0x01, 0x00, 0x00, 0x00, 0x23, 0x00, 0x00, 0x02, 0x02, 0x00,
  0x00, 0x00, 0x23, 0x00, 0x00, 0x02, 0x03, 0x00, 0x00, 0x00, 0x23, 0x00, 0x00, 0x02, 0x04, 0x00,
  0x00, 0x00, 0x23, 0x00, 0x00, 0x02, 0x05, 0x00, 0x00, 0x00, 0x23, 0x00, 0x00, 0x02, 0x06, 0x00,
  0x00, 0x00, 0x23, 0x00, 0x00, 0x02, 0x07, 0x00, 0x00, 0x00, 0x23, 0x00, 0x00, 0x02, 0x08, 0x00,
  0x00, 0x00, 0x23, 0x00, 0x00, 0x02, 0x0a, 0x00, 0x00, 0x00, 0x23, 0x00, 0x00, 0x02, 0x0b, 0x00,
  0x00, 0x00, 0x23, 0x00, 0x00, 0x02, 0x0c, 0x00, 0x00, 0x00, 0x23, 0x00, 0x00, 0x02, 0x01, 0x00,
  0x00, 0x00, 0x28, 0x00, 0x00, 0x02, 0x02, 0x00, 0x00, 0x00, 0x28, 0x00, 0x00, 0x02, 0x03, 0x00,
  0x00, 0x00, 0x28, 0x00, 0x00, 0x02, 0x04, 0x00, 0x00, 0x00, 0x28, 0x00, 0x00, 0x02, 0x05, 0x00,
  0x00, 0x00, 0x28, 0x00, 0x00, 0x02, 0x06, 0x00, 0x00, 0x00, 0x28, 0x00, 0x00, 0x02, 0x07, 0x00,
  0x00, 0x00, 0x28, 0x00, 0x00, 0x02, 0x08, 0x00, 0x00, 0x00, 0x28, 0x00, 0x00, 0x02, 0x0a, 0x00,
  0x00, 0x00, 0x28, 0x00, 0x00, 0x02, 0x0b, 0x00, 0x00, 0x00, 0x28, 0x00, 0x00, 0x02, 0x0c, 0x00,
  0x00, 0x00, 0x28, 0x00, 0x00, 0x02, 0x01, 0x00, 0x00, 0x00, 0x07, 0x00, 0x00, 0x02, 0x02, 0x00,
  0x00, 0x00, 0x07, 0x00, 0x00, 0x02, 0x03, 0x00, 0x00, 0x00, 0x07, 0x00, 0x00, 0x02, 0x04, 0x00,
  0x00, 0x00, 0x07, 0x00, 0x00, 0x02, 0x05, 0x00, 0x00, 0x00, 0x07, 0x00, 0x00, 0x02, 0x06, 0x00,
  0x00, 0x00, 0x07, 0x00, 0x00, 0x02, 0x07, 0x00, 0x00, 0x00, 0x07, 0x00, 0x00, 0x02, 0x08, 0x00,
  0x00, 0x00, 0x07, 0x00, 0x00, 0x02, 0x0a, 0x00, 0x00, 0x00, 0x07, 0x00, 0x00, 0x02, 0x0b, 0x00,
  0x00, 0x00, 0x07, 0x00, 0x00, 0x02, 0x0c, 0x00, 0x00, 0x00, 0x07, 0x00, 0x00, 0x02, 0x01, 0x00,
  0x00, 0x00, 0x08, 0x00, 0x00, 0x02, 0x02, 0x00, 0x00, 0x00, 0x08, 0x00, 0x00, 0x02, 0x03, 0x00,
  0x00, 0x00, 0x08, 0x00, 0x00, 0x02, 0x04, 0x00, 0x00, 0x00, 0x08, 0x00, 0x00, 0x02, 0x05, 0x00,
  0x00, 0x00, 0x08, 0x00, 0x00, 0x02, 0x06, 0x00, 0x00, 0x00, 0x08, 0x00, 0x00, 0x02, 0x07, 0x00,
  0x00, 0x00, 0x08, 0x00, 0x00, 0x02, 0x08, 0x00, 0x00, 0x00, 0x08, 0x00, 0x00, 0x02, 0x0a, 0x00,
  0x00, 0x00, 0x08, 0x00, 0x00, 0x02, 0x0b, 0x00, 0x00, 0x00, 0x08, 0x00, 0x00, 0x02, 0x0c, 0x00,
  0x00, 0x00, 0x08, 0x00, 0x00, 0x02, 0x01, 0x00, 0x00, 0x00, 0x09, 0x00, 0x00, 0x02, 0x02, 0x00,
  0x00, 0x00, 0x09, 0x00, 0x00, 0x02, 0x03, 0x00, 0x00, 0x00, 0x09, 0x00, 0x00, 0x02, 0x04, 0x00,
  0x00, 0x00, 0x09, 0x00, 0x00, 0x02, 0x05, 0x00, 0x00, 0x00, 0x09, 0x00, 0x00, 0x02, 0x06, 0x00,
  0x00, 0x00, 0x09, 0x00, 0x00, 0x02, 0x07, 0x00, 0x00, 0x00, 0x09, 0x00, 0x00, 0x02, 0x08, 0x00,
  0x00, 0x00, 0x09, 0x00, 0x00, 0x02, 0x0a, 0x00, 0x00, 0x00, 0x09, 0x00, 0x00, 0x02, 0x0b, 0x00,
  0x00, 0x00, 0x09, 0x00, 0x00, 0x02, 0x0c, 0x00, 0x00, 0x00, 0x09, 0x00, 0x00, 0x02, 0x01, 0x00,
  0x00, 0x00, 0x0a, 0x00, 0x00, 0x02, 0x02, 0x00, 0x00, 0x00, 0x0a, 0x00, 0x00, 0x02, 0x03, 0x00,
  0x00, 0x00, 0x0a, 0x00, 0x00, 0x02, 0x04, 0x00, 0x00, 0x00, 0x0a, 0x00, 0x00, 0x02, 0x05, 0x00,
  0x00, 0x00, 0x0a, 0x00, 0x00, 0x02, 0x06, 0x00, 0x00, 0x00, 0x0a, 0x00, 0x00, 0x02, 0x07, 0x00,
  0x00, 0x00, 0x0a, 0x00, 0x00, 0x02, 0x08, 0x00, 0x00, 0x00, 0x0a, 0x00, 0x00, 0x02, 0x0a, 0x00,
  0x00, 0x00, 0x0a, 0x00, 0x00, 0x02, 0x0b, 0x00, 0x00, 0x00, 0x0a, 0x00, 0x00, 0x02, 0x0c, 0x00,
  0x00, 0x00, 0x0a, 0x00, 0x00, 0x02, 0x01, 0x00, 0x00, 0x00, 0x0b, 0x00, 0x00, 0x02, 0x02, 0x00,
  0x00, 0x00, 0x0b, 0x00, 0x00, 0x02, 0x03, 0x00, 0x00, 0x00, 0x0b, 0x00, 0x00, 0x02, 0x04, 0x00,
  0x00, 0x00, 0x0b, 0x00, 0x00, 0x02, 0x05, 0x00, 0x00, 0x00, 0x0b, 0x00, 0x00, 0x02, 0x06, 0x00,
  0x00, 0x00, 0x0b, 0x00, 0x00, 0x02, 0x07, 0x00, 0x00, 0x00, 0x0b, 0x00, 0x00, 0x02, 0x08, 0x00,
  0x00, 0x00, 0x0b, 0x00, 0x00, 0x02, 0x0a, 0x00, 0x00, 0x00, 0x0b, 0x00, 0x00, 0x02, 0x0b, 0x00,
  0x00, 0x00, 0x0b, 0x00, 0x00, 0x02, 0x0c, 0x00, 0x00, 0x00, 0x0b, 0x00, 0x00, 0x02, 0x01, 0x00,
  0x00, 0x00, 0x0c, 0x00, 0x00, 0x02, 0x02, 0x00, 0x00, 0x00, 0x0c, 0x00, 0x00, 0x02, 0x03, 0x00,
  0x00, 0x00, 0x0c, 0x00, 0x00, 0x02, 0x04, 0x00, 0x00, 0x00, 0x0c, 0x00, 0x00, 0x02, 0x05, 0x00,
  0x00, 0x00, 0x0c, 0x00, 0x00, 0x02, 0x06, 0x00, 0x00, 0x00, 0x0c, 0x00, 0x00, 0x02, 0x07, 0x00,
  0x00, 0x00, 0x0c, 0x00, 0x00, 0x02, 0x08, 0x00, 0x00, 0x00, 0x0c, 0x00, 0x00, 0x02, 0x0a, 0x00,
  0x00, 0x00, 0x0c, 0x00, 0x00, 0x02, 0x0b, 0x00, 0x00, 0x00, 0x0c, 0x00, 0x00, 0x02, 0x0c, 0x00,
  0x00, 0x00, 0x0c, 0x00, 0x00, 0x02, 0x01, 0x00, 0x00, 0x00, 0x0d, 0x00, 0x00, 0x02, 0x02, 0x00,
  0x00, 0x00, 0x0d, 0x00, 0x00, 0x02, 0x03, 0x00, 0x00, 0x00, 0x0d, 0x00, 0x00, 0x02, 0x04, 0x00,
  0x00, 0x00, 0x0d, 0x00, 0x00, 0x02, 0x05, 0x00, 0x00, 0x00, 0x0d, 0x00, 0x00, 0x02, 0x06, 0x00,
  0x00, 0x00, 0x0d, 0x00, 0x00, 0x02, 0x07, 0x00, 0x00, 0x00, 0x0d, 0x00, 0x00, 0x02, 0x08, 0x00,
  0x00, 0x00, 0x0d, 0x00, 0x00, 0x02, 0x0a, 0x00, 0x00, 0x00, 0x0d, 0x00, 0x00, 0x02, 0x0b, 0x00,
  0x00, 0x00, 0x0d, 0x00, 0x00, 0x02, 0x0c, 0x00, 0x00, 0x00, 0x0d, 0x00, 0x00, 0x02, 0x01, 0x00,
  0x00, 0x00, 0x0e, 0x00, 0x00, 0x02, 0x02, 0x00, 0x00, 0x00, 0x0e, 0x00, 0x00, 0x02, 0x03, 0x00,
  0x00, 0x00, 0x0e, 0x00, 0x00, 0x02, 0x04, 0x00, 0x00, 0x00, 0x0e, 0x00, 0x00, 0x02, 0x05, 0x00,
  0x00, 0x00, 0x0e, 0x00, 0x00, 0x02, 0x06, 0x00, 0x00, 0x00, 0x0e, 0x00, 0x00, 0x02, 0x07, 0x00,
  0x00, 0x00, 0x0e, 0x00, 0x00, 0x02, 0x08, 0x00, 0x00, 0x00, 0x0e, 0x00, 0x00, 0x02, 0x0a, 0x00,
  0x00, 0x00, 0x0e, 0x00, 0x00, 0x02, 0x0b, 0x00, 0x00, 0x00, 0x0e, 0x00, 0x00, 0x02, 0x0c, 0x00,
  0x00, 0x00, 0x0e, 0x00, 0x00, 0x02, 0x01, 0x00, 0x00, 0x00, 0x0f, 0x00, 0x00, 0x02, 0x02, 0x00,
  0x00, 0x00, 0x0f, 0x00, 0x00, 0x02, 0x03, 0x00, 0x00, 0x00, 0x0f, 0x00, 0x00, 0x02, 0x04, 0x00,
  0x00, 0x00, 0x0f, 0x00, 0x00, 0x02, 0x05, 0x00, 0x00, 0x00, 0x0f, 0x00, 0x00, 0x02, 0x06, 0x00,
  0x00, 0x00, 0x0f, 0x00, 0x00, 0x02, 0x07, 0x00, 0x00, 0x00, 0x0f, 0x00, 0x00, 0x02, 0x08, 0x00,
  0x00, 0x00, 0x0f, 0x00, 0x00, 0x02, 0x0a, 0x00, 0x00, 0x00, 0x0f, 0x00, 0x00, 0x02, 0x0b, 0x00,
  0x00, 0x00, 0x0f, 0x00, 0x00, 0x02, 0x0c, 0x00, 0x00, 0x00, 0x0f, 0x00, 0x00, 0x02, 0x01, 0x00,
  0x00, 0x00, 0x10, 0x00, 0x00, 0x02, 0x02, 0x00, 0x00, 0x00, 0x10, 0x00, 0x00, 0x02, 0x03, 0x00,
  0x00, 0x00, 0x10, 0x00, 0x00, 0x02, 0x04, 0x00, 0x00, 0x00, 0x10, 0x00, 0x00, 0x02, 0x05, 0x00,
  0x00, 0x00, 0x10, 0x00, 0x00, 0x02, 0x06, 0x00, 0x00, 0x00, 0x10, 0x00, 0x00, 0x02, 0x07, 0x00,
  0x00, 0x00, 0x10, 0x00, 0x00, 0x02, 0x08, 0x00, 0x00, 0x00, 0x10, 0x00, 0x00, 0x02, 0x0a, 0x00,
  0x00, 0x00, 0x10, 0x00, 0x00, 0x02, 0x0b, 0x00, 0x00, 0x00, 0x10, 0x00, 0x00, 0x02, 0x0c, 0x00,
  0x00, 0x00, 0x10, 0x00, 0x00, 0x02, 0x01, 0x00, 0x00, 0x00, 0x13, 0x00, 0x00, 0x02, 0x02, 0x00,
  0x00, 0x00, 0x13, 0x00, 0x00, 0x02, 0x03, 0x00, 0x00, 0x00, 0x13, 0x00, 0x00, 0x02, 0x04, 0x00,
  0x00, 0x00, 0x13, 0x00, 0x00, 0x02, 0x05, 0x00, 0x00, 0x00, 0x13, 0x00, 0x00, 0x02, 0x06, 0x00,
  0x00, 0x00, 0x13, 0x00, 0x00, 0x02, 0x07, 0x00, 0x00, 0x00, 0x13, 0x00, 0x00, 0x02, 0x08, 0x00,
  0x00, 0x00, 0x13, 0x00, 0x00, 0x02, 0x0a, 0x00, 0x00, 0x00, 0x13, 0x00, 0x00, 0x02, 0x0b, 0x00,
  0x00, 0x00, 0x13, 0x00, 0x00, 0x02, 0x0c, 0x00, 0x00, 0x00, 0x13, 0x00, 0x00, 0x02, 0x01, 0x00,
  0x00, 0x00, 0x15, 0x00, 0x00, 0x02, 0x02, 0x00, 0x00, 0x00, 0x15, 0x00, 0x00, 0x02, 0x03, 0x00,
  0x00, 0x00, 0x15, 0x00, 0x00, 0x02, 0x04, 0x00, 0x00, 0x00, 0x15, 0x00, 0x00, 0x02, 0x05, 0x00,
  0x00, 0x00, 0x15, 0x00, 0x00, 0x02, 0x06, 0x00, 0x00, 0x00, 0x15, 0x00, 0x00, 0x02, 0x07, 0x00,
  0x00, 0x00, 0x15, 0x00, 0x00, 0x02, 0x08, 0x00, 0x00, 0x00, 0x15, 0x00, 0x00, 0x02, 0x0a, 0x00,
  0x00, 0x00, 0x15, 0x00, 0x00, 0x02, 0x0b, 0x00, 0x00, 0x00, 0x15, 0x00, 0x00, 0x02, 0x0c, 0x00,
  0x00, 0x00, 0x15, 0x00, 0x00, 0x02, 0x01, 0x00, 0x00, 0x00, 0x17, 0x00, 0x00, 0x02, 0x02, 0x00,
  0x00, 0x00, 0x17, 0x00, 0x00, 0x02, 0x03, 0x00, 0x00, 0x00, 0x17, 0x00, 0x00, 0x02, 0x04, 0x00,
  0x00, 0x00, 0x17, 0x00, 0x00, 0x02, 0x05, 0x00, 0x00, 0x00, 0x17, 0x00, 0x00, 0x02, 0x06, 0x00,
  0x00, 0x00, 0x17, 0x00, 0x00, 0x02, 0x07, 0x00, 0x00, 0x00, 0x17, 0x00, 0x00, 0x02, 0x08, 0x00,
  0x00, 0x00, 0x17, 0x00, 0x00, 0x02, 0x0a, 0x00, 0x00, 0x00, 0x17, 0x00, 0x00, 0x02, 0x0b, 0x00,
  0x00, 0x00, 0x17, 0x00, 0x00, 0x02, 0x0c, 0x00, 0x00, 0x00, 0x17, 0x00, 0x00, 0x02, 0x01, 0x00,
  0x00, 0x00, 0x19, 0x00, 0x00, 0x02, 0x02, 0x00, 0x00, 0x00, 0x19, 0x00, 0x00, 0x02, 0x03, 0x00,
  0x00, 0x00, 0x19, 0x00, 0x00, 0x02, 0x04, 0x00, 0x00, 0x00, 0x19, 0x00, 0x00, 0x02, 0x05, 0x00,
  0x00, 0x00, 0x19, 0x00, 0x00, 0x02, 0x06, 0x00, 0x00, 0x00, 0x19, 0x00, 0x00, 0x02, 0x07, 0x00,
  0x00, 0x00, 0x19, 0x00, 0x00, 0x02, 0x08, 0x00, 0x00, 0x00, 0x19, 0x00, 0x00, 0x02, 0x0a, 0x00,
  0x00, 0x00, 0x19, 0x00, 0x00, 0x02, 0x0b, 0x00, 0x00, 0x00, 0x19, 0x00, 0x00, 0x02, 0x0c, 0x00,
  0x00, 0x00, 0x19, 0x00, 0x00, 0x02, 0x01, 0x00, 0x00, 0x00, 0x1b, 0x00, 0x00, 0x02, 0x02, 0x00,
  0x00, 0x00, 0x1b, 0x00, 0x00, 0x02, 0x03, 0x00, 0x00, 0x00, 0x1b, 0x00, 0x00, 0x02, 0x04, 0x00,
  0x00, 0x00, 0x1b, 0x00, 0x00, 0x02, 0x05, 0x00, 0x00, 0x00, 0x1b, 0x00, 0x00, 0x02, 0x06, 0x00,
  0x00, 0x00, 0x1b, 0x00, 0x00, 0x02, 0x07, 0x00, 0x00, 0x00, 0x1b, 0x00, 0x00, 0x02, 0x08, 0x00,
  0x00, 0x00, 0x1b, 0x00, 0x00, 0x02, 0x0a, 0x00, 0x00, 0x00, 0x1b, 0x00, 0x00, 0x02, 0x0b, 0x00,
  0x00, 0x00, 0x1b, 0x00, 0x00, 0x02, 0x0c, 0x00, 0x00, 0x00, 0x1b, 0x00, 0x00, 0x02, 0x01, 0x00,
  0x00, 0x00, 0x1d, 0x00, 0x00, 0x02, 0x02, 0x00, 0x00, 0x00, 0x1d, 0x00, 0x00, 0x02, 0x03, 0x00,
  0x00, 0x00, 0x1d, 0x00, 0x00, 0x02, 0x04, 0x00, 0x00, 0x00, 0x1d, 0x00, 0x00, 0x02, 0x05, 0x00,
  0x00, 0x00, 0x1d, 0x00, 0x00, 0x02, 0x06, 0x00, 0x00, 0x00, 0x1d, 0x00, 0x00, 0x02, 0x07, 0x00,
  0x00, 0x00, 0x1d, 0x00, 0x00, 0x02, 0x08, 0x00, 0x00, 0x00, 0x1d, 0x00, 0x00, 0x02, 0x0a, 0x00,
  0x00, 0x00, 0x1d, 0x00, 0x00, 0x02, 0x0b, 0x00, 0x00, 0x00, 0x1d, 0x00, 0x00, 0x02, 0x0c, 0x00,
  0x00, 0x00, 0x1d, 0x00, 0x00, 0x02, 0x01, 0x00, 0x00, 0x00, 0x22, 0x00, 0x00, 0x02, 0x02, 0x00,
  0x00, 0x00, 0x22, 0x00, 0x00, 0x02, 0x03, 0x00, 0x00, 0x00, 0x22, 0x00, 0x00, 0x02, 0x04, 0x00,
  0x00, 0x00, 0x22, 0x00, 0x00, 0x02, 0x05, 0x00, 0x00, 0x00, 0x22, 0x00, 0x00, 0x02, 0x06, 0x00,
  0x00, 0x00, 0x22, 0x00, 0x00, 0x02, 0x07, 0x00, 0x00, 0x00, 0x22, 0x00, 0x00, 0x02, 0x08, 0x00,
  0x00, 0x00, 0x22, 0x00, 0x00, 0x02, 0x0a, 0x00, 0x00, 0x00, 0x22, 0x00, 0x00, 0x02, 0x0b, 0x00,
  0x00, 0x00, 0x22, 0x00, 0x00, 0x02, 0x0c, 0x00, 0x00, 0x00, 0x22, 0x00, 0x00, 0x02, 0x01, 0x00,
  0x00, 0x00, 0x27, 0x00, 0x00, 0x02, 0x02, 0x00, 0x00, 0x00, 0x27, 0x00, 0x00, 0x02, 0x03, 0x00,
  0x00, 0x00, 0x27, 0x00, 0x00, 0x02, 0x04, 0x00, 0x00, 0x00, 0x27, 0x00, 0x00, 0x02, 0x05, 0x00,
  0x00, 0x00, 0x27, 0x00, 0x00, 0x02, 0x06, 0x00, 0x00, 0x00, 0x27, 0x00, 0x00, 0x02, 0x07, 0x00,
  0x00, 0x00, 0x27, 0x00, 0x00, 0x02, 0x08, 0x00, 0x00, 0x00, 0x27, 0x00, 0x00, 0x02, 0x0a, 0x00,
  0x00, 0x00, 0x27, 0x00, 0x00, 0x02, 0x0b, 0x00, 0x00, 0x00, 0x27, 0x00, 0x00, 0x02, 0x0c, 0x00,
  0x00, 0x00, 0x27, 0x00, 0x00, 0x02, 0x01, 0x00, 0x00, 0x00, 0x29, 0x00, 0x00, 0x02, 0x02, 0x00,
  0x00, 0x00, 0x29, 0x00, 0x00, 0x02, 0x03, 0x00, 0x00, 0x00, 0x29, 0x00, 0x00, 0x02, 0x04, 0x00,
  0x00, 0x00, 0x29, 0x00, 0x00, 0x02, 0x05, 0x00, 0x00, 0x00, 0x29, 0x00, 0x00, 0x02, 0x06, 0x00,
  0x00, 0x00, 0x29, 0x00, 0x00, 0x02, 0x07, 0x00, 0x00, 0x00, 0x29, 0x00, 0x00, 0x02, 0x08, 0x00,
  0x00, 0x00, 0x29, 0x00, 0x00, 0x02, 0x0a, 0x00, 0x00, 0x00, 0x29, 0x00, 0x00, 0x02, 0x0b, 0x00,
  0x00, 0x00, 0x29, 0x00, 0x00, 0x02, 0x0c, 0x00, 0x00, 0x00, 0x29, 0x00, 0x00, 0x02, 0x09, 0x00,
  0x00, 0x00, 0x6d, 0x00, 0x00, 0x01, 0x0b, 0x00, 0x00, 0x00, 0x6e, 0x00, 0x00, 0x01, 0x09, 0x00,
  0x00, 0x00, 0x6f, 0x00, 0x00, 0x01, 0x0b, 0x00, 0x00, 0x00, 0x70, 0x00, 0x00, 0x01, 0x01, 0x00,
  0x00, 0x00, 0x21, 0x00, 0x00, 0x02, 0x02, 0x00, 0x00, 0x00, 0x21, 0x00, 0x00, 0x02, 0x03, 0x00,
  0x00, 0x00, 0x21, 0x00, 0x00, 0x02, 0x04, 0x00, 0x00, 0x00, 0x21, 0x00, 0x00, 0x02, 0x05, 0x00,
  0x00, 0x00, 0x21, 0x00, 0x00, 0x02, 0x06, 0x00, 0x00, 0x00, 0x21, 0x00, 0x00, 0x02, 0x07, 0x00,
  0x00, 0x00, 0x21, 0x00, 0x00, 0x02, 0x08, 0x00, 0x00, 0x00, 0x21, 0x00, 0x00, 0x02, 0x09, 0x00,
  0x00, 0x00, 0x21, 0x00, 0x00, 0x02, 0x0a, 0x00, 0x00, 0x00, 0x21, 0x00, 0x00, 0x02, 0x0c, 0x00,
  0x00, 0x00, 0x21, 0x00, 0x00, 0x02, 0x01, 0x00, 0x00, 0x00, 0x26, 0x00, 0x00, 0x02, 0x02, 0x00,
  0x00, 0x00, 0x26, 0x00, 0x00, 0x02, 0x03, 0x00, 0x00, 0x00, 0x26, 0x00, 0x00, 0x02, 0x04, 0x00,
  0x00, 0x00, 0x26, 0x00, 0x00, 0x02, 0x05, 0x00, 0x00, 0x00, 0x26, 0x00, 0x00, 0x02, 0x06, 0x00,
  0x00, 0x00, 0x26, 0x00, 0x00, 0x02, 0x07, 0x00, 0x00, 0x00, 0x26, 0x00, 0x00, 0x02, 0x08, 0x00,
  0x00, 0x00, 0x26, 0x00, 0x00, 0x02, 0x09, 0x00, 0x00, 0x00, 0x26, 0x00, 0x00, 0x02, 0x0a, 0x00,
  0x00, 0x00, 0x26, 0x00, 0x00, 0x02, 0x0c, 0x00, 0x00, 0x00, 0x26, 0x00, 0x00, 0x02, 0x01, 0x00,
  0x00, 0x00, 0x21, 0x00, 0x00, 0x02, 0x02, 0x00, 0x00, 0x00, 0x21, 0x00, 0x00, 0x02, 0x03, 0x00,
  0x00, 0x00, 0x21, 0x00, 0x00, 0x02, 0x04, 0x00, 0x00, 0x00, 0x21, 0x00, 0x00, 0x02, 0x05, 0x00,
  0x00, 0x00, 0x21, 0x00, 0x00, 0x02, 0x06, 0x00, 0x00, 0x00, 0x21, 0x00, 0x00, 0x02, 0x07, 0x00,
  0x00, 0x00, 0x21, 0x00, 0x00, 0x02, 0x08, 0x00, 0x00, 0x00, 0x21, 0x00, 0x00, 0x02, 0x0a, 0x00,
  0x00, 0x00, 0x21, 0x00, 0x00, 0x02, 0x0b, 0x00, 0x00, 0x00, 0x21, 0x00, 0x00, 0x02, 0x0c, 0x00,
  0x00, 0x00, 0x21, 0x00, 0x00, 0x02, 0x01, 0x00, 0x00, 0x00, 0x26, 0x00, 0x00, 0x02, 0x02, 0x00,
  0x00, 0x00, 0x26, 0x00, 0x00, 0x02, 0x03, 0x00, 0x00, 0x00, 0x26, 0x00, 0x00, 0x02, 0x04, 0x00,
  0x00, 0x00, 0x26, 0x00, 0x00, 0x02, 0x05, 0x00, 0x00, 0x00, 0x26, 0x00, 0x00, 0x02, 0x06, 0x00,
  0x00, 0x00, 0x26, 0x00, 0x00, 0x02, 0x07, 0x00, 0x00, 0x00, 0x26, 0x00, 0x00, 0x02, 0x08, 0x00,
  0x00, 0x00, 0x26, 0x00, 0x00, 0x02, 0x0a, 0x00, 0x00, 0x00, 0x26, 0x00, 0x00, 0x02, 0x0b, 0x00,
  0x00, 0x00, 0x26, 0x00, 0x00, 0x02, 0x0c, 0x00, 0x00, 0x00, 0x26, 0x00, 0x00, 0x02, 0x00, 0x00,
  0x00, 0x00, 0x06, 0x00, 0x00, 0x00, 0x06, 0x00, 0x00, 0x00, 0x06, 0x00, 0x00, 0x00, 0x06, 0x00,
  0x00, 0x00, 0x0a, 0x00, 0x00, 0x00, 0x0a, 0x00, 0x00, 0x00, 0x1d, 0x00, 0x00, 0x00, 0x1d, 0x00,
  0x00, 0x00, 0x1d, 0x00, 0x00, 0x00, 0x1d, 0x00, 0x00, 0x00, 0x1d, 0x00, 0x00, 0x00, 0x1d, 0x00,
  0x00, 0x00, 0x1d, 0x00, 0x00, 0x00, 0x1d, 0x00, 0x00, 0x00, 0x1d, 0x00, 0x00, 0x00, 0x1f, 0x00,
  0x00, 0x00, 0x21, 0x00, 0x00, 0x00, 0x21, 0x00, 0x00, 0x00, 0x21, 0x00, 0x00, 0x00, 0x21, 0x00,
  0x00, 0x00, 0x21, 0x00, 0x00, 0x00, 0x21, 0x00, 0x00, 0x00, 0x21, 0x00, 0x00, 0x00, 0x21, 0x00,
  0x00, 0x00, 0x21, 0x00, 0x00, 0x00, 0x21, 0x00, 0x00, 0x00, 0x21, 0x00, 0x00, 0x00, 0x21, 0x00,
  0x00, 0x00, 0x21, 0x00, 0x00, 0x00, 0x21, 0x00, 0x00, 0x00, 0x21, 0x00, 0x00, 0x00, 0x21, 0x00,
  0x00, 0x00, 0x21, 0x00, 0x00, 0x00, 0x21, 0x00, 0x00, 0x00, 0x21, 0x00, 0x00, 0x00, 0x21, 0x00,
  0x00, 0x00, 0x21, 0x00, 0x00, 0x00, 0x21, 0x00, 0x00, 0x00, 0x25, 0x00, 0x00, 0x00, 0x25, 0x00,
  0x00, 0x00, 0x29, 0x00, 0x00, 0x00, 0x29, 0x00, 0x00, 0x00, 0x29, 0x00, 0x00, 0x00, 0x29, 0x00,
  0x00, 0x00, 0x3c, 0x00, 0x00, 0x00, 0x3c, 0x00, 0x00, 0x00, 0x3c, 0x00, 0x00, 0x00, 0x3c, 0x00,
  0x00, 0x00, 0x4f, 0x00, 0x00, 0x00, 0x4f, 0x00, 0x00, 0x00, 0x4f, 0x00, 0x00, 0x00, 0x4f, 0x00,
  0x00, 0x00, 0x4f, 0x00, 0x00, 0x00, 0x4f, 0x00, 0x00, 0x00, 0x4f, 0x00, 0x00, 0x00, 0x51, 0x00,
  0x00, 0x00, 0x53, 0x00, 0x00, 0x00, 0x53, 0x00, 0x00, 0x00, 0x53, 0x00, 0x00, 0x00, 0x53, 0x00,
  0x00, 0x00, 0x53, 0x00, 0x00, 0x00, 0x53, 0x00, 0x00, 0x00, 0x53, 0x00, 0x00, 0x00, 0x53, 0x00,
  0x00, 0x00, 0x53, 0x00, 0x00, 0x00, 0x53, 0x00, 0x00, 0x00, 0x53, 0x00, 0x00, 0x00, 0x53, 0x00,
  0x00, 0x00, 0x53, 0x00, 0x00, 0x00, 0x53, 0x00, 0x00, 0x00, 0x53, 0x00, 0x00, 0x00, 0x53, 0x00,
  0x00, 0x00, 0x53, 0x00, 0x00, 0x00, 0x53, 0x00, 0x00, 0x00, 0x53, 0x00, 0x00, 0x00, 0x53, 0x00,
  0x00, 0x00, 0x53, 0x00, 0x00, 0x00, 0x53, 0x00, 0x00, 0x00, 0x53, 0x00, 0x00, 0x00, 0x53, 0x00,
  0x00, 0x00, 0x53, 0x00, 0x00, 0x00, 0x53, 0x00, 0x00, 0x00, 0x53, 0x00, 0x00, 0x00, 0x55, 0x00,
  0x00, 0x00, 0x57, 0x00, 0x00, 0x00, 0x01, 0x00, 0x00, 0x00, 0x02, 0x00, 0x00, 0x00, 0x02, 0x00,
  0x00, 0x00, 0x03, 0x00, 0x00, 0x00, 0x0c, 0x00, 0x00, 0x00, 0x04, 0x00, 0x00, 0x00, 0x0d, 0x00,
  0x00, 0x00, 0x05, 0x00, 0x00, 0x00, 0x0e, 0x00, 0x00, 0x00, 0x06, 0x00, 0x00, 0x00, 0x0f, 0x00,
  0x00, 0x00, 0x07, 0x00, 0x00, 0x00, 0x02, 0x00, 0x00, 0x00, 0x08, 0x00, 0x00, 0x00, 0x0d, 0x00,
  0x00, 0x00, 0x05, 0x00, 0x00, 0x00, 0x0e, 0x00, 0x00, 0x00, 0x06, 0x00, 0x00, 0x00, 0x0f, 0x00,
  0x00, 0x00, 0x07, 0x00, 0x00, 0x00, 0x03, 0x00, 0x00, 0x00, 0x12, 0x00, 0x00, 0x00, 0x04, 0x00,
  0x00, 0x00, 0x13, 0x00, 0x00, 0x00, 0x05, 0x00, 0x00, 0x00, 0x14, 0x00, 0x00, 0x00, 0x06, 0x00,
  0x00, 0x00, 0x15, 0x00, 0x00, 0x00, 0x07, 0x00, 0x00, 0x00, 0x16, 0x00, 0x00, 0x00, 0x08, 0x00,
  0x00, 0x00, 0x17, 0x00, 0x00, 0x00, 0x09, 0x00, 0x00, 0x00, 0x18, 0x00, 0x00, 0x00, 0x0a, 0x00,
  0x00, 0x00, 0x19, 0x00, 0x00, 0x00, 0x0b, 0x00, 0x00, 0x00, 0x1a, 0x00, 0x00, 0x00, 0x10, 0x00,
  0x00, 0x00, 0x1b, 0x00, 0x00, 0x00, 0x11, 0x00, 0x00, 0x00, 0x1c, 0x00, 0x00, 0x00, 0x12, 0x00,
  0x00, 0x00, 0x1d, 0x00, 0x00, 0x00, 0x13, 0x00, 0x00, 0x00, 0x1e, 0x00, 0x00, 0x00, 0x14, 0x00,
  0x00, 0x00, 0x1f, 0x00, 0x00, 0x00, 0x15, 0x00, 0x00, 0x00, 0x20, 0x00, 0x00, 0x00, 0x16, 0x00,
  0x00, 0x00, 0x21, 0x00, 0x00, 0x00, 0x17, 0x00, 0x00, 0x00, 0x22, 0x00, 0x00, 0x00, 0x1a, 0x00,
  0x00, 0x00, 0x23, 0x00, 0x00, 0x00, 0x1d, 0x00, 0x00, 0x00, 0x24, 0x00, 0x00, 0x00, 0x18, 0x00,
  0x00, 0x00, 0x25, 0x00, 0x00, 0x00, 0x19, 0x00, 0x00, 0x00, 0x26, 0x00, 0x00, 0x00, 0x1b, 0x00,
  0x00, 0x00, 0x27, 0x00, 0x00, 0x00, 0x1c, 0x00, 0x00, 0x00, 0x28, 0x00, 0x00, 0x00, 0x02, 0x00,
  0x00, 0x00, 0x2a, 0x00, 0x00, 0x00, 0x0d, 0x00, 0x00, 0x00, 0x2b, 0x00, 0x00, 0x00, 0x0e, 0x00,
  0x00, 0x00, 0x2c, 0x00, 0x00, 0x00, 0x0f, 0x00, 0x00, 0x00, 0x07, 0x00, 0x00, 0x00, 0x02, 0x00,
  0x00, 0x00, 0x2e, 0x00, 0x00, 0x00, 0x0d, 0x00, 0x00, 0x00, 0x2f, 0x00, 0x00, 0x00, 0x0e, 0x00,
  0x00, 0x00, 0x30, 0x00, 0x00, 0x00, 0x0f, 0x00, 0x00, 0x00, 0x07, 0x00, 0x00, 0x00, 0x03, 0x00,
  0x00, 0x00, 0x3a, 0x00, 0x00, 0x00, 0x04, 0x00, 0x00, 0x00, 0x3b, 0x00, 0x00, 0x00, 0x05, 0x00,
  0x00, 0x00, 0x3c, 0x00, 0x00, 0x00, 0x06, 0x00, 0x00, 0x00, 0x3d, 0x00, 0x00, 0x00, 0x07, 0x00,
  0x00, 0x00, 0x3e, 0x00, 0x00, 0x00, 0x08, 0x00, 0x00, 0x00, 0x3f, 0x00, 0x00, 0x00, 0x09, 0x00,
  0x00, 0x00, 0x40, 0x00, 0x00, 0x00, 0x0a, 0x00, 0x00, 0x00, 0x41, 0x00, 0x00, 0x00, 0x0b, 0x00,
  0x00, 0x00, 0x42, 0x00, 0x00, 0x00, 0x10, 0x00, 0x00, 0x00, 0x43, 0x00, 0x00, 0x00, 0x11, 0x00,
  0x00, 0x00, 0x44, 0x00, 0x00, 0x00, 0x12, 0x00, 0x00, 0x00, 0x45, 0x00, 0x00, 0x00, 0x13, 0x00,
  0x00, 0x00, 0x46, 0x00, 0x00, 0x00, 0x14, 0x00, 0x00, 0x00, 0x47, 0x00, 0x00, 0x00, 0x15, 0x00,
  0x00, 0x00, 0x48, 0x00, 0x00, 0x00, 0x16, 0x00, 0x00, 0x00, 0x49, 0x00, 0x00, 0x00, 0x17, 0x00,
  0x00, 0x00, 0x4a, 0x00, 0x00, 0x00, 0x1a, 0x00, 0x00, 0x00, 0x4b, 0x00, 0x00, 0x00, 0x1d, 0x00,
  0x00, 0x00, 0x4c, 0x00, 0x00, 0x00, 0x03, 0x00, 0x00, 0x00, 0x56, 0x00, 0x00, 0x00, 0x04, 0x00,
  0x00, 0x00, 0x57, 0x00, 0x00, 0x00, 0x05, 0x00, 0x00, 0x00, 0x58, 0x00, 0x00, 0x00, 0x06, 0x00,
  0x00, 0x00, 0x59, 0x00, 0x00, 0x00, 0x07, 0x00, 0x00, 0x00, 0x5a, 0x00, 0x00, 0x00, 0x08, 0x00,
  0x00, 0x00, 0x5b, 0x00, 0x00, 0x00, 0x09, 0x00, 0x00, 0x00, 0x5c, 0x00, 0x00, 0x00, 0x0a, 0x00,
  0x00, 0x00, 0x5d, 0x00, 0x00, 0x00, 0x0b, 0x00, 0x00, 0x00, 0x5e, 0x00, 0x00, 0x00, 0x10, 0x00,
  0x00, 0x00, 0x5f, 0x00, 0x00, 0x00, 0x11, 0x00, 0x00, 0x00, 0x60, 0x00, 0x00, 0x00, 0x12, 0x00,
  0x00, 0x00, 0x61, 0x00, 0x00, 0x00, 0x13, 0x00, 0x00, 0x00, 0x62, 0x00, 0x00, 0x00, 0x14, 0x00,
  0x00, 0x00, 0x63, 0x00, 0x00, 0x00, 0x15, 0x00, 0x00, 0x00, 0x64, 0x00, 0x00, 0x00, 0x16, 0x00,
  0x00, 0x00, 0x65, 0x00, 0x00, 0x00, 0x17, 0x00, 0x00, 0x00, 0x66, 0x00, 0x00, 0x00, 0x1a, 0x00,
  0x00, 0x00, 0x67, 0x00, 0x00, 0x00, 0x1d, 0x00, 0x00, 0x00, 0x68, 0x00, 0x00, 0x00, 0x18, 0x00,
  0x00, 0x00, 0x69, 0x00, 0x00, 0x00, 0x19, 0x00, 0x00, 0x00, 0x26, 0x00, 0x00, 0x00, 0x1b, 0x00,
  0x00, 0x00, 0x6a, 0x00, 0x00, 0x00, 0x1c, 0x00, 0x00, 0x00, 0x28, 0x00, 0x00, 0x00, 0x18, 0x00,
  0x00, 0x00, 0x6b, 0x00, 0x00, 0x00, 0x19, 0x00, 0x00, 0x00, 0x26, 0x00, 0x00, 0x00, 0x1b, 0x00,
  0x00, 0x00, 0x6c, 0x00, 0x00, 0x00, 0x1c, 0x00, 0x00, 0x00, 0x28, 0x00, 0x00, 0x00, 0x00, 0x00,
  0x00, 0x00, 0x01, 0x00, 0x00, 0x00, 0x0c, 0x00, 0x00, 0x00, 0x01, 0x00, 0x00, 0x00, 0x0c, 0x00,
  0x00, 0x00, 0x02, 0x00, 0x00, 0x00, 0x01, 0x00, 0x00, 0x00, 0x01, 0x00, 0x00, 0x00, 0x0f, 0x00,
  0x00, 0x00, 0x00, 0x00, 0x00, 0x00, 0x0f, 0x00, 0x00, 0x00, 0x01, 0x00, 0x00, 0x00, 0x0e, 0x00,
  0x00, 0x00, 0x01, 0x00, 0x00, 0x00, 0x10, 0x00, 0x00, 0x00, 0x01, 0x00, 0x00, 0x00, 0x10, 0x00,
  0x00, 0x00, 0x01, 0x00, 0x00, 0x00, 0x10, 0x00, 0x00, 0x00, 0x01, 0x00, 0x00, 0x00, 0x10, 0x00,
  0x00, 0x00, 0x01, 0x00, 0x00, 0x00, 0x10, 0x00, 0x00, 0x00, 0x01, 0x00, 0x00, 0x00, 0x10, 0x00,
  0x00, 0x00, 0x01, 0x00, 0x00, 0x00, 0x10, 0x00, 0x00, 0x00, 0x01, 0x00, 0x00, 0x00, 0x10, 0x00,
  0x00, 0x00, 0x01, 0x00, 0x00, 0x00, 0x10, 0x00, 0x00, 0x00, 0x01, 0x00, 0x00, 0x00, 0x0d, 0x00,
  0x00, 0x00, 0x02, 0x00, 0x00, 0x00, 0x02, 0x00, 0x00, 0x00, 0x01, 0x00, 0x00, 0x00, 0x11, 0x00,
  0x00, 0x00, 0x01, 0x00, 0x00, 0x00, 0x03, 0x00, 0x00, 0x00, 0x01, 0x00, 0x00, 0x00, 0x12, 0x00,
  0x00, 0x00, 0x01, 0x00, 0x00, 0x00, 0x04, 0x00, 0x00, 0x00, 0x01, 0x00, 0x00, 0x00, 0x13, 0x00,
  0x00, 0x00, 0x01, 0x00, 0x00, 0x00, 0x05, 0x00, 0x00, 0x00, 0x01, 0x00, 0x00, 0x00, 0x14, 0x00,
  0x00, 0x00, 0x01, 0x00, 0x00, 0x00, 0x06, 0x00, 0x00, 0x00, 0x01, 0x00, 0x00, 0x00, 0x15, 0x00,
  0x00, 0x00, 0x01, 0x00, 0x00, 0x00, 0x07, 0x00, 0x00, 0x00, 0x01, 0x00, 0x00, 0x00, 0x16, 0x00,
  0x00, 0x00, 0x01, 0x00, 0x00, 0x00, 0x08, 0x00, 0x00, 0x00, 0x01, 0x00, 0x00, 0x00, 0x19, 0x00,
  0x00, 0x00, 0x00, 0x00, 0x00, 0x00, 0x19, 0x00, 0x00, 0x00, 0x02, 0x00, 0x00, 0x00, 0x18, 0x00,
  0x00, 0x00, 0x01, 0x00, 0x00, 0x00, 0x17, 0x00, 0x00, 0x00, 0x03, 0x00, 0x00, 0x00, 0x09, 0x00,
  0x00, 0x00, 0x01, 0x00, 0x00, 0x00, 0x1c, 0x00, 0x00, 0x00, 0x00, 0x00, 0x00, 0x00, 0x1c, 0x00,
  0x00, 0x00, 0x02, 0x00, 0x00, 0x00, 0x1b, 0x00, 0x00, 0x00, 0x01, 0x00, 0x00, 0x00, 0x1a, 0x00,
  0x00, 0x00, 0x03, 0x00, 0x00, 0x00, 0x0a, 0x00, 0x00, 0x00, 0x01, 0x00, 0x00, 0x00, 0x1d, 0x00,
  0x00, 0x00, 0x01, 0x00, 0x00, 0x00, 0x0b, 0x00, 0x00, 0x00, 0x01, 0x00, 0x00, 0x00, 0x00, 0x00,
  0x00, 0x00,
]);

const INPUT_BASE = 19760;
const I32_BYTES = 4;
const LEX_RESULT_BYTES = 8;
const TOKEN_RECORD_BYTES = 12;
const UTF16_UNIT_BYTES = 2;
const WASM_PAGE_BYTES = 65536;
const MAX_WASM_BYTES = 0xffff_ffff;
const MAX_WASM_PAGES = 65535;
const TRACE_STATUS_OK = 0;
const TRACE_STATUS_INTERNAL = 2;
const TRACE_STATUS_BRANCH_LIMIT = 3;

interface ParserWasmExports {
  memory: WebAssembly.Memory;
  lex_one(sourcePtr: number, sourceLength: number, offset: number, resultPtr: number): number;
  lex_all(sourcePtr: number, sourceLength: number, resultPtr: number, tokenPtr: number): number;
  parser_action(state: number, terminal: number): number;
  parser_goto(state: number, nonterminal: number): number;
  abi_version(): number;
  plan_version(): number;
  reset(): void;
}

interface ParserTraceRuntimeExports {
  parserTraceSetTerminal(index: number, terminal: number): number;
  parserTrace(terminalCount: number): number;
  parserTraceErrorState(): number;
  parserTraceErrorIndex(): number;
  parserTraceCount(): number;
  parserTraceAction(index: number): number;
  parserTraceStatusKind(status: number): number;
}

const wasmModule = new WebAssembly.Module(wasmBytes);
const wasmInstance = new WebAssembly.Instance(wasmModule, {});
const wasm = wasmInstance.exports as unknown as ParserWasmExports;
const parserTraceRuntimeModule = new WebAssembly.Module(parserTraceRuntimeBytes);
let parserTraceRuntime = instantiateParserTraceRuntime();

function instantiateParserTraceRuntime(): ParserTraceRuntimeExports {
  const instance = new WebAssembly.Instance(parserTraceRuntimeModule, {});
  return instance.exports as unknown as ParserTraceRuntimeExports;
}

export const memory = wasm.memory;
export const parserAction = wasm.parser_action;
export const parserGoto = wasm.parser_goto;
export const wasmAbiVersion = wasm.abi_version();
export const parserPlanFormat = "baba-parser-plan" as const;
export const parserPlanVersion = wasm.plan_version();
export const parserPlanSemantics = "baba-portable-v1" as const;
export const parserPlanHash = "fnv1a64:ad8054ac7d9f20ab" as const;
export const runtimeImplementationFormat = "baba-runtime-implementation" as const;
export const runtimeImplementationVersion = 1;
export const runtimeImplementationSemantics = "baba-runtime-portable-v1" as const;
export const runtimeImplementationHash = "fnv1a64:34b20fc0a8a330a7" as const;

export interface WasmSourceBuffer {
  sourcePtr: number;
  sourceLength: number;
  resultPtr: number;
  tokenPtr: number;
  tokenCapacity: number;
}

let cachedSource: string | null = null;
let cachedBuffer: WasmSourceBuffer | null = null;

export function reset(): void {
  wasm.reset();
  parserTraceRuntime = instantiateParserTraceRuntime();
  cachedSource = null;
  cachedBuffer = null;
}

export function writeSource(source: string): WasmSourceBuffer {
  if (cachedSource === source && cachedBuffer) return cachedBuffer;
  const sourcePtr = INPUT_BASE;
  const sourceBytes = checkedMul(
    source.length,
    UTF16_UNIT_BYTES,
    "source byte length",
  );
  const resultPtr = align4(
    checkedAdd(sourcePtr, sourceBytes, "lexer result offset"),
  );
  const tokenPtr = align4(
    checkedAdd(resultPtr, LEX_RESULT_BYTES, "token table offset"),
  );
  const tokenCapacity = source.length;
  const tokenBytes = checkedMul(
    tokenCapacity,
    TOKEN_RECORD_BYTES,
    "token table byte length",
  );
  ensureCapacity(checkedAdd(tokenPtr, tokenBytes, "token table end offset"));
  const units = new Uint16Array(memory.buffer, sourcePtr, source.length);
  for (let index = 0; index < source.length; index++) {
    units[index] = source.charCodeAt(index);
  }
  cachedSource = source;
  cachedBuffer = {
    sourcePtr,
    sourceLength: source.length,
    resultPtr,
    tokenPtr,
    tokenCapacity,
  };
  return cachedBuffer;
}

export function lexOne(buffer: WasmSourceBuffer, offset: number): {
  specIndex: number;
  end: number;
} | null {
  const matched = wasm.lex_one(
    buffer.sourcePtr,
    buffer.sourceLength,
    offset,
    buffer.resultPtr,
  );
  if (matched === 0) return null;
  const view = new DataView(memory.buffer);
  return {
    specIndex: view.getInt32(buffer.resultPtr, true),
    end: view.getInt32(buffer.resultPtr + 4, true),
  };
}

export function lexAll(buffer: WasmSourceBuffer): Int32Array {
  const count = wasm.lex_all(
    buffer.sourcePtr,
    buffer.sourceLength,
    buffer.resultPtr,
    buffer.tokenPtr,
  );
  return new Int32Array(memory.buffer, buffer.tokenPtr, count * 3);
}

export type ParseTraceResult =
  | { ok: true; trace: Int32Array }
  | { ok: false; state: number; index: number; internal: boolean; limit: boolean };

export interface ParseTraceInput {
  terminals: Int32Array;
  terminalCapacity: number;
}

export function createParseTraceInput(terminalCapacity: number): ParseTraceInput {
  assertPositiveInteger("terminalCapacity", terminalCapacity);
  return {
    terminals: new Int32Array(terminalCapacity),
    terminalCapacity,
  };
}

export function parseTrace(
  input: ParseTraceInput,
  terminalCount: number,
): ParseTraceResult {
  assertParseTraceInput(input);
  assertNonNegativeInteger("terminalCount", terminalCount);
  if (terminalCount > input.terminalCapacity) {
    throw new RangeError("terminalCount exceeds parse input terminalCapacity.");
  }
  try {
    for (let index = 0; index < terminalCount; index++) {
      parserTraceRuntime.parserTraceSetTerminal(index, input.terminals[index]);
    }
    const status = parserTraceRuntime.parserTrace(terminalCount);
    const traceStatus = parserTraceRuntime.parserTraceStatusKind(status);
    if (traceStatus !== TRACE_STATUS_OK) {
      return {
        ok: false,
        state: parserTraceRuntime.parserTraceErrorState(),
        index: parserTraceRuntime.parserTraceErrorIndex(),
        internal: traceStatus === TRACE_STATUS_INTERNAL,
        limit: traceStatus === TRACE_STATUS_BRANCH_LIMIT,
      };
    }
    const count = parserTraceRuntime.parserTraceCount();
    const trace = new Int32Array(count);
    for (let index = 0; index < count; index++) {
      trace[index] = parserTraceRuntime.parserTraceAction(index) | 0;
    }
    return {
      ok: true,
      trace,
    };
  } catch {
    return {
      ok: false,
      state: 0,
      index: terminalCount,
      internal: true,
      limit: false,
    };
  }
}

function ensureCapacity(requiredBytes: number): void {
  assertNonNegativeInteger("requiredBytes", requiredBytes);
  if (requiredBytes > MAX_WASM_BYTES) {
    throw new RangeError("requiredBytes exceeds the 32-bit Wasm address space.");
  }
  const current = memory.buffer.byteLength;
  if (requiredBytes <= current) return;
  const requiredPages = Math.ceil(requiredBytes / WASM_PAGE_BYTES);
  const currentPages = current / WASM_PAGE_BYTES;
  if (requiredPages > MAX_WASM_PAGES) {
    throw new RangeError("requiredBytes exceeds the configured Wasm page limit.");
  }
  memory.grow(requiredPages - currentPages);
}

function align4(value: number): number {
  assertNonNegativeInteger("byte offset", value);
  const remainder = value % I32_BYTES;
  return remainder === 0
    ? value
    : checkedAdd(value, I32_BYTES - remainder, "aligned byte offset");
}

function assertParseTraceInput(input: ParseTraceInput): void {
  assertPositiveInteger("terminalCapacity", input.terminalCapacity);
  if (!(input.terminals instanceof Int32Array)) {
    throw new TypeError("terminals must be an Int32Array.");
  }
  if (input.terminals.length < input.terminalCapacity) {
    throw new RangeError(
      "terminals length must cover parse input terminalCapacity.",
    );
  }
}

function assertPositiveInteger(name: string, value: number): void {
  if (!Number.isInteger(value) || value <= 0) {
    throw new RangeError(name + " must be a positive integer.");
  }
}

function assertNonNegativeInteger(name: string, value: number): void {
  if (!Number.isInteger(value) || value < 0) {
    throw new RangeError(name + " must be a non-negative integer.");
  }
}

function checkedAdd(left: number, right: number, label: string): number {
  assertNonNegativeInteger(label, left);
  assertNonNegativeInteger(label, right);
  const value = left + right;
  if (!Number.isSafeInteger(value) || value > MAX_WASM_BYTES) {
    throw new RangeError(label + " exceeds the 32-bit Wasm address space.");
  }
  return value;
}

function checkedMul(left: number, right: number, label: string): number {
  assertNonNegativeInteger(label, left);
  assertNonNegativeInteger(label, right);
  const value = left * right;
  if (!Number.isSafeInteger(value) || value > MAX_WASM_BYTES) {
    throw new RangeError(label + " exceeds the 32-bit Wasm address space.");
  }
  return value;
}
